Workbook
Name ___xlnm._FilterDatabase_2: #REF!
Name ___xlnm._FilterDatabase_2: #REF!
Name ___xlnm._FilterDatabase_2: #REF!
Name ___xlnm._FilterDatabase_2: #REF!
Name ___xlnm._FilterDatabase_2: #REF!
Name ___xlnm._FilterDatabase_2: #REF!
Name ___xlnm._FilterDatabase_2: #REF!
Name ___xlnm._FilterDatabase_2: #REF!
Name ___xlnm._FilterDatabase_2: #REF!
Name ___xlnm._FilterDatabase_2: #REF!
Name ___xlnm._FilterDatabase_2: #REF!
Name ___xlnm._FilterDatabase_2: #REF!
Name ___xlnm._FilterDatabase_2: #REF!
Name ___xlnm._FilterDatabase_2: #REF!
Name ___xlnm._FilterDatabase_2: #REF!
Name ___xlnm._FilterDatabase_2: #REF!
Name __xlnm._FilterDatabase_2: #REF!
Name __xlnm._FilterDatabase_2: #REF!
Name __xlnm._FilterDatabase_2: #REF!
Name __xlnm._FilterDatabase_2: #REF!
Name __xlnm._FilterDatabase_2: #REF!
Name __xlnm._FilterDatabase_2: #REF!
Name __xlnm._FilterDatabase_2: #REF!
Name __xlnm._FilterDatabase_2: #REF!
Name __xlnm._FilterDatabase_2: #REF!
Name __xlnm._FilterDatabase_2: #REF!
Name __xlnm._FilterDatabase_2: #REF!
Name __xlnm._FilterDatabase_2: #REF!
Name __xlnm._FilterDatabase_2: #REF!
Name __xlnm._FilterDatabase_2: #REF!
Name __xlnm._FilterDatabase_2: #REF!
Name __xlnm._FilterDatabase_2: #REF!
Name Excel_BuiltIn__FilterDatabase_1: #REF!
Name Excel_BuiltIn__FilterDatabase_1: #REF!
Name Excel_BuiltIn__FilterDatabase_1: #REF!
Name Excel_BuiltIn__FilterDatabase_1: #REF!
Name Excel_BuiltIn__FilterDatabase_1: #REF!
Name Excel_BuiltIn__FilterDatabase_1: #REF!
Name Excel_BuiltIn__FilterDatabase_1: #REF!
Name Excel_BuiltIn__FilterDatabase_1: #REF!
Name Excel_BuiltIn__FilterDatabase_1: #REF!
Name Excel_BuiltIn__FilterDatabase_1: #REF!
Name Excel_BuiltIn__FilterDatabase_1: #REF!
Name Excel_BuiltIn__FilterDatabase_1: #REF!
Name Excel_BuiltIn__FilterDatabase_1: #REF!
Name Excel_BuiltIn__FilterDatabase_1: #REF!
Name Excel_BuiltIn__FilterDatabase_1: #REF!
Name Excel_BuiltIn__FilterDatabase_1: #REF!
Name Export_3: #REF!
Name Export_3: #REF!
Name Export_3: #REF!
Name Export_3: #REF!
Name Export_3: #REF!
Name Export_3: #REF!
Name Export_3: #REF!
Name Export_3: #REF!
Name Export_3: #REF!
Name Export_3: #REF!
Name FOB: 'Summary FOB'!#REF!
Name FOB: 'Summary FOB'!#REF!

Sheet SO Februari 2026 Rev.2
A2: SALES ORDER
A3: 46054 | O3: =O4/2 -> 0
A5: Week | B5: DATE | D5: TOTAL | E5: CLIN | F5: BI | G5: MKG | H5: STM | I5: OAJ | J5: NNI | K5: SHB | L5: GTL | M5: TWK | N5: BYC | O5: GF RANCA | P5: SMA | Q5: UMI | R5: HLI | S5: CERES | T5: DIC | U5: HCI | V5: KSN | W5: ADP | X5: ALT (KSO MASAMI) | Y5: IDP (KSO AAE) | Z5: FJI (KSO SALMAH) | AA5: WINGLOK (KSO EBM) | AB5: CISF (KSO RRS) | AC5: PUJ - LUBRICANT | AD5: CALBEE (KSO BMI) | AE5: IP | AF5: BEM | AG5: AMI | AH5: KA | AI5: KTN | AJ5: TOMIMOTO | AK5: NIAGA GARAM | AL5: PCI 84 | AM5: PCI MENGGER | AN5: INDOFOOD | AO5: ASAHIMAS | AP5: ABC KOGEN | AQ5: TONGJI ( KSO GAS) | AR5: PA | AS5: RB | AT5: GF ATOM | AU5: GF KULIT | AV5: HSK (KSO GAS) | AW5: SDM | AX5: JARGAS | AY5: SBI | AZ5: SP KSO JES | BA5: SP GLOBAL
A6: =WEEKNUM(B6) -> 6 | B6: =A3 -> 46054 | C6: =TEXT(B6,"ddd") -> Mgg | D6: =SUM(E6:BA6) -> 180951.47 | E6: 812.17 | F6: 3000 | G6: 1129.7313 | H6: 3282.5161 | I6: 644.02065 | J6: 5500 | K6: 166.97065 | L6: 603.76323 | M6: 673.27548 | N6: 4514.199 | O6: 8000.0623 | P6: 2874.3265 | Q6: 11659.555 | R6: 3600 | S6: 9000.0571 | T6: 4482.6897 | U6: 5500 | V6: 3500 | W6: 500 | X6: 926.09448 | Y6: 5500 | Z6: 70.054839 | AA6: 89.451613 | AB6: 3500 | AC6: 4000.4806 | AD6: 0 | AE6: 2020.8603 | AF6: 678.7 | AG6: 7121.8519 | AH6: 2443.8768 | AI6: 2043.2745 | AJ6: 1439.5303 | AK6: 260.97419 | AL6: 11007.047 | AM6: 1519.5448 | AN6: 3999.6742 | AO6: 26500 | AP6: 8000 | AQ6: 2105.6477 | AR6: 726.81516 | AS6: 3018.0416 | AT6: 2044.9997 | AU6: 369.61071 | AV6: 3500 | AW6: 1121.9003 | AX6: 1500 | AY6: 2499.7026 | AZ6: 9000 | BA6: 4500
B7: Sub Total | D7: =SUM(D6:D6) -> 180951.47 | E7: =SUM(E6:E6) -> 812.17 | F7: =SUM(F6:F6) -> 3000 | G7: =SUM(G6:G6) -> 1129.7313 | H7: =SUM(H6:H6) -> 3282.5161 | I7: =SUM(I6:I6) -> 644.02065 | J7: =SUM(J6:J6) -> 5500 | K7: =SUM(K6:K6) -> 166.97065 | ... BA7: =SUM(BA6:BA6) -> 4500
A9: =WEEKNUM(B9) -> 6 | B9: =B6+1 -> 46055 | C9: =TEXT(B9,"ddd") -> Sen | D9: =SUM(E9:BA9) -> 180951.47 | E9: 812.17 | F9: 3000 | G9: 1129.7313 | H9: 3282.5161 | I9: 644.02065 | J9: 5500 | K9: 166.97065 | L9: 603.76323 | M9: 673.27548 | N9: 4514.199 | O9: 8000.0623 | P9: 2874.3265 | Q9: 11659.555 | R9: 3600 | S9: 9000.0571 | T9: 4482.6897 | U9: 5500 | V9: 3500 | W9: 500 | X9: 926.09448 | Y9: 5500 | Z9: 70.054839 | AA9: 89.451613 | AB9: 3500 | AC9: 4000.4806 | AD9: 0 | AE9: 2020.8603 | AF9: 678.7 | AG9: 7121.8519 | AH9: 2443.8768 | AI9: 2043.2745 | AJ9: 1439.5303 | AK9: 260.97419 | AL9: 11007.047 | AM9: 1519.5448 | AN9: 3999.6742 | AO9: 26500 | AP9: 8000 | AQ9: 2105.6477 | AR9: 726.81516 | AS9: 3018.0416 | AT9: 2044.9997 | AU9: 369.61071 | AV9: 3500 | AW9: 1121.9003 | AX9: 1500 | AY9: 2499.7026 | AZ9: 9000 | BA9: 4500
B10: =B9+1 -> 46056 | C10: =TEXT(B10,"ddd") -> Sel | D10: =SUM(E10:BA10) -> 180951.47 | E10: 812.17 | F10: 3000 | G10: 1129.7313 | H10: 3282.5161 | I10: 644.02065 | J10: 5500 | K10: 166.97065 | L10: 603.76323 | M10: 673.27548 | N10: 4514.199 | O10: 8000.0623 | P10: 2874.3265 | Q10: 11659.555 | R10: 3600 | S10: 9000.0571 | T10: 4482.6897 | U10: 5500 | V10: 3500 | W10: 500 | X10: 926.09448 | Y10: 5500 | Z10: 70.054839 | AA10: 89.451613 | AB10: 3500 | AC10: 4000.4806 | AD10: 0 | AE10: 2020.8603 | AF10: 678.7 | AG10: 7121.8519 | AH10: 2443.8768 | AI10: 2043.2745 | AJ10: 1439.5303 | AK10: 260.97419 | AL10: 11007.047 | AM10: 1519.5448 | AN10: 3999.6742 | AO10: 26500 | AP10: 8000 | AQ10: 2105.6477 | AR10: 726.81516 | AS10: 3018.0416 | AT10: 2044.9997 | AU10: 369.61071 | AV10: 3500 | AW10: 1121.9003 | AX10: 1500 | AY10: 2499.7026 | AZ10: 9000 | BA10: 4500
B11: =B10+1 -> 46057 | C11: =TEXT(B11,"ddd") -> Rab | D11: =SUM(E11:BA11) -> 180951.47 | E11: 812.17 | F11: 3000 | G11: 1129.7313 | H11: 3282.5161 | I11: 644.02065 | J11: 5500 | K11: 166.97065 | L11: 603.76323 | M11: 673.27548 | N11: 4514.199 | O11: 8000.0623 | P11: 2874.3265 | Q11: 11659.555 | R11: 3600 | S11: 9000.0571 | T11: 4482.6897 | U11: 5500 | V11: 3500 | W11: 500 | X11: 926.09448 | Y11: 5500 | Z11: 70.054839 | AA11: 89.451613 | AB11: 3500 | AC11: 4000.4806 | AD11: 0 | AE11: 2020.8603 | AF11: 678.7 | AG11: 7121.8519 | AH11: 2443.8768 | AI11: 2043.2745 | AJ11: 1439.5303 | AK11: 260.97419 | AL11: 11007.047 | AM11: 1519.5448 | AN11: 3999.6742 | AO11: 26500 | AP11: 8000 | AQ11: 2105.6477 | AR11: 726.81516 | AS11: 3018.0416 | AT11: 2044.9997 | AU11: 369.61071 | AV11: 3500 | AW11: 1121.9003 | AX11: 1500 | AY11: 2499.7026 | AZ11: 9000 | BA11: 4500
B12: =B11+1 -> 46058 | C12: =TEXT(B12,"ddd") -> Kam | D12: =SUM(E12:BA12) -> 180951.47 | E12: 812.17 | F12: 3000 | G12: 1129.7313 | H12: 3282.5161 | I12: 644.02065 | J12: 5500 | K12: 166.97065 | L12: 603.76323 | M12: 673.27548 | N12: 4514.199 | O12: 8000.0623 | P12: 2874.3265 | Q12: 11659.555 | R12: 3600 | S12: 9000.0571 | T12: 4482.6897 | U12: 5500 | V12: 3500 | W12: 500 | X12: 926.09448 | Y12: 5500 | Z12: 70.054839 | AA12: 89.451613 | AB12: 3500 | AC12: 4000.4806 | AD12: 0 | AE12: 2020.8603 | AF12: 678.7 | AG12: 7121.8519 | AH12: 2443.8768 | AI12: 2043.2745 | AJ12: 1439.5303 | AK12: 260.97419 | AL12: 11007.047 | AM12: 1519.5448 | AN12: 3999.6742 | AO12: 26500 | AP12: 8000 | AQ12: 2105.6477 | AR12: 726.81516 | AS12: 3018.0416 | AT12: 2044.9997 | AU12: 369.61071 | AV12: 3500 | AW12: 1121.9003 | AX12: 1500 | AY12: 2499.7026 | AZ12: 9000 | BA12: 4500
B13: =B12+1 -> 46059 | C13: =TEXT(B13,"ddd") -> Jum | D13: =SUM(E13:BA13) -> 180951.47 | E13: 812.17 | F13: 3000 | G13: 1129.7313 | H13: 3282.5161 | I13: 644.02065 | J13: 5500 | K13: 166.97065 | L13: 603.76323 | M13: 673.27548 | N13: 4514.199 | O13: 8000.0623 | P13: 2874.3265 | Q13: 11659.555 | R13: 3600 | S13: 9000.0571 | T13: 4482.6897 | U13: 5500 | V13: 3500 | W13: 500 | X13: 926.09448 | Y13: 5500 | Z13: 70.054839 | AA13: 89.451613 | AB13: 3500 | AC13: 4000.4806 | AD13: 0 | AE13: 2020.8603 | AF13: 678.7 | AG13: 7121.8519 | AH13: 2443.8768 | AI13: 2043.2745 | AJ13: 1439.5303 | AK13: 260.97419 | AL13: 11007.047 | AM13: 1519.5448 | AN13: 3999.6742 | AO13: 26500 | AP13: 8000 | AQ13: 2105.6477 | AR13: 726.81516 | AS13: 3018.0416 | AT13: 2044.9997 | AU13: 369.61071 | AV13: 3500 | AW13: 1121.9003 | AX13: 1500 | AY13: 2499.7026 | AZ13: 9000 | BA13: 4500
B14: =B13+1 -> 46060 | C14: =TEXT(B14,"ddd") -> Sab | D14: =SUM(E14:BA14) -> 180951.47 | E14: 812.17 | F14: 3000 | G14: 1129.7313 | H14: 3282.5161 | I14: 644.02065 | J14: 5500 | K14: 166.97065 | L14: 603.76323 | M14: 673.27548 | N14: 4514.199 | O14: 8000.0623 | P14: 2874.3265 | Q14: 11659.555 | R14: 3600 | S14: 9000.0571 | T14: 4482.6897 | U14: 5500 | V14: 3500 | W14: 500 | X14: 926.09448 | Y14: 5500 | Z14: 70.054839 | AA14: 89.451613 | AB14: 3500 | AC14: 4000.4806 | AD14: 0 | AE14: 2020.8603 | AF14: 678.7 | AG14: 7121.8519 | AH14: 2443.8768 | AI14: 2043.2745 | AJ14: 1439.5303 | AK14: 260.97419 | AL14: 11007.047 | AM14: 1519.5448 | AN14: 3999.6742 | AO14: 26500 | AP14: 8000 | AQ14: 2105.6477 | AR14: 726.81516 | AS14: 3018.0416 | AT14: 2044.9997 | AU14: 369.61071 | AV14: 3500 | AW14: 1121.9003 | AX14: 1500 | AY14: 2499.7026 | AZ14: 9000 | BA14: 4500
B15: =B14+1 -> 46061 | C15: =TEXT(B15,"ddd") -> Mgg | D15: =SUM(E15:BA15) -> 180951.47 | E15: 812.17 | F15: 3000 | G15: 1129.7313 | H15: 3282.5161 | I15: 644.02065 | J15: 5500 | K15: 166.97065 | L15: 603.76323 | M15: 673.27548 | N15: 4514.199 | O15: 8000.0623 | P15: 2874.3265 | Q15: 11659.555 | R15: 3600 | S15: 9000.0571 | T15: 4482.6897 | U15: 5500 | V15: 3500 | W15: 500 | X15: 926.09448 | Y15: 5500 | Z15: 70.054839 | AA15: 89.451613 | AB15: 3500 | AC15: 4000.4806 | AD15: 0 | AE15: 2020.8603 | AF15: 678.7 | AG15: 7121.8519 | AH15: 2443.8768 | AI15: 2043.2745 | AJ15: 1439.5303 | AK15: 260.97419 | AL15: 11007.047 | AM15: 1519.5448 | AN15: 3999.6742 | AO15: 26500 | AP15: 8000 | AQ15: 2105.6477 | AR15: 726.81516 | AS15: 3018.0416 | AT15: 2044.9997 | AU15: 369.61071 | AV15: 3500 | AW15: 1121.9003 | AX15: 1500 | AY15: 2499.7026 | AZ15: 9000 | BA15: 4500
B16: Sub Total | D16: =SUM(D9:D15) -> 1266660.3 | E16: =SUM(E9:E15) -> 5685.19 | F16: =SUM(F9:F15) -> 21000 | G16: =SUM(G9:G15) -> 7908.119 | H16: =SUM(H9:H15) -> 22977.613 | I16: =SUM(I9:I15) -> 4508.1445 | J16: =SUM(J9:J15) -> 38500 | K16: =SUM(K9:K15) -> 1168.7945 | ... BA16: =SUM(BA9:BA15) -> 31500
A18: =WEEKNUM(B23) -> 7 | B18: =B15+1 -> 46062 | C18: =TEXT(B18,"ddd") -> Sen | D18: =SUM(E18:BA18) -> 175574.47 | E18: 812.17 | F18: 2500 | G18: 1129.7313 | H18: 3282.5161 | I18: 644.02065 | J18: 2000 | K18: 166.97065 | L18: 603.76323 | M18: 673.27548 | N18: 5514.199 | O18: 6000.0623 | P18: 2874.3265 | Q18: 15659.555 | R18: 1500 | S18: 11000.057 | T18: 3999.6897 | U18: 3500 | V18: 3500 | W18: 1500 | X18: 926.09448 | Y18: 4500 | Z18: 70.054839 | AA18: 89.451613 | AB18: 3500 | AC18: 4000.4806 | AD18: 0 | AE18: 2020.8603 | AF18: 678.7 | AG18: 7121.8519 | AH18: 3499.8768 | AI18: 1500.2745 | AJ18: 2139.5303 | AK18: 1260.9742 | AL18: 10000.047 | AM18: 1519.5448 | AN18: 3999.6742 | AO18: 26500 | AP18: 5000 | AQ18: 2105.6477 | AR18: 726.81516 | AS18: 3018.0416 | AT18: 2044.9997 | AU18: 369.61071 | AV18: 3500 | AW18: 1121.9003 | AX18: 1500 | AY18: 2499.7026 | AZ18: 9000 | BA18: 4500
B19: =B18+1 -> 46063 | C19: =TEXT(B19,"ddd") -> Sel | D19: =SUM(E19:BA19) -> 175574.47 | E19: 812.17 | F19: 2500 | G19: 1129.7313 | H19: 3282.5161 | I19: 644.02065 | J19: 2000 | K19: 166.97065 | L19: 603.76323 | M19: 673.27548 | N19: 5514.199 | O19: 6000.0623 | P19: 2874.3265 | Q19: 15659.555 | R19: 1500 | S19: 11000.057 | T19: 3999.6897 | U19: 3500 | V19: 3500 | W19: 1500 | X19: 926.09448 | Y19: 4500 | Z19: 70.054839 | AA19: 89.451613 | AB19: 3500 | AC19: 4000.4806 | AD19: 0 | AE19: 2020.8603 | AF19: 678.7 | AG19: 7121.8519 | AH19: 3499.8768 | AI19: 1500.2745 | AJ19: 2139.5303 | AK19: 1260.9742 | AL19: 10000.047 | AM19: 1519.5448 | AN19: 3999.6742 | AO19: 26500 | AP19: 5000 | AQ19: 2105.6477 | AR19: 726.81516 | AS19: 3018.0416 | AT19: 2044.9997 | AU19: 369.61071 | AV19: 3500 | AW19: 1121.9003 | AX19: 1500 | AY19: 2499.7026 | AZ19: 9000 | BA19: 4500
B20: =B19+1 -> 46064 | C20: =TEXT(B20,"ddd") -> Rab | D20: =SUM(E20:BA20) -> 175574.47 | E20: 812.17 | F20: 2500 | G20: 1129.7313 | H20: 3282.5161 | I20: 644.02065 | J20: 2000 | K20: 166.97065 | L20: 603.76323 | M20: 673.27548 | N20: 5514.199 | O20: 6000.0623 | P20: 2874.3265 | Q20: 15659.555 | R20: 1500 | S20: 11000.057 | T20: 3999.6897 | U20: 3500 | V20: 3500 | W20: 1500 | X20: 926.09448 | Y20: 4500 | Z20: 70.054839 | AA20: 89.451613 | AB20: 3500 | AC20: 4000.4806 | AD20: 0 | AE20: 2020.8603 | AF20: 678.7 | AG20: 7121.8519 | AH20: 3499.8768 | AI20: 1500.2745 | AJ20: 2139.5303 | AK20: 1260.9742 | AL20: 10000.047 | AM20: 1519.5448 | AN20: 3999.6742 | AO20: 26500 | AP20: 5000 | AQ20: 2105.6477 | AR20: 726.81516 | AS20: 3018.0416 | AT20: 2044.9997 | AU20: 369.61071 | AV20: 3500 | AW20: 1121.9003 | AX20: 1500 | AY20: 2499.7026 | AZ20: 9000 | BA20: 4500
B21: =B20+1 -> 46065 | C21: =TEXT(B21,"ddd") -> Kam | D21: =SUM(E21:BA21) -> 175574.47 | E21: 812.17 | F21: 2500 | G21: 1129.7313 | H21: 3282.5161 | I21: 644.02065 | J21: 2000 | K21: 166.97065 | L21: 603.76323 | M21: 673.27548 | N21: 5514.199 | O21: 6000.0623 | P21: 2874.3265 | Q21: 15659.555 | R21: 1500 | S21: 11000.057 | T21: 3999.6897 | U21: 3500 | V21: 3500 | W21: 1500 | X21: 926.09448 | Y21: 4500 | Z21: 70.054839 | AA21: 89.451613 | AB21: 3500 | AC21: 4000.4806 | AD21: 0 | AE21: 2020.8603 | AF21: 678.7 | AG21: 7121.8519 | AH21: 3499.8768 | AI21: 1500.2745 | AJ21: 2139.5303 | AK21: 1260.9742 | AL21: 10000.047 | AM21: 1519.5448 | AN21: 3999.6742 | AO21: 26500 | AP21: 5000 | AQ21: 2105.6477 | AR21: 726.81516 | AS21: 3018.0416 | AT21: 2044.9997 | AU21: 369.61071 | AV21: 3500 | AW21: 1121.9003 | AX21: 1500 | AY21: 2499.7026 | AZ21: 9000 | BA21: 4500
B22: =B21+1 -> 46066 | C22: =TEXT(B22,"ddd") -> Jum | D22: =SUM(E22:BA22) -> 175574.47 | E22: 812.17 | F22: 2500 | G22: 1129.7313 | H22: 3282.5161 | I22: 644.02065 | J22: 2000 | K22: 166.97065 | L22: 603.76323 | M22: 673.27548 | N22: 5514.199 | O22: 6000.0623 | P22: 2874.3265 | Q22: 15659.555 | R22: 1500 | S22: 11000.057 | T22: 3999.6897 | U22: 3500 | V22: 3500 | W22: 1500 | X22: 926.09448 | Y22: 4500 | Z22: 70.054839 | AA22: 89.451613 | AB22: 3500 | AC22: 4000.4806 | AD22: 0 | AE22: 2020.8603 | AF22: 678.7 | AG22: 7121.8519 | AH22: 3499.8768 | AI22: 1500.2745 | AJ22: 2139.5303 | AK22: 1260.9742 | AL22: 10000.047 | AM22: 1519.5448 | AN22: 3999.6742 | AO22: 26500 | AP22: 5000 | AQ22: 2105.6477 | AR22: 726.81516 | AS22: 3018.0416 | AT22: 2044.9997 | AU22: 369.61071 | AV22: 3500 | AW22: 1121.9003 | AX22: 1500 | AY22: 2499.7026 | AZ22: 9000 | BA22: 4500
B23: =B22+1 -> 46067 | C23: =TEXT(B23,"ddd") -> Sab | D23: =SUM(E23:BA23) -> 165174.59 | E23: 812.17 | F23: 2000 | G23: 729.73129 | H23: 3282.5161 | I23: 644.02065 | J23: 2000 | K23: 166.97065 | L23: 603.76323 | M23: 673.27548 | N23: 4514.199 | O23: 6000.0623 | P23: 2874.3265 | Q23: 15659.555 | R23: 1500 | S23: 9000.0571 | T23: 3999.6897 | U23: 3500 | V23: 3500 | W23: 1500 | X23: 926.09448 | Y23: 4500 | Z23: 70.054839 | AA23: 89.451613 | AB23: 3500 | AC23: 4000.4806 | AD23: 0 | AE23: 2020.8603 | AF23: 678.7 | AG23: 4121.8519 | AH23: 0 | AI23: 1500.2745 | AJ23: 2139.5303 | AK23: 1260.9742 | AL23: 10000.047 | AM23: 1519.5448 | AN23: 3999.6742 | AO23: 26500 | AP23: 5000 | AQ23: 2105.6477 | AR23: 726.81516 | AS23: 3018.0416 | AT23: 2044.9997 | AU23: 369.61071 | AV23: 3500 | AW23: 1121.9003 | AX23: 1500 | AY23: 2499.7026 | AZ23: 9000 | BA23: 4500
B24: =B23+1 -> 46068 | C24: =TEXT(B24,"ddd") -> Mgg | D24: =SUM(E24:BA24) -> 156619.42 | E24: 812.17 | F24: 500 | G24: 729.73129 | H24: 3282.5161 | I24: 644.02065 | J24: 2000 | K24: 0 | L24: 603.76323 | M24: 673.27548 | N24: 0 | O24: 6000.0623 | P24: 500.32645 | Q24: 6659.5545 | R24: 1500 | S24: 6000.0571 | T24: 3999.6897 | U24: 3500 | V24: 3500 | W24: 1500 | X24: 926.09448 | Y24: 2500 | Z24: 70.054839 | AA24: 89.451613 | AB24: 3500 | AC24: 1000.4806 | AD24: 0 | AE24: 2020.8603 | AF24: 678.7 | AG24: 2121.8519 | AH24: 0 | AI24: 1500.2745 | AJ24: 2139.5303 | AK24: 1260.9742 | AL24: 10000.047 | AM24: 1519.5448 | AN24: 3999.6742 | AO24: 45500 | AP24: 5000 | AQ24: 2105.6477 | AR24: 726.81516 | AS24: 3018.0416 | AT24: 2044.9997 | AU24: 369.61071 | AV24: 3500 | AW24: 1121.9003 | AX24: 1500 | AY24: 2499.7026 | AZ24: 9000 | BA24: 4500
B25: Sub Total | D25: =SUM(D18:D24) -> 1199666.4 | E25: =SUM(E18:E24) -> 5685.19 | F25: =SUM(F18:F24) -> 15000 | G25: =SUM(G18:G24) -> 7108.119 | H25: =SUM(H18:H24) -> 22977.613 | I25: =SUM(I18:I24) -> 4508.1445 | J25: =SUM(J18:J24) -> 14000 | K25: =SUM(K18:K24) -> 1001.8239 | ... BA25: =SUM(BA18:BA24) -> 31500
A27: =WEEKNUM(B32) -> 8 | B27: =B24+1 -> 46069 | C27: =TEXT(B27,"ddd") -> Sen | D27: =SUM(E27:BA27) -> 149971.02 | E27: 812.17 | F27: 500 | G27: 629.73129 | H27: 0 | I27: 644.02065 | J27: 0 | K27: 0 | L27: 603.76323 | M27: 673.27548 | N27: 0 | O27: 6000.0623 | P27: 874.32645 | Q27: 11659.555 | R27: 1500 | S27: 6000.0571 | T27: 3999.6897 | U27: 3500 | V27: 3500 | W27: 1500 | X27: 926.09448 | Y27: 4500 | Z27: 70.054839 | AA27: 89.451613 | AB27: 0 | AC27: 0 | AD27: 0 | AE27: 2020.8603 | AF27: 678.7 | AG27: 0 | AH27: 2443.8768 | AI27: 1500.2745 | AJ27: 0 | AK27: 260.97419 | AL27: 10000.047 | AM27: 1519.5448 | AN27: 3999.6742 | AO27: 36000 | AP27: 5000 | AQ27: 2105.6477 | AR27: 726.81516 | AS27: 3018.0416 | AT27: 2044.9997 | AU27: 369.61071 | AV27: 3500 | AW27: 0 | AX27: 1800 | AY27: 2499.7026 | AZ27: 13500 | BA27: 9000
B28: =B27+1 -> 46070 | C28: =TEXT(B28,"ddd") -> Sel | D28: =SUM(E28:BA28) -> 142271.46 | E28: 812.17 | F28: 500 | G28: 629.73129 | H28: 0 | I28: 644.02065 | J28: 0 | K28: 0 | L28: 603.76323 | M28: 673.27548 | N28: 0 | O28: 6000.0623 | P28: 874.32645 | Q28: 11659.555 | R28: 1500 | S28: 6000.0571 | T28: 3999.6897 | U28: 0 | V28: 3500 | W28: 0 | X28: 926.09448 | Y28: 4500 | Z28: 70.054839 | AA28: 89.451613 | AB28: 0 | AC28: 0 | AD28: 0 | AE28: 0 | AF28: 0 | AG28: 0 | AH28: 2443.8768 | AI28: 1500.2745 | AJ28: 0 | AK28: 260.97419 | AL28: 10000.047 | AM28: 1519.5448 | AN28: 3999.6742 | AO28: 36000 | AP28: 5000 | AQ28: 2105.6477 | AR28: 726.81516 | AS28: 3018.0416 | AT28: 2044.9997 | AU28: 369.61071 | AV28: 3500 | AW28: 0 | AX28: 1800 | AY28: 2499.7026 | AZ28: 13500 | BA28: 9000
B29: =B28+1 -> 46071 | C29: =TEXT(B29,"ddd") -> Rab | D29: =SUM(E29:BA29) -> 184874.47 | E29: 812.17 | F29: 2500 | G29: 1129.7313 | H29: 3282.5161 | I29: 644.02065 | J29: 2000 | K29: 166.97065 | L29: 603.76323 | M29: 673.27548 | N29: 5514.199 | O29: 6000.0623 | P29: 2874.3265 | Q29: 15659.555 | R29: 1500 | S29: 11000.057 | T29: 3999.6897 | U29: 3500 | V29: 3500 | W29: 1500 | X29: 926.09448 | Y29: 4500 | Z29: 70.054839 | AA29: 89.451613 | AB29: 3500 | AC29: 4000.4806 | AD29: 0 | AE29: 2020.8603 | AF29: 678.7 | AG29: 7121.8519 | AH29: 3499.8768 | AI29: 1500.2745 | AJ29: 2139.5303 | AK29: 1260.9742 | AL29: 10000.047 | AM29: 1519.5448 | AN29: 3999.6742 | AO29: 26500 | AP29: 5000 | AQ29: 2105.6477 | AR29: 726.81516 | AS29: 3018.0416 | AT29: 2044.9997 | AU29: 369.61071 | AV29: 3500 | AW29: 1121.9003 | AX29: 1800 | AY29: 2499.7026 | AZ29: 13500 | BA29: 9000
B30: =B29+1 -> 46072 | C30: =TEXT(B30,"ddd") -> Kam | D30: =SUM(E30:BA30) -> 184874.47 | E30: 812.17 | F30: 2500 | G30: 1129.7313 | H30: 3282.5161 | I30: 644.02065 | J30: 2000 | K30: 166.97065 | L30: 603.76323 | M30: 673.27548 | N30: 5514.199 | O30: 6000.0623 | P30: 2874.3265 | Q30: 15659.555 | R30: 1500 | S30: 11000.057 | T30: 3999.6897 | U30: 3500 | V30: 3500 | W30: 1500 | X30: 926.09448 | Y30: 4500 | Z30: 70.054839 | AA30: 89.451613 | AB30: 3500 | AC30: 4000.4806 | AD30: 0 | AE30: 2020.8603 | AF30: 678.7 | AG30: 7121.8519 | AH30: 3499.8768 | AI30: 1500.2745 | AJ30: 2139.5303 | AK30: 1260.9742 | AL30: 10000.047 | AM30: 1519.5448 | AN30: 3999.6742 | AO30: 26500 | AP30: 5000 | AQ30: 2105.6477 | AR30: 726.81516 | AS30: 3018.0416 | AT30: 2044.9997 | AU30: 369.61071 | AV30: 3500 | AW30: 1121.9003 | AX30: 1800 | AY30: 2499.7026 | AZ30: 13500 | BA30: 9000
B31: =B30+1 -> 46073 | C31: =TEXT(B31,"ddd") -> Jum | D31: =SUM(E31:BA31) -> 184874.47 | E31: 812.17 | F31: 2500 | G31: 1129.7313 | H31: 3282.5161 | I31: 644.02065 | J31: 2000 | K31: 166.97065 | L31: 603.76323 | M31: 673.27548 | N31: 5514.199 | O31: 6000.0623 | P31: 2874.3265 | Q31: 15659.555 | R31: 1500 | S31: 11000.057 | T31: 3999.6897 | U31: 3500 | V31: 3500 | W31: 1500 | X31: 926.09448 | Y31: 4500 | Z31: 70.054839 | AA31: 89.451613 | AB31: 3500 | AC31: 4000.4806 | AD31: 0 | AE31: 2020.8603 | AF31: 678.7 | AG31: 7121.8519 | AH31: 3499.8768 | AI31: 1500.2745 | AJ31: 2139.5303 | AK31: 1260.9742 | AL31: 10000.047 | AM31: 1519.5448 | AN31: 3999.6742 | AO31: 26500 | AP31: 5000 | AQ31: 2105.6477 | AR31: 726.81516 | AS31: 3018.0416 | AT31: 2044.9997 | AU31: 369.61071 | AV31: 3500 | AW31: 1121.9003 | AX31: 1800 | AY31: 2499.7026 | AZ31: 13500 | BA31: 9000
B32: =B31+1 -> 46074 | C32: =TEXT(B32,"ddd") -> Sab | D32: =SUM(E32:BA32) -> 173474.59 | E32: 812.17 | F32: 2000 | G32: 729.73129 | H32: 2282.5161 | I32: 644.02065 | J32: 2000 | K32: 166.97065 | L32: 603.76323 | M32: 673.27548 | N32: 4514.199 | O32: 6000.0623 | P32: 2874.3265 | Q32: 15659.555 | R32: 1500 | S32: 9000.0571 | T32: 3999.6897 | U32: 3500 | V32: 3500 | W32: 1500 | X32: 926.09448 | Y32: 4500 | Z32: 70.054839 | AA32: 89.451613 | AB32: 3500 | AC32: 4000.4806 | AD32: 0 | AE32: 2020.8603 | AF32: 678.7 | AG32: 4121.8519 | AH32: 0 | AI32: 1500.2745 | AJ32: 2139.5303 | AK32: 1260.9742 | AL32: 10000.047 | AM32: 1519.5448 | AN32: 3999.6742 | AO32: 26500 | AP32: 5000 | AQ32: 2105.6477 | AR32: 726.81516 | AS32: 3018.0416 | AT32: 2044.9997 | AU32: 369.61071 | AV32: 3500 | AW32: 1121.9003 | AX32: 1800 | AY32: 2499.7026 | AZ32: 13500 | BA32: 9000
B33: =B32+1 -> 46075 | C33: =TEXT(B33,"ddd") -> Mgg | D33: =SUM(E33:BA33) -> 163636.42 | E33: 812.17 | F33: 500 | G33: 729.73129 | H33: 999.51613 | I33: 644.02065 | J33: 2000 | K33: 0 | L33: 603.76323 | M33: 673.27548 | N33: 0 | O33: 6000.0623 | P33: 500.32645 | Q33: 6659.5545 | R33: 1500 | S33: 6000.0571 | T33: 3999.6897 | U33: 3500 | V33: 3500 | W33: 1500 | X33: 926.09448 | Y33: 2500 | Z33: 70.054839 | AA33: 89.451613 | AB33: 3500 | AC33: 1000.4806 | AD33: 0 | AE33: 2020.8603 | AF33: 678.7 | AG33: 2121.8519 | AH33: 0 | AI33: 1500.2745 | AJ33: 2139.5303 | AK33: 1260.9742 | AL33: 10000.047 | AM33: 1519.5448 | AN33: 3999.6742 | AO33: 45500 | AP33: 5000 | AQ33: 2105.6477 | AR33: 726.81516 | AS33: 3018.0416 | AT33: 2044.9997 | AU33: 369.61071 | AV33: 3500 | AW33: 1121.9003 | AX33: 1800 | AY33: 2499.7026 | AZ33: 13500 | BA33: 9000
B34: Sub Total | D34: =SUM(D27:D33) -> 1183976.9 | E34: =SUM(E27:E33) -> 5685.19 | F34: =SUM(F27:F33) -> 11000 | G34: =SUM(G27:G33) -> 6108.119 | H34: =SUM(H27:H33) -> 13129.581 | I34: =SUM(I27:I33) -> 4508.1445 | J34: =SUM(J27:J33) -> 10000 | K34: =SUM(K27:K33) -> 667.88258 | ... BA34: =SUM(BA27:BA33) -> 63000
A36: =WEEKNUM(B41) -> 9 | B36: =B33+1 -> 46076 | C36: =TEXT(B36,"ddd") -> Sen | D36: =SUM(E36:BA36) -> 188374.47 | E36: 812.17 | F36: 2500 | G36: 1129.7313 | H36: 3282.5161 | I36: 644.02065 | J36: 5500 | K36: 166.97065 | L36: 603.76323 | M36: 673.27548 | N36: 5514.199 | O36: 6000.0623 | P36: 2874.3265 | Q36: 15659.555 | R36: 1500 | S36: 11000.057 | T36: 3999.6897 | U36: 3500 | V36: 3500 | W36: 1500 | X36: 926.09448 | Y36: 4500 | Z36: 70.054839 | AA36: 89.451613 | AB36: 3500 | AC36: 4000.4806 | AD36: 0 | AE36: 2020.8603 | AF36: 678.7 | AG36: 7121.8519 | AH36: 3499.8768 | AI36: 1500.2745 | AJ36: 2139.5303 | AK36: 1260.9742 | AL36: 10000.047 | AM36: 1519.5448 | AN36: 3999.6742 | AO36: 26500 | AP36: 5000 | AQ36: 2105.6477 | AR36: 726.81516 | AS36: 3018.0416 | AT36: 2044.9997 | AU36: 369.61071 | AV36: 3500 | AW36: 1121.9003 | AX36: 1800 | AY36: 2499.7026 | AZ36: 13500 | BA36: 9000
B37: =B36+1 -> 46077 | C37: =TEXT(B37,"ddd") -> Sel | D37: =SUM(E37:BA37) -> 188374.47 | E37: 812.17 | F37: 2500 | G37: 1129.7313 | H37: 3282.5161 | I37: 644.02065 | J37: 5500 | K37: 166.97065 | L37: 603.76323 | M37: 673.27548 | N37: 5514.199 | O37: 6000.0623 | P37: 2874.3265 | Q37: 15659.555 | R37: 1500 | S37: 11000.057 | T37: 3999.6897 | U37: 3500 | V37: 3500 | W37: 1500 | X37: 926.09448 | Y37: 4500 | Z37: 70.054839 | AA37: 89.451613 | AB37: 3500 | AC37: 4000.4806 | AD37: 0 | AE37: 2020.8603 | AF37: 678.7 | AG37: 7121.8519 | AH37: 3499.8768 | AI37: 1500.2745 | AJ37: 2139.5303 | AK37: 1260.9742 | AL37: 10000.047 | AM37: 1519.5448 | AN37: 3999.6742 | AO37: 26500 | AP37: 5000 | AQ37: 2105.6477 | AR37: 726.81516 | AS37: 3018.0416 | AT37: 2044.9997 | AU37: 369.61071 | AV37: 3500 | AW37: 1121.9003 | AX37: 1800 | AY37: 2499.7026 | AZ37: 13500 | BA37: 9000
B38: =B37+1 -> 46078 | C38: =TEXT(B38,"ddd") -> Rab | D38: =SUM(E38:BA38) -> 188374.47 | E38: 812.17 | F38: 2500 | G38: 1129.7313 | H38: 3282.5161 | I38: 644.02065 | J38: 5500 | K38: 166.97065 | L38: 603.76323 | M38: 673.27548 | N38: 5514.199 | O38: 6000.0623 | P38: 2874.3265 | Q38: 15659.555 | R38: 1500 | S38: 11000.057 | T38: 3999.6897 | U38: 3500 | V38: 3500 | W38: 1500 | X38: 926.09448 | Y38: 4500 | Z38: 70.054839 | AA38: 89.451613 | AB38: 3500 | AC38: 4000.4806 | AD38: 0 | AE38: 2020.8603 | AF38: 678.7 | AG38: 7121.8519 | AH38: 3499.8768 | AI38: 1500.2745 | AJ38: 2139.5303 | AK38: 1260.9742 | AL38: 10000.047 | AM38: 1519.5448 | AN38: 3999.6742 | AO38: 26500 | AP38: 5000 | AQ38: 2105.6477 | AR38: 726.81516 | AS38: 3018.0416 | AT38: 2044.9997 | AU38: 369.61071 | AV38: 3500 | AW38: 1121.9003 | AX38: 1800 | AY38: 2499.7026 | AZ38: 13500 | BA38: 9000
B39: =B38+1 -> 46079 | C39: =TEXT(B39,"ddd") -> Kam | D39: =SUM(E39:BA39) -> 188374.47 | E39: 812.17 | F39: 2500 | G39: 1129.7313 | H39: 3282.5161 | I39: 644.02065 | J39: 5500 | K39: 166.97065 | L39: 603.76323 | M39: 673.27548 | N39: 5514.199 | O39: 6000.0623 | P39: 2874.3265 | Q39: 15659.555 | R39: 1500 | S39: 11000.057 | T39: 3999.6897 | U39: 3500 | V39: 3500 | W39: 1500 | X39: 926.09448 | Y39: 4500 | Z39: 70.054839 | AA39: 89.451613 | AB39: 3500 | AC39: 4000.4806 | AD39: 0 | AE39: 2020.8603 | AF39: 678.7 | AG39: 7121.8519 | AH39: 3499.8768 | AI39: 1500.2745 | AJ39: 2139.5303 | AK39: 1260.9742 | AL39: 10000.047 | AM39: 1519.5448 | AN39: 3999.6742 | AO39: 26500 | AP39: 5000 | AQ39: 2105.6477 | AR39: 726.81516 | AS39: 3018.0416 | AT39: 2044.9997 | AU39: 369.61071 | AV39: 3500 | AW39: 1121.9003 | AX39: 1800 | AY39: 2499.7026 | AZ39: 13500 | BA39: 9000
B40: =B39+1 -> 46080 | C40: =TEXT(B40,"ddd") -> Jum | D40: =SUM(E40:BA40) -> 188374.47 | E40: 812.17 | F40: 2500 | G40: 1129.7313 | H40: 3282.5161 | I40: 644.02065 | J40: 5500 | K40: 166.97065 | L40: 603.76323 | M40: 673.27548 | N40: 5514.199 | O40: 6000.0623 | P40: 2874.3265 | Q40: 15659.555 | R40: 1500 | S40: 11000.057 | T40: 3999.6897 | U40: 3500 | V40: 3500 | W40: 1500 | X40: 926.09448 | Y40: 4500 | Z40: 70.054839 | AA40: 89.451613 | AB40: 3500 | AC40: 4000.4806 | AD40: 0 | AE40: 2020.8603 | AF40: 678.7 | AG40: 7121.8519 | AH40: 3499.8768 | AI40: 1500.2745 | AJ40: 2139.5303 | AK40: 1260.9742 | AL40: 10000.047 | AM40: 1519.5448 | AN40: 3999.6742 | AO40: 26500 | AP40: 5000 | AQ40: 2105.6477 | AR40: 726.81516 | AS40: 3018.0416 | AT40: 2044.9997 | AU40: 369.61071 | AV40: 3500 | AW40: 1121.9003 | AX40: 1800 | AY40: 2499.7026 | AZ40: 13500 | BA40: 9000
B41: =B40+1 -> 46081 | C41: =TEXT(B41,"ddd") -> Sab | D41: =SUM(E41:BA41) -> 176974.59 | E41: 812.17 | F41: 2000 | G41: 729.73129 | H41: 2282.5161 | I41: 644.02065 | J41: 5500 | K41: 166.97065 | L41: 603.76323 | M41: 673.27548 | N41: 4514.199 | O41: 6000.0623 | P41: 2874.3265 | Q41: 15659.555 | R41: 1500 | S41: 9000.0571 | T41: 3999.6897 | U41: 3500 | V41: 3500 | W41: 1500 | X41: 926.09448 | Y41: 4500 | Z41: 70.054839 | AA41: 89.451613 | AB41: 3500 | AC41: 4000.4806 | AD41: 0 | AE41: 2020.8603 | AF41: 678.7 | AG41: 4121.8519 | AH41: 0 | AI41: 1500.2745 | AJ41: 2139.5303 | AK41: 1260.9742 | AL41: 10000.047 | AM41: 1519.5448 | AN41: 3999.6742 | AO41: 26500 | AP41: 5000 | AQ41: 2105.6477 | AR41: 726.81516 | AS41: 3018.0416 | AT41: 2044.9997 | AU41: 369.61071 | AV41: 3500 | AW41: 1121.9003 | AX41: 1800 | AY41: 2499.7026 | AZ41: 13500 | BA41: 9000
B42: Sub Total | D42: =SUM(D36:D41) -> 1118846.9 | E42: =SUM(E36:E41) -> 4873.02 | F42: =SUM(F36:F41) -> 14500 | G42: =SUM(G36:G41) -> 6378.3877 | H42: =SUM(H36:H41) -> 18695.097 | I42: =SUM(I36:I41) -> 3864.1239 | J42: =SUM(J36:J41) -> 33000 | K42: =SUM(K36:K41) -> 1001.8239 | ... BA42: =SUM(BA36:BA41) -> 54000
B46: Sub Total | D46: =SUM(D42,D34,D25,D16,D7) -> 4950102 | E46: =SUM(E42,E34,E25,E16,E7) -> 22740.76 | F46: =SUM(F42,F34,F25,F16,F7) -> 64500 | G46: =SUM(G42,G34,G25,G16,G7) -> 28632.476 | H46: =SUM(H42,H34,H25,H16,H7) -> 81062.419 | I46: =SUM(I42,I34,I25,I16,I7) -> 18032.578 | J46: =SUM(J42,J34,J25,J16,J7) -> 101000 | K46: =SUM(K42,K34,K25,K16,K7) -> 4007.2955 | ... BA46: =SUM(BA42,BA34,BA25,BA16,BA7) -> 184500
B47: Total | D47: =SUM(D27:D33,D18:D24,D9:D15,D6,D36:D41) -> 4950102 | E47: =SUM(E27:E33,E18:E24,E9:E15,E6,E36:E41) -> 22740.76 | F47: =SUM(F27:F33,F18:F24,F9:F15,F6,F36:F41) -> 64500 | G47: =SUM(G27:G33,G18:G24,G9:G15,G6,G36:G41) -> 28632.476 | H47: =SUM(H27:H33,H18:H24,H9:H15,H6,H36:H41) -> 81062.419 | I47: =SUM(I27:I33,I18:I24,I9:I15,I6,I36:I41) -> 18032.578 | J47: =SUM(J27:J33,J18:J24,J9:J15,J6,J36:J41) -> 101000 | K47: =SUM(K27:K33,K18:K24,K9:K15,K6,K36:K41) -> 4007.2955 | ... BA47: =SUM(BA27:BA33,BA18:BA24,BA9:BA15,BA6,BA36:BA41) -> 184500
B58: 5. Penyesuaian volume MS SETU, kuota Torabika IC di tambahkan ke Torabika Cikupa mulai April 2025
B59: 5. Penyesuaian volume MS SETU, kuota Torabika IC di tambahkan ke Torabika Cikupa mulai April 2025
B60: 5. Penyesuaian volume MS SETU, kuota Torabika IC di tambahkan ke Torabika Cikupa mulai April 2025
B61: 5. Penyesuaian volume MS SETU, kuota Torabika IC di tambahkan ke Torabika Cikupa mulai April 2025
B62: 5. Penyesuaian volume MS SETU, kuota Torabika IC di tambahkan ke Torabika Cikupa mulai April 2025
B63: 5. Penyesuaian volume MS SETU, kuota Torabika IC di tambahkan ke Torabika Cikupa mulai April 2025
B64: 5. Penyesuaian volume MS SETU, kuota Torabika IC di tambahkan ke Torabika Cikupa mulai April 2025
B65: 5. Penyesuaian volume MS SETU, kuota Torabika IC di tambahkan ke Torabika Cikupa mulai April 2025
B66: 5. Penyesuaian volume MS SETU, kuota Torabika IC di tambahkan ke Torabika Cikupa mulai April 2025
B67: 5. Penyesuaian volume MS SETU, kuota Torabika IC di tambahkan ke Torabika Cikupa mulai April 2025
B68: 5. Penyesuaian volume MS SETU, kuota Torabika IC di tambahkan ke Torabika Cikupa mulai April 2025
B69: 5. Penyesuaian volume MS SETU, kuota Torabika IC di tambahkan ke Torabika Cikupa mulai April 2025
... B76: 6. Pengurangan volume MS SETU PT Ceres, customer off mulai 22 April 2025

Sheet SUMMARY GAS
A1: KEBUTUHAN GAS
A4: =B6 -> 46054 | E4: KEBUTUHAN GAS | I4: KUOTA GAS | R4: ACTUAL SERAPAN GAS
A5: Week | B5: DATE | D5: SELISIH GAS | E5: JABAR | F5: JATENG | G5: JATIM | H5: TOTAL | I5: MS SETU | J5: MS KHT | K5: MS BITUNG | L5: MS TAMBAKLOROK | M5: MS BLORA | N5: MS ZEBRA | O5: MS WUNUT | P5: MS JES | Q5: TOTAL | R5: MS SETU | S5: MS KHT | T5: MS BITUNG | U5: MS TAMBAKLOROK | V5: MS BLORA | W5: MS ZEBRA | X5: MS WUNUT | Y5: MS JES | Z5: TOTAL
A6: =WEEKNUM(B6) -> 6 | B6: 46054 | C6: =TEXT(B6,"ddd") -> Mgg | D6: =Q6-H6 -> -18751.47 | E6: =SUM('SO Februari 2026 Rev.2'!E6:AQ6) -> 152670.4 | F6: =SUM('SO Februari 2026 Rev.2'!AR6:AY6) -> 14781.07 | G6: =SUM('SO Februari 2026 Rev.2'!AZ6:BA6) -> 13500 | H6: =SUM(E6:G6) -> 180951.47 | I6: =3*28000 -> 84000 | J6: =1.8*24000 -> 43200 | K6: =13000 -> 13000 | M6: =0.5*24000 -> 12000 | O6: 10000 | Q6: =SUM(I6:P6) -> 162200 | R6: ='Summary sales'!D8 -> 65680.61 | S6: ='Summary sales'!E8 -> 27163.79 | T6: ='Summary sales'!G8 -> 11250.33 | U6: ='Summary sales'!I8 -> 0 | V6: ='Summary sales'!F8 -> 18204.9 | W6: ='Summary sales'!H8 -> 0 | X6: ='Summary sales'!K8 -> 4132.085 | Y6: ='Summary sales'!L8 -> 0 | Z6: =SUM(R6:Y6) -> 126431.71
B7: Sub Total | D7: =SUM(D6) -> -18751.47 | E7: =SUM(E6) -> 152670.4 | F7: =SUM(F6) -> 14781.07 | G7: =SUM(G6) -> 13500 | H7: =SUM(H6) -> 180951.47 | I7: =SUM(I6) -> 84000 | J7: =SUM(J6) -> 43200 | K7: =SUM(K6) -> 13000 | ... Z7: =SUM(Z6) -> 126431.71
A9: =WEEKNUM(B9) -> 6 | B9: =B6+1 -> 46055 | C9: =TEXT(B9,"ddd") -> Sen | D9: =Q9-H9 -> -23311.47 | E9: =SUM('SO Februari 2026 Rev.2'!E9:AQ9) -> 152670.4 | F9: =SUM('SO Februari 2026 Rev.2'!AR9:AY9) -> 14781.07 | G9: =SUM('SO Februari 2026 Rev.2'!AZ9:BA9) -> 13500 | H9: =SUM(E9:G9) -> 180951.47 | I9: 84000 | J9: =1.61*24000 -> 38640 | K9: 13000 | M9: =0.5*24000 -> 12000 | O9: 10000 | Q9: =SUM(I9:P9) -> 157640 | R9: ='Summary sales'!D9 -> 67220.24 | S9: ='Summary sales'!E9 -> 54414.53 | T9: ='Summary sales'!G9 -> 10284.26 | U9: ='Summary sales'!I9 -> 0 | V9: ='Summary sales'!F9 -> 22714.29 | W9: ='Summary sales'!H9 -> 0 | X9: ='Summary sales'!K9 -> 4145.078 | Y9: ='Summary sales'!L9 -> 0 | Z9: =SUM(R9:Y9) -> 158778.4
B10: =B9+1 -> 46056 | C10: =TEXT(B10,"ddd") -> Sel | D10: =Q10-H10 -> -18311.47 | E10: =SUM('SO Februari 2026 Rev.2'!E10:AQ10) -> 152670.4 | F10: =SUM('SO Februari 2026 Rev.2'!AR10:AY10) -> 14781.07 | G10: =SUM('SO Februari 2026 Rev.2'!AZ10:BA10) -> 13500 | H10: =SUM(E10:G10) -> 180951.47 | I10: 84000 | J10: =1.61*24000 -> 38640 | K10: 13000 | L10: 5000 | M10: =0.5*24000 -> 12000 | O10: 10000 | Q10: =SUM(I10:P10) -> 162640 | R10: ='Summary sales'!D10 -> 68333.24 | S10: ='Summary sales'!E10 -> 52211.86 | T10: ='Summary sales'!G10 -> 9298.95 | U10: ='Summary sales'!I10 -> 0 | V10: ='Summary sales'!F10 -> 22550.56 | W10: ='Summary sales'!H10 -> 0 | X10: ='Summary sales'!K10 -> 3903.109 | Y10: ='Summary sales'!L10 -> 0 | Z10: =SUM(R10:Y10) -> 156297.72
B11: =B10+1 -> 46057 | C11: =TEXT(B11,"ddd") -> Rab | D11: =Q11-H11 -> -18311.47 | E11: =SUM('SO Februari 2026 Rev.2'!E11:AQ11) -> 152670.4 | F11: =SUM('SO Februari 2026 Rev.2'!AR11:AY11) -> 14781.07 | G11: =SUM('SO Februari 2026 Rev.2'!AZ11:BA11) -> 13500 | H11: =SUM(E11:G11) -> 180951.47 | I11: 84000 | J11: =1.61*24000 -> 38640 | K11: 13000 | L11: 5000 | M11: =0.5*24000 -> 12000 | O11: 10000 | Q11: =SUM(I11:P11) -> 162640 | R11: ='Summary sales'!D11 -> 72469.97 | S11: ='Summary sales'!E11 -> 54698.88 | T11: ='Summary sales'!G11 -> 9866 | U11: ='Summary sales'!I11 -> 0 | V11: ='Summary sales'!F11 -> 13355.34 | W11: ='Summary sales'!H11 -> 0 | X11: ='Summary sales'!K11 -> 4367.708 | Y11: ='Summary sales'!L11 -> 0 | Z11: =SUM(R11:Y11) -> 154757.9
B12: =B11+1 -> 46058 | C12: =TEXT(B12,"ddd") -> Kam | D12: =Q12-H12 -> -22391.47 | E12: =SUM('SO Februari 2026 Rev.2'!E12:AQ12) -> 152670.4 | F12: =SUM('SO Februari 2026 Rev.2'!AR12:AY12) -> 14781.07 | G12: =SUM('SO Februari 2026 Rev.2'!AZ12:BA12) -> 13500 | H12: =SUM(E12:G12) -> 180951.47 | I12: 84000 | J12: =1.44*24000 -> 34560 | K12: 13000 | L12: 5000 | M12: =0.5*24000 -> 12000 | O12: 10000 | Q12: =SUM(I12:P12) -> 158560 | R12: ='Summary sales'!D12 -> 69578.64 | S12: ='Summary sales'!E12 -> 48891.03 | T12: ='Summary sales'!G12 -> 13940.41 | U12: ='Summary sales'!I12 -> 3400.26 | V12: ='Summary sales'!F12 -> 23008.11 | W12: ='Summary sales'!H12 -> 0 | X12: ='Summary sales'!K12 -> 4280.4 | Y12: ='Summary sales'!L12 -> 0 | Z12: =SUM(R12:Y12) -> 163098.85
B13: =B12+1 -> 46059 | C13: =TEXT(B13,"ddd") -> Jum | D13: =Q13-H13 -> -22391.47 | E13: =SUM('SO Februari 2026 Rev.2'!E13:AQ13) -> 152670.4 | F13: =SUM('SO Februari 2026 Rev.2'!AR13:AY13) -> 14781.07 | G13: =SUM('SO Februari 2026 Rev.2'!AZ13:BA13) -> 13500 | H13: =SUM(E13:G13) -> 180951.47 | I13: 84000 | J13: =1.44*24000 -> 34560 | K13: 13000 | L13: 5000 | M13: =0.5*24000 -> 12000 | O13: 10000 | Q13: =SUM(I13:P13) -> 158560 | R13: ='Summary sales'!D13 -> 77972.03 | S13: ='Summary sales'!E13 -> 55115.98 | T13: ='Summary sales'!G13 -> 10778.32 | U13: ='Summary sales'!I13 -> 4002.23 | V13: ='Summary sales'!F13 -> 18549.36 | W13: ='Summary sales'!H13 -> 0 | X13: ='Summary sales'!K13 -> 3227.514 | Y13: ='Summary sales'!L13 -> 0 | Z13: =SUM(R13:Y13) -> 169645.43
B14: =B13+1 -> 46060 | C14: =TEXT(B14,"ddd") -> Sab | D14: =Q14-H14 -> -22391.47 | E14: =SUM('SO Februari 2026 Rev.2'!E14:AQ14) -> 152670.4 | F14: =SUM('SO Februari 2026 Rev.2'!AR14:AY14) -> 14781.07 | G14: =SUM('SO Februari 2026 Rev.2'!AZ14:BA14) -> 13500 | H14: =SUM(E14:G14) -> 180951.47 | I14: 84000 | J14: =1.44*24000 -> 34560 | K14: 13000 | L14: 5000 | M14: =0.5*24000 -> 12000 | O14: 10000 | Q14: =SUM(I14:P14) -> 158560 | R14: ='Summary sales'!D14 -> 87147.29 | S14: ='Summary sales'!E14 -> 47499.03 | T14: ='Summary sales'!G14 -> 0 | U14: ='Summary sales'!I14 -> 4507.53 | V14: ='Summary sales'!F14 -> 19287.7 | W14: ='Summary sales'!H14 -> 0 | X14: ='Summary sales'!K14 -> 4205.486 | Y14: ='Summary sales'!L14 -> 0 | Z14: =SUM(R14:Y14) -> 162647.04
B15: =B14+1 -> 46061 | C15: =TEXT(B15,"ddd") -> Mgg | D15: =Q15-H15 -> -22391.47 | E15: =SUM('SO Februari 2026 Rev.2'!E15:AQ15) -> 152670.4 | F15: =SUM('SO Februari 2026 Rev.2'!AR15:AY15) -> 14781.07 | G15: =SUM('SO Februari 2026 Rev.2'!AZ15:BA15) -> 13500 | H15: =SUM(E15:G15) -> 180951.47 | I15: 84000 | J15: =1.44*24000 -> 34560 | K15: 13000 | L15: 5000 | M15: =0.5*24000 -> 12000 | O15: 10000 | Q15: =SUM(I15:P15) -> 158560 | R15: ='Summary sales'!D15 -> 83726.4 | S15: ='Summary sales'!E15 -> 47551.77 | T15: ='Summary sales'!G15 -> 8746.28 | U15: ='Summary sales'!I15 -> 3583.8 | V15: ='Summary sales'!F15 -> 25515.59 | W15: ='Summary sales'!H15 -> 0 | X15: ='Summary sales'!K15 -> 8439.715 | Y15: ='Summary sales'!L15 -> 0 | Z15: =SUM(R15:Y15) -> 177563.55
B16: Sub Total | D16: =Q16-H16 -> -149500.29 | E16: =SUM(E9:E15) -> 1068692.8 | F16: =SUM(F9:F15) -> 103467.49 | G16: =SUM(G9:G15) -> 94500 | H16: =SUM(H9:H15) -> 1266660.3 | I16: =SUM(I9:I15) -> 588000 | J16: =SUM(J9:J15) -> 254160 | K16: =SUM(K9:K15) -> 91000 | L16: =SUM(L9:L15) -> 30000 | ... Z16: =SUM(Z9:Z15) -> 1142788.9
E17: =SUM('SO Februari 2026 Rev.2'!E17:AQ17)-'SO Februari 2026 Rev.2'!U17 -> 0
A18: =WEEKNUM(B23) -> 7 | B18: =B15+1 -> 46062 | C18: =TEXT(B18,"ddd") -> Sen | D18: =Q18-H18 -> -7014.4704 | E18: =SUM('SO Februari 2026 Rev.2'!E18:AQ18) -> 147293.4 | F18: =SUM('SO Februari 2026 Rev.2'!AR18:AY18) -> 14781.07 | G18: =SUM('SO Februari 2026 Rev.2'!AZ18:BA18) -> 13500 | H18: =SUM(E18:G18) -> 175574.47 | I18: 84000 | J18: =1.44*24000 -> 34560 | K18: 13000 | L18: 5000 | M18: =0.5*24000 -> 12000 | N18: 10000 | O18: 10000 | Q18: =SUM(I18:P18) -> 168560 | R18: ='Summary sales'!D16 -> 83018.27 | S18: ='Summary sales'!E16 -> 50487.25 | T18: ='Summary sales'!G16 -> 4901.39 | U18: ='Summary sales'!I16 -> 3288.62 | V18: ='Summary sales'!F16 -> 28237.89 | W18: ='Summary sales'!H16 -> 0 | X18: ='Summary sales'!K16 -> 4285.751 | Y18: ='Summary sales'!L16 -> 0 | Z18: =SUM(R18:Y18) -> 174219.17
B19: =B18+1 -> 46063 | C19: =TEXT(B19,"ddd") -> Sel | D19: =Q19-H19 -> -7014.4704 | E19: =SUM('SO Februari 2026 Rev.2'!E19:AQ19) -> 147293.4 | F19: =SUM('SO Februari 2026 Rev.2'!AR19:AY19) -> 14781.07 | G19: =SUM('SO Februari 2026 Rev.2'!AZ19:BA19) -> 13500 | H19: =SUM(E19:G19) -> 175574.47 | I19: 84000 | J19: =1.44*24000 -> 34560 | K19: 13000 | L19: 5000 | M19: =0.5*24000 -> 12000 | N19: 10000 | O19: 10000 | Q19: =SUM(I19:P19) -> 168560 | R19: ='Summary sales'!D17 -> 83245.43 | S19: ='Summary sales'!E17 -> 47611.23 | T19: ='Summary sales'!G17 -> 9543.6 | U19: ='Summary sales'!I17 -> 0 | V19: ='Summary sales'!F17 -> 24041.73 | W19: ='Summary sales'!H17 -> 0 | X19: ='Summary sales'!K17 -> 13719.345 | Y19: ='Summary sales'!L17 -> 0 | Z19: =SUM(R19:Y19) -> 178161.34
B20: =B19+1 -> 46064 | C20: =TEXT(B20,"ddd") -> Rab | D20: =Q20-H20 -> -7014.4704 | E20: =SUM('SO Februari 2026 Rev.2'!E20:AQ20) -> 147293.4 | F20: =SUM('SO Februari 2026 Rev.2'!AR20:AY20) -> 14781.07 | G20: =SUM('SO Februari 2026 Rev.2'!AZ20:BA20) -> 13500 | H20: =SUM(E20:G20) -> 175574.47 | I20: 84000 | J20: =1.44*24000 -> 34560 | K20: 13000 | L20: 5000 | M20: =0.5*24000 -> 12000 | N20: 10000 | O20: 10000 | Q20: =SUM(I20:P20) -> 168560 | R20: ='Summary sales'!D18 -> 83389.85 | S20: ='Summary sales'!E18 -> 48102.97 | T20: ='Summary sales'!G18 -> 7419.46 | U20: ='Summary sales'!I18 -> 3637.13 | V20: ='Summary sales'!F18 -> 24581.93 | W20: ='Summary sales'!H18 -> 4156.133 | X20: ='Summary sales'!K18 -> 12998.123 | Y20: ='Summary sales'!L18 -> 0 | Z20: =SUM(R20:Y20) -> 184285.6
B21: =B20+1 -> 46065 | C21: =TEXT(B21,"ddd") -> Kam | D21: =Q21-H21 -> -7014.4704 | E21: =SUM('SO Februari 2026 Rev.2'!E21:AQ21) -> 147293.4 | F21: =SUM('SO Februari 2026 Rev.2'!AR21:AY21) -> 14781.07 | G21: =SUM('SO Februari 2026 Rev.2'!AZ21:BA21) -> 13500 | H21: =SUM(E21:G21) -> 175574.47 | I21: 84000 | J21: =1.44*24000 -> 34560 | K21: 13000 | L21: 5000 | M21: =0.5*24000 -> 12000 | N21: 10000 | O21: 10000 | Q21: =SUM(I21:P21) -> 168560 | R21: ='Summary sales'!D19 -> 77591.26 | S21: ='Summary sales'!E19 -> 49097.03 | T21: ='Summary sales'!G19 -> 10299.28 | U21: ='Summary sales'!I19 -> 6645.21 | V21: ='Summary sales'!F19 -> 23333.07 | W21: ='Summary sales'!H19 -> 0 | X21: ='Summary sales'!K19 -> 9061.876 | Y21: ='Summary sales'!L19 -> 0 | Z21: =SUM(R21:Y21) -> 176027.73
B22: =B21+1 -> 46066 | C22: =TEXT(B22,"ddd") -> Jum | D22: =Q22-H22 -> -7014.4704 | E22: =SUM('SO Februari 2026 Rev.2'!E22:AQ22) -> 147293.4 | F22: =SUM('SO Februari 2026 Rev.2'!AR22:AY22) -> 14781.07 | G22: =SUM('SO Februari 2026 Rev.2'!AZ22:BA22) -> 13500 | H22: =SUM(E22:G22) -> 175574.47 | I22: 84000 | J22: =1.44*24000 -> 34560 | K22: 13000 | L22: 5000 | M22: =0.5*24000 -> 12000 | N22: 10000 | O22: 10000 | Q22: =SUM(I22:P22) -> 168560 | R22: ='Summary sales'!D20 -> 80453.75 | S22: ='Summary sales'!E20 -> 45710.39 | T22: ='Summary sales'!G20 -> 11605.67 | U22: ='Summary sales'!I20 -> 3853.52 | V22: ='Summary sales'!F20 -> 20950.19 | W22: ='Summary sales'!H20 -> 4665.24 | X22: ='Summary sales'!K20 -> 8362.777 | Y22: ='Summary sales'!L20 -> 0 | Z22: =SUM(R22:Y22) -> 175601.54
B23: =B22+1 -> 46067 | C23: =TEXT(B23,"ddd") -> Sab | D23: =Q23-H23 -> 3385.4064 | E23: =SUM('SO Februari 2026 Rev.2'!E23:AQ23) -> 136893.52 | F23: =SUM('SO Februari 2026 Rev.2'!AR23:AY23) -> 14781.07 | G23: =SUM('SO Februari 2026 Rev.2'!AZ23:BA23) -> 13500 | H23: =SUM(E23:G23) -> 165174.59 | I23: 84000 | J23: =1.44*24000 -> 34560 | K23: 13000 | L23: 5000 | M23: =0.5*24000 -> 12000 | N23: 10000 | O23: 10000 | Q23: =SUM(I23:P23) -> 168560 | R23: ='Summary sales'!D21 -> 75311.32 | S23: ='Summary sales'!E21 -> 45351.01 | T23: ='Summary sales'!G21 -> 11283.88 | U23: ='Summary sales'!I21 -> 6326.6 | V23: ='Summary sales'!F21 -> 25244.9 | W23: ='Summary sales'!H21 -> 4505.721 | X23: ='Summary sales'!K21 -> 8556.172 | Y23: ='Summary sales'!L21 -> 0 | Z23: =SUM(R23:Y23) -> 176579.6
B24: =B23+1 -> 46068 | C24: =TEXT(B24,"ddd") -> Mgg | D24: =Q24-H24 -> 11940.576 | E24: =SUM('SO Februari 2026 Rev.2'!E24:AQ24) -> 128338.35 | F24: =SUM('SO Februari 2026 Rev.2'!AR24:AY24) -> 14781.07 | G24: =SUM('SO Februari 2026 Rev.2'!AZ24:BA24) -> 13500 | H24: =SUM(E24:G24) -> 156619.42 | I24: 84000 | J24: =1.44*24000 -> 34560 | K24: 13000 | L24: 5000 | M24: =0.5*24000 -> 12000 | N24: 10000 | O24: 10000 | Q24: =SUM(I24:P24) -> 168560 | R24: ='Summary sales'!D22 -> 88213.57 | S24: ='Summary sales'!E22 -> 49051.69 | T24: ='Summary sales'!G22 -> 11537.65 | U24: ='Summary sales'!I22 -> 3345.52 | V24: ='Summary sales'!F22 -> 24791.4 | W24: ='Summary sales'!H22 -> 4651.391 | X24: ='Summary sales'!K22 -> 7875.195 | Y24: ='Summary sales'!L22 -> 0 | Z24: =SUM(R24:Y24) -> 189466.42
B25: Sub Total | D25: =Q25-H25 -> -19746.369 | E25: =SUM(E18:E24) -> 1001698.9 | F25: =SUM(F18:F24) -> 103467.49 | G25: =SUM(G18:G24) -> 94500 | H25: =SUM(H18:H24) -> 1199666.4 | I25: =SUM(I18:I24) -> 588000 | J25: =SUM(J18:J24) -> 241920 | K25: =SUM(K18:K24) -> 91000 | L25: =SUM(L18:L24) -> 35000 | ... Z25: =SUM(Z18:Z24) -> 1254341.4
A27: =WEEKNUM(B32) -> 8 | B27: =B24+1 -> 46069 | C27: =TEXT(B27,"ddd") -> Sen | D27: =Q27-H27 -> 26988.979 | E27: =SUM('SO Februari 2026 Rev.2'!E27:AQ27) -> 113511.85 | F27: =SUM('SO Februari 2026 Rev.2'!AR27:AY27) -> 13959.17 | G27: =SUM('SO Februari 2026 Rev.2'!AZ27:BA27) -> 22500 | H27: =SUM(E27:G27) -> 149971.02 | I27: =3.3*28000 -> 92400 | J27: =1.44*24000 -> 34560 | K27: 13000 | L27: 5000 | M27: =0.5*24000 -> 12000 | N27: 10000 | O27: 10000 | Q27: =SUM(I27:P27) -> 176960 | R27: ='Summary sales'!D23 -> 85166.21 | S27: ='Summary sales'!E23 -> 45428.22 | T27: ='Summary sales'!G23 -> 10548.78 | U27: ='Summary sales'!I23 -> 3454.46 | V27: ='Summary sales'!F23 -> 13531.21 | W27: ='Summary sales'!H23 -> 0 | X27: ='Summary sales'!K23 -> 8563.532 | Y27: ='Summary sales'!L23 -> 0 | Z27: =SUM(R27:Y27) -> 166692.41
B28: =B27+1 -> 46070 | C28: =TEXT(B28,"ddd") -> Sel | D28: =Q28-H28 -> 34688.539 | E28: =SUM('SO Februari 2026 Rev.2'!E28:AQ28) -> 105812.29 | F28: =SUM('SO Februari 2026 Rev.2'!AR28:AY28) -> 13959.17 | G28: =SUM('SO Februari 2026 Rev.2'!AZ28:BA28) -> 22500 | H28: =SUM(E28:G28) -> 142271.46 | I28: 92400 | J28: =1.44*24000 -> 34560 | K28: 13000 | L28: 5000 | M28: =0.5*24000 -> 12000 | N28: 10000 | O28: 10000 | Q28: =SUM(I28:P28) -> 176960 | R28: ='Summary sales'!D24 -> 74677.92 | S28: ='Summary sales'!E24 -> 49266.33 | T28: ='Summary sales'!G24 -> 5529.94 | U28: ='Summary sales'!I24 -> 3444.89 | V28: ='Summary sales'!F24 -> 17092.17 | W28: ='Summary sales'!H24 -> 4700.939 | X28: ='Summary sales'!K24 -> 8234.772 | Y28: ='Summary sales'!L24 -> 0 | Z28: =SUM(R28:Y28) -> 162946.96
B29: =B28+1 -> 46071 | C29: =TEXT(B29,"ddd") -> Rab | D29: =Q29-H29 -> -7914.4704 | E29: =SUM('SO Februari 2026 Rev.2'!E29:AQ29) -> 147293.4 | F29: =SUM('SO Februari 2026 Rev.2'!AR29:AY29) -> 15081.07 | G29: =SUM('SO Februari 2026 Rev.2'!AZ29:BA29) -> 22500 | H29: =SUM(E29:G29) -> 184874.47 | I29: 92400 | J29: =1.44*24000 -> 34560 | K29: 13000 | L29: 5000 | M29: =0.5*24000 -> 12000 | N29: 10000 | O29: 10000 | Q29: =SUM(I29:P29) -> 176960 | R29: ='Summary sales'!D25 -> 75579.51 | S29: ='Summary sales'!E25 -> 45894.19 | T29: ='Summary sales'!G25 -> 10609.23 | U29: ='Summary sales'!I25 -> 3441.09 | V29: ='Summary sales'!F25 -> 22123.93 | W29: ='Summary sales'!H25 -> 4719.902 | X29: ='Summary sales'!K25 -> 8386.682 | Y29: ='Summary sales'!L25 -> 0 | Z29: =SUM(R29:Y29) -> 170754.53
B30: =B29+1 -> 46072 | C30: =TEXT(B30,"ddd") -> Kam | D30: =Q30-H30 -> -7914.4704 | E30: =SUM('SO Februari 2026 Rev.2'!E30:AQ30) -> 147293.4 | F30: =SUM('SO Februari 2026 Rev.2'!AR30:AY30) -> 15081.07 | G30: =SUM('SO Februari 2026 Rev.2'!AZ30:BA30) -> 22500 | H30: =SUM(E30:G30) -> 184874.47 | I30: 92400 | J30: =1.44*24000 -> 34560 | K30: 13000 | L30: 5000 | M30: =0.5*24000 -> 12000 | N30: 10000 | O30: 10000 | Q30: =SUM(I30:P30) -> 176960 | R30: ='Summary sales'!D26 -> 75016.9 | S30: ='Summary sales'!E26 -> 47503.56 | T30: ='Summary sales'!G26 -> 10007 | U30: ='Summary sales'!I26 -> 6868.23 | V30: ='Summary sales'!F26 -> 19100.23 | W30: ='Summary sales'!H26 -> 9059.231 | X30: ='Summary sales'!K26 -> 8162.548 | Y30: ='Summary sales'!L26 -> 0 | Z30: =SUM(R30:Y30) -> 175717.7
B31: =B30+1 -> 46073 | C31: =TEXT(B31,"ddd") -> Jum | D31: =Q31-H31 -> -7914.4704 | E31: =SUM('SO Februari 2026 Rev.2'!E31:AQ31) -> 147293.4 | F31: =SUM('SO Februari 2026 Rev.2'!AR31:AY31) -> 15081.07 | G31: =SUM('SO Februari 2026 Rev.2'!AZ31:BA31) -> 22500 | H31: =SUM(E31:G31) -> 184874.47 | I31: 92400 | J31: =1.44*24000 -> 34560 | K31: 13000 | L31: 5000 | M31: =0.5*24000 -> 12000 | N31: 10000 | O31: 10000 | Q31: =SUM(I31:P31) -> 176960 | R31: ='Summary sales'!D27 -> 71194.61 | S31: ='Summary sales'!E27 -> 48020.36 | T31: ='Summary sales'!G27 -> 10792.89 | U31: ='Summary sales'!I27 -> 3338.79 | V31: ='Summary sales'!F27 -> 22709.66 | W31: ='Summary sales'!H27 -> 4528.709 | X31: ='Summary sales'!K27 -> 0 | Y31: ='Summary sales'!L27 -> 0 | Z31: =SUM(R31:Y31) -> 160585.02
B32: =B31+1 -> 46074 | C32: =TEXT(B32,"ddd") -> Sab | D32: =Q32-H32 -> 3485.4064 | E32: =SUM('SO Februari 2026 Rev.2'!E32:AQ32) -> 135893.52 | F32: =SUM('SO Februari 2026 Rev.2'!AR32:AY32) -> 15081.07 | G32: =SUM('SO Februari 2026 Rev.2'!AZ32:BA32) -> 22500 | H32: =SUM(E32:G32) -> 173474.59 | I32: 92400 | J32: =1.44*24000 -> 34560 | K32: 13000 | L32: 5000 | M32: =0.5*24000 -> 12000 | N32: 10000 | O32: 10000 | Q32: =SUM(I32:P32) -> 176960 | R32: ='Summary sales'!D28 -> 64128.01 | S32: ='Summary sales'!E28 -> 42867.06 | T32: ='Summary sales'!G28 -> 9818.96 | U32: ='Summary sales'!I28 -> 3128.84 | V32: ='Summary sales'!F28 -> 16396.46 | W32: ='Summary sales'!H28 -> 4639.404 | X32: ='Summary sales'!K28 -> 13159.695 | Y32: ='Summary sales'!L28 -> 0 | Z32: =SUM(R32:Y32) -> 154138.43
B33: =B32+1 -> 46075 | C33: =TEXT(B33,"ddd") -> Mgg | D33: =Q33-H33 -> 13323.576 | E33: =SUM('SO Februari 2026 Rev.2'!E33:AQ33) -> 126055.35 | F33: =SUM('SO Februari 2026 Rev.2'!AR33:AY33) -> 15081.07 | G33: =SUM('SO Februari 2026 Rev.2'!AZ33:BA33) -> 22500 | H33: =SUM(E33:G33) -> 163636.42 | I33: 92400 | J33: =1.44*24000 -> 34560 | K33: 13000 | L33: 5000 | M33: =0.5*24000 -> 12000 | N33: 10000 | O33: 10000 | Q33: =SUM(I33:P33) -> 176960 | R33: ='Summary sales'!D29 -> 71292.35 | S33: ='Summary sales'!E29 -> 48817.85 | T33: ='Summary sales'!G29 -> 14293 | U33: ='Summary sales'!I29 -> 3187.86 | V33: ='Summary sales'!F29 -> 14537.32 | W33: ='Summary sales'!H29 -> 9401.245 | X33: ='Summary sales'!K29 -> 4178.169 | Y33: ='Summary sales'!L29 -> 0 | Z33: =SUM(R33:Y33) -> 165707.79
B34: Sub Total | D34: =Q34-H34 -> 54743.089 | E34: =SUM(E27:E33) -> 923153.22 | F34: =SUM(F27:F33) -> 103323.69 | G34: =SUM(G27:G33) -> 157500 | H34: =SUM(H27:H33) -> 1183976.9 | I34: =SUM(I27:I33) -> 646800 | J34: =SUM(J27:J33) -> 241920 | K34: =SUM(K27:K33) -> 91000 | L34: =SUM(L27:L33) -> 35000 | ... Z34: =SUM(Z27:Z33) -> 1156542.8
A36: =WEEKNUM(B41) -> 9 | B36: =B33+1 -> 46076 | C36: =TEXT(B36,"ddd") -> Sen | D36: =Q36-H36 -> -11414.47 | E36: =SUM('SO Februari 2026 Rev.2'!E36:AQ36) -> 150793.4 | F36: =SUM('SO Februari 2026 Rev.2'!AR36:AY36) -> 15081.07 | G36: =SUM('SO Februari 2026 Rev.2'!AZ36:BA36) -> 22500 | H36: =SUM(E36:G36) -> 188374.47 | I36: 92400 | J36: =1.44*24000 -> 34560 | K36: 13000 | L36: 5000 | M36: =0.5*24000 -> 12000 | N36: 10000 | O36: 10000 | Q36: =SUM(I36:P36) -> 176960 | R36: ='Summary sales'!D30 -> 64583.88 | S36: ='Summary sales'!E30 -> 46308.44 | T36: ='Summary sales'!G30 -> 10012.73 | U36: ='Summary sales'!I30 -> 3410.54 | V36: ='Summary sales'!F30 -> 17347.55 | W36: ='Summary sales'!H30 -> 4511.717 | X36: ='Summary sales'!K30 -> 8599.906 | Y36: ='Summary sales'!L30 -> 0 | Z36: =SUM(R36:Y36) -> 154774.76
B37: =B36+1 -> 46077 | C37: =TEXT(B37,"ddd") -> Sel | D37: =Q37-H37 -> -11414.47 | E37: =SUM('SO Februari 2026 Rev.2'!E37:AQ37) -> 150793.4 | F37: =SUM('SO Februari 2026 Rev.2'!AR37:AY37) -> 15081.07 | G37: =SUM('SO Februari 2026 Rev.2'!AZ37:BA37) -> 22500 | H37: =SUM(E37:G37) -> 188374.47 | I37: 92400 | J37: =1.44*24000 -> 34560 | K37: 13000 | L37: 5000 | M37: =0.5*24000 -> 12000 | N37: 10000 | O37: 10000 | Q37: =SUM(I37:P37) -> 176960 | R37: ='Summary sales'!D31 -> 68313.14 | S37: ='Summary sales'!E31 -> 49348.61 | T37: ='Summary sales'!G31 -> 9521.06 | U37: ='Summary sales'!I31 -> 3440.44 | V37: ='Summary sales'!F31 -> 9446.36 | W37: ='Summary sales'!H31 -> 4497.076 | X37: ='Summary sales'!K31 -> 8390.586 | Y37: ='Summary sales'!L31 -> 0 | Z37: =SUM(R37:Y37) -> 152957.27
B38: =B37+1 -> 46078 | C38: =TEXT(B38,"ddd") -> Rab | D38: =Q38-H38 -> -11414.47 | E38: =SUM('SO Februari 2026 Rev.2'!E38:AQ38) -> 150793.4 | F38: =SUM('SO Februari 2026 Rev.2'!AR38:AY38) -> 15081.07 | G38: =SUM('SO Februari 2026 Rev.2'!AZ38:BA38) -> 22500 | H38: =SUM(E38:G38) -> 188374.47 | I38: 92400 | J38: =1.44*24000 -> 34560 | K38: 13000 | L38: 5000 | M38: =0.5*24000 -> 12000 | N38: 10000 | O38: 10000 | Q38: =SUM(I38:P38) -> 176960 | R38: ='Summary sales'!D32 -> 70740.19 | S38: ='Summary sales'!E32 -> 45731.34 | T38: ='Summary sales'!G32 -> 4450.39 | U38: ='Summary sales'!I32 -> 6836.35 | V38: ='Summary sales'!F32 -> 18776.83 | W38: ='Summary sales'!H32 -> 9954.199 | X38: ='Summary sales'!K32 -> 12154.07 | Y38: ='Summary sales'!L32 -> 0 | Z38: =SUM(R38:Y38) -> 168643.37
B39: =B38+1 -> 46079 | C39: =TEXT(B39,"ddd") -> Kam | D39: =Q39-H39 -> -11414.47 | E39: =SUM('SO Februari 2026 Rev.2'!E39:AQ39) -> 150793.4 | F39: =SUM('SO Februari 2026 Rev.2'!AR39:AY39) -> 15081.07 | G39: =SUM('SO Februari 2026 Rev.2'!AZ39:BA39) -> 22500 | H39: =SUM(E39:G39) -> 188374.47 | I39: 92400 | J39: =1.44*24000 -> 34560 | K39: 13000 | L39: 5000 | M39: =0.5*24000 -> 12000 | N39: 10000 | O39: 10000 | Q39: =SUM(I39:P39) -> 176960 | R39: ='Summary sales'!D33 -> 68737.02 | S39: ='Summary sales'!E33 -> 44808.81 | T39: ='Summary sales'!G33 -> 9871.98 | U39: ='Summary sales'!I33 -> 3305.48 | V39: ='Summary sales'!F33 -> 27734.53 | W39: ='Summary sales'!H33 -> 4616.523 | X39: ='Summary sales'!K33 -> 8753.816 | Y39: ='Summary sales'!L33 -> 0 | Z39: =SUM(R39:Y39) -> 167828.16
B40: =B39+1 -> 46080 | C40: =TEXT(B40,"ddd") -> Jum | D40: =Q40-H40 -> -11414.47 | E40: =SUM('SO Februari 2026 Rev.2'!E40:AQ40) -> 150793.4 | F40: =SUM('SO Februari 2026 Rev.2'!AR40:AY40) -> 15081.07 | G40: =SUM('SO Februari 2026 Rev.2'!AZ40:BA40) -> 22500 | H40: =SUM(E40:G40) -> 188374.47 | I40: 92400 | J40: =1.44*24000 -> 34560 | K40: 13000 | L40: 5000 | M40: =0.5*24000 -> 12000 | N40: 10000 | O40: 10000 | Q40: =SUM(I40:P40) -> 176960 | R40: ='Summary sales'!D34 -> 69602.4 | S40: ='Summary sales'!E34 -> 47559.88 | T40: ='Summary sales'!G34 -> 8561.53 | U40: ='Summary sales'!I34 -> 3341.59 | V40: ='Summary sales'!F34 -> 18101.31 | W40: ='Summary sales'!H34 -> 0 | X40: ='Summary sales'!K34 -> 13856.04 | Y40: ='Summary sales'!L34 -> 0 | Z40: =SUM(R40:Y40) -> 161022.75
B41: =B40+1 -> 46081 | C41: =TEXT(B41,"ddd") -> Sab | D41: =Q41-H41 -> -14.593613 | E41: =SUM('SO Februari 2026 Rev.2'!E41:AQ41) -> 139393.52 | F41: =SUM('SO Februari 2026 Rev.2'!AR41:AY41) -> 15081.07 | G41: =SUM('SO Februari 2026 Rev.2'!AZ41:BA41) -> 22500 | H41: =SUM(E41:G41) -> 176974.59 | I41: 92400 | J41: =1.44*24000 -> 34560 | K41: 13000 | L41: 5000 | M41: =0.5*24000 -> 12000 | N41: 10000 | O41: 10000 | Q41: =SUM(I41:P41) -> 176960 | R41: ='Summary sales'!D35 -> 92415.8 | S41: ='Summary sales'!E35 -> 46672.53 | T41: ='Summary sales'!G35 -> 10104.5 | U41: ='Summary sales'!I35 -> 3259.4 | V41: ='Summary sales'!F35 -> 24719.15 | W41: ='Summary sales'!H35 -> 0 | X41: ='Summary sales'!K35 -> 13593.878 | Y41: ='Summary sales'!L35 -> 0 | Z41: =SUM(R41:Y41) -> 190765.26
B42: Sub Total | D42: =Q42-H42 -> -57086.946 | E42: =SUM(E35:E41) -> 893360.53 | F42: =SUM(F35:F41) -> 90486.42 | G42: =SUM(G35:G41) -> 135000 | H42: =SUM(H35:H41) -> 1118846.9 | I42: =SUM(I35:I41) -> 554400 | J42: =SUM(J35:J41) -> 207360 | K42: =SUM(K35:K41) -> 78000 | L42: =SUM(L35:L41) -> 30000 | ... Z42: =SUM(Z35:Z41) -> 995991.57
B44: Sub Total | D44: =SUM(D6,D9:D15,D18:D24,D27:D33,D36:D41) -> -190341.99 | E44: =SUM(E6,E9:E15,E18:E24,E27:E33,E36:E41) -> 4039575.8 | F44: =SUM(F6,F9:F15,F18:F24,F27:F33,F36:F41) -> 415526.16 | G44: =SUM(G6,G9:G15,G18:G24,G27:G33,G36:G41) -> 495000 | H44: =SUM(H6,H9:H15,H18:H24,H27:H33,H36:H41) -> 4950102 | I44: =SUM(I6,I9:I15,I18:I24,I27:I33,I36:I41) -> 2461200 | J44: =SUM(J6,J9:J15,J18:J24,J27:J33,J36:J41) -> 988560 | K44: =SUM(K6,K9:K15,K18:K24,K27:K33,K36:K41) -> 364000 | ... Z44: =SUM(Z6,Z9:Z15,Z18:Z24,Z27:Z33,Z36:Z41) -> 4676096.4
B45: Total | D45: =D7+D16+D25+D34+D42 -> -190341.99 | E45: =E7+E16+E25+E34+E42 -> 4039575.8 | F45: =F7+F16+F25+F34+F42 -> 415526.16 | G45: =G7+G16+G25+G34+G42 -> 495000 | H45: =H7+H16+H25+H34+H42 -> 4950102 | I45: =I7+I16+I25+I34+I42 -> 2461200 | J45: =J7+J16+J25+J34+J42 -> 988560 | K45: =K7+K16+K25+K34+K42 -> 364000 | ... Z45: =Z7+Z16+Z25+Z34+Z42 -> 4676096.4

Sheet Daily Sales
A1: Daily Sales
A2: 46054 | H2: =H17/24 -> 33.840417 | L2: =L17/24 -> 104.16667 | P2: =P17/24 -> 47.072137 | T2: =T17/24 -> 136.77151 | X2: =X17/24 -> 26.834194 | AB2: =AB17/24 -> 83.333333 | AF2: =AF17/24 -> 6.9571102 | AJ2: =AJ17/24 -> 25.156801 | AN2: =AN17/24 -> 28.053145 | AR2: =AR17/24 -> 229.75829 | AV2: =AV17/24 -> 250.00259 | AZ2: =AZ17/24 -> 119.7636 | BD2: =BD17/24 -> 62.5 | BH2: =BH17/24 -> 62.5 | BL2: =BL17/24 -> 458.33571 | BP2: =BP17/24 -> 38.58727 | BT2: =BT17/24 -> 187.5 | BX2: =BX17/24 -> 2.9189516 | CF2: =CF17/24 -> 145.83333 | CJ2: =CJ17/12 -> 333.37339 | CN2: =CN17/24 -> 145.83333 | CV2: =CV17/24 -> 652.48144 | CZ2: =CZ17/24 -> 84.202513 | DD2: =DD17/24 -> 28.279167 | DH2: =DH17/24 -> 296.74383 | DL2: =DL17/17 -> 205.8751 | DP2: =DP17/24 -> 62.511438 | DT2: =DT17/24 -> 89.147097 | DX2: =DX17/24 -> 52.540591 | EB2: =EB17/24 -> 416.66864 | EF2: =EF17/24 -> 63.314368 | EJ2: =EJ17/24 -> 166.65309 | EN2: =EN17/24 -> 145.83333 | ER2: =ER17/24 -> 166.65374 | EV2: =EV17/24 -> 1104.1667 | EZ2: =EZ17/16 -> 312.5 | FD2: =FD17/24 -> 87.735323 | FL2: =FL17/24 -> 125.75173 | FP2: =FP17/24 -> 85.20832 | FT2: =FT17/24 -> 15.400446 | FX2: =FX17/24 -> 375 | GB2: =GB17/24 -> 145.83333 | GF2: =GF17/24 -> 46.745847 | GN2: =GN17/24 -> 104.15427 | GR2: =GR17/24 -> 187.5
A3: Week | B3: DATE | C3: DAY | D3: Total | H3: CLIN | L3: BI | P3: MKG | T3: STM | X3: OAJ | AB3: NNI | AF3: SHB | AJ3: GTL | AN3: TWK | AR3: BYC | AV3: GF RANCA | AZ3: SMA | BD3: ADP | BH3: HLI | BL3: CERES | BP3: ALT (KSO MASAMI) | BT3: IDP (KSO AAE) | BX3: FJI (KSO SALMAH) | CB3: WINGLOK (KSO EBM) | CF3: CISF (KSO RRS) | CJ3: PUJ - LUBRICANT | CN3: KSN | CR3: CALBEE (KSO BMI) | CV3: UMI | CZ3: IP | DD3: BEM | DH3: AMI | DL3: KA | DP3: KTN | DT3: TOMIMOTO | DX3: NIAGA GARAM | EB3: PCI 84 | EF3: PCI MENGGER | EJ3: INDOFOOD | EN3: HCI | ER3: DIC | EV3: ASAHIMAS | EZ3: ABC KOGEN | FD3: TONGJI ( KSO GAS) | FH3: PA | FL3: RB | FP3: GF ATOM | FT3: GF KULIT | FX3: SP KSO JES | GB3: HSK (KSO GAS) | GF3: SDM | GJ3: JARGAS | GN3: SBI | GR3: SP GLOBAL
D4: TARGET | E4: ACTUAL | F4: SELISIH | G4: PERSENTASE | H4: TARGET | I4: ACTUAL | J4: SELISIH | K4: PERSENTASE | L4: TARGET | M4: ACTUAL | N4: SELISIH | O4: PERSENTASE | P4: TARGET | Q4: ACTUAL | R4: SELISIH | S4: PERSENTASE | T4: TARGET | U4: ACTUAL | V4: SELISIH | W4: PERSENTASE | X4: TARGET | Y4: ACTUAL | Z4: SELISIH | AA4: PERSENTASE | AB4: TARGET | AC4: ACTUAL | AD4: SELISIH | AE4: PERSENTASE | AF4: TARGET | AG4: ACTUAL | AH4: SELISIH | AI4: PERSENTASE | AJ4: TARGET | AK4: ACTUAL | AL4: SELISIH | AM4: PERSENTASE | AN4: TARGET | AO4: ACTUAL | AP4: SELISIH | AQ4: PERSENTASE | AR4: TARGET | AS4: ACTUAL | AT4: SELISIH | AU4: PERSENTASE | AV4: TARGET | AW4: ACTUAL | AX4: SELISIH | AY4: PERSENTASE | AZ4: TARGET | BA4: ACTUAL | BB4: SELISIH | BC4: PERSENTASE | BD4: TARGET | BE4: ACTUAL | BF4: SELISIH | BG4: PERSENTASE | BH4: TARGET | BI4: ACTUAL | BJ4: SELISIH | BK4: PERSENTASE | BL4: TARGET | BM4: ACTUAL | BN4: SELISIH | BO4: PERSENTASE | BP4: TARGET | BQ4: ACTUAL | BR4: SELISIH | BS4: PERSENTASE | BT4: TARGET | BU4: ACTUAL | BV4: SELISIH | BW4: PERSENTASE | BX4: TARGET | BY4: ACTUAL | BZ4: SELISIH | CA4: PERSENTASE | CB4: TARGET | CC4: ACTUAL | CD4: SELISIH | CE4: PERSENTASE | CF4: TARGET | CG4: ACTUAL | CH4: SELISIH | CI4: PERSENTASE | CJ4: TARGET | CK4: ACTUAL | CL4: SELISIH | CM4: PERSENTASE | CN4: TARGET | CO4: ACTUAL | CP4: SELISIH | CQ4: PERSENTASE | CR4: TARGET | CS4: ACTUAL | CT4: SELISIH | CU4: PERSENTASE | CV4: TARGET | CW4: ACTUAL | CX4: SELISIH | CY4: PERSENTASE | CZ4: TARGET | DA4: ACTUAL | DB4: SELISIH | DC4: PERSENTASE | DD4: TARGET | DE4: ACTUAL | DF4: SELISIH | DG4: PERSENTASE | DH4: TARGET | DI4: ACTUAL | DJ4: SELISIH | DK4: PERSENTASE | DL4: TARGET | DM4: ACTUAL | DN4: SELISIH | DO4: PERSENTASE | DP4: TARGET | DQ4: ACTUAL | DR4: SELISIH | DS4: PERSENTASE | DT4: TARGET | DU4: ACTUAL | DV4: SELISIH | DW4: PERSENTASE | DX4: TARGET | DY4: ACTUAL | DZ4: SELISIH | EA4: PERSENTASE | EB4: TARGET | EC4: ACTUAL | ED4: SELISIH | EE4: PERSENTASE | EF4: TARGET | EG4: ACTUAL | EH4: SELISIH | EI4: PERSENTASE | EJ4: TARGET | EK4: ACTUAL | EL4: SELISIH | EM4: PERSENTASE | EN4: TARGET | EO4: ACTUAL | EP4: SELISIH | EQ4: PERSENTASE | ER4: TARGET | ES4: ACTUAL | ET4: SELISIH | EU4: PERSENTASE | EV4: TARGET | EW4: ACTUAL | EX4: SELISIH | EY4: PERSENTASE | EZ4: TARGET | FA4: ACTUAL | FB4: SELISIH | FC4: PERSENTASE | FD4: TARGET | FE4: ACTUAL | FF4: SELISIH | FG4: PERSENTASE | FH4: TARGET | FI4: ACTUAL | FJ4: SELISIH | FK4: PERSENTASE | FL4: TARGET | FM4: ACTUAL | FN4: SELISIH | FO4: PERSENTASE | FP4: TARGET | FQ4: ACTUAL | FR4: SELISIH | FS4: PERSENTASE | FT4: TARGET | FU4: ACTUAL | FV4: SELISIH | FW4: PERSENTASE | FX4: TARGET | FY4: ACTUAL | FZ4: SELISIH | GA4: PERSENTASE | GB4: TARGET | GC4: ACTUAL | GD4: SELISIH | GE4: PERSENTASE | GF4: TARGET | GG4: ACTUAL | GH4: SELISIH | GI4: PERSENTASE | GJ4: TARGET | GK4: ACTUAL | GL4: SELISIH | GM4: PERSENTASE | GN4: TARGET | GO4: ACTUAL | GP4: SELISIH | GQ4: PERSENTASE | GR4: TARGET | GS4: ACTUAL | GT4: SELISIH | GU4: PERSENTASE
A5: =WEEKNUM(B5) -> 6 | B5: =A2 -> 46054 | C5: =TEXT(B5,"ddd") -> Mgg | D5: =SUMIF($H$4:$GT$4,$D$4,H5:GT5) -> 180951.47 | E5: =SUMIF($H$4:$GT$4,$E$4,H5:GT5) -> 83753.125 | F5: =E5-D5 -> -97198.345 | G5: =E5/D5 -> 0.46284855 | H5: =INDEX('SO Februari 2026 Rev.2'!$B$6:$BG$49,MATCH(B5,'SO Februari 2026 Rev.2'!$B$6:$B$49,0),MATCH($H$3,'SO Februari 2026 Rev.2'!$B$5:$XG$5,0)) -> 812.17 | I5: =INDEX('Summary sales'!$A$6:$CA$48,MATCH(B5,'Summary sales'!$A$6:$A$48,0),MATCH($H$3,'Summary sales'!$A$7:$CA$7,0)) -> 679.71 | J5: =I5-H5 -> -132.46 | K5: =I5/H5 -> 0.83690607 | L5: =INDEX('SO Februari 2026 Rev.2'!$B$6:$BG$49,MATCH(B5,'SO Februari 2026 Rev.2'!$B$6:$B$49,0),MATCH($L$3,'SO Februari 2026 Rev.2'!$B$5:$XG$5,0)) -> 3000 | M5: =INDEX('Summary sales'!$A$6:$CA$48,MATCH($B5,'Summary sales'!$A$6:$A$48,0),MATCH($L$3,'Summary sales'!$A$7:$CA$7,0)) -> 559.32 | N5: =M5-L5 -> -2440.68 | O5: =M5/L5 -> 0.18644 | P5: =INDEX('SO Februari 2026 Rev.2'!$B$6:$BG$49,MATCH(B5,'SO Februari 2026 Rev.2'!$B$6:$B$49,0),MATCH($P$3,'SO Februari 2026 Rev.2'!$B$5:$XG$5,0)) -> 1129.7313 | Q5: =INDEX('Summary sales'!$A$6:$CA$48,MATCH($B5,'Summary sales'!$A$6:$A$48,0),MATCH($P$3,'Summary sales'!$A$7:$CA$7,0)) -> 552.19 | R5: =Q5-P5 -> -577.54129 | S5: =Q5/P5 -> 0.48877995 | T5: =INDEX('SO Februari 2026 Rev.2'!$B$6:$BG$49,MATCH(B5,'SO Februari 2026 Rev.2'!$B$6:$B$49,0),MATCH($T$3,'SO Februari 2026 Rev.2'!$B$5:$XG$5,0)) -> 3282.5161 | U5: =INDEX('Summary sales'!$A$6:$CA$48,MATCH($B5,'Summary sales'!$A$6:$A$48,0),MATCH($T$3,'Summary sales'!$A$7:$CA$7,0)) -> 813.17 | V5: =U5-T5 -> -2469.3461 | W5: =U5/T5 -> 0.24772765 | X5: =INDEX('SO Februari 2026 Rev.2'!$B$6:$BG$49,MATCH(B5,'SO Februari 2026 Rev.2'!$B$6:$B$49,0),MATCH($X$3,'SO Februari 2026 Rev.2'!$B$5:$XG$5,0)) -> 644.02065 | Y5: =INDEX('Summary sales'!$A$6:$CA$48,MATCH($B5,'Summary sales'!$A$6:$A$48,0),MATCH($X$3,'Summary sales'!$A$7:$CA$7,0)) -> 323.55 | Z5: =Y5-X5 -> -320.47065 | AA5: =Y5/X5 -> 0.50239073 | AB5: =INDEX('SO Februari 2026 Rev.2'!$B$6:$BG$49,MATCH(B5,'SO Februari 2026 Rev.2'!$B$6:$B$49,0),MATCH($AB$3,'SO Februari 2026 Rev.2'!$B$5:$XG$5,0)) -> 5500 | AC5: =INDEX('Summary sales'!$A$6:$CA$48,MATCH($B5,'Summary sales'!$A$6:$A$48,0),MATCH($AB$3,'Summary sales'!$A$7:$CA$7,0)) -> 1832.7 | AD5: =AC5-AB5 -> -3667.3 | AE5: =AC5/AB5 -> 0.33321818 | AF5: =INDEX('SO Februari 2026 Rev.2'!$B$6:$BG$49,MATCH(B5,'SO Februari 2026 Rev.2'!$B$6:$B$49,0),MATCH($AF$3,'SO Februari 2026 Rev.2'!$B$5:$XG$5,0)) -> 166.97065 | AG5: =INDEX('Summary sales'!$A$6:$CA$48,MATCH($B5,'Summary sales'!$A$6:$A$48,0),MATCH($AF$3,'Summary sales'!$A$7:$CA$7,0)) -> 384.73 | AH5: =AG5-AF5 -> 217.75935 | AI5: =AG5/AF5 -> 2.3041775 | AJ5: =INDEX('SO Februari 2026 Rev.2'!$B$6:$BG$49,MATCH(B5,'SO Februari 2026 Rev.2'!$B$6:$B$49,0),MATCH($AJ$3,'SO Februari 2026 Rev.2'!$B$5:$XG$5,0)) -> 603.76323 | AK5: =INDEX('Summary sales'!$A$6:$CA$48,MATCH($B5,'Summary sales'!$A$6:$A$48,0),MATCH($AJ$3,'Summary sales'!$A$7:$CA$7,0)) -> 727.11 | AL5: =AK5-AJ5 -> 123.34677 | AM5: =AK5/AJ5 -> 1.2042966 | AN5: =INDEX('SO Februari 2026 Rev.2'!$B$6:$BG$49,MATCH(B5,'SO Februari 2026 Rev.2'!$B$6:$B$49,0),MATCH($AN$3,'SO Februari 2026 Rev.2'!$B$5:$XG$5,0)) -> 673.27548 | AO5: =INDEX('Summary sales'!$A$6:$CA$48,MATCH($B5,'Summary sales'!$A$6:$A$48,0),MATCH($AN$3,'Summary sales'!$A$7:$CA$7,0)) -> 354.28 | AP5: =AO5-AN5 -> -318.99548 | AQ5: =AO5/AN5 -> 0.52620362 | AR5: =INDEX('SO Februari 2026 Rev.2'!$B$6:$BG$49,MATCH(B5,'SO Februari 2026 Rev.2'!$B$6:$B$49,0),MATCH($AR$3,'SO Februari 2026 Rev.2'!$B$5:$XG$5,0)) -> 4514.199 | AS5: =INDEX('Summary sales'!$A$6:$CA$48,MATCH($B5,'Summary sales'!$A$6:$A$48,0),MATCH($AR$3,'Summary sales'!$A$7:$CA$7,0)) -> 0 | AT5: =AS5-AR5 -> -4514.199 | AU5: =AS5/AR5 -> 0 | AV5: =INDEX('SO Februari 2026 Rev.2'!$B$6:$BG$49,MATCH(B5,'SO Februari 2026 Rev.2'!$B$6:$B$49,0),MATCH($AV$3,'SO Februari 2026 Rev.2'!$B$5:$XG$5,0)) -> 8000.0623 | AW5: =INDEX('Summary sales'!$A$6:$CA$48,MATCH($B5,'Summary sales'!$A$6:$A$48,0),MATCH($AV$3,'Summary sales'!$A$7:$CA$7,0)) -> 4861.42 | AX5: =AW5-AV5 -> -3138.6423 | AY5: =AW5/AV5 -> 0.60767277 | AZ5: =INDEX('SO Februari 2026 Rev.2'!$B$6:$BG$49,MATCH(B5,'SO Februari 2026 Rev.2'!$B$6:$B$49,0),MATCH($AZ$3,'SO Februari 2026 Rev.2'!$B$5:$XG$5,0)) -> 2874.3265 | BA5: =INDEX('Summary sales'!$A$6:$CA$48,MATCH($B5,'Summary sales'!$A$6:$A$48,0),MATCH($AZ$3,'Summary sales'!$A$7:$CA$7,0)) -> 149.17 | BB5: =BA5-AZ5 -> -2725.1565 | BC5: =BA5/AZ5 -> 0.051897376 | BD5: =INDEX('SO Februari 2026 Rev.2'!$B$6:$BG$49,MATCH(B5,'SO Februari 2026 Rev.2'!$B$6:$B$49,0),MATCH($BD$3,'SO Februari 2026 Rev.2'!$B$5:$XG$5,0)) -> 500 | BE5: =INDEX('Summary sales'!$A$6:$CA$48,MATCH($B5,'Summary sales'!$A$6:$A$48,0),MATCH($BD$3,'Summary sales'!$A$7:$CA$7,0)) -> 0 | BF5: =BE5-BD5 -> -500 | BG5: =BE5/BD5 -> 0 | BH5: =INDEX('SO Februari 2026 Rev.2'!$B$6:$BG$49,MATCH(B5,'SO Februari 2026 Rev.2'!$B$6:$B$49,0),MATCH($BH$3,'SO Februari 2026 Rev.2'!$B$5:$XG$5,0)) -> 3600 | BI5: =INDEX('Summary sales'!$A$6:$CA$48,MATCH($B5,'Summary sales'!$A$6:$A$48,0),MATCH($BH$3,'Summary sales'!$A$7:$CA$7,0)) -> 1329.61 | BJ5: =BI5-BH5 -> -2270.39 | BK5: =BI5/BH5 -> 0.36933611 | BL5: =INDEX('SO Februari 2026 Rev.2'!$B$6:$BG$49,MATCH(B5,'SO Februari 2026 Rev.2'!$B$6:$B$49,0),MATCH($BL$3,'SO Februari 2026 Rev.2'!$B$5:$XG$5,0)) -> 9000.0571 | BM5: =INDEX('Summary sales'!$A$6:$CA$48,MATCH($B5,'Summary sales'!$A$6:$A$48,0),MATCH($BL$3,'Summary sales'!$A$7:$CA$7,0)) -> 6254.85 | BN5: =BM5-BL5 -> -2745.2071 | BO5: =BM5/BL5 -> 0.69497892 | BP5: =INDEX('SO Februari 2026 Rev.2'!$B$6:$BG$49,MATCH(B5,'SO Februari 2026 Rev.2'!$B$6:$B$49,0),MATCH($BP$3,'SO Februari 2026 Rev.2'!$B$5:$XG$5,0)) -> 926.09448 | BQ5: =INDEX('Summary sales'!$A$6:$CA$48,MATCH($B5,'Summary sales'!$A$6:$A$48,0),MATCH($BP$3,'Summary sales'!$A$7:$CA$7,0)) -> 0 | BR5: =BQ5-BP5 -> -926.09448 | BS5: =BQ5/BP5 -> 0 | BT5: =INDEX('SO Februari 2026 Rev.2'!$B$6:$BG$49,MATCH(B5,'SO Februari 2026 Rev.2'!$B$6:$B$49,0),MATCH($BT$3,'SO Februari 2026 Rev.2'!$B$5:$XG$5,0)) -> 5500 | BU5: =INDEX('Summary sales'!$A$6:$CA$48,MATCH($B5,'Summary sales'!$A$6:$A$48,0),MATCH($BT$3,'Summary sales'!$A$7:$CA$7,0)) -> 0 | BV5: =BU5-BT5 -> -5500 | BW5: =BU5/BT5 -> 0 | BX5: =INDEX('SO Februari 2026 Rev.2'!$B$6:$BG$49,MATCH(B5,'SO Februari 2026 Rev.2'!$B$6:$B$49,0),MATCH($BX$3,'SO Februari 2026 Rev.2'!$B$5:$XG$5,0)) -> 70.054839 | BY5: =INDEX('Summary sales'!$A$6:$CA$48,MATCH($B5,'Summary sales'!$A$6:$A$48,0),MATCH($BX$3,'Summary sales'!$A$7:$CA$7,0)) -> 0 | BZ5: =BY5-BX5 -> -70.054839 | CA5: =BY5/BX5 -> 0 | CB5: =INDEX('SO Februari 2026 Rev.2'!$B$6:$BG$49,MATCH(B5,'SO Februari 2026 Rev.2'!$B$6:$B$49,0),MATCH($CB$3,'SO Februari 2026 Rev.2'!$B$5:$XG$5,0)) -> 89.451613 | CC5: =INDEX('Summary sales'!$A$6:$CA$48,MATCH($B5,'Summary sales'!$A$6:$A$48,0),MATCH($CB$3,'Summary sales'!$A$7:$CA$7,0)) -> 71.007 | CD5: =CC5-CB5 -> -18.444613 | CE5: =CC5/CB5 -> 0.79380346 | CF5: =INDEX('SO Februari 2026 Rev.2'!$B$6:$BG$49,MATCH(B5,'SO Februari 2026 Rev.2'!$B$6:$B$49,0),MATCH($CF$3,'SO Februari 2026 Rev.2'!$B$5:$XG$5,0)) -> 3500 | CG5: =INDEX('Summary sales'!$A$6:$CA$48,MATCH($B5,'Summary sales'!$A$6:$A$48,0),MATCH($CF$3,'Summary sales'!$A$7:$CA$7,0)) -> 58.4 | CH5: =CG5-CF5 -> -3441.6 | CI5: =CG5/CF5 -> 0.016685714 | CJ5: =INDEX('SO Februari 2026 Rev.2'!$B$6:$BG$49,MATCH(B5,'SO Februari 2026 Rev.2'!$B$6:$B$49,0),MATCH($CJ$3,'SO Februari 2026 Rev.2'!$B$5:$XG$5,0)) -> 4000.4806 | CK5: =INDEX('Summary sales'!$A$6:$CA$48,MATCH($B5,'Summary sales'!$A$6:$A$48,0),MATCH($CJ$3,'Summary sales'!$A$7:$CA$7,0)) -> 0 | CL5: =CK5-CJ5 -> -4000.4806 | CM5: =CK5/CJ5 -> 0 | CN5: =INDEX('SO Februari 2026 Rev.2'!$B$6:$BG$49,MATCH(B5,'SO Februari 2026 Rev.2'!$B$6:$B$49,0),MATCH($CN$3,'SO Februari 2026 Rev.2'!$B$5:$XG$5,0)) -> 3500 | CO5: =INDEX('Summary sales'!$A$6:$CA$48,MATCH($B5,'Summary sales'!$A$6:$A$48,0),MATCH($CN$3,'Summary sales'!$A$7:$CA$7,0)) -> 953.89 | CP5: =CO5-CN5 -> -2546.11 | CQ5: =CO5/CN5 -> 0.27254 | CR5: =INDEX('SO Februari 2026 Rev.2'!$B$6:$BG$49,MATCH(B5,'SO Februari 2026 Rev.2'!$B$6:$B$49,0),MATCH($CR$3,'SO Februari 2026 Rev.2'!$B$5:$XG$5,0)) -> 0 | CS5: =INDEX('Summary sales'!$A$6:$CA$48,MATCH($B5,'Summary sales'!$A$6:$A$48,0),MATCH($CR$3,'Summary sales'!$A$7:$CA$7,0)) -> 0 | CT5: =CS5-CR5 -> 0 | CU5: =CS5/CR5 -> #DIV/0! | CV5: =INDEX('SO Februari 2026 Rev.2'!$B$6:$BG$49,MATCH(B5,'SO Februari 2026 Rev.2'!$B$6:$B$49,0),MATCH($CV$3,'SO Februari 2026 Rev.2'!$B$5:$XG$5,0)) -> 11659.555 | CW5: =INDEX('Summary sales'!$A$6:$CA$48,MATCH($B5,'Summary sales'!$A$6:$A$48,0),MATCH($CV$3,'Summary sales'!$A$7:$CA$7,0)) -> 10365.367 | CX5: =CW5-CV5 -> -1294.1875 | CY5: =CW5/CV5 -> 0.88900197 | CZ5: =INDEX('SO Februari 2026 Rev.2'!$B$6:$BG$49,MATCH(B5,'SO Februari 2026 Rev.2'!$B$6:$B$49,0),MATCH($CZ$3,'SO Februari 2026 Rev.2'!$B$5:$XG$5,0)) -> 2020.8603 | DA5: =INDEX('Summary sales'!$A$6:$CA$48,MATCH($B5,'Summary sales'!$A$6:$A$48,0),MATCH($CZ$3,'Summary sales'!$A$7:$CA$7,0)) -> 1923.07 | DB5: =DA5-CZ5 -> -97.790323 | DC5: =DA5/CZ5 -> 0.95160956 | DD5: =INDEX('SO Februari 2026 Rev.2'!$B$6:$BG$49,MATCH(B5,'SO Februari 2026 Rev.2'!$B$6:$B$49,0),MATCH($DD$3,'SO Februari 2026 Rev.2'!$B$5:$XG$5,0)) -> 678.7 | DE5: =INDEX('Summary sales'!$A$6:$CA$48,MATCH($B5,'Summary sales'!$A$6:$A$48,0),MATCH($DD$3,'Summary sales'!$A$7:$CA$7,0)) -> 0 | DF5: =DE5-DD5 -> -678.7 | DG5: =DE5/DD5 -> 0 | DH5: =INDEX('SO Februari 2026 Rev.2'!$B$6:$BG$49,MATCH(B5,'SO Februari 2026 Rev.2'!$B$6:$B$49,0),MATCH($DH$3,'SO Februari 2026 Rev.2'!$B$5:$XG$5,0)) -> 7121.8519 | DI5: =INDEX('Summary sales'!$A$6:$CA$48,MATCH($B5,'Summary sales'!$A$6:$A$48,0),MATCH($DH$3,'Summary sales'!$A$7:$CA$7,0)) -> 3715.11 | DJ5: =DI5-DH5 -> -3406.7419 | DK5: =DI5/DH5 -> 0.52164943 | DL5: =INDEX('SO Februari 2026 Rev.2'!$B$6:$BG$49,MATCH(B5,'SO Februari 2026 Rev.2'!$B$6:$B$49,0),MATCH($DL$3,'SO Februari 2026 Rev.2'!$B$5:$XG$5,0)) -> 2443.8768 | DM5: =INDEX('Summary sales'!$A$6:$CA$48,MATCH($B5,'Summary sales'!$A$6:$A$48,0),MATCH($DL$3,'Summary sales'!$A$7:$CA$7,0)) -> 0 | DN5: =DM5-DL5 -> -2443.8768 | DO5: =DM5/DL5 -> 0 | DP5: =INDEX('SO Februari 2026 Rev.2'!$B$6:$BG$49,MATCH(B5,'SO Februari 2026 Rev.2'!$B$6:$B$49,0),MATCH($DP$3,'SO Februari 2026 Rev.2'!$B$5:$XG$5,0)) -> 2043.2745 | DQ5: =INDEX('Summary sales'!$A$6:$CA$48,MATCH($B5,'Summary sales'!$A$6:$A$48,0),MATCH($DP$3,'Summary sales'!$A$7:$CA$7,0)) -> 1485.52 | DR5: =DQ5-DP5 -> -557.75452 | DS5: =DQ5/DP5 -> 0.72702908 | DT5: =INDEX('SO Februari 2026 Rev.2'!$B$6:$BG$49,MATCH(B5,'SO Februari 2026 Rev.2'!$B$6:$B$49,0),MATCH($DT$3,'SO Februari 2026 Rev.2'!$B$5:$XG$5,0)) -> 1439.5303 | DU5: =INDEX('Summary sales'!$A$6:$CA$48,MATCH($B5,'Summary sales'!$A$6:$A$48,0),MATCH($DT$3,'Summary sales'!$A$7:$CA$7,0)) -> 1993.56 | DV5: =DU5-DT5 -> 554.02968 | DW5: =DU5/DT5 -> 1.3848684 | DX5: =INDEX('SO Februari 2026 Rev.2'!$B$6:$BG$49,MATCH(B5,'SO Februari 2026 Rev.2'!$B$6:$B$49,0),MATCH($DX$3,'SO Februari 2026 Rev.2'!$B$5:$XG$5,0)) -> 260.97419 | DY5: =INDEX('Summary sales'!$A$6:$CA$48,MATCH($B5,'Summary sales'!$A$6:$A$48,0),MATCH($DX$3,'Summary sales'!$A$7:$CA$7,0)) -> 32.31 | DZ5: =DY5-DX5 -> -228.66419 | EA5: =DY5/DX5 -> 0.12380534 | EB5: =INDEX('SO Februari 2026 Rev.2'!$B$6:$BG$49,MATCH(B5,'SO Februari 2026 Rev.2'!$B$6:$B$49,0),MATCH($EB$3,'SO Februari 2026 Rev.2'!$B$5:$XG$5,0)) -> 11007.047 | EC5: =INDEX('Summary sales'!$A$6:$CA$48,MATCH($B5,'Summary sales'!$A$6:$A$48,0),MATCH($EB$3,'Summary sales'!$A$7:$CA$7,0)) -> 6061.95 | ED5: =EC5-EB5 -> -4945.0974 | EE5: =EC5/EB5 -> 0.55073352 | EF5: =INDEX('SO Februari 2026 Rev.2'!$B$6:$BG$49,MATCH(B5,'SO Februari 2026 Rev.2'!$B$6:$B$49,0),MATCH($EF$3,'SO Februari 2026 Rev.2'!$B$5:$XG$5,0)) -> 1519.5448 | EG5: =INDEX('Summary sales'!$A$6:$CA$48,MATCH($B5,'Summary sales'!$A$6:$A$48,0),MATCH($EF$3,'Summary sales'!$A$7:$CA$7,0)) -> 1870.82 | EH5: =EG5-EF5 -> 351.27516 | EI5: =EG5/EF5 -> 1.2311713 | EJ5: =INDEX('SO Februari 2026 Rev.2'!$B$6:$BG$49,MATCH(B5,'SO Februari 2026 Rev.2'!$B$6:$B$49,0),MATCH($EJ$3,'SO Februari 2026 Rev.2'!$B$5:$XG$5,0)) -> 3999.6742 | EK5: =INDEX('Summary sales'!$A$6:$CA$48,MATCH($B5,'Summary sales'!$A$6:$A$48,0),MATCH($EJ$3,'Summary sales'!$A$7:$CA$7,0)) -> 0 | EL5: =EK5-EJ5 -> -3999.6742 | EM5: =EK5/EJ5 -> 0 | EN5: =INDEX('SO Februari 2026 Rev.2'!$B$6:$BG$49,MATCH(B5,'SO Februari 2026 Rev.2'!$B$6:$B$49,0),MATCH($EN$3,'SO Februari 2026 Rev.2'!$B$5:$XG$5,0)) -> 5500 | EO5: =INDEX('Summary sales'!$A$6:$CA$48,MATCH(B5,'Summary sales'!$A$6:$A$48,0),MATCH($EN$3,'Summary sales'!$A$7:$CA$7,0)) -> 97.51 | EP5: =EO5-EN5 -> -5402.49 | EQ5: =EO5/EN5 -> 0.017729091 | ER5: =INDEX('SO Februari 2026 Rev.2'!$B$6:$BG$49,MATCH(B5,'SO Februari 2026 Rev.2'!$B$6:$B$49,0),MATCH($ER$3,'SO Februari 2026 Rev.2'!$B$5:$XG$5,0)) -> 4482.6897 | ES5: =INDEX('Summary sales'!$A$6:$CA$48,MATCH($B5,'Summary sales'!$A$6:$A$48,0),MATCH($ER$3,'Summary sales'!$A$7:$CA$7,0)) -> 4137.49 | ET5: =ES5-ER5 -> -345.19968 | EU5: =ES5/ER5 -> 0.92299273 | EV5: =INDEX('SO Februari 2026 Rev.2'!$B$6:$BG$49,MATCH(B5,'SO Februari 2026 Rev.2'!$B$6:$B$49,0),MATCH($EV$3,'SO Februari 2026 Rev.2'!$B$5:$XG$5,0)) -> 26500 | EW5: =INDEX('Summary sales'!$A$6:$CA$48,MATCH($B5,'Summary sales'!$A$6:$A$48,0),MATCH($EV$3,'Summary sales'!$A$7:$CA$7,0)) -> 7195.49 | EX5: =EW5-EV5 -> -19304.51 | EY5: =EW5/EV5 -> 0.27152792 | EZ5: =INDEX('SO Februari 2026 Rev.2'!$B$6:$BG$49,MATCH(B5,'SO Februari 2026 Rev.2'!$B$6:$B$49,0),MATCH($EZ$3,'SO Februari 2026 Rev.2'!$B$5:$XG$5,0)) -> 8000 | FA5: =INDEX('Summary sales'!$A$6:$CA$48,MATCH(B5,'Summary sales'!$A$6:$A$48,0),MATCH($EZ$3,'Summary sales'!$A$7:$CA$7,0)) -> 4062.18 | FB5: =FA5-EZ5 -> -3937.82 | FC5: =FA5/EZ5 -> 0.5077725 | FD5: =INDEX('SO Februari 2026 Rev.2'!$B$6:$BG$49,MATCH(B5,'SO Februari 2026 Rev.2'!$B$6:$B$49,0),MATCH($FD$3,'SO Februari 2026 Rev.2'!$B$5:$XG$5,0)) -> 2105.6477 | FE5: =INDEX('Summary sales'!$A$6:$CA$48,MATCH(B5,'Summary sales'!$A$6:$A$48,0),MATCH($FD$3,'Summary sales'!$A$7:$CA$7,0)) -> 3340.4 | FF5: =FE5-FD5 -> 1234.7523 | FG5: =FE5/FD5 -> 1.5864002 | FH5: =INDEX('SO Februari 2026 Rev.2'!$B$6:$BG$49,MATCH(B5,'SO Februari 2026 Rev.2'!$B$6:$B$49,0),MATCH($FH$3,'SO Februari 2026 Rev.2'!$B$5:$XG$5,0)) -> 726.81516 | FI5: =INDEX('Summary sales'!$A$6:$CA$48,MATCH(B5,'Summary sales'!$A$6:$A$48,0),MATCH($FH$3,'Summary sales'!$A$7:$CA$7,0)) -> 735.99 | FJ5: =FI5-FH5 -> 9.1748387 | FK5: =FI5/FH5 -> 1.0126233 | FL5: =INDEX('SO Februari 2026 Rev.2'!$B$6:$BG$49,MATCH(B5,'SO Februari 2026 Rev.2'!$B$6:$B$49,0),MATCH($FL$3,'SO Februari 2026 Rev.2'!$B$5:$XG$5,0)) -> 3018.0416 | FM5: =INDEX('Summary sales'!$A$6:$CA$48,MATCH(B5,'Summary sales'!$A$6:$A$48,0),MATCH($FL$3,'Summary sales'!$A$7:$CA$7,0)) -> 3884.01 | FN5: =FM5-FL5 -> 865.96839 | FO5: =FM5/FL5 -> 1.2869306 | FP5: =INDEX('SO Februari 2026 Rev.2'!$B$6:$BG$49,MATCH(B5,'SO Februari 2026 Rev.2'!$B$6:$B$49,0),MATCH($FP$3,'SO Februari 2026 Rev.2'!$B$5:$XG$5,0)) -> 2044.9997 | FQ5: =INDEX('Summary sales'!$A$6:$CA$48,MATCH(B5,'Summary sales'!$A$6:$A$48,0),MATCH($FP$3,'Summary sales'!$A$7:$CA$7,0)) -> 48.74 | FR5: =FQ5-FP5 -> -1996.2597 | FS5: =FQ5/FP5 -> 0.023833745 | FT5: =INDEX('SO Februari 2026 Rev.2'!$B$6:$BG$49,MATCH(B5,'SO Februari 2026 Rev.2'!$B$6:$B$49,0),MATCH($FT$3,'SO Februari 2026 Rev.2'!$B$5:$XG$5,0)) -> 369.61071 | FU5: =INDEX('Summary sales'!$A$6:$CA$48,MATCH(B5,'Summary sales'!$A$6:$A$48,0),MATCH($FT$3,'Summary sales'!$A$7:$CA$7,0)) -> 1508.513 | FV5: =FU5-FT5 -> 1138.9023 | FW5: =FU5/FT5 -> 4.0813563 | FX5: =INDEX('SO Februari 2026 Rev.2'!$B$6:$BG$49,MATCH(B5,'SO Februari 2026 Rev.2'!$B$6:$B$49,0),MATCH($FX$3,'SO Februari 2026 Rev.2'!$B$5:$XG$5,0)) -> 9000 | FY5: =INDEX('Summary sales'!$A$6:$CA$48,MATCH(B5,'Summary sales'!$A$6:$A$48,0),MATCH($FX$3,'Summary sales'!$A$7:$CA$7,0)) -> 7796.033 | FZ5: =FY5-FX5 -> -1203.967 | GA5: =FY5/FX5 -> 0.86622589 | GB5: =INDEX('SO Februari 2026 Rev.2'!$B$6:$BG$49,MATCH(B5,'SO Februari 2026 Rev.2'!$B$6:$B$49,0),MATCH($GB$3,'SO Februari 2026 Rev.2'!$B$5:$XG$5,0)) -> 3500 | GC5: =INDEX('Summary sales'!$A$6:$CA$48,MATCH($B5,'Summary sales'!$A$6:$A$48,0),MATCH($GB$3,'Summary sales'!$A$7:$CA$7,0)) -> 854.622 | GD5: =GC5-GB5 -> -2645.378 | GE5: =GC5/GB5 -> 0.24417771 | GF5: =INDEX('SO Februari 2026 Rev.2'!$B$6:$BG$49,MATCH(B5,'SO Februari 2026 Rev.2'!$B$6:$B$49,0),MATCH($GF$3,'SO Februari 2026 Rev.2'!$B$5:$XG$5,0)) -> 1121.9003 | GG5: =INDEX('Summary sales'!$A$6:$CA$48,MATCH($B5,'Summary sales'!$A$6:$A$48,0),MATCH($GF$3,'Summary sales'!$A$7:$CA$7,0)) -> 0 | GH5: =GG5-GF5 -> -1121.9003 | GI5: =GG5/GF5 -> 0 | GJ5: =INDEX('SO Februari 2026 Rev.2'!$B$6:$BG$49,MATCH(B5,'SO Februari 2026 Rev.2'!$B$6:$B$49,0),MATCH($GJ$3,'SO Februari 2026 Rev.2'!$B$5:$XG$5,0)) -> 1500 | GK5: =INDEX('Summary sales'!$A$6:$CA$48,MATCH(B5,'Summary sales'!$A$6:$A$48,0),MATCH($GJ$3,'Summary sales'!$A$7:$CA$7,0)) -> 1649.633 | GL5: =GK5-GJ5 -> 149.633 | GM5: =GK5/GJ5 -> 1.0997553 | GN5: =INDEX('SO Februari 2026 Rev.2'!$B$6:$BG$49,MATCH(B5,'SO Februari 2026 Rev.2'!$B$6:$B$49,0),MATCH($GN$3,'SO Februari 2026 Rev.2'!$B$5:$XG$5,0)) -> 2499.7026 | GO5: =INDEX('Summary sales'!$A$6:$CA$48,MATCH(B5,'Summary sales'!$A$6:$A$48,0),MATCH($GN$3,'Summary sales'!$A$7:$CA$7,0)) -> 1089.7 | GP5: =GO5-GN5 -> -1410.0026 | GQ5: =GO5/GN5 -> 0.43593186 | GR5: =INDEX('SO Februari 2026 Rev.2'!$B$6:$BG$49,MATCH(B5,'SO Februari 2026 Rev.2'!$B$6:$B$49,0),MATCH($GR$3,'SO Februari 2026 Rev.2'!$B$5:$XG$5,0)) -> 4500 | GS5: =INDEX('Summary sales'!$A$6:$CA$48,MATCH(B5,'Summary sales'!$A$6:$A$48,0),MATCH($GR$3,'Summary sales'!$A$7:$CA$7,0)) -> 0 | GT5: =GS5-GR5 -> -4500 | GU5: =GS5/GR5 -> 0
B6: Sub Total | C6: =TEXT(B6,"ddd") -> Sub Total | D6: =SUM(D5) -> 180951.47 | E6: =SUM(E2:E5) -> 83753.125 | F6: =SUM(F2:F5) -> -97198.345 | G6: =AVERAGE(G2:G5) -> 0.46284855 | H6: =SUM(H2:H5) -> 846.01042 | I6: =SUM(I2:I5) -> 679.71 | J6: =SUM(J2:J5) -> -132.46 | K6: =AVERAGE(K2:K5) -> 0.83690607 | L6: =SUM(L2:L5) -> 3104.1667 | M6: =SUM(M2:M5) -> 559.32 | N6: =SUM(N2:N5) -> -2440.68 | O6: =AVERAGE(O2:O5) -> 0.18644 | P6: =SUM(P2:P5) -> 1176.8034 | Q6: =SUM(Q2:Q5) -> 552.19 | R6: =SUM(R2:R5) -> -577.54129 | S6: =AVERAGE(S2:S5) -> 0.48877995 | T6: =SUM(T2:T5) -> 3419.2876 | U6: =SUM(U2:U5) -> 813.17 | V6: =SUM(V2:V5) -> -2469.3461 | W6: =AVERAGE(W2:W5) -> 0.24772765 | X6: =SUM(X2:X5) -> 670.85484 | Y6: =SUM(Y2:Y5) -> 323.55 | Z6: =SUM(Z2:Z5) -> -320.47065 | AA6: =AVERAGE(AA2:AA5) -> 0.50239073 | AB6: =SUM(AB2:AB5) -> 5583.3333 | AC6: =SUM(AC2:AC5) -> 1832.7 | AD6: =SUM(AD2:AD5) -> -3667.3 | AE6: =AVERAGE(AE2:AE5) -> 0.33321818 | AF6: =SUM(AF2:AF5) -> 173.92776 | AG6: =SUM(AG2:AG5) -> 384.73 | AH6: =SUM(AH2:AH5) -> 217.75935 | AI6: =AVERAGE(AI2:AI5) -> 2.3041775 | AJ6: =SUM(AJ2:AJ5) -> 628.92003 | AK6: =SUM(AK2:AK5) -> 727.11 | AL6: =SUM(AL2:AL5) -> 123.34677 | AM6: =AVERAGE(AM2:AM5) -> 1.2042966 | AN6: =SUM(AN2:AN5) -> 701.32863 | AO6: =SUM(AO2:AO5) -> 354.28 | AP6: =SUM(AP2:AP5) -> -318.99548 | AQ6: =AVERAGE(AQ2:AQ5) -> 0.52620362 | AR6: =SUM(AR2:AR5) -> 4743.9573 | AS6: =SUM(AS2:AS5) -> 0 | AT6: =SUM(AT2:AT5) -> -4514.199 | AU6: =AVERAGE(AU2:AU5) -> 0 | AV6: =SUM(AV2:AV5) -> 8250.0649 | AW6: =SUM(AW2:AW5) -> 4861.42 | AX6: =SUM(AX2:AX5) -> -3138.6423 | AY6: =AVERAGE(AY2:AY5) -> 0.60767277 | AZ6: =SUM(AZ2:AZ5) -> 2994.0901 | BA6: =SUM(BA2:BA5) -> 149.17 | BB6: =SUM(BB2:BB5) -> -2725.1565 | BC6: =AVERAGE(BC2:BC5) -> 0.051897376 | BD6: =SUM(BD2:BD5) -> 562.5 | BE6: =SUM(BE2:BE5) -> 0 | BF6: =SUM(BF2:BF5) -> -500 | BG6: =AVERAGE(BG2:BG5) -> 0 | BH6: =SUM(BH2:BH5) -> 3662.5 | BI6: =SUM(BI2:BI5) -> 1329.61 | BJ6: =SUM(BJ2:BJ5) -> -2270.39 | BK6: =AVERAGE(BK2:BK5) -> 0.36933611 | BL6: =SUM(BL2:BL5) -> 9458.3928 | BM6: =SUM(BM2:BM5) -> 6254.85 | BN6: =SUM(BN2:BN5) -> -2745.2071 | BO6: =AVERAGE(BO2:BO5) -> 0.69497892 | BP6: =SUM(BP2:BP5) -> 964.68175 | BQ6: =SUM(BQ2:BQ5) -> 0 | BR6: =SUM(BR2:BR5) -> -926.09448 | BS6: =AVERAGE(BS2:BS5) -> 0 | BT6: =SUM(BT2:BT5) -> 5687.5 | BU6: =SUM(BU2:BU5) -> 0 | BV6: =SUM(BV2:BV5) -> -5500 | BW6: =AVERAGE(BW2:BW5) -> 0 | BX6: =SUM(BX2:BX5) -> 72.97379 | BY6: =SUM(BY2:BY5) -> 0 | BZ6: =SUM(BZ2:BZ5) -> -70.054839 | CA6: =AVERAGE(CA2:CA5) -> 0 | CB6: =SUM(CB2:CB5) -> 89.451613 | CC6: =SUM(CC2:CC5) -> 71.007 | CD6: =SUM(CD2:CD5) -> -18.444613 | CE6: =AVERAGE(CE2:CE5) -> 0.79380346 | CF6: =SUM(CF2:CF5) -> 3645.8333 | CG6: =SUM(CG2:CG5) -> 58.4 | CH6: =SUM(CH2:CH5) -> -3441.6 | CI6: =AVERAGE(CI2:CI5) -> 0.016685714 | CJ6: =SUM(CJ2:CJ5) -> 4333.854 | CK6: =SUM(CK2:CK5) -> 0 | CL6: =SUM(CL2:CL5) -> -4000.4806 | CM6: =AVERAGE(CM2:CM5) -> 0 | CN6: =SUM(CN2:CN5) -> 3645.8333 | CO6: =SUM(CO2:CO5) -> 953.89 | CP6: =SUM(CP2:CP5) -> -2546.11 | CQ6: =AVERAGE(CQ2:CQ5) -> 0.27254 | CR6: =SUM(CR2:CR5) -> 0 | CS6: =SUM(CS2:CS5) -> 0 | CT6: =SUM(CT2:CT5) -> 0 | CU6: =AVERAGE(CU2:CU5) -> #DIV/0! | CV6: =SUM(CV2:CV5) -> 12312.036 | CW6: =SUM(CW2:CW5) -> 10365.367 | CX6: =SUM(CX2:CX5) -> -1294.1875 | CY6: =AVERAGE(CY2:CY5) -> 0.88900197 | CZ6: =SUM(CZ2:CZ5) -> 2105.0628 | DA6: =SUM(DA2:DA5) -> 1923.07 | DB6: =SUM(DB2:DB5) -> -97.790323 | DC6: =AVERAGE(DC2:DC5) -> 0.95160956 | DD6: =SUM(DD2:DD5) -> 706.97917 | DE6: =SUM(DE2:DE5) -> 0 | DF6: =SUM(DF2:DF5) -> -678.7 | DG6: =AVERAGE(DG2:DG5) -> 0 | DH6: =SUM(DH2:DH5) -> 7418.5958 | DI6: =SUM(DI2:DI5) -> 3715.11 | DJ6: =SUM(DJ2:DJ5) -> -3406.7419 | DK6: =AVERAGE(DK2:DK5) -> 0.52164943 | DL6: =SUM(DL2:DL5) -> 2649.7519 | DM6: =SUM(DM2:DM5) -> 0 | DN6: =SUM(DN2:DN5) -> -2443.8768 | DO6: =AVERAGE(DO2:DO5) -> 0 | DP6: =SUM(DP2:DP5) -> 2105.786 | DQ6: =SUM(DQ2:DQ5) -> 1485.52 | DR6: =SUM(DR2:DR5) -> -557.75452 | DS6: =AVERAGE(DS2:DS5) -> 0.72702908 | DT6: =SUM(DT2:DT5) -> 1528.6774 | DU6: =SUM(DU2:DU5) -> 1993.56 | DV6: =SUM(DV2:DV5) -> 554.02968 | DW6: =AVERAGE(DW2:DW5) -> 1.3848684 | DX6: =SUM(DX2:DX5) -> 313.51478 | DY6: =SUM(DY2:DY5) -> 32.31 | DZ6: =SUM(DZ2:DZ5) -> -228.66419 | EA6: =AVERAGE(EA2:EA5) -> 0.12380534 | EB6: =SUM(EB2:EB5) -> 11423.716 | EC6: =SUM(EC2:EC5) -> 6061.95 | ED6: =SUM(ED2:ED5) -> -4945.0974 | EE6: =AVERAGE(EE2:EE5) -> 0.55073352 | EF6: =SUM(EF2:EF5) -> 1582.8592 | EG6: =SUM(EG2:EG5) -> 1870.82 | EH6: =SUM(EH2:EH5) -> 351.27516 | EI6: =AVERAGE(EI2:EI5) -> 1.2311713 | EJ6: =SUM(EJ2:EJ5) -> 4166.3273 | EK6: =SUM(EK2:EK5) -> 0 | EL6: =SUM(EL2:EL5) -> -3999.6742 | EM6: =AVERAGE(EM2:EM5) -> 0 | EN6: =SUM(EN2:EN5) -> 5645.8333 | EO6: =SUM(EO2:EO5) -> 97.51 | EP6: =SUM(EP2:EP5) -> -5402.49 | EQ6: =AVERAGE(EQ2:EQ5) -> 0.017729091 | ER6: =SUM(ER2:ER5) -> 4649.3434 | ES6: =SUM(ES2:ES5) -> 4137.49 | ET6: =SUM(ET2:ET5) -> -345.19968 | EU6: =AVERAGE(EU2:EU5) -> 0.92299273 | EV6: =SUM(EV2:EV5) -> 27604.167 | EW6: =SUM(EW2:EW5) -> 7195.49 | EX6: =SUM(EX2:EX5) -> -19304.51 | EY6: =AVERAGE(EY2:EY5) -> 0.27152792 | EZ6: =SUM(EZ2:EZ5) -> 8312.5 | FA6: =SUM(FA2:FA5) -> 4062.18 | FB6: =SUM(FB2:FB5) -> -3937.82 | FC6: =AVERAGE(FC2:FC5) -> 0.5077725 | FD6: =SUM(FD2:FD5) -> 2193.3831 | FE6: =SUM(FE2:FE5) -> 3340.4 | FF6: =SUM(FF2:FF5) -> 1234.7523 | FG6: =AVERAGE(FG2:FG5) -> 1.5864002 | FH6: =SUM(FH2:FH5) -> 726.81516 | FI6: =SUM(FI2:FI5) -> 735.99 | FJ6: =SUM(FJ2:FJ5) -> 9.1748387 | FK6: =AVERAGE(FK2:FK5) -> 1.0126233 | FL6: =SUM(FL2:FL5) -> 3143.7933 | FM6: =SUM(FM2:FM5) -> 3884.01 | FN6: =SUM(FN2:FN5) -> 865.96839 | FO6: =AVERAGE(FO2:FO5) -> 1.2869306 | FP6: =SUM(FP2:FP5) -> 2130.208 | FQ6: =SUM(FQ2:FQ5) -> 48.74 | FR6: =SUM(FR2:FR5) -> -1996.2597 | FS6: =AVERAGE(FS2:FS5) -> 0.023833745 | FT6: =SUM(FT2:FT5) -> 385.01116 | FU6: =SUM(FU2:FU5) -> 1508.513 | FV6: =SUM(FV2:FV5) -> 1138.9023 | FW6: =AVERAGE(FW2:FW5) -> 4.0813563 | FX6: =SUM(FX2:FX5) -> 9375 | FY6: =SUM(FY2:FY5) -> 7796.033 | FZ6: =SUM(FZ2:FZ5) -> -1203.967 | GA6: =AVERAGE(GA2:GA5) -> 0.86622589 | GB6: =SUM(GB2:GB5) -> 3645.8333 | GC6: =SUM(GC2:GC5) -> 854.622 | GD6: =SUM(GD2:GD5) -> -2645.378 | GE6: =AVERAGE(GE2:GE5) -> 0.24417771 | GF6: =SUM(GF2:GF5) -> 1168.6462 | GG6: =SUM(GG2:GG5) -> 0 | GH6: =SUM(GH2:GH5) -> -1121.9003 | GI6: =AVERAGE(GI2:GI5) -> 0 | GJ6: =SUM(GJ2:GJ5) -> 1500 | GK6: =SUM(GK2:GK5) -> 1649.633 | GL6: =SUM(GL2:GL5) -> 149.633 | GM6: =AVERAGE(GM2:GM5) -> 1.0997553 | GN6: =SUM(GN2:GN5) -> 2603.8569 | GO6: =SUM(GO2:GO5) -> 1089.7 | GP6: =SUM(GP2:GP5) -> -1410.0026 | GQ6: =AVERAGE(GQ2:GQ5) -> 0.43593186 | GR6: =SUM(GR2:GR5) -> 4687.5 | GS6: =SUM(GS1:GS5) -> 0 | GT6: =SUM(GT1:GT5) -> -4500 | GU6: =AVERAGE(GU2:GU5) -> 0
A8: =A5+1 -> 7 | B8: =B5+1 -> 46055 | C8: =TEXT(B8,"ddd") -> Sen | D8: =SUMIF($H$4:$GT$4,$D$4,H8:GT8) -> 180951.47 | E8: =SUMIF($H$4:$GT$4,$E$4,H8:GT8) -> 159027.34 | F8: =E8-D8 -> -21924.133 | G8: =E8/D8 -> 0.87883971 | H8: =INDEX('SO Februari 2026 Rev.2'!$B$6:$BG$49,MATCH(B8,'SO Februari 2026 Rev.2'!$B$6:$B$49,0),MATCH($H$3,'SO Februari 2026 Rev.2'!$B$5:$XG$5,0)) -> 812.17 | I8: =INDEX('Summary sales'!$A$6:$CA$48,MATCH(B8,'Summary sales'!$A$6:$A$48,0),MATCH($H$3,'Summary sales'!$A$7:$CA$7,0)) -> 915.76 | J8: =I8-H8 -> 103.59 | K8: =I8/H8 -> 1.1275472 | L8: =INDEX('SO Februari 2026 Rev.2'!$B$6:$BG$49,MATCH(B8,'SO Februari 2026 Rev.2'!$B$6:$B$49,0),MATCH($L$3,'SO Februari 2026 Rev.2'!$B$5:$XG$5,0)) -> 3000 | M8: =INDEX('Summary sales'!$A$6:$CA$48,MATCH($B8,'Summary sales'!$A$6:$A$48,0),MATCH($L$3,'Summary sales'!$A$7:$CA$7,0)) -> 2698.25 | N8: =M8-L8 -> -301.75 | O8: =M8/L8 -> 0.89941667 | P8: =INDEX('SO Februari 2026 Rev.2'!$B$6:$BG$49,MATCH(B8,'SO Februari 2026 Rev.2'!$B$6:$B$49,0),MATCH($P$3,'SO Februari 2026 Rev.2'!$B$5:$XG$5,0)) -> 1129.7313 | Q8: =INDEX('Summary sales'!$A$6:$CA$48,MATCH($B8,'Summary sales'!$A$6:$A$48,0),MATCH($P$3,'Summary sales'!$A$7:$CA$7,0)) -> 1123.34 | R8: =Q8-P8 -> -6.3912903 | S8: =Q8/P8 -> 0.99434265 | T8: =INDEX('SO Februari 2026 Rev.2'!$B$6:$BG$49,MATCH(B8,'SO Februari 2026 Rev.2'!$B$6:$B$49,0),MATCH($T$3,'SO Februari 2026 Rev.2'!$B$5:$XG$5,0)) -> 3282.5161 | U8: =INDEX('Summary sales'!$A$6:$CA$48,MATCH($B8,'Summary sales'!$A$6:$A$48,0),MATCH($T$3,'Summary sales'!$A$7:$CA$7,0)) -> 1909.63 | V8: =U8-T8 -> -1372.8861 | W8: =U8/T8 -> 0.58175799 | X8: =INDEX('SO Februari 2026 Rev.2'!$B$6:$BG$49,MATCH(B8,'SO Februari 2026 Rev.2'!$B$6:$B$49,0),MATCH($X$3,'SO Februari 2026 Rev.2'!$B$5:$XG$5,0)) -> 644.02065 | Y8: =INDEX('Summary sales'!$A$6:$CA$48,MATCH($B8,'Summary sales'!$A$6:$A$48,0),MATCH($X$3,'Summary sales'!$A$7:$CA$7,0)) -> 582.12 | Z8: =Y8-X8 -> -61.900645 | AA8: =Y8/X8 -> 0.90388407 | AB8: =INDEX('SO Februari 2026 Rev.2'!$B$6:$BG$49,MATCH(B8,'SO Februari 2026 Rev.2'!$B$6:$B$49,0),MATCH($AB$3,'SO Februari 2026 Rev.2'!$B$5:$XG$5,0)) -> 5500 | AC8: =INDEX('Summary sales'!$A$6:$CA$48,MATCH($B8,'Summary sales'!$A$6:$A$48,0),MATCH($AB$3,'Summary sales'!$A$7:$CA$7,0)) -> 1559.47 | AD8: =AC8-AB8 -> -3940.53 | AE8: =AC8/AB8 -> 0.28354 | AF8: =INDEX('SO Februari 2026 Rev.2'!$B$6:$BG$49,MATCH(B8,'SO Februari 2026 Rev.2'!$B$6:$B$49,0),MATCH($AF$3,'SO Februari 2026 Rev.2'!$B$5:$XG$5,0)) -> 166.97065 | AG8: =INDEX('Summary sales'!$A$6:$CA$48,MATCH($B8,'Summary sales'!$A$6:$A$48,0),MATCH($AF$3,'Summary sales'!$A$7:$CA$7,0)) -> 723.15 | AH8: =AG8-AF8 -> 556.17935 | AI8: =AG8/AF8 -> 4.3310008 | AJ8: =INDEX('SO Februari 2026 Rev.2'!$B$6:$BG$49,MATCH(B8,'SO Februari 2026 Rev.2'!$B$6:$B$49,0),MATCH($AJ$3,'SO Februari 2026 Rev.2'!$B$5:$XG$5,0)) -> 603.76323 | AK8: =INDEX('Summary sales'!$A$6:$CA$48,MATCH($B8,'Summary sales'!$A$6:$A$48,0),MATCH($AJ$3,'Summary sales'!$A$7:$CA$7,0)) -> 890.91 | AL8: =AK8-AJ8 -> 287.14677 | AM8: =AK8/AJ8 -> 1.475595 | AN8: =INDEX('SO Februari 2026 Rev.2'!$B$6:$BG$49,MATCH(B8,'SO Februari 2026 Rev.2'!$B$6:$B$49,0),MATCH($AN$3,'SO Februari 2026 Rev.2'!$B$5:$XG$5,0)) -> 673.27548 | AO8: =INDEX('Summary sales'!$A$6:$CA$48,MATCH($B8,'Summary sales'!$A$6:$A$48,0),MATCH($AN$3,'Summary sales'!$A$7:$CA$7,0)) -> 672.78 | AP8: =AO8-AN8 -> -0.49548387 | AQ8: =AO8/AN8 -> 0.99926407 | AR8: =INDEX('SO Februari 2026 Rev.2'!$B$6:$BG$49,MATCH(B8,'SO Februari 2026 Rev.2'!$B$6:$B$49,0),MATCH($AR$3,'SO Februari 2026 Rev.2'!$B$5:$XG$5,0)) -> 4514.199 | AS8: =INDEX('Summary sales'!$A$6:$CA$48,MATCH($B8,'Summary sales'!$A$6:$A$48,0),MATCH($AR$3,'Summary sales'!$A$7:$CA$7,0)) -> 6499.7 | AT8: =AS8-AR8 -> 1985.501 | AU8: =AS8/AR8 -> 1.4398346 | AV8: =INDEX('SO Februari 2026 Rev.2'!$B$6:$BG$49,MATCH(B8,'SO Februari 2026 Rev.2'!$B$6:$B$49,0),MATCH($AV$3,'SO Februari 2026 Rev.2'!$B$5:$XG$5,0)) -> 8000.0623 | AW8: =INDEX('Summary sales'!$A$6:$CA$48,MATCH($B8,'Summary sales'!$A$6:$A$48,0),MATCH($AV$3,'Summary sales'!$A$7:$CA$7,0)) -> 6567.73 | AX8: =AW8-AV8 -> -1432.3323 | AY8: =AW8/AV8 -> 0.82095986 | AZ8: =INDEX('SO Februari 2026 Rev.2'!$B$6:$BG$49,MATCH(B8,'SO Februari 2026 Rev.2'!$B$6:$B$49,0),MATCH($AZ$3,'SO Februari 2026 Rev.2'!$B$5:$XG$5,0)) -> 2874.3265 | BA8: =INDEX('Summary sales'!$A$6:$CA$48,MATCH($B8,'Summary sales'!$A$6:$A$48,0),MATCH($AZ$3,'Summary sales'!$A$7:$CA$7,0)) -> 2254.89 | BB8: =BA8-AZ8 -> -619.43645 | BC8: =BA8/AZ8 -> 0.78449335 | BD8: =INDEX('SO Februari 2026 Rev.2'!$B$6:$BG$49,MATCH(B8,'SO Februari 2026 Rev.2'!$B$6:$B$49,0),MATCH($BD$3,'SO Februari 2026 Rev.2'!$B$5:$XG$5,0)) -> 500 | BE8: =INDEX('Summary sales'!$A$6:$CA$48,MATCH($B8,'Summary sales'!$A$6:$A$48,0),MATCH($BD$3,'Summary sales'!$A$7:$CA$7,0)) -> 118.79 | BF8: =BE8-BD8 -> -381.21 | BG8: =BE8/BD8 -> 0.23758 | BH8: =INDEX('SO Februari 2026 Rev.2'!$B$6:$BG$49,MATCH(B8,'SO Februari 2026 Rev.2'!$B$6:$B$49,0),MATCH($BH$3,'SO Februari 2026 Rev.2'!$B$5:$XG$5,0)) -> 3600 | BI8: =INDEX('Summary sales'!$A$6:$CA$48,MATCH($B8,'Summary sales'!$A$6:$A$48,0),MATCH($BH$3,'Summary sales'!$A$7:$CA$7,0)) -> 1318.99 | BJ8: =BI8-BH8 -> -2281.01 | BK8: =BI8/BH8 -> 0.36638611 | BL8: =INDEX('SO Februari 2026 Rev.2'!$B$6:$BG$49,MATCH(B8,'SO Februari 2026 Rev.2'!$B$6:$B$49,0),MATCH($BL$3,'SO Februari 2026 Rev.2'!$B$5:$XG$5,0)) -> 9000.0571 | BM8: =INDEX('Summary sales'!$A$6:$CA$48,MATCH($B8,'Summary sales'!$A$6:$A$48,0),MATCH($BL$3,'Summary sales'!$A$7:$CA$7,0)) -> 11023.61 | BN8: =BM8-BL8 -> 2023.5529 | BO8: =BM8/BL8 -> 1.2248378 | BP8: =INDEX('SO Februari 2026 Rev.2'!$B$6:$BG$49,MATCH(B8,'SO Februari 2026 Rev.2'!$B$6:$B$49,0),MATCH($BP$3,'SO Februari 2026 Rev.2'!$B$5:$XG$5,0)) -> 926.09448 | BQ8: =INDEX('Summary sales'!$A$6:$CA$48,MATCH($B8,'Summary sales'!$A$6:$A$48,0),MATCH($BP$3,'Summary sales'!$A$7:$CA$7,0)) -> 908.519 | BR8: =BQ8-BP8 -> -17.575484 | BS8: =BQ8/BP8 -> 0.98102193 | BT8: =INDEX('SO Februari 2026 Rev.2'!$B$6:$BG$49,MATCH(B8,'SO Februari 2026 Rev.2'!$B$6:$B$49,0),MATCH($BT$3,'SO Februari 2026 Rev.2'!$B$5:$XG$5,0)) -> 5500 | BU8: =INDEX('Summary sales'!$A$6:$CA$48,MATCH($B8,'Summary sales'!$A$6:$A$48,0),MATCH($BT$3,'Summary sales'!$A$7:$CA$7,0)) -> 5923.19 | BV8: =BU8-BT8 -> 423.19 | BW8: =BU8/BT8 -> 1.0769436 | BX8: =INDEX('SO Februari 2026 Rev.2'!$B$6:$BG$49,MATCH(B8,'SO Februari 2026 Rev.2'!$B$6:$B$49,0),MATCH($BX$3,'SO Februari 2026 Rev.2'!$B$5:$XG$5,0)) -> 70.054839 | BY8: =INDEX('Summary sales'!$A$6:$CA$48,MATCH($B8,'Summary sales'!$A$6:$A$48,0),MATCH($BX$3,'Summary sales'!$A$7:$CA$7,0)) -> 139.1 | BZ8: =BY8-BX8 -> 69.045161 | CA8: =BY8/BX8 -> 1.9855873 | CB8: =INDEX('SO Februari 2026 Rev.2'!$B$6:$BG$49,MATCH(B8,'SO Februari 2026 Rev.2'!$B$6:$B$49,0),MATCH($CB$3,'SO Februari 2026 Rev.2'!$B$5:$XG$5,0)) -> 89.451613 | CC8: =INDEX('Summary sales'!$A$6:$CA$48,MATCH($B8,'Summary sales'!$A$6:$A$48,0),MATCH($CB$3,'Summary sales'!$A$7:$CA$7,0)) -> 58.164 | CD8: =CC8-CB8 -> -31.287613 | CE8: =CC8/CB8 -> 0.65022863 | CF8: =INDEX('SO Februari 2026 Rev.2'!$B$6:$BG$49,MATCH(B8,'SO Februari 2026 Rev.2'!$B$6:$B$49,0),MATCH($CF$3,'SO Februari 2026 Rev.2'!$B$5:$XG$5,0)) -> 3500 | CG8: =INDEX('Summary sales'!$A$6:$CA$48,MATCH($B8,'Summary sales'!$A$6:$A$48,0),MATCH($CF$3,'Summary sales'!$A$7:$CA$7,0)) -> 3137.7 | CH8: =CG8-CF8 -> -362.3 | CI8: =CG8/CF8 -> 0.89648571 | CJ8: =INDEX('SO Februari 2026 Rev.2'!$B$6:$BG$49,MATCH(B8,'SO Februari 2026 Rev.2'!$B$6:$B$49,0),MATCH($CJ$3,'SO Februari 2026 Rev.2'!$B$5:$XG$5,0)) -> 4000.4806 | CK8: =INDEX('Summary sales'!$A$6:$CA$48,MATCH($B8,'Summary sales'!$A$6:$A$48,0),MATCH($CJ$3,'Summary sales'!$A$7:$CA$7,0)) -> 2097.5 | CL8: =CK8-CJ8 -> -1902.9806 | CM8: =CK8/CJ8 -> 0.524312 | CN8: =INDEX('SO Februari 2026 Rev.2'!$B$6:$BG$49,MATCH(B8,'SO Februari 2026 Rev.2'!$B$6:$B$49,0),MATCH($CN$3,'SO Februari 2026 Rev.2'!$B$5:$XG$5,0)) -> 3500 | CO8: =INDEX('Summary sales'!$A$6:$CA$48,MATCH($B8,'Summary sales'!$A$6:$A$48,0),MATCH($CN$3,'Summary sales'!$A$7:$CA$7,0)) -> 2964.4 | CP8: =CO8-CN8 -> -535.6 | CQ8: =CO8/CN8 -> 0.84697143 | CR8: =INDEX('SO Februari 2026 Rev.2'!$B$6:$BG$49,MATCH(B8,'SO Februari 2026 Rev.2'!$B$6:$B$49,0),MATCH($CR$3,'SO Februari 2026 Rev.2'!$B$5:$XG$5,0)) -> 0 | CS8: =INDEX('Summary sales'!$A$6:$CA$48,MATCH($B8,'Summary sales'!$A$6:$A$48,0),MATCH($CR$3,'Summary sales'!$A$7:$CA$7,0)) -> 0 | CT8: =CS8-CR8 -> 0 | CU8: =CS8/CR8 -> #DIV/0! | CV8: =INDEX('SO Februari 2026 Rev.2'!$B$6:$BG$49,MATCH(B8,'SO Februari 2026 Rev.2'!$B$6:$B$49,0),MATCH($CV$3,'SO Februari 2026 Rev.2'!$B$5:$XG$5,0)) -> 11659.555 | CW8: =INDEX('Summary sales'!$A$6:$CA$48,MATCH($B8,'Summary sales'!$A$6:$A$48,0),MATCH($CV$3,'Summary sales'!$A$7:$CA$7,0)) -> 15144.8 | CX8: =CW8-CV8 -> 3485.2455 | CY8: =CW8/CV8 -> 1.2989175 | CZ8: =INDEX('SO Februari 2026 Rev.2'!$B$6:$BG$49,MATCH(B8,'SO Februari 2026 Rev.2'!$B$6:$B$49,0),MATCH($CZ$3,'SO Februari 2026 Rev.2'!$B$5:$XG$5,0)) -> 2020.8603 | DA8: =INDEX('Summary sales'!$A$6:$CA$48,MATCH($B8,'Summary sales'!$A$6:$A$48,0),MATCH($CZ$3,'Summary sales'!$A$7:$CA$7,0)) -> 2330.64 | DB8: =DA8-CZ8 -> 309.77968 | DC8: =DA8/CZ8 -> 1.153291 | DD8: =INDEX('SO Februari 2026 Rev.2'!$B$6:$BG$49,MATCH(B8,'SO Februari 2026 Rev.2'!$B$6:$B$49,0),MATCH($DD$3,'SO Februari 2026 Rev.2'!$B$5:$XG$5,0)) -> 678.7 | DE8: =INDEX('Summary sales'!$A$6:$CA$48,MATCH($B8,'Summary sales'!$A$6:$A$48,0),MATCH($DD$3,'Summary sales'!$A$7:$CA$7,0)) -> 47.9 | DF8: =DE8-DD8 -> -630.8 | DG8: =DE8/DD8 -> 0.070576101 | DH8: =INDEX('SO Februari 2026 Rev.2'!$B$6:$BG$49,MATCH(B8,'SO Februari 2026 Rev.2'!$B$6:$B$49,0),MATCH($DH$3,'SO Februari 2026 Rev.2'!$B$5:$XG$5,0)) -> 7121.8519 | DI8: =INDEX('Summary sales'!$A$6:$CA$48,MATCH($B8,'Summary sales'!$A$6:$A$48,0),MATCH($DH$3,'Summary sales'!$A$7:$CA$7,0)) -> 7953.69 | DJ8: =DI8-DH8 -> 831.83806 | DK8: =DI8/DH8 -> 1.1168008 | DL8: =INDEX('SO Februari 2026 Rev.2'!$B$6:$BG$49,MATCH(B8,'SO Februari 2026 Rev.2'!$B$6:$B$49,0),MATCH($DL$3,'SO Februari 2026 Rev.2'!$B$5:$XG$5,0)) -> 2443.8768 | DM8: =INDEX('Summary sales'!$A$6:$CA$48,MATCH($B8,'Summary sales'!$A$6:$A$48,0),MATCH($DL$3,'Summary sales'!$A$7:$CA$7,0)) -> 3897.72 | DN8: =DM8-DL8 -> 1453.8432 | DO8: =DM8/DL8 -> 1.5948922 | DP8: =INDEX('SO Februari 2026 Rev.2'!$B$6:$BG$49,MATCH(B8,'SO Februari 2026 Rev.2'!$B$6:$B$49,0),MATCH($DP$3,'SO Februari 2026 Rev.2'!$B$5:$XG$5,0)) -> 2043.2745 | DQ8: =INDEX('Summary sales'!$A$6:$CA$48,MATCH($B8,'Summary sales'!$A$6:$A$48,0),MATCH($DP$3,'Summary sales'!$A$7:$CA$7,0)) -> 1371.85 | DR8: =DQ8-DP8 -> -671.42452 | DS8: =DQ8/DP8 -> 0.67139779 | DT8: =INDEX('SO Februari 2026 Rev.2'!$B$6:$BG$49,MATCH(B8,'SO Februari 2026 Rev.2'!$B$6:$B$49,0),MATCH($DT$3,'SO Februari 2026 Rev.2'!$B$5:$XG$5,0)) -> 1439.5303 | DU8: =INDEX('Summary sales'!$A$6:$CA$48,MATCH($B8,'Summary sales'!$A$6:$A$48,0),MATCH($DT$3,'Summary sales'!$A$7:$CA$7,0)) -> 2132.7 | DV8: =DU8-DT8 -> 693.16968 | DW8: =DU8/DT8 -> 1.4815249 | DX8: =INDEX('SO Februari 2026 Rev.2'!$B$6:$BG$49,MATCH(B8,'SO Februari 2026 Rev.2'!$B$6:$B$49,0),MATCH($DX$3,'SO Februari 2026 Rev.2'!$B$5:$XG$5,0)) -> 260.97419 | DY8: =INDEX('Summary sales'!$A$6:$CA$48,MATCH($B8,'Summary sales'!$A$6:$A$48,0),MATCH($DX$3,'Summary sales'!$A$7:$CA$7,0)) -> 1256.28 | DZ8: =DY8-DX8 -> 995.30581 | EA8: =DY8/DX8 -> 4.8138093 | EB8: =INDEX('SO Februari 2026 Rev.2'!$B$6:$BG$49,MATCH(B8,'SO Februari 2026 Rev.2'!$B$6:$B$49,0),MATCH($EB$3,'SO Februari 2026 Rev.2'!$B$5:$XG$5,0)) -> 11007.047 | EC8: =INDEX('Summary sales'!$A$6:$CA$48,MATCH($B8,'Summary sales'!$A$6:$A$48,0),MATCH($EB$3,'Summary sales'!$A$7:$CA$7,0)) -> 12385.88 | ED8: =EC8-EB8 -> 1378.8326 | EE8: =EC8/EB8 -> 1.1252682 | EF8: =INDEX('SO Februari 2026 Rev.2'!$B$6:$BG$49,MATCH(B8,'SO Februari 2026 Rev.2'!$B$6:$B$49,0),MATCH($EF$3,'SO Februari 2026 Rev.2'!$B$5:$XG$5,0)) -> 1519.5448 | EG8: =INDEX('Summary sales'!$A$6:$CA$48,MATCH($B8,'Summary sales'!$A$6:$A$48,0),MATCH($EF$3,'Summary sales'!$A$7:$CA$7,0)) -> 1797.72 | EH8: =EG8-EF8 -> 278.17516 | EI8: =EG8/EF8 -> 1.1830648 | EJ8: =INDEX('SO Februari 2026 Rev.2'!$B$6:$BG$49,MATCH(B8,'SO Februari 2026 Rev.2'!$B$6:$B$49,0),MATCH($EJ$3,'SO Februari 2026 Rev.2'!$B$5:$XG$5,0)) -> 3999.6742 | EK8: =INDEX('Summary sales'!$A$6:$CA$48,MATCH($B8,'Summary sales'!$A$6:$A$48,0),MATCH($EJ$3,'Summary sales'!$A$7:$CA$7,0)) -> 522.43 | EL8: =EK8-EJ8 -> -3477.2442 | EM8: =EK8/EJ8 -> 0.13061814 | EN8: =INDEX('SO Februari 2026 Rev.2'!$B$6:$BG$49,MATCH(B8,'SO Februari 2026 Rev.2'!$B$6:$B$49,0),MATCH($EN$3,'SO Februari 2026 Rev.2'!$B$5:$XG$5,0)) -> 5500 | EO8: =INDEX('Summary sales'!$A$6:$CA$48,MATCH(B8,'Summary sales'!$A$6:$A$48,0),MATCH($EN$3,'Summary sales'!$A$7:$CA$7,0)) -> 2726.38 | EP8: =EO8-EN8 -> -2773.62 | EQ8: =EO8/EN8 -> 0.49570545 | ER8: =INDEX('SO Februari 2026 Rev.2'!$B$6:$BG$49,MATCH(B8,'SO Februari 2026 Rev.2'!$B$6:$B$49,0),MATCH($ER$3,'SO Februari 2026 Rev.2'!$B$5:$XG$5,0)) -> 4482.6897 | ES8: =INDEX('Summary sales'!$A$6:$CA$48,MATCH($B8,'Summary sales'!$A$6:$A$48,0),MATCH($ER$3,'Summary sales'!$A$7:$CA$7,0)) -> 3789.12 | ET8: =ES8-ER8 -> -693.56968 | EU8: =ES8/ER8 -> 0.84527823 | EV8: =INDEX('SO Februari 2026 Rev.2'!$B$6:$BG$49,MATCH(B8,'SO Februari 2026 Rev.2'!$B$6:$B$49,0),MATCH($EV$3,'SO Februari 2026 Rev.2'!$B$5:$XG$5,0)) -> 26500 | EW8: =INDEX('Summary sales'!$A$6:$CA$48,MATCH($B8,'Summary sales'!$A$6:$A$48,0),MATCH($EV$3,'Summary sales'!$A$7:$CA$7,0)) -> 17344.43 | EX8: =EW8-EV8 -> -9155.57 | EY8: =EW8/EV8 -> 0.65450679 | EZ8: =INDEX('SO Februari 2026 Rev.2'!$B$6:$BG$49,MATCH(B8,'SO Februari 2026 Rev.2'!$B$6:$B$49,0),MATCH($EZ$3,'SO Februari 2026 Rev.2'!$B$5:$XG$5,0)) -> 8000 | FA8: =INDEX('Summary sales'!$A$6:$CA$48,MATCH(B8,'Summary sales'!$A$6:$A$48,0),MATCH($EZ$3,'Summary sales'!$A$7:$CA$7,0)) -> 5856.34 | FB8: =FA8-EZ8 -> -2143.66 | FC8: =FA8/EZ8 -> 0.7320425 | FD8: =INDEX('SO Februari 2026 Rev.2'!$B$6:$BG$49,MATCH(B8,'SO Februari 2026 Rev.2'!$B$6:$B$49,0),MATCH($FD$3,'SO Februari 2026 Rev.2'!$B$5:$XG$5,0)) -> 2105.6477 | FE8: =INDEX('Summary sales'!$A$6:$CA$48,MATCH(B8,'Summary sales'!$A$6:$A$48,0),MATCH($FD$3,'Summary sales'!$A$7:$CA$7,0)) -> 3596 | FF8: =FE8-FD8 -> 1490.3523 | FG8: =FE8/FD8 -> 1.707788 | FH8: =INDEX('SO Februari 2026 Rev.2'!$B$6:$BG$49,MATCH(B8,'SO Februari 2026 Rev.2'!$B$6:$B$49,0),MATCH($FH$3,'SO Februari 2026 Rev.2'!$B$5:$XG$5,0)) -> 726.81516 | FI8: =INDEX('Summary sales'!$A$6:$CA$48,MATCH(B8,'Summary sales'!$A$6:$A$48,0),MATCH($FH$3,'Summary sales'!$A$7:$CA$7,0)) -> 786.27 | FJ8: =FI8-FH8 -> 59.454839 | FK8: =FI8/FH8 -> 1.0818019 | FL8: =INDEX('SO Februari 2026 Rev.2'!$B$6:$BG$49,MATCH(B8,'SO Februari 2026 Rev.2'!$B$6:$B$49,0),MATCH($FL$3,'SO Februari 2026 Rev.2'!$B$5:$XG$5,0)) -> 3018.0416 | FM8: =INDEX('Summary sales'!$A$6:$CA$48,MATCH(B8,'Summary sales'!$A$6:$A$48,0),MATCH($FL$3,'Summary sales'!$A$7:$CA$7,0)) -> 3898.51 | FN8: =FM8-FL8 -> 880.46839 | FO8: =FM8/FL8 -> 1.291735 | FP8: =INDEX('SO Februari 2026 Rev.2'!$B$6:$BG$49,MATCH(B8,'SO Februari 2026 Rev.2'!$B$6:$B$49,0),MATCH($FP$3,'SO Februari 2026 Rev.2'!$B$5:$XG$5,0)) -> 2044.9997 | FQ8: =INDEX('Summary sales'!$A$6:$CA$48,MATCH(B8,'Summary sales'!$A$6:$A$48,0),MATCH($FP$3,'Summary sales'!$A$7:$CA$7,0)) -> 3732.41 | FR8: =FQ8-FP8 -> 1687.4103 | FS8: =FQ8/FP8 -> 1.8251397 | FT8: =INDEX('SO Februari 2026 Rev.2'!$B$6:$BG$49,MATCH(B8,'SO Februari 2026 Rev.2'!$B$6:$B$49,0),MATCH($FT$3,'SO Februari 2026 Rev.2'!$B$5:$XG$5,0)) -> 369.61071 | FU8: =INDEX('Summary sales'!$A$6:$CA$48,MATCH(B8,'Summary sales'!$A$6:$A$48,0),MATCH($FT$3,'Summary sales'!$A$7:$CA$7,0)) -> 1874.037 | FV8: =FU8-FT8 -> 1504.4263 | FW8: =FU8/FT8 -> 5.0702995 | FX8: =INDEX('SO Februari 2026 Rev.2'!$B$6:$BG$49,MATCH(B8,'SO Februari 2026 Rev.2'!$B$6:$B$49,0),MATCH($FX$3,'SO Februari 2026 Rev.2'!$B$5:$XG$5,0)) -> 9000 | FY8: =INDEX('Summary sales'!$A$6:$CA$48,MATCH(B8,'Summary sales'!$A$6:$A$48,0),MATCH($FX$3,'Summary sales'!$A$7:$CA$7,0)) -> 4132.085 | FZ8: =FY8-FX8 -> -4867.915 | GA8: =FY8/FX8 -> 0.45912056 | GB8: =INDEX('SO Februari 2026 Rev.2'!$B$6:$BG$49,MATCH(B8,'SO Februari 2026 Rev.2'!$B$6:$B$49,0),MATCH($GB$3,'SO Februari 2026 Rev.2'!$B$5:$XG$5,0)) -> 3500 | GC8: =INDEX('Summary sales'!$A$6:$CA$48,MATCH($B8,'Summary sales'!$A$6:$A$48,0),MATCH($GB$3,'Summary sales'!$A$7:$CA$7,0)) -> 4370.56 | GD8: =GC8-GB8 -> 870.56 | GE8: =GC8/GB8 -> 1.2487314 | GF8: =INDEX('SO Februari 2026 Rev.2'!$B$6:$BG$49,MATCH(B8,'SO Februari 2026 Rev.2'!$B$6:$B$49,0),MATCH($GF$3,'SO Februari 2026 Rev.2'!$B$5:$XG$5,0)) -> 1121.9003 | GG8: =INDEX('Summary sales'!$A$6:$CA$48,MATCH($B8,'Summary sales'!$A$6:$A$48,0),MATCH($GF$3,'Summary sales'!$A$7:$CA$7,0)) -> 769.72 | GH8: =GG8-GF8 -> -352.18032 | GI8: =GG8/GF8 -> 0.68608591 | GJ8: =INDEX('SO Februari 2026 Rev.2'!$B$6:$BG$49,MATCH(B8,'SO Februari 2026 Rev.2'!$B$6:$B$49,0),MATCH($GJ$3,'SO Februari 2026 Rev.2'!$B$5:$XG$5,0)) -> 1500 | GK8: =INDEX('Summary sales'!$A$6:$CA$48,MATCH(B8,'Summary sales'!$A$6:$A$48,0),MATCH($GJ$3,'Summary sales'!$A$7:$CA$7,0)) -> 1670.392 | GL8: =GK8-GJ8 -> 170.392 | GM8: =GK8/GJ8 -> 1.1135947 | GN8: =INDEX('SO Februari 2026 Rev.2'!$B$6:$BG$49,MATCH(B8,'SO Februari 2026 Rev.2'!$B$6:$B$49,0),MATCH($GN$3,'SO Februari 2026 Rev.2'!$B$5:$XG$5,0)) -> 2499.7026 | GO8: =INDEX('Summary sales'!$A$6:$CA$48,MATCH(B8,'Summary sales'!$A$6:$A$48,0),MATCH($GN$3,'Summary sales'!$A$7:$CA$7,0)) -> 1551.78 | GP8: =GO8-GN8 -> -947.92258 | GQ8: =GO8/GN8 -> 0.62078585 | GR8: =INDEX('SO Februari 2026 Rev.2'!$B$6:$BG$49,MATCH(B8,'SO Februari 2026 Rev.2'!$B$6:$B$49,0),MATCH($GR$3,'SO Februari 2026 Rev.2'!$B$5:$XG$5,0)) -> 4500 | GS8: =INDEX('Summary sales'!$A$6:$CA$48,MATCH(B8,'Summary sales'!$A$6:$A$48,0),MATCH($GR$3,'Summary sales'!$A$7:$CA$7,0)) -> 0 | GT8: =GS8-GR8 -> -4500 | GU8: =GS8/GR8 -> 0
B9: =B8+1 -> 46056 | C9: =TEXT(B9,"ddd") -> Sel | D9: =SUMIF($H$4:$GT$4,$D$4,H9:GT9) -> 180951.47 | E9: =SUMIF($H$4:$GT$4,$E$4,H9:GT9) -> 174906.98 | F9: =E9-D9 -> -6044.4874 | G9: =E9/D9 -> 0.96659609 | H9: =INDEX('SO Februari 2026 Rev.2'!$B$6:$BG$49,MATCH(B9,'SO Februari 2026 Rev.2'!$B$6:$B$49,0),MATCH($H$3,'SO Februari 2026 Rev.2'!$B$5:$XG$5,0)) -> 812.17 | I9: =INDEX('Summary sales'!$A$6:$CA$48,MATCH(B9,'Summary sales'!$A$6:$A$48,0),MATCH($H$3,'Summary sales'!$A$7:$CA$7,0)) -> 1227.72 | J9: =I9-H9 -> 415.55 | K9: =I9/H9 -> 1.511654 | L9: =INDEX('SO Februari 2026 Rev.2'!$B$6:$BG$49,MATCH(B9,'SO Februari 2026 Rev.2'!$B$6:$B$49,0),MATCH($L$3,'SO Februari 2026 Rev.2'!$B$5:$XG$5,0)) -> 3000 | M9: =INDEX('Summary sales'!$A$6:$CA$48,MATCH($B9,'Summary sales'!$A$6:$A$48,0),MATCH($L$3,'Summary sales'!$A$7:$CA$7,0)) -> 2198.96 | N9: =M9-L9 -> -801.04 | O9: =M9/L9 -> 0.73298667 | P9: =INDEX('SO Februari 2026 Rev.2'!$B$6:$BG$49,MATCH(B9,'SO Februari 2026 Rev.2'!$B$6:$B$49,0),MATCH($P$3,'SO Februari 2026 Rev.2'!$B$5:$XG$5,0)) -> 1129.7313 | Q9: =INDEX('Summary sales'!$A$6:$CA$48,MATCH($B9,'Summary sales'!$A$6:$A$48,0),MATCH($P$3,'Summary sales'!$A$7:$CA$7,0)) -> 906.41 | R9: =Q9-P9 -> -223.32129 | S9: =Q9/P9 -> 0.80232353 | T9: =INDEX('SO Februari 2026 Rev.2'!$B$6:$BG$49,MATCH(B9,'SO Februari 2026 Rev.2'!$B$6:$B$49,0),MATCH($T$3,'SO Februari 2026 Rev.2'!$B$5:$XG$5,0)) -> 3282.5161 | U9: =INDEX('Summary sales'!$A$6:$CA$48,MATCH($B9,'Summary sales'!$A$6:$A$48,0),MATCH($T$3,'Summary sales'!$A$7:$CA$7,0)) -> 3256 | V9: =U9-T9 -> -26.516129 | W9: =U9/T9 -> 0.99192201 | X9: =INDEX('SO Februari 2026 Rev.2'!$B$6:$BG$49,MATCH(B9,'SO Februari 2026 Rev.2'!$B$6:$B$49,0),MATCH($X$3,'SO Februari 2026 Rev.2'!$B$5:$XG$5,0)) -> 644.02065 | Y9: =INDEX('Summary sales'!$A$6:$CA$48,MATCH($B9,'Summary sales'!$A$6:$A$48,0),MATCH($X$3,'Summary sales'!$A$7:$CA$7,0)) -> 425.34 | Z9: =Y9-X9 -> -218.68065 | AA9: =Y9/X9 -> 0.66044467 | AB9: =INDEX('SO Februari 2026 Rev.2'!$B$6:$BG$49,MATCH(B9,'SO Februari 2026 Rev.2'!$B$6:$B$49,0),MATCH($AB$3,'SO Februari 2026 Rev.2'!$B$5:$XG$5,0)) -> 5500 | AC9: =INDEX('Summary sales'!$A$6:$CA$48,MATCH($B9,'Summary sales'!$A$6:$A$48,0),MATCH($AB$3,'Summary sales'!$A$7:$CA$7,0)) -> 1709.8 | AD9: =AC9-AB9 -> -3790.2 | AE9: =AC9/AB9 -> 0.31087273 | AF9: =INDEX('SO Februari 2026 Rev.2'!$B$6:$BG$49,MATCH(B9,'SO Februari 2026 Rev.2'!$B$6:$B$49,0),MATCH($AF$3,'SO Februari 2026 Rev.2'!$B$5:$XG$5,0)) -> 166.97065 | AG9: =INDEX('Summary sales'!$A$6:$CA$48,MATCH($B9,'Summary sales'!$A$6:$A$48,0),MATCH($AF$3,'Summary sales'!$A$7:$CA$7,0)) -> 671.52 | AH9: =AG9-AF9 -> 504.54935 | AI9: =AG9/AF9 -> 4.0217848 | AJ9: =INDEX('SO Februari 2026 Rev.2'!$B$6:$BG$49,MATCH(B9,'SO Februari 2026 Rev.2'!$B$6:$B$49,0),MATCH($AJ$3,'SO Februari 2026 Rev.2'!$B$5:$XG$5,0)) -> 603.76323 | AK9: =INDEX('Summary sales'!$A$6:$CA$48,MATCH($B9,'Summary sales'!$A$6:$A$48,0),MATCH($AJ$3,'Summary sales'!$A$7:$CA$7,0)) -> 799.48 | AL9: =AK9-AJ9 -> 195.71677 | AM9: =AK9/AJ9 -> 1.3241615 | AN9: =INDEX('SO Februari 2026 Rev.2'!$B$6:$BG$49,MATCH(B9,'SO Februari 2026 Rev.2'!$B$6:$B$49,0),MATCH($AN$3,'SO Februari 2026 Rev.2'!$B$5:$XG$5,0)) -> 673.27548 | AO9: =INDEX('Summary sales'!$A$6:$CA$48,MATCH($B9,'Summary sales'!$A$6:$A$48,0),MATCH($AN$3,'Summary sales'!$A$7:$CA$7,0)) -> 676.81 | AP9: =AO9-AN9 -> 3.5345161 | AQ9: =AO9/AN9 -> 1.0052497 | AR9: =INDEX('SO Februari 2026 Rev.2'!$B$6:$BG$49,MATCH(B9,'SO Februari 2026 Rev.2'!$B$6:$B$49,0),MATCH($AR$3,'SO Februari 2026 Rev.2'!$B$5:$XG$5,0)) -> 4514.199 | AS9: =INDEX('Summary sales'!$A$6:$CA$48,MATCH($B9,'Summary sales'!$A$6:$A$48,0),MATCH($AR$3,'Summary sales'!$A$7:$CA$7,0)) -> 6499.9 | AT9: =AS9-AR9 -> 1985.701 | AU9: =AS9/AR9 -> 1.4398789 | AV9: =INDEX('SO Februari 2026 Rev.2'!$B$6:$BG$49,MATCH(B9,'SO Februari 2026 Rev.2'!$B$6:$B$49,0),MATCH($AV$3,'SO Februari 2026 Rev.2'!$B$5:$XG$5,0)) -> 8000.0623 | AW9: =INDEX('Summary sales'!$A$6:$CA$48,MATCH($B9,'Summary sales'!$A$6:$A$48,0),MATCH($AV$3,'Summary sales'!$A$7:$CA$7,0)) -> 6772.47 | AX9: =AW9-AV9 -> -1227.5923 | AY9: =AW9/AV9 -> 0.84655216 | AZ9: =INDEX('SO Februari 2026 Rev.2'!$B$6:$BG$49,MATCH(B9,'SO Februari 2026 Rev.2'!$B$6:$B$49,0),MATCH($AZ$3,'SO Februari 2026 Rev.2'!$B$5:$XG$5,0)) -> 2874.3265 | BA9: =INDEX('Summary sales'!$A$6:$CA$48,MATCH($B9,'Summary sales'!$A$6:$A$48,0),MATCH($AZ$3,'Summary sales'!$A$7:$CA$7,0)) -> 2079.1 | BB9: =BA9-AZ9 -> -795.22645 | BC9: =BA9/AZ9 -> 0.72333468 | BD9: =INDEX('SO Februari 2026 Rev.2'!$B$6:$BG$49,MATCH(B9,'SO Februari 2026 Rev.2'!$B$6:$B$49,0),MATCH($BD$3,'SO Februari 2026 Rev.2'!$B$5:$XG$5,0)) -> 500 | BE9: =INDEX('Summary sales'!$A$6:$CA$48,MATCH($B9,'Summary sales'!$A$6:$A$48,0),MATCH($BD$3,'Summary sales'!$A$7:$CA$7,0)) -> 100.64 | BF9: =BE9-BD9 -> -399.36 | BG9: =BE9/BD9 -> 0.20128 | BH9: =INDEX('SO Februari 2026 Rev.2'!$B$6:$BG$49,MATCH(B9,'SO Februari 2026 Rev.2'!$B$6:$B$49,0),MATCH($BH$3,'SO Februari 2026 Rev.2'!$B$5:$XG$5,0)) -> 3600 | BI9: =INDEX('Summary sales'!$A$6:$CA$48,MATCH($B9,'Summary sales'!$A$6:$A$48,0),MATCH($BH$3,'Summary sales'!$A$7:$CA$7,0)) -> 1273.04 | BJ9: =BI9-BH9 -> -2326.96 | BK9: =BI9/BH9 -> 0.35362222 | BL9: =INDEX('SO Februari 2026 Rev.2'!$B$6:$BG$49,MATCH(B9,'SO Februari 2026 Rev.2'!$B$6:$B$49,0),MATCH($BL$3,'SO Februari 2026 Rev.2'!$B$5:$XG$5,0)) -> 9000.0571 | BM9: =INDEX('Summary sales'!$A$6:$CA$48,MATCH($B9,'Summary sales'!$A$6:$A$48,0),MATCH($BL$3,'Summary sales'!$A$7:$CA$7,0)) -> 12048.06 | BN9: =BM9-BL9 -> 3048.0029 | BO9: =BM9/BL9 -> 1.3386648 | BP9: =INDEX('SO Februari 2026 Rev.2'!$B$6:$BG$49,MATCH(B9,'SO Februari 2026 Rev.2'!$B$6:$B$49,0),MATCH($BP$3,'SO Februari 2026 Rev.2'!$B$5:$XG$5,0)) -> 926.09448 | BQ9: =INDEX('Summary sales'!$A$6:$CA$48,MATCH($B9,'Summary sales'!$A$6:$A$48,0),MATCH($BP$3,'Summary sales'!$A$7:$CA$7,0)) -> 1385.59 | BR9: =BQ9-BP9 -> 459.49552 | BS9: =BQ9/BP9 -> 1.4961648 | BT9: =INDEX('SO Februari 2026 Rev.2'!$B$6:$BG$49,MATCH(B9,'SO Februari 2026 Rev.2'!$B$6:$B$49,0),MATCH($BT$3,'SO Februari 2026 Rev.2'!$B$5:$XG$5,0)) -> 5500 | BU9: =INDEX('Summary sales'!$A$6:$CA$48,MATCH($B9,'Summary sales'!$A$6:$A$48,0),MATCH($BT$3,'Summary sales'!$A$7:$CA$7,0)) -> 2595.4 | BV9: =BU9-BT9 -> -2904.6 | BW9: =BU9/BT9 -> 0.47189091 | BX9: =INDEX('SO Februari 2026 Rev.2'!$B$6:$BG$49,MATCH(B9,'SO Februari 2026 Rev.2'!$B$6:$B$49,0),MATCH($BX$3,'SO Februari 2026 Rev.2'!$B$5:$XG$5,0)) -> 70.054839 | BY9: =INDEX('Summary sales'!$A$6:$CA$48,MATCH($B9,'Summary sales'!$A$6:$A$48,0),MATCH($BX$3,'Summary sales'!$A$7:$CA$7,0)) -> 96.7 | BZ9: =BY9-BX9 -> 26.645161 | CA9: =BY9/BX9 -> 1.3803472 | CB9: =INDEX('SO Februari 2026 Rev.2'!$B$6:$BG$49,MATCH(B9,'SO Februari 2026 Rev.2'!$B$6:$B$49,0),MATCH($CB$3,'SO Februari 2026 Rev.2'!$B$5:$XG$5,0)) -> 89.451613 | CC9: =INDEX('Summary sales'!$A$6:$CA$48,MATCH($B9,'Summary sales'!$A$6:$A$48,0),MATCH($CB$3,'Summary sales'!$A$7:$CA$7,0)) -> 48.869 | CD9: =CC9-CB9 -> -40.582613 | CE9: =CC9/CB9 -> 0.54631771 | CF9: =INDEX('SO Februari 2026 Rev.2'!$B$6:$BG$49,MATCH(B9,'SO Februari 2026 Rev.2'!$B$6:$B$49,0),MATCH($CF$3,'SO Februari 2026 Rev.2'!$B$5:$XG$5,0)) -> 3500 | CG9: =INDEX('Summary sales'!$A$6:$CA$48,MATCH($B9,'Summary sales'!$A$6:$A$48,0),MATCH($CF$3,'Summary sales'!$A$7:$CA$7,0)) -> 2807.6 | CH9: =CG9-CF9 -> -692.4 | CI9: =CG9/CF9 -> 0.80217143 | CJ9: =INDEX('SO Februari 2026 Rev.2'!$B$6:$BG$49,MATCH(B9,'SO Februari 2026 Rev.2'!$B$6:$B$49,0),MATCH($CJ$3,'SO Februari 2026 Rev.2'!$B$5:$XG$5,0)) -> 4000.4806 | CK9: =INDEX('Summary sales'!$A$6:$CA$48,MATCH($B9,'Summary sales'!$A$6:$A$48,0),MATCH($CJ$3,'Summary sales'!$A$7:$CA$7,0)) -> 3833.8 | CL9: =CK9-CJ9 -> -166.68065 | CM9: =CK9/CJ9 -> 0.95833485 | CN9: =INDEX('SO Februari 2026 Rev.2'!$B$6:$BG$49,MATCH(B9,'SO Februari 2026 Rev.2'!$B$6:$B$49,0),MATCH($CN$3,'SO Februari 2026 Rev.2'!$B$5:$XG$5,0)) -> 3500 | CO9: =INDEX('Summary sales'!$A$6:$CA$48,MATCH($B9,'Summary sales'!$A$6:$A$48,0),MATCH($CN$3,'Summary sales'!$A$7:$CA$7,0)) -> 3288.22 | CP9: =CO9-CN9 -> -211.78 | CQ9: =CO9/CN9 -> 0.93949143 | CR9: =INDEX('SO Februari 2026 Rev.2'!$B$6:$BG$49,MATCH(B9,'SO Februari 2026 Rev.2'!$B$6:$B$49,0),MATCH($CR$3,'SO Februari 2026 Rev.2'!$B$5:$XG$5,0)) -> 0 | CS9: =INDEX('Summary sales'!$A$6:$CA$48,MATCH($B9,'Summary sales'!$A$6:$A$48,0),MATCH($CR$3,'Summary sales'!$A$7:$CA$7,0)) -> 0 | CT9: =CS9-CR9 -> 0 | CU9: =CS9/CR9 -> #DIV/0! | CV9: =INDEX('SO Februari 2026 Rev.2'!$B$6:$BG$49,MATCH(B9,'SO Februari 2026 Rev.2'!$B$6:$B$49,0),MATCH($CV$3,'SO Februari 2026 Rev.2'!$B$5:$XG$5,0)) -> 11659.555 | CW9: =INDEX('Summary sales'!$A$6:$CA$48,MATCH($B9,'Summary sales'!$A$6:$A$48,0),MATCH($CV$3,'Summary sales'!$A$7:$CA$7,0)) -> 15449.433 | CX9: =CW9-CV9 -> 3789.8785 | CY9: =CW9/CV9 -> 1.3250449 | CZ9: =INDEX('SO Februari 2026 Rev.2'!$B$6:$BG$49,MATCH(B9,'SO Februari 2026 Rev.2'!$B$6:$B$49,0),MATCH($CZ$3,'SO Februari 2026 Rev.2'!$B$5:$XG$5,0)) -> 2020.8603 | DA9: =INDEX('Summary sales'!$A$6:$CA$48,MATCH($B9,'Summary sales'!$A$6:$A$48,0),MATCH($CZ$3,'Summary sales'!$A$7:$CA$7,0)) -> 2337.47 | DB9: =DA9-CZ9 -> 316.60968 | DC9: =DA9/CZ9 -> 1.1566707 | DD9: =INDEX('SO Februari 2026 Rev.2'!$B$6:$BG$49,MATCH(B9,'SO Februari 2026 Rev.2'!$B$6:$B$49,0),MATCH($DD$3,'SO Februari 2026 Rev.2'!$B$5:$XG$5,0)) -> 678.7 | DE9: =INDEX('Summary sales'!$A$6:$CA$48,MATCH($B9,'Summary sales'!$A$6:$A$48,0),MATCH($DD$3,'Summary sales'!$A$7:$CA$7,0)) -> 911.85 | DF9: =DE9-DD9 -> 233.15 | DG9: =DE9/DD9 -> 1.3435244 | DH9: =INDEX('SO Februari 2026 Rev.2'!$B$6:$BG$49,MATCH(B9,'SO Februari 2026 Rev.2'!$B$6:$B$49,0),MATCH($DH$3,'SO Februari 2026 Rev.2'!$B$5:$XG$5,0)) -> 7121.8519 | DI9: =INDEX('Summary sales'!$A$6:$CA$48,MATCH($B9,'Summary sales'!$A$6:$A$48,0),MATCH($DH$3,'Summary sales'!$A$7:$CA$7,0)) -> 7542.99 | DJ9: =DI9-DH9 -> 421.13806 | DK9: =DI9/DH9 -> 1.0591332 | DL9: =INDEX('SO Februari 2026 Rev.2'!$B$6:$BG$49,MATCH(B9,'SO Februari 2026 Rev.2'!$B$6:$B$49,0),MATCH($DL$3,'SO Februari 2026 Rev.2'!$B$5:$XG$5,0)) -> 2443.8768 | DM9: =INDEX('Summary sales'!$A$6:$CA$48,MATCH($B9,'Summary sales'!$A$6:$A$48,0),MATCH($DL$3,'Summary sales'!$A$7:$CA$7,0)) -> 3598.25 | DN9: =DM9-DL9 -> 1154.3732 | DO9: =DM9/DL9 -> 1.4723533 | DP9: =INDEX('SO Februari 2026 Rev.2'!$B$6:$BG$49,MATCH(B9,'SO Februari 2026 Rev.2'!$B$6:$B$49,0),MATCH($DP$3,'SO Februari 2026 Rev.2'!$B$5:$XG$5,0)) -> 2043.2745 | DQ9: =INDEX('Summary sales'!$A$6:$CA$48,MATCH($B9,'Summary sales'!$A$6:$A$48,0),MATCH($DP$3,'Summary sales'!$A$7:$CA$7,0)) -> 1271.59 | DR9: =DQ9-DP9 -> -771.68452 | DS9: =DQ9/DP9 -> 0.6223295 | DT9: =INDEX('SO Februari 2026 Rev.2'!$B$6:$BG$49,MATCH(B9,'SO Februari 2026 Rev.2'!$B$6:$B$49,0),MATCH($DT$3,'SO Februari 2026 Rev.2'!$B$5:$XG$5,0)) -> 1439.5303 | DU9: =INDEX('Summary sales'!$A$6:$CA$48,MATCH($B9,'Summary sales'!$A$6:$A$48,0),MATCH($DT$3,'Summary sales'!$A$7:$CA$7,0)) -> 2196.44 | DV9: =DU9-DT9 -> 756.90968 | DW9: =DU9/DT9 -> 1.5258032 | DX9: =INDEX('SO Februari 2026 Rev.2'!$B$6:$BG$49,MATCH(B9,'SO Februari 2026 Rev.2'!$B$6:$B$49,0),MATCH($DX$3,'SO Februari 2026 Rev.2'!$B$5:$XG$5,0)) -> 260.97419 | DY9: =INDEX('Summary sales'!$A$6:$CA$48,MATCH($B9,'Summary sales'!$A$6:$A$48,0),MATCH($DX$3,'Summary sales'!$A$7:$CA$7,0)) -> 1322.47 | DZ9: =DY9-DX9 -> 1061.4958 | EA9: =DY9/DX9 -> 5.0674359 | EB9: =INDEX('SO Februari 2026 Rev.2'!$B$6:$BG$49,MATCH(B9,'SO Februari 2026 Rev.2'!$B$6:$B$49,0),MATCH($EB$3,'SO Februari 2026 Rev.2'!$B$5:$XG$5,0)) -> 11007.047 | EC9: =INDEX('Summary sales'!$A$6:$CA$48,MATCH($B9,'Summary sales'!$A$6:$A$48,0),MATCH($EB$3,'Summary sales'!$A$7:$CA$7,0)) -> 8773.73 | ED9: =EC9-EB9 -> -2233.3174 | EE9: =EC9/EB9 -> 0.79710114 | EF9: =INDEX('SO Februari 2026 Rev.2'!$B$6:$BG$49,MATCH(B9,'SO Februari 2026 Rev.2'!$B$6:$B$49,0),MATCH($EF$3,'SO Februari 2026 Rev.2'!$B$5:$XG$5,0)) -> 1519.5448 | EG9: =INDEX('Summary sales'!$A$6:$CA$48,MATCH($B9,'Summary sales'!$A$6:$A$48,0),MATCH($EF$3,'Summary sales'!$A$7:$CA$7,0)) -> 1875.76 | EH9: =EG9-EF9 -> 356.21516 | EI9: =EG9/EF9 -> 1.2344223 | EJ9: =INDEX('SO Februari 2026 Rev.2'!$B$6:$BG$49,MATCH(B9,'SO Februari 2026 Rev.2'!$B$6:$B$49,0),MATCH($EJ$3,'SO Februari 2026 Rev.2'!$B$5:$XG$5,0)) -> 3999.6742 | EK9: =INDEX('Summary sales'!$A$6:$CA$48,MATCH($B9,'Summary sales'!$A$6:$A$48,0),MATCH($EJ$3,'Summary sales'!$A$7:$CA$7,0)) -> 3198.86 | EL9: =EK9-EJ9 -> -800.81419 | EM9: =EK9/EJ9 -> 0.79978014 | EN9: =INDEX('SO Februari 2026 Rev.2'!$B$6:$BG$49,MATCH(B9,'SO Februari 2026 Rev.2'!$B$6:$B$49,0),MATCH($EN$3,'SO Februari 2026 Rev.2'!$B$5:$XG$5,0)) -> 5500 | EO9: =INDEX('Summary sales'!$A$6:$CA$48,MATCH(B9,'Summary sales'!$A$6:$A$48,0),MATCH($EN$3,'Summary sales'!$A$7:$CA$7,0)) -> 3999.8 | EP9: =EO9-EN9 -> -1500.2 | EQ9: =EO9/EN9 -> 0.72723636 | ER9: =INDEX('SO Februari 2026 Rev.2'!$B$6:$BG$49,MATCH(B9,'SO Februari 2026 Rev.2'!$B$6:$B$49,0),MATCH($ER$3,'SO Februari 2026 Rev.2'!$B$5:$XG$5,0)) -> 4482.6897 | ES9: =INDEX('Summary sales'!$A$6:$CA$48,MATCH($B9,'Summary sales'!$A$6:$A$48,0),MATCH($ER$3,'Summary sales'!$A$7:$CA$7,0)) -> 3755.59 | ET9: =ES9-ER9 -> -727.09968 | EU9: =ES9/ER9 -> 0.83779835 | EV9: =INDEX('SO Februari 2026 Rev.2'!$B$6:$BG$49,MATCH(B9,'SO Februari 2026 Rev.2'!$B$6:$B$49,0),MATCH($EV$3,'SO Februari 2026 Rev.2'!$B$5:$XG$5,0)) -> 26500 | EW9: =INDEX('Summary sales'!$A$6:$CA$48,MATCH($B9,'Summary sales'!$A$6:$A$48,0),MATCH($EV$3,'Summary sales'!$A$7:$CA$7,0)) -> 28013.03 | EX9: =EW9-EV9 -> 1513.03 | EY9: =EW9/EV9 -> 1.0570955 | EZ9: =INDEX('SO Februari 2026 Rev.2'!$B$6:$BG$49,MATCH(B9,'SO Februari 2026 Rev.2'!$B$6:$B$49,0),MATCH($EZ$3,'SO Februari 2026 Rev.2'!$B$5:$XG$5,0)) -> 8000 | FA9: =INDEX('Summary sales'!$A$6:$CA$48,MATCH(B9,'Summary sales'!$A$6:$A$48,0),MATCH($EZ$3,'Summary sales'!$A$7:$CA$7,0)) -> 3354.17 | FB9: =FA9-EZ9 -> -4645.83 | FC9: =FA9/EZ9 -> 0.41927125 | FD9: =INDEX('SO Februari 2026 Rev.2'!$B$6:$BG$49,MATCH(B9,'SO Februari 2026 Rev.2'!$B$6:$B$49,0),MATCH($FD$3,'SO Februari 2026 Rev.2'!$B$5:$XG$5,0)) -> 2105.6477 | FE9: =INDEX('Summary sales'!$A$6:$CA$48,MATCH(B9,'Summary sales'!$A$6:$A$48,0),MATCH($FD$3,'Summary sales'!$A$7:$CA$7,0)) -> 3517.1 | FF9: =FE9-FD9 -> 1411.4523 | FG9: =FE9/FD9 -> 1.6703174 | FH9: =INDEX('SO Februari 2026 Rev.2'!$B$6:$BG$49,MATCH(B9,'SO Februari 2026 Rev.2'!$B$6:$B$49,0),MATCH($FH$3,'SO Februari 2026 Rev.2'!$B$5:$XG$5,0)) -> 726.81516 | FI9: =INDEX('Summary sales'!$A$6:$CA$48,MATCH(B9,'Summary sales'!$A$6:$A$48,0),MATCH($FH$3,'Summary sales'!$A$7:$CA$7,0)) -> 787.02 | FJ9: =FI9-FH9 -> 60.204839 | FK9: =FI9/FH9 -> 1.0828338 | FL9: =INDEX('SO Februari 2026 Rev.2'!$B$6:$BG$49,MATCH(B9,'SO Februari 2026 Rev.2'!$B$6:$B$49,0),MATCH($FL$3,'SO Februari 2026 Rev.2'!$B$5:$XG$5,0)) -> 3018.0416 | FM9: =INDEX('Summary sales'!$A$6:$CA$48,MATCH(B9,'Summary sales'!$A$6:$A$48,0),MATCH($FL$3,'Summary sales'!$A$7:$CA$7,0)) -> 3937.44 | FN9: =FM9-FL9 -> 919.39839 | FO9: =FM9/FL9 -> 1.3046341 | FP9: =INDEX('SO Februari 2026 Rev.2'!$B$6:$BG$49,MATCH(B9,'SO Februari 2026 Rev.2'!$B$6:$B$49,0),MATCH($FP$3,'SO Februari 2026 Rev.2'!$B$5:$XG$5,0)) -> 2044.9997 | FQ9: =INDEX('Summary sales'!$A$6:$CA$48,MATCH(B9,'Summary sales'!$A$6:$A$48,0),MATCH($FP$3,'Summary sales'!$A$7:$CA$7,0)) -> 4713.6 | FR9: =FQ9-FP9 -> 2668.6003 | FS9: =FQ9/FP9 -> 2.3049392 | FT9: =INDEX('SO Februari 2026 Rev.2'!$B$6:$BG$49,MATCH(B9,'SO Februari 2026 Rev.2'!$B$6:$B$49,0),MATCH($FT$3,'SO Februari 2026 Rev.2'!$B$5:$XG$5,0)) -> 369.61071 | FU9: =INDEX('Summary sales'!$A$6:$CA$48,MATCH(B9,'Summary sales'!$A$6:$A$48,0),MATCH($FT$3,'Summary sales'!$A$7:$CA$7,0)) -> 1994.685 | FV9: =FU9-FT9 -> 1625.0743 | FW9: =FU9/FT9 -> 5.3967186 | FX9: =INDEX('SO Februari 2026 Rev.2'!$B$6:$BG$49,MATCH(B9,'SO Februari 2026 Rev.2'!$B$6:$B$49,0),MATCH($FX$3,'SO Februari 2026 Rev.2'!$B$5:$XG$5,0)) -> 9000 | FY9: =INDEX('Summary sales'!$A$6:$CA$48,MATCH(B9,'Summary sales'!$A$6:$A$48,0),MATCH($FX$3,'Summary sales'!$A$7:$CA$7,0)) -> 4145.078 | FZ9: =FY9-FX9 -> -4854.922 | GA9: =FY9/FX9 -> 0.46056422 | GB9: =INDEX('SO Februari 2026 Rev.2'!$B$6:$BG$49,MATCH(B9,'SO Februari 2026 Rev.2'!$B$6:$B$49,0),MATCH($GB$3,'SO Februari 2026 Rev.2'!$B$5:$XG$5,0)) -> 3500 | GC9: =INDEX('Summary sales'!$A$6:$CA$48,MATCH($B9,'Summary sales'!$A$6:$A$48,0),MATCH($GB$3,'Summary sales'!$A$7:$CA$7,0)) -> 5448.862 | GD9: =GC9-GB9 -> 1948.862 | GE9: =GC9/GB9 -> 1.5568177 | GF9: =INDEX('SO Februari 2026 Rev.2'!$B$6:$BG$49,MATCH(B9,'SO Februari 2026 Rev.2'!$B$6:$B$49,0),MATCH($GF$3,'SO Februari 2026 Rev.2'!$B$5:$XG$5,0)) -> 1121.9003 | GG9: =INDEX('Summary sales'!$A$6:$CA$48,MATCH($B9,'Summary sales'!$A$6:$A$48,0),MATCH($GF$3,'Summary sales'!$A$7:$CA$7,0)) -> 1494.92 | GH9: =GG9-GF9 -> 373.01968 | GI9: =GG9/GF9 -> 1.3324891 | GJ9: =INDEX('SO Februari 2026 Rev.2'!$B$6:$BG$49,MATCH(B9,'SO Februari 2026 Rev.2'!$B$6:$B$49,0),MATCH($GJ$3,'SO Februari 2026 Rev.2'!$B$5:$XG$5,0)) -> 1500 | GK9: =INDEX('Summary sales'!$A$6:$CA$48,MATCH(B9,'Summary sales'!$A$6:$A$48,0),MATCH($GJ$3,'Summary sales'!$A$7:$CA$7,0)) -> 1780.056 | GL9: =GK9-GJ9 -> 280.056 | GM9: =GK9/GJ9 -> 1.186704 | GN9: =INDEX('SO Februari 2026 Rev.2'!$B$6:$BG$49,MATCH(B9,'SO Februari 2026 Rev.2'!$B$6:$B$49,0),MATCH($GN$3,'SO Februari 2026 Rev.2'!$B$5:$XG$5,0)) -> 2499.7026 | GO9: =INDEX('Summary sales'!$A$6:$CA$48,MATCH(B9,'Summary sales'!$A$6:$A$48,0),MATCH($GN$3,'Summary sales'!$A$7:$CA$7,0)) -> 4785.36 | GP9: =GO9-GN9 -> 2285.6574 | GQ9: =GO9/GN9 -> 1.9143717 | GR9: =INDEX('SO Februari 2026 Rev.2'!$B$6:$BG$49,MATCH(B9,'SO Februari 2026 Rev.2'!$B$6:$B$49,0),MATCH($GR$3,'SO Februari 2026 Rev.2'!$B$5:$XG$5,0)) -> 4500 | GS9: =INDEX('Summary sales'!$A$6:$CA$48,MATCH(B9,'Summary sales'!$A$6:$A$48,0),MATCH($GR$3,'Summary sales'!$A$7:$CA$7,0)) -> 0 | GT9: =GS9-GR9 -> -4500 | GU9: =GS9/GR9 -> 0
B10: =B9+1 -> 46057 | C10: =TEXT(B10,"ddd") -> Rab | D10: =SUMIF($H$4:$GT$4,$D$4,H10:GT10) -> 180951.47 | E10: =SUMIF($H$4:$GT$4,$E$4,H10:GT10) -> 160876.85 | F10: =E10-D10 -> -20074.615 | G10: =E10/D10 -> 0.88906078 | H10: =INDEX('SO Februari 2026 Rev.2'!$B$6:$BG$49,MATCH(B10,'SO Februari 2026 Rev.2'!$B$6:$B$49,0),MATCH($H$3,'SO Februari 2026 Rev.2'!$B$5:$XG$5,0)) -> 812.17 | I10: =INDEX('Summary sales'!$A$6:$CA$48,MATCH(B10,'Summary sales'!$A$6:$A$48,0),MATCH($H$3,'Summary sales'!$A$7:$CA$7,0)) -> 1407.4 | J10: =I10-H10 -> 595.23 | K10: =I10/H10 -> 1.7328884 | L10: =INDEX('SO Februari 2026 Rev.2'!$B$6:$BG$49,MATCH(B10,'SO Februari 2026 Rev.2'!$B$6:$B$49,0),MATCH($L$3,'SO Februari 2026 Rev.2'!$B$5:$XG$5,0)) -> 3000 | M10: =INDEX('Summary sales'!$A$6:$CA$48,MATCH($B10,'Summary sales'!$A$6:$A$48,0),MATCH($L$3,'Summary sales'!$A$7:$CA$7,0)) -> 2280.86 | N10: =M10-L10 -> -719.14 | O10: =M10/L10 -> 0.76028667 | P10: =INDEX('SO Februari 2026 Rev.2'!$B$6:$BG$49,MATCH(B10,'SO Februari 2026 Rev.2'!$B$6:$B$49,0),MATCH($P$3,'SO Februari 2026 Rev.2'!$B$5:$XG$5,0)) -> 1129.7313 | Q10: =INDEX('Summary sales'!$A$6:$CA$48,MATCH($B10,'Summary sales'!$A$6:$A$48,0),MATCH($P$3,'Summary sales'!$A$7:$CA$7,0)) -> 1166.12 | R10: =Q10-P10 -> 36.38871 | S10: =Q10/P10 -> 1.0322101 | T10: =INDEX('SO Februari 2026 Rev.2'!$B$6:$BG$49,MATCH(B10,'SO Februari 2026 Rev.2'!$B$6:$B$49,0),MATCH($T$3,'SO Februari 2026 Rev.2'!$B$5:$XG$5,0)) -> 3282.5161 | U10: =INDEX('Summary sales'!$A$6:$CA$48,MATCH($B10,'Summary sales'!$A$6:$A$48,0),MATCH($T$3,'Summary sales'!$A$7:$CA$7,0)) -> 3190.23 | V10: =U10-T10 -> -92.286129 | W10: =U10/T10 -> 0.97188555 | X10: =INDEX('SO Februari 2026 Rev.2'!$B$6:$BG$49,MATCH(B10,'SO Februari 2026 Rev.2'!$B$6:$B$49,0),MATCH($X$3,'SO Februari 2026 Rev.2'!$B$5:$XG$5,0)) -> 644.02065 | Y10: =INDEX('Summary sales'!$A$6:$CA$48,MATCH($B10,'Summary sales'!$A$6:$A$48,0),MATCH($X$3,'Summary sales'!$A$7:$CA$7,0)) -> 400.87 | Z10: =Y10-X10 -> -243.15065 | AA10: =Y10/X10 -> 0.62244899 | AB10: =INDEX('SO Februari 2026 Rev.2'!$B$6:$BG$49,MATCH(B10,'SO Februari 2026 Rev.2'!$B$6:$B$49,0),MATCH($AB$3,'SO Februari 2026 Rev.2'!$B$5:$XG$5,0)) -> 5500 | AC10: =INDEX('Summary sales'!$A$6:$CA$48,MATCH($B10,'Summary sales'!$A$6:$A$48,0),MATCH($AB$3,'Summary sales'!$A$7:$CA$7,0)) -> 1428.26 | AD10: =AC10-AB10 -> -4071.74 | AE10: =AC10/AB10 -> 0.25968364 | AF10: =INDEX('SO Februari 2026 Rev.2'!$B$6:$BG$49,MATCH(B10,'SO Februari 2026 Rev.2'!$B$6:$B$49,0),MATCH($AF$3,'SO Februari 2026 Rev.2'!$B$5:$XG$5,0)) -> 166.97065 | AG10: =INDEX('Summary sales'!$A$6:$CA$48,MATCH($B10,'Summary sales'!$A$6:$A$48,0),MATCH($AF$3,'Summary sales'!$A$7:$CA$7,0)) -> 695.92 | AH10: =AG10-AF10 -> 528.94935 | AI10: =AG10/AF10 -> 4.1679183 | AJ10: =INDEX('SO Februari 2026 Rev.2'!$B$6:$BG$49,MATCH(B10,'SO Februari 2026 Rev.2'!$B$6:$B$49,0),MATCH($AJ$3,'SO Februari 2026 Rev.2'!$B$5:$XG$5,0)) -> 603.76323 | AK10: =INDEX('Summary sales'!$A$6:$CA$48,MATCH($B10,'Summary sales'!$A$6:$A$48,0),MATCH($AJ$3,'Summary sales'!$A$7:$CA$7,0)) -> 880.69 | AL10: =AK10-AJ10 -> 276.92677 | AM10: =AK10/AJ10 -> 1.4586678 | AN10: =INDEX('SO Februari 2026 Rev.2'!$B$6:$BG$49,MATCH(B10,'SO Februari 2026 Rev.2'!$B$6:$B$49,0),MATCH($AN$3,'SO Februari 2026 Rev.2'!$B$5:$XG$5,0)) -> 673.27548 | AO10: =INDEX('Summary sales'!$A$6:$CA$48,MATCH($B10,'Summary sales'!$A$6:$A$48,0),MATCH($AN$3,'Summary sales'!$A$7:$CA$7,0)) -> 699.29 | AP10: =AO10-AN10 -> 26.014516 | AQ10: =AO10/AN10 -> 1.0386387 | AR10: =INDEX('SO Februari 2026 Rev.2'!$B$6:$BG$49,MATCH(B10,'SO Februari 2026 Rev.2'!$B$6:$B$49,0),MATCH($AR$3,'SO Februari 2026 Rev.2'!$B$5:$XG$5,0)) -> 4514.199 | AS10: =INDEX('Summary sales'!$A$6:$CA$48,MATCH($B10,'Summary sales'!$A$6:$A$48,0),MATCH($AR$3,'Summary sales'!$A$7:$CA$7,0)) -> 6295.9 | AT10: =AS10-AR10 -> 1781.701 | AU10: =AS10/AR10 -> 1.3946882 | AV10: =INDEX('SO Februari 2026 Rev.2'!$B$6:$BG$49,MATCH(B10,'SO Februari 2026 Rev.2'!$B$6:$B$49,0),MATCH($AV$3,'SO Februari 2026 Rev.2'!$B$5:$XG$5,0)) -> 8000.0623 | AW10: =INDEX('Summary sales'!$A$6:$CA$48,MATCH($B10,'Summary sales'!$A$6:$A$48,0),MATCH($AV$3,'Summary sales'!$A$7:$CA$7,0)) -> 6662.98 | AX10: =AW10-AV10 -> -1337.0823 | AY10: =AW10/AV10 -> 0.83286602 | AZ10: =INDEX('SO Februari 2026 Rev.2'!$B$6:$BG$49,MATCH(B10,'SO Februari 2026 Rev.2'!$B$6:$B$49,0),MATCH($AZ$3,'SO Februari 2026 Rev.2'!$B$5:$XG$5,0)) -> 2874.3265 | BA10: =INDEX('Summary sales'!$A$6:$CA$48,MATCH($B10,'Summary sales'!$A$6:$A$48,0),MATCH($AZ$3,'Summary sales'!$A$7:$CA$7,0)) -> 2073.72 | BB10: =BA10-AZ10 -> -800.60645 | BC10: =BA10/AZ10 -> 0.72146294 | BD10: =INDEX('SO Februari 2026 Rev.2'!$B$6:$BG$49,MATCH(B10,'SO Februari 2026 Rev.2'!$B$6:$B$49,0),MATCH($BD$3,'SO Februari 2026 Rev.2'!$B$5:$XG$5,0)) -> 500 | BE10: =INDEX('Summary sales'!$A$6:$CA$48,MATCH($B10,'Summary sales'!$A$6:$A$48,0),MATCH($BD$3,'Summary sales'!$A$7:$CA$7,0)) -> 0 | BF10: =BE10-BD10 -> -500 | BG10: =BE10/BD10 -> 0 | BH10: =INDEX('SO Februari 2026 Rev.2'!$B$6:$BG$49,MATCH(B10,'SO Februari 2026 Rev.2'!$B$6:$B$49,0),MATCH($BH$3,'SO Februari 2026 Rev.2'!$B$5:$XG$5,0)) -> 3600 | BI10: =INDEX('Summary sales'!$A$6:$CA$48,MATCH($B10,'Summary sales'!$A$6:$A$48,0),MATCH($BH$3,'Summary sales'!$A$7:$CA$7,0)) -> 1253.84 | BJ10: =BI10-BH10 -> -2346.16 | BK10: =BI10/BH10 -> 0.34828889 | BL10: =INDEX('SO Februari 2026 Rev.2'!$B$6:$BG$49,MATCH(B10,'SO Februari 2026 Rev.2'!$B$6:$B$49,0),MATCH($BL$3,'SO Februari 2026 Rev.2'!$B$5:$XG$5,0)) -> 9000.0571 | BM10: =INDEX('Summary sales'!$A$6:$CA$48,MATCH($B10,'Summary sales'!$A$6:$A$48,0),MATCH($BL$3,'Summary sales'!$A$7:$CA$7,0)) -> 10914.71 | BN10: =BM10-BL10 -> 1914.6529 | BO10: =BM10/BL10 -> 1.2127379 | BP10: =INDEX('SO Februari 2026 Rev.2'!$B$6:$BG$49,MATCH(B10,'SO Februari 2026 Rev.2'!$B$6:$B$49,0),MATCH($BP$3,'SO Februari 2026 Rev.2'!$B$5:$XG$5,0)) -> 926.09448 | BQ10: =INDEX('Summary sales'!$A$6:$CA$48,MATCH($B10,'Summary sales'!$A$6:$A$48,0),MATCH($BP$3,'Summary sales'!$A$7:$CA$7,0)) -> 1548.39 | BR10: =BQ10-BP10 -> 622.29552 | BS10: =BQ10/BP10 -> 1.6719568 | BT10: =INDEX('SO Februari 2026 Rev.2'!$B$6:$BG$49,MATCH(B10,'SO Februari 2026 Rev.2'!$B$6:$B$49,0),MATCH($BT$3,'SO Februari 2026 Rev.2'!$B$5:$XG$5,0)) -> 5500 | BU10: =INDEX('Summary sales'!$A$6:$CA$48,MATCH($B10,'Summary sales'!$A$6:$A$48,0),MATCH($BT$3,'Summary sales'!$A$7:$CA$7,0)) -> 5368.37 | BV10: =BU10-BT10 -> -131.63 | BW10: =BU10/BT10 -> 0.97606727 | BX10: =INDEX('SO Februari 2026 Rev.2'!$B$6:$BG$49,MATCH(B10,'SO Februari 2026 Rev.2'!$B$6:$B$49,0),MATCH($BX$3,'SO Februari 2026 Rev.2'!$B$5:$XG$5,0)) -> 70.054839 | BY10: =INDEX('Summary sales'!$A$6:$CA$48,MATCH($B10,'Summary sales'!$A$6:$A$48,0),MATCH($BX$3,'Summary sales'!$A$7:$CA$7,0)) -> 102 | BZ10: =BY10-BX10 -> 31.945161 | CA10: =BY10/BX10 -> 1.4560022 | CB10: =INDEX('SO Februari 2026 Rev.2'!$B$6:$BG$49,MATCH(B10,'SO Februari 2026 Rev.2'!$B$6:$B$49,0),MATCH($CB$3,'SO Februari 2026 Rev.2'!$B$5:$XG$5,0)) -> 89.451613 | CC10: =INDEX('Summary sales'!$A$6:$CA$48,MATCH($B10,'Summary sales'!$A$6:$A$48,0),MATCH($CB$3,'Summary sales'!$A$7:$CA$7,0)) -> 65.076 | CD10: =CC10-CB10 -> -24.375613 | CE10: =CC10/CB10 -> 0.72749946 | CF10: =INDEX('SO Februari 2026 Rev.2'!$B$6:$BG$49,MATCH(B10,'SO Februari 2026 Rev.2'!$B$6:$B$49,0),MATCH($CF$3,'SO Februari 2026 Rev.2'!$B$5:$XG$5,0)) -> 3500 | CG10: =INDEX('Summary sales'!$A$6:$CA$48,MATCH($B10,'Summary sales'!$A$6:$A$48,0),MATCH($CF$3,'Summary sales'!$A$7:$CA$7,0)) -> 247.9 | CH10: =CG10-CF10 -> -3252.1 | CI10: =CG10/CF10 -> 0.070828571 | CJ10: =INDEX('SO Februari 2026 Rev.2'!$B$6:$BG$49,MATCH(B10,'SO Februari 2026 Rev.2'!$B$6:$B$49,0),MATCH($CJ$3,'SO Februari 2026 Rev.2'!$B$5:$XG$5,0)) -> 4000.4806 | CK10: =INDEX('Summary sales'!$A$6:$CA$48,MATCH($B10,'Summary sales'!$A$6:$A$48,0),MATCH($CJ$3,'Summary sales'!$A$7:$CA$7,0)) -> 4017.8 | CL10: =CK10-CJ10 -> 17.319355 | CM10: =CK10/CJ10 -> 1.0043293 | CN10: =INDEX('SO Februari 2026 Rev.2'!$B$6:$BG$49,MATCH(B10,'SO Februari 2026 Rev.2'!$B$6:$B$49,0),MATCH($CN$3,'SO Februari 2026 Rev.2'!$B$5:$XG$5,0)) -> 3500 | CO10: =INDEX('Summary sales'!$A$6:$CA$48,MATCH($B10,'Summary sales'!$A$6:$A$48,0),MATCH($CN$3,'Summary sales'!$A$7:$CA$7,0)) -> 3069.13 | CP10: =CO10-CN10 -> -430.87 | CQ10: =CO10/CN10 -> 0.87689429 | CR10: =INDEX('SO Februari 2026 Rev.2'!$B$6:$BG$49,MATCH(B10,'SO Februari 2026 Rev.2'!$B$6:$B$49,0),MATCH($CR$3,'SO Februari 2026 Rev.2'!$B$5:$XG$5,0)) -> 0 | CS10: =INDEX('Summary sales'!$A$6:$CA$48,MATCH($B10,'Summary sales'!$A$6:$A$48,0),MATCH($CR$3,'Summary sales'!$A$7:$CA$7,0)) -> 0 | CT10: =CS10-CR10 -> 0 | CU10: =CS10/CR10 -> #DIV/0! | CV10: =INDEX('SO Februari 2026 Rev.2'!$B$6:$BG$49,MATCH(B10,'SO Februari 2026 Rev.2'!$B$6:$B$49,0),MATCH($CV$3,'SO Februari 2026 Rev.2'!$B$5:$XG$5,0)) -> 11659.555 | CW10: =INDEX('Summary sales'!$A$6:$CA$48,MATCH($B10,'Summary sales'!$A$6:$A$48,0),MATCH($CV$3,'Summary sales'!$A$7:$CA$7,0)) -> 15723.408 | CX10: =CW10-CV10 -> 4063.8535 | CY10: =CW10/CV10 -> 1.3485428 | CZ10: =INDEX('SO Februari 2026 Rev.2'!$B$6:$BG$49,MATCH(B10,'SO Februari 2026 Rev.2'!$B$6:$B$49,0),MATCH($CZ$3,'SO Februari 2026 Rev.2'!$B$5:$XG$5,0)) -> 2020.8603 | DA10: =INDEX('Summary sales'!$A$6:$CA$48,MATCH($B10,'Summary sales'!$A$6:$A$48,0),MATCH($CZ$3,'Summary sales'!$A$7:$CA$7,0)) -> 2267.19 | DB10: =DA10-CZ10 -> 246.32968 | DC10: =DA10/CZ10 -> 1.1218935 | DD10: =INDEX('SO Februari 2026 Rev.2'!$B$6:$BG$49,MATCH(B10,'SO Februari 2026 Rev.2'!$B$6:$B$49,0),MATCH($DD$3,'SO Februari 2026 Rev.2'!$B$5:$XG$5,0)) -> 678.7 | DE10: =INDEX('Summary sales'!$A$6:$CA$48,MATCH($B10,'Summary sales'!$A$6:$A$48,0),MATCH($DD$3,'Summary sales'!$A$7:$CA$7,0)) -> 569.91 | DF10: =DE10-DD10 -> -108.79 | DG10: =DE10/DD10 -> 0.83970827 | DH10: =INDEX('SO Februari 2026 Rev.2'!$B$6:$BG$49,MATCH(B10,'SO Februari 2026 Rev.2'!$B$6:$B$49,0),MATCH($DH$3,'SO Februari 2026 Rev.2'!$B$5:$XG$5,0)) -> 7121.8519 | DI10: =INDEX('Summary sales'!$A$6:$CA$48,MATCH($B10,'Summary sales'!$A$6:$A$48,0),MATCH($DH$3,'Summary sales'!$A$7:$CA$7,0)) -> 7897.06 | DJ10: =DI10-DH10 -> 775.20806 | DK10: =DI10/DH10 -> 1.1088492 | DL10: =INDEX('SO Februari 2026 Rev.2'!$B$6:$BG$49,MATCH(B10,'SO Februari 2026 Rev.2'!$B$6:$B$49,0),MATCH($DL$3,'SO Februari 2026 Rev.2'!$B$5:$XG$5,0)) -> 2443.8768 | DM10: =INDEX('Summary sales'!$A$6:$CA$48,MATCH($B10,'Summary sales'!$A$6:$A$48,0),MATCH($DL$3,'Summary sales'!$A$7:$CA$7,0)) -> 3617 | DN10: =DM10-DL10 -> 1173.1232 | DO10: =DM10/DL10 -> 1.4800255 | DP10: =INDEX('SO Februari 2026 Rev.2'!$B$6:$BG$49,MATCH(B10,'SO Februari 2026 Rev.2'!$B$6:$B$49,0),MATCH($DP$3,'SO Februari 2026 Rev.2'!$B$5:$XG$5,0)) -> 2043.2745 | DQ10: =INDEX('Summary sales'!$A$6:$CA$48,MATCH($B10,'Summary sales'!$A$6:$A$48,0),MATCH($DP$3,'Summary sales'!$A$7:$CA$7,0)) -> 1267.58 | DR10: =DQ10-DP10 -> -775.69452 | DS10: =DQ10/DP10 -> 0.62036696 | DT10: =INDEX('SO Februari 2026 Rev.2'!$B$6:$BG$49,MATCH(B10,'SO Februari 2026 Rev.2'!$B$6:$B$49,0),MATCH($DT$3,'SO Februari 2026 Rev.2'!$B$5:$XG$5,0)) -> 1439.5303 | DU10: =INDEX('Summary sales'!$A$6:$CA$48,MATCH($B10,'Summary sales'!$A$6:$A$48,0),MATCH($DT$3,'Summary sales'!$A$7:$CA$7,0)) -> 2248.07 | DV10: =DU10-DT10 -> 808.53968 | DW10: =DU10/DT10 -> 1.5616691 | DX10: =INDEX('SO Februari 2026 Rev.2'!$B$6:$BG$49,MATCH(B10,'SO Februari 2026 Rev.2'!$B$6:$B$49,0),MATCH($DX$3,'SO Februari 2026 Rev.2'!$B$5:$XG$5,0)) -> 260.97419 | DY10: =INDEX('Summary sales'!$A$6:$CA$48,MATCH($B10,'Summary sales'!$A$6:$A$48,0),MATCH($DX$3,'Summary sales'!$A$7:$CA$7,0)) -> 870.28 | DZ10: =DY10-DX10 -> 609.30581 | EA10: =DY10/DX10 -> 3.3347359 | EB10: =INDEX('SO Februari 2026 Rev.2'!$B$6:$BG$49,MATCH(B10,'SO Februari 2026 Rev.2'!$B$6:$B$49,0),MATCH($EB$3,'SO Februari 2026 Rev.2'!$B$5:$XG$5,0)) -> 11007.047 | EC10: =INDEX('Summary sales'!$A$6:$CA$48,MATCH($B10,'Summary sales'!$A$6:$A$48,0),MATCH($EB$3,'Summary sales'!$A$7:$CA$7,0)) -> 7416.65 | ED10: =EC10-EB10 -> -3590.3974 | EE10: =EC10/EB10 -> 0.67380922 | EF10: =INDEX('SO Februari 2026 Rev.2'!$B$6:$BG$49,MATCH(B10,'SO Februari 2026 Rev.2'!$B$6:$B$49,0),MATCH($EF$3,'SO Februari 2026 Rev.2'!$B$5:$XG$5,0)) -> 1519.5448 | EG10: =INDEX('Summary sales'!$A$6:$CA$48,MATCH($B10,'Summary sales'!$A$6:$A$48,0),MATCH($EF$3,'Summary sales'!$A$7:$CA$7,0)) -> 1843.1 | EH10: =EG10-EF10 -> 323.55516 | EI10: =EG10/EF10 -> 1.212929 | EJ10: =INDEX('SO Februari 2026 Rev.2'!$B$6:$BG$49,MATCH(B10,'SO Februari 2026 Rev.2'!$B$6:$B$49,0),MATCH($EJ$3,'SO Februari 2026 Rev.2'!$B$5:$XG$5,0)) -> 3999.6742 | EK10: =INDEX('Summary sales'!$A$6:$CA$48,MATCH($B10,'Summary sales'!$A$6:$A$48,0),MATCH($EJ$3,'Summary sales'!$A$7:$CA$7,0)) -> 4842.82 | EL10: =EK10-EJ10 -> 843.14581 | EM10: =EK10/EJ10 -> 1.2108036 | EN10: =INDEX('SO Februari 2026 Rev.2'!$B$6:$BG$49,MATCH(B10,'SO Februari 2026 Rev.2'!$B$6:$B$49,0),MATCH($EN$3,'SO Februari 2026 Rev.2'!$B$5:$XG$5,0)) -> 5500 | EO10: =INDEX('Summary sales'!$A$6:$CA$48,MATCH(B10,'Summary sales'!$A$6:$A$48,0),MATCH($EN$3,'Summary sales'!$A$7:$CA$7,0)) -> 7232.52 | EP10: =EO10-EN10 -> 1732.52 | EQ10: =EO10/EN10 -> 1.3150036 | ER10: =INDEX('SO Februari 2026 Rev.2'!$B$6:$BG$49,MATCH(B10,'SO Februari 2026 Rev.2'!$B$6:$B$49,0),MATCH($ER$3,'SO Februari 2026 Rev.2'!$B$5:$XG$5,0)) -> 4482.6897 | ES10: =INDEX('Summary sales'!$A$6:$CA$48,MATCH($B10,'Summary sales'!$A$6:$A$48,0),MATCH($ER$3,'Summary sales'!$A$7:$CA$7,0)) -> 3632.78 | ET10: =ES10-ER10 -> -849.90968 | EU10: =ES10/ER10 -> 0.81040185 | EV10: =INDEX('SO Februari 2026 Rev.2'!$B$6:$BG$49,MATCH(B10,'SO Februari 2026 Rev.2'!$B$6:$B$49,0),MATCH($EV$3,'SO Februari 2026 Rev.2'!$B$5:$XG$5,0)) -> 26500 | EW10: =INDEX('Summary sales'!$A$6:$CA$48,MATCH($B10,'Summary sales'!$A$6:$A$48,0),MATCH($EV$3,'Summary sales'!$A$7:$CA$7,0)) -> 19048.38 | EX10: =EW10-EV10 -> -7451.62 | EY10: =EW10/EV10 -> 0.71880679 | EZ10: =INDEX('SO Februari 2026 Rev.2'!$B$6:$BG$49,MATCH(B10,'SO Februari 2026 Rev.2'!$B$6:$B$49,0),MATCH($EZ$3,'SO Februari 2026 Rev.2'!$B$5:$XG$5,0)) -> 8000 | FA10: =INDEX('Summary sales'!$A$6:$CA$48,MATCH(B10,'Summary sales'!$A$6:$A$48,0),MATCH($EZ$3,'Summary sales'!$A$7:$CA$7,0)) -> 4879.41 | FB10: =FA10-EZ10 -> -3120.59 | FC10: =FA10/EZ10 -> 0.60992625 | FD10: =INDEX('SO Februari 2026 Rev.2'!$B$6:$BG$49,MATCH(B10,'SO Februari 2026 Rev.2'!$B$6:$B$49,0),MATCH($FD$3,'SO Februari 2026 Rev.2'!$B$5:$XG$5,0)) -> 2105.6477 | FE10: =INDEX('Summary sales'!$A$6:$CA$48,MATCH(B10,'Summary sales'!$A$6:$A$48,0),MATCH($FD$3,'Summary sales'!$A$7:$CA$7,0)) -> 3525.7 | FF10: =FE10-FD10 -> 1420.0523 | FG10: =FE10/FD10 -> 1.6744016 | FH10: =INDEX('SO Februari 2026 Rev.2'!$B$6:$BG$49,MATCH(B10,'SO Februari 2026 Rev.2'!$B$6:$B$49,0),MATCH($FH$3,'SO Februari 2026 Rev.2'!$B$5:$XG$5,0)) -> 726.81516 | FI10: =INDEX('Summary sales'!$A$6:$CA$48,MATCH(B10,'Summary sales'!$A$6:$A$48,0),MATCH($FH$3,'Summary sales'!$A$7:$CA$7,0)) -> 789.67 | FJ10: =FI10-FH10 -> 62.854839 | FK10: =FI10/FH10 -> 1.0864798 | FL10: =INDEX('SO Februari 2026 Rev.2'!$B$6:$BG$49,MATCH(B10,'SO Februari 2026 Rev.2'!$B$6:$B$49,0),MATCH($FL$3,'SO Februari 2026 Rev.2'!$B$5:$XG$5,0)) -> 3018.0416 | FM10: =INDEX('Summary sales'!$A$6:$CA$48,MATCH(B10,'Summary sales'!$A$6:$A$48,0),MATCH($FL$3,'Summary sales'!$A$7:$CA$7,0)) -> 2860.11 | FN10: =FM10-FL10 -> -157.93161 | FO10: =FM10/FL10 -> 0.94767083 | FP10: =INDEX('SO Februari 2026 Rev.2'!$B$6:$BG$49,MATCH(B10,'SO Februari 2026 Rev.2'!$B$6:$B$49,0),MATCH($FP$3,'SO Februari 2026 Rev.2'!$B$5:$XG$5,0)) -> 2044.9997 | FQ10: =INDEX('Summary sales'!$A$6:$CA$48,MATCH(B10,'Summary sales'!$A$6:$A$48,0),MATCH($FP$3,'Summary sales'!$A$7:$CA$7,0)) -> 1767.3 | FR10: =FQ10-FP10 -> -277.69968 | FS10: =FQ10/FP10 -> 0.86420552 | FT10: =INDEX('SO Februari 2026 Rev.2'!$B$6:$BG$49,MATCH(B10,'SO Februari 2026 Rev.2'!$B$6:$B$49,0),MATCH($FT$3,'SO Februari 2026 Rev.2'!$B$5:$XG$5,0)) -> 369.61071 | FU10: =INDEX('Summary sales'!$A$6:$CA$48,MATCH(B10,'Summary sales'!$A$6:$A$48,0),MATCH($FT$3,'Summary sales'!$A$7:$CA$7,0)) -> 265.149 | FV10: =FU10-FT10 -> -104.46171 | FW10: =FU10/FT10 -> 0.71737369 | FX10: =INDEX('SO Februari 2026 Rev.2'!$B$6:$BG$49,MATCH(B10,'SO Februari 2026 Rev.2'!$B$6:$B$49,0),MATCH($FX$3,'SO Februari 2026 Rev.2'!$B$5:$XG$5,0)) -> 9000 | FY10: =INDEX('Summary sales'!$A$6:$CA$48,MATCH(B10,'Summary sales'!$A$6:$A$48,0),MATCH($FX$3,'Summary sales'!$A$7:$CA$7,0)) -> 3903.109 | FZ10: =FY10-FX10 -> -5096.891 | GA10: =FY10/FX10 -> 0.43367878 | GB10: =INDEX('SO Februari 2026 Rev.2'!$B$6:$BG$49,MATCH(B10,'SO Februari 2026 Rev.2'!$B$6:$B$49,0),MATCH($GB$3,'SO Februari 2026 Rev.2'!$B$5:$XG$5,0)) -> 3500 | GC10: =INDEX('Summary sales'!$A$6:$CA$48,MATCH($B10,'Summary sales'!$A$6:$A$48,0),MATCH($GB$3,'Summary sales'!$A$7:$CA$7,0)) -> 5365.854 | GD10: =GC10-GB10 -> 1865.854 | GE10: =GC10/GB10 -> 1.5331011 | GF10: =INDEX('SO Februari 2026 Rev.2'!$B$6:$BG$49,MATCH(B10,'SO Februari 2026 Rev.2'!$B$6:$B$49,0),MATCH($GF$3,'SO Februari 2026 Rev.2'!$B$5:$XG$5,0)) -> 1121.9003 | GG10: =INDEX('Summary sales'!$A$6:$CA$48,MATCH($B10,'Summary sales'!$A$6:$A$48,0),MATCH($GF$3,'Summary sales'!$A$7:$CA$7,0)) -> 2207.64 | GH10: =GG10-GF10 -> 1085.7397 | GI10: =GG10/GF10 -> 1.9677684 | GJ10: =INDEX('SO Februari 2026 Rev.2'!$B$6:$BG$49,MATCH(B10,'SO Februari 2026 Rev.2'!$B$6:$B$49,0),MATCH($GJ$3,'SO Februari 2026 Rev.2'!$B$5:$XG$5,0)) -> 1500 | GK10: =INDEX('Summary sales'!$A$6:$CA$48,MATCH(B10,'Summary sales'!$A$6:$A$48,0),MATCH($GJ$3,'Summary sales'!$A$7:$CA$7,0)) -> 1686.429 | GL10: =GK10-GJ10 -> 186.429 | GM10: =GK10/GJ10 -> 1.124286 | GN10: =INDEX('SO Februari 2026 Rev.2'!$B$6:$BG$49,MATCH(B10,'SO Februari 2026 Rev.2'!$B$6:$B$49,0),MATCH($GN$3,'SO Februari 2026 Rev.2'!$B$5:$XG$5,0)) -> 2499.7026 | GO10: =INDEX('Summary sales'!$A$6:$CA$48,MATCH(B10,'Summary sales'!$A$6:$A$48,0),MATCH($GN$3,'Summary sales'!$A$7:$CA$7,0)) -> 1380.28 | GP10: =GO10-GN10 -> -1119.4226 | GQ10: =GO10/GN10 -> 0.55217769 | GR10: =INDEX('SO Februari 2026 Rev.2'!$B$6:$BG$49,MATCH(B10,'SO Februari 2026 Rev.2'!$B$6:$B$49,0),MATCH($GR$3,'SO Februari 2026 Rev.2'!$B$5:$XG$5,0)) -> 4500 | GS10: =INDEX('Summary sales'!$A$6:$CA$48,MATCH(B10,'Summary sales'!$A$6:$A$48,0),MATCH($GR$3,'Summary sales'!$A$7:$CA$7,0)) -> 0 | GT10: =GS10-GR10 -> -4500 | GU10: =GS10/GR10 -> 0
B11: =B10+1 -> 46058 | C11: =TEXT(B11,"ddd") -> Kam | D11: =SUMIF($H$4:$GT$4,$D$4,H11:GT11) -> 180951.47 | E11: =SUMIF($H$4:$GT$4,$E$4,H11:GT11) -> 174980.43 | F11: =E11-D11 -> -5971.0374 | G11: =E11/D11 -> 0.967002 | H11: =INDEX('SO Februari 2026 Rev.2'!$B$6:$BG$49,MATCH(B11,'SO Februari 2026 Rev.2'!$B$6:$B$49,0),MATCH($H$3,'SO Februari 2026 Rev.2'!$B$5:$XG$5,0)) -> 812.17 | I11: =INDEX('Summary sales'!$A$6:$CA$48,MATCH(B11,'Summary sales'!$A$6:$A$48,0),MATCH($H$3,'Summary sales'!$A$7:$CA$7,0)) -> 1385.66 | J11: =I11-H11 -> 573.49 | K11: =I11/H11 -> 1.7061206 | L11: =INDEX('SO Februari 2026 Rev.2'!$B$6:$BG$49,MATCH(B11,'SO Februari 2026 Rev.2'!$B$6:$B$49,0),MATCH($L$3,'SO Februari 2026 Rev.2'!$B$5:$XG$5,0)) -> 3000 | M11: =INDEX('Summary sales'!$A$6:$CA$48,MATCH($B11,'Summary sales'!$A$6:$A$48,0),MATCH($L$3,'Summary sales'!$A$7:$CA$7,0)) -> 2541.18 | N11: =M11-L11 -> -458.82 | O11: =M11/L11 -> 0.84706 | P11: =INDEX('SO Februari 2026 Rev.2'!$B$6:$BG$49,MATCH(B11,'SO Februari 2026 Rev.2'!$B$6:$B$49,0),MATCH($P$3,'SO Februari 2026 Rev.2'!$B$5:$XG$5,0)) -> 1129.7313 | Q11: =INDEX('Summary sales'!$A$6:$CA$48,MATCH($B11,'Summary sales'!$A$6:$A$48,0),MATCH($P$3,'Summary sales'!$A$7:$CA$7,0)) -> 1112.75 | R11: =Q11-P11 -> -16.98129 | S11: =Q11/P11 -> 0.98496874 | T11: =INDEX('SO Februari 2026 Rev.2'!$B$6:$BG$49,MATCH(B11,'SO Februari 2026 Rev.2'!$B$6:$B$49,0),MATCH($T$3,'SO Februari 2026 Rev.2'!$B$5:$XG$5,0)) -> 3282.5161 | U11: =INDEX('Summary sales'!$A$6:$CA$48,MATCH($B11,'Summary sales'!$A$6:$A$48,0),MATCH($T$3,'Summary sales'!$A$7:$CA$7,0)) -> 3151.7 | V11: =U11-T11 -> -130.81613 | W11: =U11/T11 -> 0.96014761 | X11: =INDEX('SO Februari 2026 Rev.2'!$B$6:$BG$49,MATCH(B11,'SO Februari 2026 Rev.2'!$B$6:$B$49,0),MATCH($X$3,'SO Februari 2026 Rev.2'!$B$5:$XG$5,0)) -> 644.02065 | Y11: =INDEX('Summary sales'!$A$6:$CA$48,MATCH($B11,'Summary sales'!$A$6:$A$48,0),MATCH($X$3,'Summary sales'!$A$7:$CA$7,0)) -> 505.91 | Z11: =Y11-X11 -> -138.11065 | AA11: =Y11/X11 -> 0.78554935 | AB11: =INDEX('SO Februari 2026 Rev.2'!$B$6:$BG$49,MATCH(B11,'SO Februari 2026 Rev.2'!$B$6:$B$49,0),MATCH($AB$3,'SO Februari 2026 Rev.2'!$B$5:$XG$5,0)) -> 5500 | AC11: =INDEX('Summary sales'!$A$6:$CA$48,MATCH($B11,'Summary sales'!$A$6:$A$48,0),MATCH($AB$3,'Summary sales'!$A$7:$CA$7,0)) -> 200 | AD11: =AC11-AB11 -> -5300 | AE11: =AC11/AB11 -> 0.036363636 | AF11: =INDEX('SO Februari 2026 Rev.2'!$B$6:$BG$49,MATCH(B11,'SO Februari 2026 Rev.2'!$B$6:$B$49,0),MATCH($AF$3,'SO Februari 2026 Rev.2'!$B$5:$XG$5,0)) -> 166.97065 | AG11: =INDEX('Summary sales'!$A$6:$CA$48,MATCH($B11,'Summary sales'!$A$6:$A$48,0),MATCH($AF$3,'Summary sales'!$A$7:$CA$7,0)) -> 587.4 | AH11: =AG11-AF11 -> 420.42935 | AI11: =AG11/AF11 -> 3.5179837 | AJ11: =INDEX('SO Februari 2026 Rev.2'!$B$6:$BG$49,MATCH(B11,'SO Februari 2026 Rev.2'!$B$6:$B$49,0),MATCH($AJ$3,'SO Februari 2026 Rev.2'!$B$5:$XG$5,0)) -> 603.76323 | AK11: =INDEX('Summary sales'!$A$6:$CA$48,MATCH($B11,'Summary sales'!$A$6:$A$48,0),MATCH($AJ$3,'Summary sales'!$A$7:$CA$7,0)) -> 838.42 | AL11: =AK11-AJ11 -> 234.65677 | AM11: =AK11/AJ11 -> 1.388657 | AN11: =INDEX('SO Februari 2026 Rev.2'!$B$6:$BG$49,MATCH(B11,'SO Februari 2026 Rev.2'!$B$6:$B$49,0),MATCH($AN$3,'SO Februari 2026 Rev.2'!$B$5:$XG$5,0)) -> 673.27548 | AO11: =INDEX('Summary sales'!$A$6:$CA$48,MATCH($B11,'Summary sales'!$A$6:$A$48,0),MATCH($AN$3,'Summary sales'!$A$7:$CA$7,0)) -> 678.27 | AP11: =AO11-AN11 -> 4.9945161 | AQ11: =AO11/AN11 -> 1.0074182 | AR11: =INDEX('SO Februari 2026 Rev.2'!$B$6:$BG$49,MATCH(B11,'SO Februari 2026 Rev.2'!$B$6:$B$49,0),MATCH($AR$3,'SO Februari 2026 Rev.2'!$B$5:$XG$5,0)) -> 4514.199 | AS11: =INDEX('Summary sales'!$A$6:$CA$48,MATCH($B11,'Summary sales'!$A$6:$A$48,0),MATCH($AR$3,'Summary sales'!$A$7:$CA$7,0)) -> 4850.73 | AT11: =AS11-AR11 -> 336.53097 | AU11: =AS11/AR11 -> 1.0745494 | AV11: =INDEX('SO Februari 2026 Rev.2'!$B$6:$BG$49,MATCH(B11,'SO Februari 2026 Rev.2'!$B$6:$B$49,0),MATCH($AV$3,'SO Februari 2026 Rev.2'!$B$5:$XG$5,0)) -> 8000.0623 | AW11: =INDEX('Summary sales'!$A$6:$CA$48,MATCH($B11,'Summary sales'!$A$6:$A$48,0),MATCH($AV$3,'Summary sales'!$A$7:$CA$7,0)) -> 10802.06 | AX11: =AW11-AV11 -> 2801.9977 | AY11: =AW11/AV11 -> 1.350247 | AZ11: =INDEX('SO Februari 2026 Rev.2'!$B$6:$BG$49,MATCH(B11,'SO Februari 2026 Rev.2'!$B$6:$B$49,0),MATCH($AZ$3,'SO Februari 2026 Rev.2'!$B$5:$XG$5,0)) -> 2874.3265 | BA11: =INDEX('Summary sales'!$A$6:$CA$48,MATCH($B11,'Summary sales'!$A$6:$A$48,0),MATCH($AZ$3,'Summary sales'!$A$7:$CA$7,0)) -> 1820.7 | BB11: =BA11-AZ11 -> -1053.6265 | BC11: =BA11/AZ11 -> 0.63343536 | BD11: =INDEX('SO Februari 2026 Rev.2'!$B$6:$BG$49,MATCH(B11,'SO Februari 2026 Rev.2'!$B$6:$B$49,0),MATCH($BD$3,'SO Februari 2026 Rev.2'!$B$5:$XG$5,0)) -> 500 | BE11: =INDEX('Summary sales'!$A$6:$CA$48,MATCH($B11,'Summary sales'!$A$6:$A$48,0),MATCH($BD$3,'Summary sales'!$A$7:$CA$7,0)) -> 313.58 | BF11: =BE11-BD11 -> -186.42 | BG11: =BE11/BD11 -> 0.62716 | BH11: =INDEX('SO Februari 2026 Rev.2'!$B$6:$BG$49,MATCH(B11,'SO Februari 2026 Rev.2'!$B$6:$B$49,0),MATCH($BH$3,'SO Februari 2026 Rev.2'!$B$5:$XG$5,0)) -> 3600 | BI11: =INDEX('Summary sales'!$A$6:$CA$48,MATCH($B11,'Summary sales'!$A$6:$A$48,0),MATCH($BH$3,'Summary sales'!$A$7:$CA$7,0)) -> 1248.07 | BJ11: =BI11-BH11 -> -2351.93 | BK11: =BI11/BH11 -> 0.34668611 | BL11: =INDEX('SO Februari 2026 Rev.2'!$B$6:$BG$49,MATCH(B11,'SO Februari 2026 Rev.2'!$B$6:$B$49,0),MATCH($BL$3,'SO Februari 2026 Rev.2'!$B$5:$XG$5,0)) -> 9000.0571 | BM11: =INDEX('Summary sales'!$A$6:$CA$48,MATCH($B11,'Summary sales'!$A$6:$A$48,0),MATCH($BL$3,'Summary sales'!$A$7:$CA$7,0)) -> 10507.26 | BN11: =BM11-BL11 -> 1507.2029 | BO11: =BM11/BL11 -> 1.1674659 | BP11: =INDEX('SO Februari 2026 Rev.2'!$B$6:$BG$49,MATCH(B11,'SO Februari 2026 Rev.2'!$B$6:$B$49,0),MATCH($BP$3,'SO Februari 2026 Rev.2'!$B$5:$XG$5,0)) -> 926.09448 | BQ11: =INDEX('Summary sales'!$A$6:$CA$48,MATCH($B11,'Summary sales'!$A$6:$A$48,0),MATCH($BP$3,'Summary sales'!$A$7:$CA$7,0)) -> 898.735 | BR11: =BQ11-BP11 -> -27.359484 | BS11: =BQ11/BP11 -> 0.97045714 | BT11: =INDEX('SO Februari 2026 Rev.2'!$B$6:$BG$49,MATCH(B11,'SO Februari 2026 Rev.2'!$B$6:$B$49,0),MATCH($BT$3,'SO Februari 2026 Rev.2'!$B$5:$XG$5,0)) -> 5500 | BU11: =INDEX('Summary sales'!$A$6:$CA$48,MATCH($B11,'Summary sales'!$A$6:$A$48,0),MATCH($BT$3,'Summary sales'!$A$7:$CA$7,0)) -> 2960 | BV11: =BU11-BT11 -> -2540 | BW11: =BU11/BT11 -> 0.53818182 | BX11: =INDEX('SO Februari 2026 Rev.2'!$B$6:$BG$49,MATCH(B11,'SO Februari 2026 Rev.2'!$B$6:$B$49,0),MATCH($BX$3,'SO Februari 2026 Rev.2'!$B$5:$XG$5,0)) -> 70.054839 | BY11: =INDEX('Summary sales'!$A$6:$CA$48,MATCH($B11,'Summary sales'!$A$6:$A$48,0),MATCH($BX$3,'Summary sales'!$A$7:$CA$7,0)) -> 86.3 | BZ11: =BY11-BX11 -> 16.245161 | CA11: =BY11/BX11 -> 1.2318921 | CB11: =INDEX('SO Februari 2026 Rev.2'!$B$6:$BG$49,MATCH(B11,'SO Februari 2026 Rev.2'!$B$6:$B$49,0),MATCH($CB$3,'SO Februari 2026 Rev.2'!$B$5:$XG$5,0)) -> 89.451613 | CC11: =INDEX('Summary sales'!$A$6:$CA$48,MATCH($B11,'Summary sales'!$A$6:$A$48,0),MATCH($CB$3,'Summary sales'!$A$7:$CA$7,0)) -> 51.924 | CD11: =CC11-CB11 -> -37.527613 | CE11: =CC11/CB11 -> 0.58047025 | CF11: =INDEX('SO Februari 2026 Rev.2'!$B$6:$BG$49,MATCH(B11,'SO Februari 2026 Rev.2'!$B$6:$B$49,0),MATCH($CF$3,'SO Februari 2026 Rev.2'!$B$5:$XG$5,0)) -> 3500 | CG11: =INDEX('Summary sales'!$A$6:$CA$48,MATCH($B11,'Summary sales'!$A$6:$A$48,0),MATCH($CF$3,'Summary sales'!$A$7:$CA$7,0)) -> 3133.6 | CH11: =CG11-CF11 -> -366.4 | CI11: =CG11/CF11 -> 0.89531429 | CJ11: =INDEX('SO Februari 2026 Rev.2'!$B$6:$BG$49,MATCH(B11,'SO Februari 2026 Rev.2'!$B$6:$B$49,0),MATCH($CJ$3,'SO Februari 2026 Rev.2'!$B$5:$XG$5,0)) -> 4000.4806 | CK11: =INDEX('Summary sales'!$A$6:$CA$48,MATCH($B11,'Summary sales'!$A$6:$A$48,0),MATCH($CJ$3,'Summary sales'!$A$7:$CA$7,0)) -> 3450.9 | CL11: =CK11-CJ11 -> -549.58065 | CM11: =CK11/CJ11 -> 0.86262135 | CN11: =INDEX('SO Februari 2026 Rev.2'!$B$6:$BG$49,MATCH(B11,'SO Februari 2026 Rev.2'!$B$6:$B$49,0),MATCH($CN$3,'SO Februari 2026 Rev.2'!$B$5:$XG$5,0)) -> 3500 | CO11: =INDEX('Summary sales'!$A$6:$CA$48,MATCH($B11,'Summary sales'!$A$6:$A$48,0),MATCH($CN$3,'Summary sales'!$A$7:$CA$7,0)) -> 3945.28 | CP11: =CO11-CN11 -> 445.28 | CQ11: =CO11/CN11 -> 1.1272229 | CR11: =INDEX('SO Februari 2026 Rev.2'!$B$6:$BG$49,MATCH(B11,'SO Februari 2026 Rev.2'!$B$6:$B$49,0),MATCH($CR$3,'SO Februari 2026 Rev.2'!$B$5:$XG$5,0)) -> 0 | CS11: =INDEX('Summary sales'!$A$6:$CA$48,MATCH($B11,'Summary sales'!$A$6:$A$48,0),MATCH($CR$3,'Summary sales'!$A$7:$CA$7,0)) -> 0 | CT11: =CS11-CR11 -> 0 | CU11: =CS11/CR11 -> #DIV/0! | CV11: =INDEX('SO Februari 2026 Rev.2'!$B$6:$BG$49,MATCH(B11,'SO Februari 2026 Rev.2'!$B$6:$B$49,0),MATCH($CV$3,'SO Februari 2026 Rev.2'!$B$5:$XG$5,0)) -> 11659.555 | CW11: =INDEX('Summary sales'!$A$6:$CA$48,MATCH($B11,'Summary sales'!$A$6:$A$48,0),MATCH($CV$3,'Summary sales'!$A$7:$CA$7,0)) -> 17090.617 | CX11: =CW11-CV11 -> 5431.0625 | CY11: =CW11/CV11 -> 1.4658036 | CZ11: =INDEX('SO Februari 2026 Rev.2'!$B$6:$BG$49,MATCH(B11,'SO Februari 2026 Rev.2'!$B$6:$B$49,0),MATCH($CZ$3,'SO Februari 2026 Rev.2'!$B$5:$XG$5,0)) -> 2020.8603 | DA11: =INDEX('Summary sales'!$A$6:$CA$48,MATCH($B11,'Summary sales'!$A$6:$A$48,0),MATCH($CZ$3,'Summary sales'!$A$7:$CA$7,0)) -> 2165.14 | DB11: =DA11-CZ11 -> 144.27968 | DC11: =DA11/CZ11 -> 1.0713952 | DD11: =INDEX('SO Februari 2026 Rev.2'!$B$6:$BG$49,MATCH(B11,'SO Februari 2026 Rev.2'!$B$6:$B$49,0),MATCH($DD$3,'SO Februari 2026 Rev.2'!$B$5:$XG$5,0)) -> 678.7 | DE11: =INDEX('Summary sales'!$A$6:$CA$48,MATCH($B11,'Summary sales'!$A$6:$A$48,0),MATCH($DD$3,'Summary sales'!$A$7:$CA$7,0)) -> 49.35 | DF11: =DE11-DD11 -> -629.35 | DG11: =DE11/DD11 -> 0.072712539 | DH11: =INDEX('SO Februari 2026 Rev.2'!$B$6:$BG$49,MATCH(B11,'SO Februari 2026 Rev.2'!$B$6:$B$49,0),MATCH($DH$3,'SO Februari 2026 Rev.2'!$B$5:$XG$5,0)) -> 7121.8519 | DI11: =INDEX('Summary sales'!$A$6:$CA$48,MATCH($B11,'Summary sales'!$A$6:$A$48,0),MATCH($DH$3,'Summary sales'!$A$7:$CA$7,0)) -> 8375.23 | DJ11: =DI11-DH11 -> 1253.3781 | DK11: =DI11/DH11 -> 1.1759905 | DL11: =INDEX('SO Februari 2026 Rev.2'!$B$6:$BG$49,MATCH(B11,'SO Februari 2026 Rev.2'!$B$6:$B$49,0),MATCH($DL$3,'SO Februari 2026 Rev.2'!$B$5:$XG$5,0)) -> 2443.8768 | DM11: =INDEX('Summary sales'!$A$6:$CA$48,MATCH($B11,'Summary sales'!$A$6:$A$48,0),MATCH($DL$3,'Summary sales'!$A$7:$CA$7,0)) -> 3602.68 | DN11: =DM11-DL11 -> 1158.8032 | DO11: =DM11/DL11 -> 1.474166 | DP11: =INDEX('SO Februari 2026 Rev.2'!$B$6:$BG$49,MATCH(B11,'SO Februari 2026 Rev.2'!$B$6:$B$49,0),MATCH($DP$3,'SO Februari 2026 Rev.2'!$B$5:$XG$5,0)) -> 2043.2745 | DQ11: =INDEX('Summary sales'!$A$6:$CA$48,MATCH($B11,'Summary sales'!$A$6:$A$48,0),MATCH($DP$3,'Summary sales'!$A$7:$CA$7,0)) -> 1465.53 | DR11: =DQ11-DP11 -> -577.74452 | DS11: =DQ11/DP11 -> 0.71724577 | DT11: =INDEX('SO Februari 2026 Rev.2'!$B$6:$BG$49,MATCH(B11,'SO Februari 2026 Rev.2'!$B$6:$B$49,0),MATCH($DT$3,'SO Februari 2026 Rev.2'!$B$5:$XG$5,0)) -> 1439.5303 | DU11: =INDEX('Summary sales'!$A$6:$CA$48,MATCH($B11,'Summary sales'!$A$6:$A$48,0),MATCH($DT$3,'Summary sales'!$A$7:$CA$7,0)) -> 2228.1 | DV11: =DU11-DT11 -> 788.56968 | DW11: =DU11/DT11 -> 1.5477965 | DX11: =INDEX('SO Februari 2026 Rev.2'!$B$6:$BG$49,MATCH(B11,'SO Februari 2026 Rev.2'!$B$6:$B$49,0),MATCH($DX$3,'SO Februari 2026 Rev.2'!$B$5:$XG$5,0)) -> 260.97419 | DY11: =INDEX('Summary sales'!$A$6:$CA$48,MATCH($B11,'Summary sales'!$A$6:$A$48,0),MATCH($DX$3,'Summary sales'!$A$7:$CA$7,0)) -> 1141.78 | DZ11: =DY11-DX11 -> 880.80581 | EA11: =DY11/DX11 -> 4.3750686 | EB11: =INDEX('SO Februari 2026 Rev.2'!$B$6:$BG$49,MATCH(B11,'SO Februari 2026 Rev.2'!$B$6:$B$49,0),MATCH($EB$3,'SO Februari 2026 Rev.2'!$B$5:$XG$5,0)) -> 11007.047 | EC11: =INDEX('Summary sales'!$A$6:$CA$48,MATCH($B11,'Summary sales'!$A$6:$A$48,0),MATCH($EB$3,'Summary sales'!$A$7:$CA$7,0)) -> 8884.54 | ED11: =EC11-EB11 -> -2122.5074 | EE11: =EC11/EB11 -> 0.80716832 | EF11: =INDEX('SO Februari 2026 Rev.2'!$B$6:$BG$49,MATCH(B11,'SO Februari 2026 Rev.2'!$B$6:$B$49,0),MATCH($EF$3,'SO Februari 2026 Rev.2'!$B$5:$XG$5,0)) -> 1519.5448 | EG11: =INDEX('Summary sales'!$A$6:$CA$48,MATCH($B11,'Summary sales'!$A$6:$A$48,0),MATCH($EF$3,'Summary sales'!$A$7:$CA$7,0)) -> 1170.06 | EH11: =EG11-EF11 -> -349.48484 | EI11: =EG11/EF11 -> 0.77000689 | EJ11: =INDEX('SO Februari 2026 Rev.2'!$B$6:$BG$49,MATCH(B11,'SO Februari 2026 Rev.2'!$B$6:$B$49,0),MATCH($EJ$3,'SO Februari 2026 Rev.2'!$B$5:$XG$5,0)) -> 3999.6742 | EK11: =INDEX('Summary sales'!$A$6:$CA$48,MATCH($B11,'Summary sales'!$A$6:$A$48,0),MATCH($EJ$3,'Summary sales'!$A$7:$CA$7,0)) -> 5032.35 | EL11: =EK11-EJ11 -> 1032.6758 | EM11: =EK11/EJ11 -> 1.25819 | EN11: =INDEX('SO Februari 2026 Rev.2'!$B$6:$BG$49,MATCH(B11,'SO Februari 2026 Rev.2'!$B$6:$B$49,0),MATCH($EN$3,'SO Februari 2026 Rev.2'!$B$5:$XG$5,0)) -> 5500 | EO11: =INDEX('Summary sales'!$A$6:$CA$48,MATCH(B11,'Summary sales'!$A$6:$A$48,0),MATCH($EN$3,'Summary sales'!$A$7:$CA$7,0)) -> 2363.85 | EP11: =EO11-EN11 -> -3136.15 | EQ11: =EO11/EN11 -> 0.42979091 | ER11: =INDEX('SO Februari 2026 Rev.2'!$B$6:$BG$49,MATCH(B11,'SO Februari 2026 Rev.2'!$B$6:$B$49,0),MATCH($ER$3,'SO Februari 2026 Rev.2'!$B$5:$XG$5,0)) -> 4482.6897 | ES11: =INDEX('Summary sales'!$A$6:$CA$48,MATCH($B11,'Summary sales'!$A$6:$A$48,0),MATCH($ER$3,'Summary sales'!$A$7:$CA$7,0)) -> 3828.39 | ET11: =ES11-ER11 -> -654.29968 | EU11: =ES11/ER11 -> 0.8540386 | EV11: =INDEX('SO Februari 2026 Rev.2'!$B$6:$BG$49,MATCH(B11,'SO Februari 2026 Rev.2'!$B$6:$B$49,0),MATCH($EV$3,'SO Februari 2026 Rev.2'!$B$5:$XG$5,0)) -> 26500 | EW11: =INDEX('Summary sales'!$A$6:$CA$48,MATCH($B11,'Summary sales'!$A$6:$A$48,0),MATCH($EV$3,'Summary sales'!$A$7:$CA$7,0)) -> 24121.14 | EX11: =EW11-EV11 -> -2378.86 | EY11: =EW11/EV11 -> 0.9102317 | EZ11: =INDEX('SO Februari 2026 Rev.2'!$B$6:$BG$49,MATCH(B11,'SO Februari 2026 Rev.2'!$B$6:$B$49,0),MATCH($EZ$3,'SO Februari 2026 Rev.2'!$B$5:$XG$5,0)) -> 8000 | FA11: =INDEX('Summary sales'!$A$6:$CA$48,MATCH(B11,'Summary sales'!$A$6:$A$48,0),MATCH($EZ$3,'Summary sales'!$A$7:$CA$7,0)) -> 6282.24 | FB11: =FA11-EZ11 -> -1717.76 | FC11: =FA11/EZ11 -> 0.78528 | FD11: =INDEX('SO Februari 2026 Rev.2'!$B$6:$BG$49,MATCH(B11,'SO Februari 2026 Rev.2'!$B$6:$B$49,0),MATCH($FD$3,'SO Februari 2026 Rev.2'!$B$5:$XG$5,0)) -> 2105.6477 | FE11: =INDEX('Summary sales'!$A$6:$CA$48,MATCH(B11,'Summary sales'!$A$6:$A$48,0),MATCH($FD$3,'Summary sales'!$A$7:$CA$7,0)) -> 3722.1 | FF11: =FE11-FD11 -> 1616.4523 | FG11: =FE11/FD11 -> 1.7676746 | FH11: =INDEX('SO Februari 2026 Rev.2'!$B$6:$BG$49,MATCH(B11,'SO Februari 2026 Rev.2'!$B$6:$B$49,0),MATCH($FH$3,'SO Februari 2026 Rev.2'!$B$5:$XG$5,0)) -> 726.81516 | FI11: =INDEX('Summary sales'!$A$6:$CA$48,MATCH(B11,'Summary sales'!$A$6:$A$48,0),MATCH($FH$3,'Summary sales'!$A$7:$CA$7,0)) -> 794.98 | FJ11: =FI11-FH11 -> 68.164839 | FK11: =FI11/FH11 -> 1.0937857 | FL11: =INDEX('SO Februari 2026 Rev.2'!$B$6:$BG$49,MATCH(B11,'SO Februari 2026 Rev.2'!$B$6:$B$49,0),MATCH($FL$3,'SO Februari 2026 Rev.2'!$B$5:$XG$5,0)) -> 3018.0416 | FM11: =INDEX('Summary sales'!$A$6:$CA$48,MATCH(B11,'Summary sales'!$A$6:$A$48,0),MATCH($FL$3,'Summary sales'!$A$7:$CA$7,0)) -> 4891.73 | FN11: =FM11-FL11 -> 1873.6884 | FO11: =FM11/FL11 -> 1.6208292 | FP11: =INDEX('SO Februari 2026 Rev.2'!$B$6:$BG$49,MATCH(B11,'SO Februari 2026 Rev.2'!$B$6:$B$49,0),MATCH($FP$3,'SO Februari 2026 Rev.2'!$B$5:$XG$5,0)) -> 2044.9997 | FQ11: =INDEX('Summary sales'!$A$6:$CA$48,MATCH(B11,'Summary sales'!$A$6:$A$48,0),MATCH($FP$3,'Summary sales'!$A$7:$CA$7,0)) -> 4588.3 | FR11: =FQ11-FP11 -> 2543.3003 | FS11: =FQ11/FP11 -> 2.2436678 | FT11: =INDEX('SO Februari 2026 Rev.2'!$B$6:$BG$49,MATCH(B11,'SO Februari 2026 Rev.2'!$B$6:$B$49,0),MATCH($FT$3,'SO Februari 2026 Rev.2'!$B$5:$XG$5,0)) -> 369.61071 | FU11: =INDEX('Summary sales'!$A$6:$CA$48,MATCH(B11,'Summary sales'!$A$6:$A$48,0),MATCH($FT$3,'Summary sales'!$A$7:$CA$7,0)) -> 0 | FV11: =FU11-FT11 -> -369.61071 | FW11: =FU11/FT11 -> 0 | FX11: =INDEX('SO Februari 2026 Rev.2'!$B$6:$BG$49,MATCH(B11,'SO Februari 2026 Rev.2'!$B$6:$B$49,0),MATCH($FX$3,'SO Februari 2026 Rev.2'!$B$5:$XG$5,0)) -> 9000 | FY11: =INDEX('Summary sales'!$A$6:$CA$48,MATCH(B11,'Summary sales'!$A$6:$A$48,0),MATCH($FX$3,'Summary sales'!$A$7:$CA$7,0)) -> 4367.708 | FZ11: =FY11-FX11 -> -4632.292 | GA11: =FY11/FX11 -> 0.48530089 | GB11: =INDEX('SO Februari 2026 Rev.2'!$B$6:$BG$49,MATCH(B11,'SO Februari 2026 Rev.2'!$B$6:$B$49,0),MATCH($GB$3,'SO Februari 2026 Rev.2'!$B$5:$XG$5,0)) -> 3500 | GC11: =INDEX('Summary sales'!$A$6:$CA$48,MATCH($B11,'Summary sales'!$A$6:$A$48,0),MATCH($GB$3,'Summary sales'!$A$7:$CA$7,0)) -> 5402.51 | GD11: =GC11-GB11 -> 1902.51 | GE11: =GC11/GB11 -> 1.5435743 | GF11: =INDEX('SO Februari 2026 Rev.2'!$B$6:$BG$49,MATCH(B11,'SO Februari 2026 Rev.2'!$B$6:$B$49,0),MATCH($GF$3,'SO Februari 2026 Rev.2'!$B$5:$XG$5,0)) -> 1121.9003 | GG11: =INDEX('Summary sales'!$A$6:$CA$48,MATCH($B11,'Summary sales'!$A$6:$A$48,0),MATCH($GF$3,'Summary sales'!$A$7:$CA$7,0)) -> 2370.54 | GH11: =GG11-GF11 -> 1248.6397 | GI11: =GG11/GF11 -> 2.1129685 | GJ11: =INDEX('SO Februari 2026 Rev.2'!$B$6:$BG$49,MATCH(B11,'SO Februari 2026 Rev.2'!$B$6:$B$49,0),MATCH($GJ$3,'SO Februari 2026 Rev.2'!$B$5:$XG$5,0)) -> 1500 | GK11: =INDEX('Summary sales'!$A$6:$CA$48,MATCH(B11,'Summary sales'!$A$6:$A$48,0),MATCH($GJ$3,'Summary sales'!$A$7:$CA$7,0)) -> 1715.189 | GL11: =GK11-GJ11 -> 215.189 | GM11: =GK11/GJ11 -> 1.1434593 | GN11: =INDEX('SO Februari 2026 Rev.2'!$B$6:$BG$49,MATCH(B11,'SO Februari 2026 Rev.2'!$B$6:$B$49,0),MATCH($GN$3,'SO Februari 2026 Rev.2'!$B$5:$XG$5,0)) -> 2499.7026 | GO11: =INDEX('Summary sales'!$A$6:$CA$48,MATCH(B11,'Summary sales'!$A$6:$A$48,0),MATCH($GN$3,'Summary sales'!$A$7:$CA$7,0)) -> 4255.95 | GP11: =GO11-GN11 -> 1756.2474 | GQ11: =GO11/GN11 -> 1.7025826 | GR11: =INDEX('SO Februari 2026 Rev.2'!$B$6:$BG$49,MATCH(B11,'SO Februari 2026 Rev.2'!$B$6:$B$49,0),MATCH($GR$3,'SO Februari 2026 Rev.2'!$B$5:$XG$5,0)) -> 4500 | GS11: =INDEX('Summary sales'!$A$6:$CA$48,MATCH(B11,'Summary sales'!$A$6:$A$48,0),MATCH($GR$3,'Summary sales'!$A$7:$CA$7,0)) -> 0 | GT11: =GS11-GR11 -> -4500 | GU11: =GS11/GR11 -> 0
B12: =B11+1 -> 46059 | C12: =TEXT(B12,"ddd") -> Jum | D12: =SUMIF($H$4:$GT$4,$D$4,H12:GT12) -> 180951.47 | E12: =SUMIF($H$4:$GT$4,$E$4,H12:GT12) -> 165815.52 | F12: =E12-D12 -> -15135.948 | G12: =E12/D12 -> 0.91635355 | H12: =INDEX('SO Februari 2026 Rev.2'!$B$6:$BG$49,MATCH(B12,'SO Februari 2026 Rev.2'!$B$6:$B$49,0),MATCH($H$3,'SO Februari 2026 Rev.2'!$B$5:$XG$5,0)) -> 812.17 | I12: =INDEX('Summary sales'!$A$6:$CA$48,MATCH(B12,'Summary sales'!$A$6:$A$48,0),MATCH($H$3,'Summary sales'!$A$7:$CA$7,0)) -> 1168.26 | J12: =I12-H12 -> 356.09 | K12: =I12/H12 -> 1.4384427 | L12: =INDEX('SO Februari 2026 Rev.2'!$B$6:$BG$49,MATCH(B12,'SO Februari 2026 Rev.2'!$B$6:$B$49,0),MATCH($L$3,'SO Februari 2026 Rev.2'!$B$5:$XG$5,0)) -> 3000 | M12: =INDEX('Summary sales'!$A$6:$CA$48,MATCH($B12,'Summary sales'!$A$6:$A$48,0),MATCH($L$3,'Summary sales'!$A$7:$CA$7,0)) -> 2659.29 | N12: =M12-L12 -> -340.71 | O12: =M12/L12 -> 0.88643 | P12: =INDEX('SO Februari 2026 Rev.2'!$B$6:$BG$49,MATCH(B12,'SO Februari 2026 Rev.2'!$B$6:$B$49,0),MATCH($P$3,'SO Februari 2026 Rev.2'!$B$5:$XG$5,0)) -> 1129.7313 | Q12: =INDEX('Summary sales'!$A$6:$CA$48,MATCH($B12,'Summary sales'!$A$6:$A$48,0),MATCH($P$3,'Summary sales'!$A$7:$CA$7,0)) -> 1150.78 | R12: =Q12-P12 -> 21.04871 | S12: =Q12/P12 -> 1.0186316 | T12: =INDEX('SO Februari 2026 Rev.2'!$B$6:$BG$49,MATCH(B12,'SO Februari 2026 Rev.2'!$B$6:$B$49,0),MATCH($T$3,'SO Februari 2026 Rev.2'!$B$5:$XG$5,0)) -> 3282.5161 | U12: =INDEX('Summary sales'!$A$6:$CA$48,MATCH($B12,'Summary sales'!$A$6:$A$48,0),MATCH($T$3,'Summary sales'!$A$7:$CA$7,0)) -> 3348.59 | V12: =U12-T12 -> 66.073871 | W12: =U12/T12 -> 1.020129 | X12: =INDEX('SO Februari 2026 Rev.2'!$B$6:$BG$49,MATCH(B12,'SO Februari 2026 Rev.2'!$B$6:$B$49,0),MATCH($X$3,'SO Februari 2026 Rev.2'!$B$5:$XG$5,0)) -> 644.02065 | Y12: =INDEX('Summary sales'!$A$6:$CA$48,MATCH($B12,'Summary sales'!$A$6:$A$48,0),MATCH($X$3,'Summary sales'!$A$7:$CA$7,0)) -> 481.37 | Z12: =Y12-X12 -> -162.65065 | AA12: =Y12/X12 -> 0.74744498 | AB12: =INDEX('SO Februari 2026 Rev.2'!$B$6:$BG$49,MATCH(B12,'SO Februari 2026 Rev.2'!$B$6:$B$49,0),MATCH($AB$3,'SO Februari 2026 Rev.2'!$B$5:$XG$5,0)) -> 5500 | AC12: =INDEX('Summary sales'!$A$6:$CA$48,MATCH($B12,'Summary sales'!$A$6:$A$48,0),MATCH($AB$3,'Summary sales'!$A$7:$CA$7,0)) -> 806.39 | AD12: =AC12-AB12 -> -4693.61 | AE12: =AC12/AB12 -> 0.14661636 | AF12: =INDEX('SO Februari 2026 Rev.2'!$B$6:$BG$49,MATCH(B12,'SO Februari 2026 Rev.2'!$B$6:$B$49,0),MATCH($AF$3,'SO Februari 2026 Rev.2'!$B$5:$XG$5,0)) -> 166.97065 | AG12: =INDEX('Summary sales'!$A$6:$CA$48,MATCH($B12,'Summary sales'!$A$6:$A$48,0),MATCH($AF$3,'Summary sales'!$A$7:$CA$7,0)) -> 0.48 | AH12: =AG12-AF12 -> -166.49065 | AI12: =AG12/AF12 -> 0.0028747568 | AJ12: =INDEX('SO Februari 2026 Rev.2'!$B$6:$BG$49,MATCH(B12,'SO Februari 2026 Rev.2'!$B$6:$B$49,0),MATCH($AJ$3,'SO Februari 2026 Rev.2'!$B$5:$XG$5,0)) -> 603.76323 | AK12: =INDEX('Summary sales'!$A$6:$CA$48,MATCH($B12,'Summary sales'!$A$6:$A$48,0),MATCH($AJ$3,'Summary sales'!$A$7:$CA$7,0)) -> 883.03 | AL12: =AK12-AJ12 -> 279.26677 | AM12: =AK12/AJ12 -> 1.4625435 | AN12: =INDEX('SO Februari 2026 Rev.2'!$B$6:$BG$49,MATCH(B12,'SO Februari 2026 Rev.2'!$B$6:$B$49,0),MATCH($AN$3,'SO Februari 2026 Rev.2'!$B$5:$XG$5,0)) -> 673.27548 | AO12: =INDEX('Summary sales'!$A$6:$CA$48,MATCH($B12,'Summary sales'!$A$6:$A$48,0),MATCH($AN$3,'Summary sales'!$A$7:$CA$7,0)) -> 671.24 | AP12: =AO12-AN12 -> -2.0354839 | AQ12: =AO12/AN12 -> 0.99697674 | AR12: =INDEX('SO Februari 2026 Rev.2'!$B$6:$BG$49,MATCH(B12,'SO Februari 2026 Rev.2'!$B$6:$B$49,0),MATCH($AR$3,'SO Februari 2026 Rev.2'!$B$5:$XG$5,0)) -> 4514.199 | AS12: =INDEX('Summary sales'!$A$6:$CA$48,MATCH($B12,'Summary sales'!$A$6:$A$48,0),MATCH($AR$3,'Summary sales'!$A$7:$CA$7,0)) -> 5810.03 | AT12: =AS12-AR12 -> 1295.831 | AU12: =AS12/AR12 -> 1.2870567 | AV12: =INDEX('SO Februari 2026 Rev.2'!$B$6:$BG$49,MATCH(B12,'SO Februari 2026 Rev.2'!$B$6:$B$49,0),MATCH($AV$3,'SO Februari 2026 Rev.2'!$B$5:$XG$5,0)) -> 8000.0623 | AW12: =INDEX('Summary sales'!$A$6:$CA$48,MATCH($B12,'Summary sales'!$A$6:$A$48,0),MATCH($AV$3,'Summary sales'!$A$7:$CA$7,0)) -> 5784.22 | AX12: =AW12-AV12 -> -2215.8423 | AY12: =AW12/AV12 -> 0.72302187 | AZ12: =INDEX('SO Februari 2026 Rev.2'!$B$6:$BG$49,MATCH(B12,'SO Februari 2026 Rev.2'!$B$6:$B$49,0),MATCH($AZ$3,'SO Februari 2026 Rev.2'!$B$5:$XG$5,0)) -> 2874.3265 | BA12: =INDEX('Summary sales'!$A$6:$CA$48,MATCH($B12,'Summary sales'!$A$6:$A$48,0),MATCH($AZ$3,'Summary sales'!$A$7:$CA$7,0)) -> 1831.69 | BB12: =BA12-AZ12 -> -1042.6365 | BC12: =BA12/AZ12 -> 0.63725886 | BD12: =INDEX('SO Februari 2026 Rev.2'!$B$6:$BG$49,MATCH(B12,'SO Februari 2026 Rev.2'!$B$6:$B$49,0),MATCH($BD$3,'SO Februari 2026 Rev.2'!$B$5:$XG$5,0)) -> 500 | BE12: =INDEX('Summary sales'!$A$6:$CA$48,MATCH($B12,'Summary sales'!$A$6:$A$48,0),MATCH($BD$3,'Summary sales'!$A$7:$CA$7,0)) -> 16.49 | BF12: =BE12-BD12 -> -483.51 | BG12: =BE12/BD12 -> 0.03298 | BH12: =INDEX('SO Februari 2026 Rev.2'!$B$6:$BG$49,MATCH(B12,'SO Februari 2026 Rev.2'!$B$6:$B$49,0),MATCH($BH$3,'SO Februari 2026 Rev.2'!$B$5:$XG$5,0)) -> 3600 | BI12: =INDEX('Summary sales'!$A$6:$CA$48,MATCH($B12,'Summary sales'!$A$6:$A$48,0),MATCH($BH$3,'Summary sales'!$A$7:$CA$7,0)) -> 1293.86 | BJ12: =BI12-BH12 -> -2306.14 | BK12: =BI12/BH12 -> 0.35940556 | BL12: =INDEX('SO Februari 2026 Rev.2'!$B$6:$BG$49,MATCH(B12,'SO Februari 2026 Rev.2'!$B$6:$B$49,0),MATCH($BL$3,'SO Februari 2026 Rev.2'!$B$5:$XG$5,0)) -> 9000.0571 | BM12: =INDEX('Summary sales'!$A$6:$CA$48,MATCH($B12,'Summary sales'!$A$6:$A$48,0),MATCH($BL$3,'Summary sales'!$A$7:$CA$7,0)) -> 11095.52 | BN12: =BM12-BL12 -> 2095.4629 | BO12: =BM12/BL12 -> 1.2328277 | BP12: =INDEX('SO Februari 2026 Rev.2'!$B$6:$BG$49,MATCH(B12,'SO Februari 2026 Rev.2'!$B$6:$B$49,0),MATCH($BP$3,'SO Februari 2026 Rev.2'!$B$5:$XG$5,0)) -> 926.09448 | BQ12: =INDEX('Summary sales'!$A$6:$CA$48,MATCH($B12,'Summary sales'!$A$6:$A$48,0),MATCH($BP$3,'Summary sales'!$A$7:$CA$7,0)) -> 872.6 | BR12: =BQ12-BP12 -> -53.494484 | BS12: =BQ12/BP12 -> 0.94223647 | BT12: =INDEX('SO Februari 2026 Rev.2'!$B$6:$BG$49,MATCH(B12,'SO Februari 2026 Rev.2'!$B$6:$B$49,0),MATCH($BT$3,'SO Februari 2026 Rev.2'!$B$5:$XG$5,0)) -> 5500 | BU12: =INDEX('Summary sales'!$A$6:$CA$48,MATCH($B12,'Summary sales'!$A$6:$A$48,0),MATCH($BT$3,'Summary sales'!$A$7:$CA$7,0)) -> 5786.4 | BV12: =BU12-BT12 -> 286.4 | BW12: =BU12/BT12 -> 1.0520727 | BX12: =INDEX('SO Februari 2026 Rev.2'!$B$6:$BG$49,MATCH(B12,'SO Februari 2026 Rev.2'!$B$6:$B$49,0),MATCH($BX$3,'SO Februari 2026 Rev.2'!$B$5:$XG$5,0)) -> 70.054839 | BY12: =INDEX('Summary sales'!$A$6:$CA$48,MATCH($B12,'Summary sales'!$A$6:$A$48,0),MATCH($BX$3,'Summary sales'!$A$7:$CA$7,0)) -> 116.8 | BZ12: =BY12-BX12 -> 46.745161 | CA12: =BY12/BX12 -> 1.6672653 | CB12: =INDEX('SO Februari 2026 Rev.2'!$B$6:$BG$49,MATCH(B12,'SO Februari 2026 Rev.2'!$B$6:$B$49,0),MATCH($CB$3,'SO Februari 2026 Rev.2'!$B$5:$XG$5,0)) -> 89.451613 | CC12: =INDEX('Summary sales'!$A$6:$CA$48,MATCH($B12,'Summary sales'!$A$6:$A$48,0),MATCH($CB$3,'Summary sales'!$A$7:$CA$7,0)) -> 57 | CD12: =CC12-CB12 -> -32.451613 | CE12: =CC12/CB12 -> 0.63721601 | CF12: =INDEX('SO Februari 2026 Rev.2'!$B$6:$BG$49,MATCH(B12,'SO Februari 2026 Rev.2'!$B$6:$B$49,0),MATCH($CF$3,'SO Februari 2026 Rev.2'!$B$5:$XG$5,0)) -> 3500 | CG12: =INDEX('Summary sales'!$A$6:$CA$48,MATCH($B12,'Summary sales'!$A$6:$A$48,0),MATCH($CF$3,'Summary sales'!$A$7:$CA$7,0)) -> 2467.8 | CH12: =CG12-CF12 -> -1032.2 | CI12: =CG12/CF12 -> 0.70508571 | CJ12: =INDEX('SO Februari 2026 Rev.2'!$B$6:$BG$49,MATCH(B12,'SO Februari 2026 Rev.2'!$B$6:$B$49,0),MATCH($CJ$3,'SO Februari 2026 Rev.2'!$B$5:$XG$5,0)) -> 4000.4806 | CK12: =INDEX('Summary sales'!$A$6:$CA$48,MATCH($B12,'Summary sales'!$A$6:$A$48,0),MATCH($CJ$3,'Summary sales'!$A$7:$CA$7,0)) -> 4538.3 | CL12: =CK12-CJ12 -> 537.81935 | CM12: =CK12/CJ12 -> 1.1344387 | CN12: =INDEX('SO Februari 2026 Rev.2'!$B$6:$BG$49,MATCH(B12,'SO Februari 2026 Rev.2'!$B$6:$B$49,0),MATCH($CN$3,'SO Februari 2026 Rev.2'!$B$5:$XG$5,0)) -> 3500 | CO12: =INDEX('Summary sales'!$A$6:$CA$48,MATCH($B12,'Summary sales'!$A$6:$A$48,0),MATCH($CN$3,'Summary sales'!$A$7:$CA$7,0)) -> 3316.79 | CP12: =CO12-CN12 -> -183.21 | CQ12: =CO12/CN12 -> 0.94765429 | CR12: =INDEX('SO Februari 2026 Rev.2'!$B$6:$BG$49,MATCH(B12,'SO Februari 2026 Rev.2'!$B$6:$B$49,0),MATCH($CR$3,'SO Februari 2026 Rev.2'!$B$5:$XG$5,0)) -> 0 | CS12: =INDEX('Summary sales'!$A$6:$CA$48,MATCH($B12,'Summary sales'!$A$6:$A$48,0),MATCH($CR$3,'Summary sales'!$A$7:$CA$7,0)) -> 0 | CT12: =CS12-CR12 -> 0 | CU12: =CS12/CR12 -> #DIV/0! | CV12: =INDEX('SO Februari 2026 Rev.2'!$B$6:$BG$49,MATCH(B12,'SO Februari 2026 Rev.2'!$B$6:$B$49,0),MATCH($CV$3,'SO Februari 2026 Rev.2'!$B$5:$XG$5,0)) -> 11659.555 | CW12: =INDEX('Summary sales'!$A$6:$CA$48,MATCH($B12,'Summary sales'!$A$6:$A$48,0),MATCH($CV$3,'Summary sales'!$A$7:$CA$7,0)) -> 18337.909 | CX12: =CW12-CV12 -> 6678.3545 | CY12: =CW12/CV12 -> 1.5727796 | CZ12: =INDEX('SO Februari 2026 Rev.2'!$B$6:$BG$49,MATCH(B12,'SO Februari 2026 Rev.2'!$B$6:$B$49,0),MATCH($CZ$3,'SO Februari 2026 Rev.2'!$B$5:$XG$5,0)) -> 2020.8603 | DA12: =INDEX('Summary sales'!$A$6:$CA$48,MATCH($B12,'Summary sales'!$A$6:$A$48,0),MATCH($CZ$3,'Summary sales'!$A$7:$CA$7,0)) -> 1969.72 | DB12: =DA12-CZ12 -> -51.140323 | DC12: =DA12/CZ12 -> 0.97469379 | DD12: =INDEX('SO Februari 2026 Rev.2'!$B$6:$BG$49,MATCH(B12,'SO Februari 2026 Rev.2'!$B$6:$B$49,0),MATCH($DD$3,'SO Februari 2026 Rev.2'!$B$5:$XG$5,0)) -> 678.7 | DE12: =INDEX('Summary sales'!$A$6:$CA$48,MATCH($B12,'Summary sales'!$A$6:$A$48,0),MATCH($DD$3,'Summary sales'!$A$7:$CA$7,0)) -> 810.65 | DF12: =DE12-DD12 -> 131.95 | DG12: =DE12/DD12 -> 1.1944158 | DH12: =INDEX('SO Februari 2026 Rev.2'!$B$6:$BG$49,MATCH(B12,'SO Februari 2026 Rev.2'!$B$6:$B$49,0),MATCH($DH$3,'SO Februari 2026 Rev.2'!$B$5:$XG$5,0)) -> 7121.8519 | DI12: =INDEX('Summary sales'!$A$6:$CA$48,MATCH($B12,'Summary sales'!$A$6:$A$48,0),MATCH($DH$3,'Summary sales'!$A$7:$CA$7,0)) -> 7387.98 | DJ12: =DI12-DH12 -> 266.12806 | DK12: =DI12/DH12 -> 1.0373678 | DL12: =INDEX('SO Februari 2026 Rev.2'!$B$6:$BG$49,MATCH(B12,'SO Februari 2026 Rev.2'!$B$6:$B$49,0),MATCH($DL$3,'SO Februari 2026 Rev.2'!$B$5:$XG$5,0)) -> 2443.8768 | DM12: =INDEX('Summary sales'!$A$6:$CA$48,MATCH($B12,'Summary sales'!$A$6:$A$48,0),MATCH($DL$3,'Summary sales'!$A$7:$CA$7,0)) -> 3171.05 | DN12: =DM12-DL12 -> 727.17323 | DO12: =DM12/DL12 -> 1.2975491 | DP12: =INDEX('SO Februari 2026 Rev.2'!$B$6:$BG$49,MATCH(B12,'SO Februari 2026 Rev.2'!$B$6:$B$49,0),MATCH($DP$3,'SO Februari 2026 Rev.2'!$B$5:$XG$5,0)) -> 2043.2745 | DQ12: =INDEX('Summary sales'!$A$6:$CA$48,MATCH($B12,'Summary sales'!$A$6:$A$48,0),MATCH($DP$3,'Summary sales'!$A$7:$CA$7,0)) -> 1110.66 | DR12: =DQ12-DP12 -> -932.61452 | DS12: =DQ12/DP12 -> 0.54356866 | DT12: =INDEX('SO Februari 2026 Rev.2'!$B$6:$BG$49,MATCH(B12,'SO Februari 2026 Rev.2'!$B$6:$B$49,0),MATCH($DT$3,'SO Februari 2026 Rev.2'!$B$5:$XG$5,0)) -> 1439.5303 | DU12: =INDEX('Summary sales'!$A$6:$CA$48,MATCH($B12,'Summary sales'!$A$6:$A$48,0),MATCH($DT$3,'Summary sales'!$A$7:$CA$7,0)) -> 2082.21 | DV12: =DU12-DT12 -> 642.67968 | DW12: =DU12/DT12 -> 1.4464509 | DX12: =INDEX('SO Februari 2026 Rev.2'!$B$6:$BG$49,MATCH(B12,'SO Februari 2026 Rev.2'!$B$6:$B$49,0),MATCH($DX$3,'SO Februari 2026 Rev.2'!$B$5:$XG$5,0)) -> 260.97419 | DY12: =INDEX('Summary sales'!$A$6:$CA$48,MATCH($B12,'Summary sales'!$A$6:$A$48,0),MATCH($DX$3,'Summary sales'!$A$7:$CA$7,0)) -> 677.8 | DZ12: =DY12-DX12 -> 416.82581 | EA12: =DY12/DX12 -> 2.5971917 | EB12: =INDEX('SO Februari 2026 Rev.2'!$B$6:$BG$49,MATCH(B12,'SO Februari 2026 Rev.2'!$B$6:$B$49,0),MATCH($EB$3,'SO Februari 2026 Rev.2'!$B$5:$XG$5,0)) -> 11007.047 | EC12: =INDEX('Summary sales'!$A$6:$CA$48,MATCH($B12,'Summary sales'!$A$6:$A$48,0),MATCH($EB$3,'Summary sales'!$A$7:$CA$7,0)) -> 9031.97 | ED12: =EC12-EB12 -> -1975.0774 | EE12: =EC12/EB12 -> 0.82056247 | EF12: =INDEX('SO Februari 2026 Rev.2'!$B$6:$BG$49,MATCH(B12,'SO Februari 2026 Rev.2'!$B$6:$B$49,0),MATCH($EF$3,'SO Februari 2026 Rev.2'!$B$5:$XG$5,0)) -> 1519.5448 | EG12: =INDEX('Summary sales'!$A$6:$CA$48,MATCH($B12,'Summary sales'!$A$6:$A$48,0),MATCH($EF$3,'Summary sales'!$A$7:$CA$7,0)) -> 1619.91 | EH12: =EG12-EF12 -> 100.36516 | EI12: =EG12/EF12 -> 1.0660495 | EJ12: =INDEX('SO Februari 2026 Rev.2'!$B$6:$BG$49,MATCH(B12,'SO Februari 2026 Rev.2'!$B$6:$B$49,0),MATCH($EJ$3,'SO Februari 2026 Rev.2'!$B$5:$XG$5,0)) -> 3999.6742 | EK12: =INDEX('Summary sales'!$A$6:$CA$48,MATCH($B12,'Summary sales'!$A$6:$A$48,0),MATCH($EJ$3,'Summary sales'!$A$7:$CA$7,0)) -> 5059.83 | EL12: =EK12-EJ12 -> 1060.1558 | EM12: =EK12/EJ12 -> 1.2650605 | EN12: =INDEX('SO Februari 2026 Rev.2'!$B$6:$BG$49,MATCH(B12,'SO Februari 2026 Rev.2'!$B$6:$B$49,0),MATCH($EN$3,'SO Februari 2026 Rev.2'!$B$5:$XG$5,0)) -> 5500 | EO12: =INDEX('Summary sales'!$A$6:$CA$48,MATCH(B12,'Summary sales'!$A$6:$A$48,0),MATCH($EN$3,'Summary sales'!$A$7:$CA$7,0)) -> 1461.31 | EP12: =EO12-EN12 -> -4038.69 | EQ12: =EO12/EN12 -> 0.26569273 | ER12: =INDEX('SO Februari 2026 Rev.2'!$B$6:$BG$49,MATCH(B12,'SO Februari 2026 Rev.2'!$B$6:$B$49,0),MATCH($ER$3,'SO Februari 2026 Rev.2'!$B$5:$XG$5,0)) -> 4482.6897 | ES12: =INDEX('Summary sales'!$A$6:$CA$48,MATCH($B12,'Summary sales'!$A$6:$A$48,0),MATCH($ER$3,'Summary sales'!$A$7:$CA$7,0)) -> 3975.4 | ET12: =ES12-ER12 -> -507.28968 | EU12: =ES12/ER12 -> 0.88683364 | EV12: =INDEX('SO Februari 2026 Rev.2'!$B$6:$BG$49,MATCH(B12,'SO Februari 2026 Rev.2'!$B$6:$B$49,0),MATCH($EV$3,'SO Februari 2026 Rev.2'!$B$5:$XG$5,0)) -> 26500 | EW12: =INDEX('Summary sales'!$A$6:$CA$48,MATCH($B12,'Summary sales'!$A$6:$A$48,0),MATCH($EV$3,'Summary sales'!$A$7:$CA$7,0)) -> 25089.08 | EX12: =EW12-EV12 -> -1410.92 | EY12: =EW12/EV12 -> 0.94675774 | EZ12: =INDEX('SO Februari 2026 Rev.2'!$B$6:$BG$49,MATCH(B12,'SO Februari 2026 Rev.2'!$B$6:$B$49,0),MATCH($EZ$3,'SO Februari 2026 Rev.2'!$B$5:$XG$5,0)) -> 8000 | FA12: =INDEX('Summary sales'!$A$6:$CA$48,MATCH(B12,'Summary sales'!$A$6:$A$48,0),MATCH($EZ$3,'Summary sales'!$A$7:$CA$7,0)) -> 1979.52 | FB12: =FA12-EZ12 -> -6020.48 | FC12: =FA12/EZ12 -> 0.24744 | FD12: =INDEX('SO Februari 2026 Rev.2'!$B$6:$BG$49,MATCH(B12,'SO Februari 2026 Rev.2'!$B$6:$B$49,0),MATCH($FD$3,'SO Februari 2026 Rev.2'!$B$5:$XG$5,0)) -> 2105.6477 | FE12: =INDEX('Summary sales'!$A$6:$CA$48,MATCH(B12,'Summary sales'!$A$6:$A$48,0),MATCH($FD$3,'Summary sales'!$A$7:$CA$7,0)) -> 2601.7 | FF12: =FE12-FD12 -> 496.05226 | FG12: =FE12/FD12 -> 1.2355818 | FH12: =INDEX('SO Februari 2026 Rev.2'!$B$6:$BG$49,MATCH(B12,'SO Februari 2026 Rev.2'!$B$6:$B$49,0),MATCH($FH$3,'SO Februari 2026 Rev.2'!$B$5:$XG$5,0)) -> 726.81516 | FI12: =INDEX('Summary sales'!$A$6:$CA$48,MATCH(B12,'Summary sales'!$A$6:$A$48,0),MATCH($FH$3,'Summary sales'!$A$7:$CA$7,0)) -> 813.02 | FJ12: =FI12-FH12 -> 86.204839 | FK12: =FI12/FH12 -> 1.1186063 | FL12: =INDEX('SO Februari 2026 Rev.2'!$B$6:$BG$49,MATCH(B12,'SO Februari 2026 Rev.2'!$B$6:$B$49,0),MATCH($FL$3,'SO Februari 2026 Rev.2'!$B$5:$XG$5,0)) -> 3018.0416 | FM12: =INDEX('Summary sales'!$A$6:$CA$48,MATCH(B12,'Summary sales'!$A$6:$A$48,0),MATCH($FL$3,'Summary sales'!$A$7:$CA$7,0)) -> 3777.84 | FN12: =FM12-FL12 -> 759.79839 | FO12: =FM12/FL12 -> 1.2517521 | FP12: =INDEX('SO Februari 2026 Rev.2'!$B$6:$BG$49,MATCH(B12,'SO Februari 2026 Rev.2'!$B$6:$B$49,0),MATCH($FP$3,'SO Februari 2026 Rev.2'!$B$5:$XG$5,0)) -> 2044.9997 | FQ12: =INDEX('Summary sales'!$A$6:$CA$48,MATCH(B12,'Summary sales'!$A$6:$A$48,0),MATCH($FP$3,'Summary sales'!$A$7:$CA$7,0)) -> 3947.9 | FR12: =FQ12-FP12 -> 1902.9003 | FS12: =FQ12/FP12 -> 1.9305138 | FT12: =INDEX('SO Februari 2026 Rev.2'!$B$6:$BG$49,MATCH(B12,'SO Februari 2026 Rev.2'!$B$6:$B$49,0),MATCH($FT$3,'SO Februari 2026 Rev.2'!$B$5:$XG$5,0)) -> 369.61071 | FU12: =INDEX('Summary sales'!$A$6:$CA$48,MATCH(B12,'Summary sales'!$A$6:$A$48,0),MATCH($FT$3,'Summary sales'!$A$7:$CA$7,0)) -> 0 | FV12: =FU12-FT12 -> -369.61071 | FW12: =FU12/FT12 -> 0 | FX12: =INDEX('SO Februari 2026 Rev.2'!$B$6:$BG$49,MATCH(B12,'SO Februari 2026 Rev.2'!$B$6:$B$49,0),MATCH($FX$3,'SO Februari 2026 Rev.2'!$B$5:$XG$5,0)) -> 9000 | FY12: =INDEX('Summary sales'!$A$6:$CA$48,MATCH(B12,'Summary sales'!$A$6:$A$48,0),MATCH($FX$3,'Summary sales'!$A$7:$CA$7,0)) -> 4280.4 | FZ12: =FY12-FX12 -> -4719.6 | GA12: =FY12/FX12 -> 0.4756 | GB12: =INDEX('SO Februari 2026 Rev.2'!$B$6:$BG$49,MATCH(B12,'SO Februari 2026 Rev.2'!$B$6:$B$49,0),MATCH($GB$3,'SO Februari 2026 Rev.2'!$B$5:$XG$5,0)) -> 3500 | GC12: =INDEX('Summary sales'!$A$6:$CA$48,MATCH($B12,'Summary sales'!$A$6:$A$48,0),MATCH($GB$3,'Summary sales'!$A$7:$CA$7,0)) -> 5178.463 | GD12: =GC12-GB12 -> 1678.463 | GE12: =GC12/GB12 -> 1.4795609 | GF12: =INDEX('SO Februari 2026 Rev.2'!$B$6:$BG$49,MATCH(B12,'SO Februari 2026 Rev.2'!$B$6:$B$49,0),MATCH($GF$3,'SO Februari 2026 Rev.2'!$B$5:$XG$5,0)) -> 1121.9003 | GG12: =INDEX('Summary sales'!$A$6:$CA$48,MATCH($B12,'Summary sales'!$A$6:$A$48,0),MATCH($GF$3,'Summary sales'!$A$7:$CA$7,0)) -> 2029.49 | GH12: =GG12-GF12 -> 907.58968 | GI12: =GG12/GF12 -> 1.8089753 | GJ12: =INDEX('SO Februari 2026 Rev.2'!$B$6:$BG$49,MATCH(B12,'SO Februari 2026 Rev.2'!$B$6:$B$49,0),MATCH($GJ$3,'SO Februari 2026 Rev.2'!$B$5:$XG$5,0)) -> 1500 | GK12: =INDEX('Summary sales'!$A$6:$CA$48,MATCH(B12,'Summary sales'!$A$6:$A$48,0),MATCH($GJ$3,'Summary sales'!$A$7:$CA$7,0)) -> 1735.02 | GL12: =GK12-GJ12 -> 235.02 | GM12: =GK12/GJ12 -> 1.15668 | GN12: =INDEX('SO Februari 2026 Rev.2'!$B$6:$BG$49,MATCH(B12,'SO Februari 2026 Rev.2'!$B$6:$B$49,0),MATCH($GN$3,'SO Februari 2026 Rev.2'!$B$5:$XG$5,0)) -> 2499.7026 | GO12: =INDEX('Summary sales'!$A$6:$CA$48,MATCH(B12,'Summary sales'!$A$6:$A$48,0),MATCH($GN$3,'Summary sales'!$A$7:$CA$7,0)) -> 3529.76 | GP12: =GO12-GN12 -> 1030.0574 | GQ12: =GO12/GN12 -> 1.412072 | GR12: =INDEX('SO Februari 2026 Rev.2'!$B$6:$BG$49,MATCH(B12,'SO Februari 2026 Rev.2'!$B$6:$B$49,0),MATCH($GR$3,'SO Februari 2026 Rev.2'!$B$5:$XG$5,0)) -> 4500 | GS12: =INDEX('Summary sales'!$A$6:$CA$48,MATCH(B12,'Summary sales'!$A$6:$A$48,0),MATCH($GR$3,'Summary sales'!$A$7:$CA$7,0)) -> 0 | GT12: =GS12-GR12 -> -4500 | GU12: =GS12/GR12 -> 0
B13: =B12+1 -> 46060 | C13: =TEXT(B13,"ddd") -> Sab | D13: =SUMIF($H$4:$GT$4,$D$4,H13:GT13) -> 180951.47 | E13: =SUMIF($H$4:$GT$4,$E$4,H13:GT13) -> 156565.31 | F13: =E13-D13 -> -24386.158 | G13: =E13/D13 -> 0.86523371 | H13: =INDEX('SO Februari 2026 Rev.2'!$B$6:$BG$49,MATCH(B13,'SO Februari 2026 Rev.2'!$B$6:$B$49,0),MATCH($H$3,'SO Februari 2026 Rev.2'!$B$5:$XG$5,0)) -> 812.17 | I13: =INDEX('Summary sales'!$A$6:$CA$48,MATCH(B13,'Summary sales'!$A$6:$A$48,0),MATCH($H$3,'Summary sales'!$A$7:$CA$7,0)) -> 1272.74 | J13: =I13-H13 -> 460.57 | K13: =I13/H13 -> 1.5670857 | L13: =INDEX('SO Februari 2026 Rev.2'!$B$6:$BG$49,MATCH(B13,'SO Februari 2026 Rev.2'!$B$6:$B$49,0),MATCH($L$3,'SO Februari 2026 Rev.2'!$B$5:$XG$5,0)) -> 3000 | M13: =INDEX('Summary sales'!$A$6:$CA$48,MATCH($B13,'Summary sales'!$A$6:$A$48,0),MATCH($L$3,'Summary sales'!$A$7:$CA$7,0)) -> 2069.59 | N13: =M13-L13 -> -930.41 | O13: =M13/L13 -> 0.68986333 | P13: =INDEX('SO Februari 2026 Rev.2'!$B$6:$BG$49,MATCH(B13,'SO Februari 2026 Rev.2'!$B$6:$B$49,0),MATCH($P$3,'SO Februari 2026 Rev.2'!$B$5:$XG$5,0)) -> 1129.7313 | Q13: =INDEX('Summary sales'!$A$6:$CA$48,MATCH($B13,'Summary sales'!$A$6:$A$48,0),MATCH($P$3,'Summary sales'!$A$7:$CA$7,0)) -> 792.89 | R13: =Q13-P13 -> -336.84129 | S13: =Q13/P13 -> 0.70183946 | T13: =INDEX('SO Februari 2026 Rev.2'!$B$6:$BG$49,MATCH(B13,'SO Februari 2026 Rev.2'!$B$6:$B$49,0),MATCH($T$3,'SO Februari 2026 Rev.2'!$B$5:$XG$5,0)) -> 3282.5161 | U13: =INDEX('Summary sales'!$A$6:$CA$48,MATCH($B13,'Summary sales'!$A$6:$A$48,0),MATCH($T$3,'Summary sales'!$A$7:$CA$7,0)) -> 2141.08 | V13: =U13-T13 -> -1141.4361 | W13: =U13/T13 -> 0.65226793 | X13: =INDEX('SO Februari 2026 Rev.2'!$B$6:$BG$49,MATCH(B13,'SO Februari 2026 Rev.2'!$B$6:$B$49,0),MATCH($X$3,'SO Februari 2026 Rev.2'!$B$5:$XG$5,0)) -> 644.02065 | Y13: =INDEX('Summary sales'!$A$6:$CA$48,MATCH($B13,'Summary sales'!$A$6:$A$48,0),MATCH($X$3,'Summary sales'!$A$7:$CA$7,0)) -> 485.25 | Z13: =Y13-X13 -> -158.77065 | AA13: =Y13/X13 -> 0.75346963 | AB13: =INDEX('SO Februari 2026 Rev.2'!$B$6:$BG$49,MATCH(B13,'SO Februari 2026 Rev.2'!$B$6:$B$49,0),MATCH($AB$3,'SO Februari 2026 Rev.2'!$B$5:$XG$5,0)) -> 5500 | AC13: =INDEX('Summary sales'!$A$6:$CA$48,MATCH($B13,'Summary sales'!$A$6:$A$48,0),MATCH($AB$3,'Summary sales'!$A$7:$CA$7,0)) -> 1003.57 | AD13: =AC13-AB13 -> -4496.43 | AE13: =AC13/AB13 -> 0.18246727 | AF13: =INDEX('SO Februari 2026 Rev.2'!$B$6:$BG$49,MATCH(B13,'SO Februari 2026 Rev.2'!$B$6:$B$49,0),MATCH($AF$3,'SO Februari 2026 Rev.2'!$B$5:$XG$5,0)) -> 166.97065 | AG13: =INDEX('Summary sales'!$A$6:$CA$48,MATCH($B13,'Summary sales'!$A$6:$A$48,0),MATCH($AF$3,'Summary sales'!$A$7:$CA$7,0)) -> 0 | AH13: =AG13-AF13 -> -166.97065 | AI13: =AG13/AF13 -> 0 | AJ13: =INDEX('SO Februari 2026 Rev.2'!$B$6:$BG$49,MATCH(B13,'SO Februari 2026 Rev.2'!$B$6:$B$49,0),MATCH($AJ$3,'SO Februari 2026 Rev.2'!$B$5:$XG$5,0)) -> 603.76323 | AK13: =INDEX('Summary sales'!$A$6:$CA$48,MATCH($B13,'Summary sales'!$A$6:$A$48,0),MATCH($AJ$3,'Summary sales'!$A$7:$CA$7,0)) -> 493.06 | AL13: =AK13-AJ13 -> -110.70323 | AM13: =AK13/AJ13 -> 0.81664464 | AN13: =INDEX('SO Februari 2026 Rev.2'!$B$6:$BG$49,MATCH(B13,'SO Februari 2026 Rev.2'!$B$6:$B$49,0),MATCH($AN$3,'SO Februari 2026 Rev.2'!$B$5:$XG$5,0)) -> 673.27548 | AO13: =INDEX('Summary sales'!$A$6:$CA$48,MATCH($B13,'Summary sales'!$A$6:$A$48,0),MATCH($AN$3,'Summary sales'!$A$7:$CA$7,0)) -> 583.4 | AP13: =AO13-AN13 -> -89.875484 | AQ13: =AO13/AN13 -> 0.86651009 | AR13: =INDEX('SO Februari 2026 Rev.2'!$B$6:$BG$49,MATCH(B13,'SO Februari 2026 Rev.2'!$B$6:$B$49,0),MATCH($AR$3,'SO Februari 2026 Rev.2'!$B$5:$XG$5,0)) -> 4514.199 | AS13: =INDEX('Summary sales'!$A$6:$CA$48,MATCH($B13,'Summary sales'!$A$6:$A$48,0),MATCH($AR$3,'Summary sales'!$A$7:$CA$7,0)) -> 4200.09 | AT13: =AS13-AR13 -> -314.10903 | AU13: =AS13/AR13 -> 0.93041755 | AV13: =INDEX('SO Februari 2026 Rev.2'!$B$6:$BG$49,MATCH(B13,'SO Februari 2026 Rev.2'!$B$6:$B$49,0),MATCH($AV$3,'SO Februari 2026 Rev.2'!$B$5:$XG$5,0)) -> 8000.0623 | AW13: =INDEX('Summary sales'!$A$6:$CA$48,MATCH($B13,'Summary sales'!$A$6:$A$48,0),MATCH($AV$3,'Summary sales'!$A$7:$CA$7,0)) -> 5372.61 | AX13: =AW13-AV13 -> -2627.4523 | AY13: =AW13/AV13 -> 0.67157102 | AZ13: =INDEX('SO Februari 2026 Rev.2'!$B$6:$BG$49,MATCH(B13,'SO Februari 2026 Rev.2'!$B$6:$B$49,0),MATCH($AZ$3,'SO Februari 2026 Rev.2'!$B$5:$XG$5,0)) -> 2874.3265 | BA13: =INDEX('Summary sales'!$A$6:$CA$48,MATCH($B13,'Summary sales'!$A$6:$A$48,0),MATCH($AZ$3,'Summary sales'!$A$7:$CA$7,0)) -> 1084.1 | BB13: =BA13-AZ13 -> -1790.2265 | BC13: =BA13/AZ13 -> 0.37716662 | BD13: =INDEX('SO Februari 2026 Rev.2'!$B$6:$BG$49,MATCH(B13,'SO Februari 2026 Rev.2'!$B$6:$B$49,0),MATCH($BD$3,'SO Februari 2026 Rev.2'!$B$5:$XG$5,0)) -> 500 | BE13: =INDEX('Summary sales'!$A$6:$CA$48,MATCH($B13,'Summary sales'!$A$6:$A$48,0),MATCH($BD$3,'Summary sales'!$A$7:$CA$7,0)) -> 230.89 | BF13: =BE13-BD13 -> -269.11 | BG13: =BE13/BD13 -> 0.46178 | BH13: =INDEX('SO Februari 2026 Rev.2'!$B$6:$BG$49,MATCH(B13,'SO Februari 2026 Rev.2'!$B$6:$B$49,0),MATCH($BH$3,'SO Februari 2026 Rev.2'!$B$5:$XG$5,0)) -> 3600 | BI13: =INDEX('Summary sales'!$A$6:$CA$48,MATCH($B13,'Summary sales'!$A$6:$A$48,0),MATCH($BH$3,'Summary sales'!$A$7:$CA$7,0)) -> 1310.69 | BJ13: =BI13-BH13 -> -2289.31 | BK13: =BI13/BH13 -> 0.36408056 | BL13: =INDEX('SO Februari 2026 Rev.2'!$B$6:$BG$49,MATCH(B13,'SO Februari 2026 Rev.2'!$B$6:$B$49,0),MATCH($BL$3,'SO Februari 2026 Rev.2'!$B$5:$XG$5,0)) -> 9000.0571 | BM13: =INDEX('Summary sales'!$A$6:$CA$48,MATCH($B13,'Summary sales'!$A$6:$A$48,0),MATCH($BL$3,'Summary sales'!$A$7:$CA$7,0)) -> 9120.58 | BN13: =BM13-BL13 -> 120.5229 | BO13: =BM13/BL13 -> 1.0133913 | BP13: =INDEX('SO Februari 2026 Rev.2'!$B$6:$BG$49,MATCH(B13,'SO Februari 2026 Rev.2'!$B$6:$B$49,0),MATCH($BP$3,'SO Februari 2026 Rev.2'!$B$5:$XG$5,0)) -> 926.09448 | BQ13: =INDEX('Summary sales'!$A$6:$CA$48,MATCH($B13,'Summary sales'!$A$6:$A$48,0),MATCH($BP$3,'Summary sales'!$A$7:$CA$7,0)) -> 880.874 | BR13: =BQ13-BP13 -> -45.220484 | BS13: =BQ13/BP13 -> 0.95117077 | BT13: =INDEX('SO Februari 2026 Rev.2'!$B$6:$BG$49,MATCH(B13,'SO Februari 2026 Rev.2'!$B$6:$B$49,0),MATCH($BT$3,'SO Februari 2026 Rev.2'!$B$5:$XG$5,0)) -> 5500 | BU13: =INDEX('Summary sales'!$A$6:$CA$48,MATCH($B13,'Summary sales'!$A$6:$A$48,0),MATCH($BT$3,'Summary sales'!$A$7:$CA$7,0)) -> 2786.81 | BV13: =BU13-BT13 -> -2713.19 | BW13: =BU13/BT13 -> 0.50669273 | BX13: =INDEX('SO Februari 2026 Rev.2'!$B$6:$BG$49,MATCH(B13,'SO Februari 2026 Rev.2'!$B$6:$B$49,0),MATCH($BX$3,'SO Februari 2026 Rev.2'!$B$5:$XG$5,0)) -> 70.054839 | BY13: =INDEX('Summary sales'!$A$6:$CA$48,MATCH($B13,'Summary sales'!$A$6:$A$48,0),MATCH($BX$3,'Summary sales'!$A$7:$CA$7,0)) -> 0 | BZ13: =BY13-BX13 -> -70.054839 | CA13: =BY13/BX13 -> 0 | CB13: =INDEX('SO Februari 2026 Rev.2'!$B$6:$BG$49,MATCH(B13,'SO Februari 2026 Rev.2'!$B$6:$B$49,0),MATCH($CB$3,'SO Februari 2026 Rev.2'!$B$5:$XG$5,0)) -> 89.451613 | CC13: =INDEX('Summary sales'!$A$6:$CA$48,MATCH($B13,'Summary sales'!$A$6:$A$48,0),MATCH($CB$3,'Summary sales'!$A$7:$CA$7,0)) -> 71 | CD13: =CC13-CB13 -> -18.451613 | CE13: =CC13/CB13 -> 0.79372521 | CF13: =INDEX('SO Februari 2026 Rev.2'!$B$6:$BG$49,MATCH(B13,'SO Februari 2026 Rev.2'!$B$6:$B$49,0),MATCH($CF$3,'SO Februari 2026 Rev.2'!$B$5:$XG$5,0)) -> 3500 | CG13: =INDEX('Summary sales'!$A$6:$CA$48,MATCH($B13,'Summary sales'!$A$6:$A$48,0),MATCH($CF$3,'Summary sales'!$A$7:$CA$7,0)) -> 3445.6 | CH13: =CG13-CF13 -> -54.4 | CI13: =CG13/CF13 -> 0.98445714 | CJ13: =INDEX('SO Februari 2026 Rev.2'!$B$6:$BG$49,MATCH(B13,'SO Februari 2026 Rev.2'!$B$6:$B$49,0),MATCH($CJ$3,'SO Februari 2026 Rev.2'!$B$5:$XG$5,0)) -> 4000.4806 | CK13: =INDEX('Summary sales'!$A$6:$CA$48,MATCH($B13,'Summary sales'!$A$6:$A$48,0),MATCH($CJ$3,'Summary sales'!$A$7:$CA$7,0)) -> 4368.7 | CL13: =CK13-CJ13 -> 368.21935 | CM13: =CK13/CJ13 -> 1.0920438 | CN13: =INDEX('SO Februari 2026 Rev.2'!$B$6:$BG$49,MATCH(B13,'SO Februari 2026 Rev.2'!$B$6:$B$49,0),MATCH($CN$3,'SO Februari 2026 Rev.2'!$B$5:$XG$5,0)) -> 3500 | CO13: =INDEX('Summary sales'!$A$6:$CA$48,MATCH($B13,'Summary sales'!$A$6:$A$48,0),MATCH($CN$3,'Summary sales'!$A$7:$CA$7,0)) -> 3293.67 | CP13: =CO13-CN13 -> -206.33 | CQ13: =CO13/CN13 -> 0.94104857 | CR13: =INDEX('SO Februari 2026 Rev.2'!$B$6:$BG$49,MATCH(B13,'SO Februari 2026 Rev.2'!$B$6:$B$49,0),MATCH($CR$3,'SO Februari 2026 Rev.2'!$B$5:$XG$5,0)) -> 0 | CS13: =INDEX('Summary sales'!$A$6:$CA$48,MATCH($B13,'Summary sales'!$A$6:$A$48,0),MATCH($CR$3,'Summary sales'!$A$7:$CA$7,0)) -> 0 | CT13: =CS13-CR13 -> 0 | CU13: =CS13/CR13 -> #DIV/0! | CV13: =INDEX('SO Februari 2026 Rev.2'!$B$6:$BG$49,MATCH(B13,'SO Februari 2026 Rev.2'!$B$6:$B$49,0),MATCH($CV$3,'SO Februari 2026 Rev.2'!$B$5:$XG$5,0)) -> 11659.555 | CW13: =INDEX('Summary sales'!$A$6:$CA$48,MATCH($B13,'Summary sales'!$A$6:$A$48,0),MATCH($CV$3,'Summary sales'!$A$7:$CA$7,0)) -> 15046.259 | CX13: =CW13-CV13 -> 3386.7045 | CY13: =CW13/CV13 -> 1.290466 | CZ13: =INDEX('SO Februari 2026 Rev.2'!$B$6:$BG$49,MATCH(B13,'SO Februari 2026 Rev.2'!$B$6:$B$49,0),MATCH($CZ$3,'SO Februari 2026 Rev.2'!$B$5:$XG$5,0)) -> 2020.8603 | DA13: =INDEX('Summary sales'!$A$6:$CA$48,MATCH($B13,'Summary sales'!$A$6:$A$48,0),MATCH($CZ$3,'Summary sales'!$A$7:$CA$7,0)) -> 1712.54 | DB13: =DA13-CZ13 -> -308.32032 | DC13: =DA13/CZ13 -> 0.84743116 | DD13: =INDEX('SO Februari 2026 Rev.2'!$B$6:$BG$49,MATCH(B13,'SO Februari 2026 Rev.2'!$B$6:$B$49,0),MATCH($DD$3,'SO Februari 2026 Rev.2'!$B$5:$XG$5,0)) -> 678.7 | DE13: =INDEX('Summary sales'!$A$6:$CA$48,MATCH($B13,'Summary sales'!$A$6:$A$48,0),MATCH($DD$3,'Summary sales'!$A$7:$CA$7,0)) -> 578.74 | DF13: =DE13-DD13 -> -99.96 | DG13: =DE13/DD13 -> 0.85271843 | DH13: =INDEX('SO Februari 2026 Rev.2'!$B$6:$BG$49,MATCH(B13,'SO Februari 2026 Rev.2'!$B$6:$B$49,0),MATCH($DH$3,'SO Februari 2026 Rev.2'!$B$5:$XG$5,0)) -> 7121.8519 | DI13: =INDEX('Summary sales'!$A$6:$CA$48,MATCH($B13,'Summary sales'!$A$6:$A$48,0),MATCH($DH$3,'Summary sales'!$A$7:$CA$7,0)) -> 4662.98 | DJ13: =DI13-DH13 -> -2458.8719 | DK13: =DI13/DH13 -> 0.65474262 | DL13: =INDEX('SO Februari 2026 Rev.2'!$B$6:$BG$49,MATCH(B13,'SO Februari 2026 Rev.2'!$B$6:$B$49,0),MATCH($DL$3,'SO Februari 2026 Rev.2'!$B$5:$XG$5,0)) -> 2443.8768 | DM13: =INDEX('Summary sales'!$A$6:$CA$48,MATCH($B13,'Summary sales'!$A$6:$A$48,0),MATCH($DL$3,'Summary sales'!$A$7:$CA$7,0)) -> 0 | DN13: =DM13-DL13 -> -2443.8768 | DO13: =DM13/DL13 -> 0 | DP13: =INDEX('SO Februari 2026 Rev.2'!$B$6:$BG$49,MATCH(B13,'SO Februari 2026 Rev.2'!$B$6:$B$49,0),MATCH($DP$3,'SO Februari 2026 Rev.2'!$B$5:$XG$5,0)) -> 2043.2745 | DQ13: =INDEX('Summary sales'!$A$6:$CA$48,MATCH($B13,'Summary sales'!$A$6:$A$48,0),MATCH($DP$3,'Summary sales'!$A$7:$CA$7,0)) -> 1632.98 | DR13: =DQ13-DP13 -> -410.29452 | DS13: =DQ13/DP13 -> 0.79919756 | DT13: =INDEX('SO Februari 2026 Rev.2'!$B$6:$BG$49,MATCH(B13,'SO Februari 2026 Rev.2'!$B$6:$B$49,0),MATCH($DT$3,'SO Februari 2026 Rev.2'!$B$5:$XG$5,0)) -> 1439.5303 | DU13: =INDEX('Summary sales'!$A$6:$CA$48,MATCH($B13,'Summary sales'!$A$6:$A$48,0),MATCH($DT$3,'Summary sales'!$A$7:$CA$7,0)) -> 2030.25 | DV13: =DU13-DT13 -> 590.71968 | DW13: =DU13/DT13 -> 1.4103558 | DX13: =INDEX('SO Februari 2026 Rev.2'!$B$6:$BG$49,MATCH(B13,'SO Februari 2026 Rev.2'!$B$6:$B$49,0),MATCH($DX$3,'SO Februari 2026 Rev.2'!$B$5:$XG$5,0)) -> 260.97419 | DY13: =INDEX('Summary sales'!$A$6:$CA$48,MATCH($B13,'Summary sales'!$A$6:$A$48,0),MATCH($DX$3,'Summary sales'!$A$7:$CA$7,0)) -> 0 | DZ13: =DY13-DX13 -> -260.97419 | EA13: =DY13/DX13 -> 0 | EB13: =INDEX('SO Februari 2026 Rev.2'!$B$6:$BG$49,MATCH(B13,'SO Februari 2026 Rev.2'!$B$6:$B$49,0),MATCH($EB$3,'SO Februari 2026 Rev.2'!$B$5:$XG$5,0)) -> 11007.047 | EC13: =INDEX('Summary sales'!$A$6:$CA$48,MATCH($B13,'Summary sales'!$A$6:$A$48,0),MATCH($EB$3,'Summary sales'!$A$7:$CA$7,0)) -> 9385.21 | ED13: =EC13-EB13 -> -1621.8374 | EE13: =EC13/EB13 -> 0.85265464 | EF13: =INDEX('SO Februari 2026 Rev.2'!$B$6:$BG$49,MATCH(B13,'SO Februari 2026 Rev.2'!$B$6:$B$49,0),MATCH($EF$3,'SO Februari 2026 Rev.2'!$B$5:$XG$5,0)) -> 1519.5448 | EG13: =INDEX('Summary sales'!$A$6:$CA$48,MATCH($B13,'Summary sales'!$A$6:$A$48,0),MATCH($EF$3,'Summary sales'!$A$7:$CA$7,0)) -> 2214.66 | EH13: =EG13-EF13 -> 695.11516 | EI13: =EG13/EF13 -> 1.4574496 | EJ13: =INDEX('SO Februari 2026 Rev.2'!$B$6:$BG$49,MATCH(B13,'SO Februari 2026 Rev.2'!$B$6:$B$49,0),MATCH($EJ$3,'SO Februari 2026 Rev.2'!$B$5:$XG$5,0)) -> 3999.6742 | EK13: =INDEX('Summary sales'!$A$6:$CA$48,MATCH($B13,'Summary sales'!$A$6:$A$48,0),MATCH($EJ$3,'Summary sales'!$A$7:$CA$7,0)) -> 3345.23 | EL13: =EK13-EJ13 -> -654.44419 | EM13: =EK13/EJ13 -> 0.83637562 | EN13: =INDEX('SO Februari 2026 Rev.2'!$B$6:$BG$49,MATCH(B13,'SO Februari 2026 Rev.2'!$B$6:$B$49,0),MATCH($EN$3,'SO Februari 2026 Rev.2'!$B$5:$XG$5,0)) -> 5500 | EO13: =INDEX('Summary sales'!$A$6:$CA$48,MATCH(B13,'Summary sales'!$A$6:$A$48,0),MATCH($EN$3,'Summary sales'!$A$7:$CA$7,0)) -> 0 | EP13: =EO13-EN13 -> -5500 | EQ13: =EO13/EN13 -> 0 | ER13: =INDEX('SO Februari 2026 Rev.2'!$B$6:$BG$49,MATCH(B13,'SO Februari 2026 Rev.2'!$B$6:$B$49,0),MATCH($ER$3,'SO Februari 2026 Rev.2'!$B$5:$XG$5,0)) -> 4482.6897 | ES13: =INDEX('Summary sales'!$A$6:$CA$48,MATCH($B13,'Summary sales'!$A$6:$A$48,0),MATCH($ER$3,'Summary sales'!$A$7:$CA$7,0)) -> 4246.21 | ET13: =ES13-ER13 -> -236.47968 | EU13: =ES13/ER13 -> 0.94724603 | EV13: =INDEX('SO Februari 2026 Rev.2'!$B$6:$BG$49,MATCH(B13,'SO Februari 2026 Rev.2'!$B$6:$B$49,0),MATCH($EV$3,'SO Februari 2026 Rev.2'!$B$5:$XG$5,0)) -> 26500 | EW13: =INDEX('Summary sales'!$A$6:$CA$48,MATCH($B13,'Summary sales'!$A$6:$A$48,0),MATCH($EV$3,'Summary sales'!$A$7:$CA$7,0)) -> 39365.07 | EX13: =EW13-EV13 -> 12865.07 | EY13: =EW13/EV13 -> 1.4854743 | EZ13: =INDEX('SO Februari 2026 Rev.2'!$B$6:$BG$49,MATCH(B13,'SO Februari 2026 Rev.2'!$B$6:$B$49,0),MATCH($EZ$3,'SO Februari 2026 Rev.2'!$B$5:$XG$5,0)) -> 8000 | FA13: =INDEX('Summary sales'!$A$6:$CA$48,MATCH(B13,'Summary sales'!$A$6:$A$48,0),MATCH($EZ$3,'Summary sales'!$A$7:$CA$7,0)) -> 3120.08 | FB13: =FA13-EZ13 -> -4879.92 | FC13: =FA13/EZ13 -> 0.39001 | FD13: =INDEX('SO Februari 2026 Rev.2'!$B$6:$BG$49,MATCH(B13,'SO Februari 2026 Rev.2'!$B$6:$B$49,0),MATCH($FD$3,'SO Februari 2026 Rev.2'!$B$5:$XG$5,0)) -> 2105.6477 | FE13: =INDEX('Summary sales'!$A$6:$CA$48,MATCH(B13,'Summary sales'!$A$6:$A$48,0),MATCH($FD$3,'Summary sales'!$A$7:$CA$7,0)) -> 4355.6 | FF13: =FE13-FD13 -> 2249.9523 | FG13: =FE13/FD13 -> 2.0685321 | FH13: =INDEX('SO Februari 2026 Rev.2'!$B$6:$BG$49,MATCH(B13,'SO Februari 2026 Rev.2'!$B$6:$B$49,0),MATCH($FH$3,'SO Februari 2026 Rev.2'!$B$5:$XG$5,0)) -> 726.81516 | FI13: =INDEX('Summary sales'!$A$6:$CA$48,MATCH(B13,'Summary sales'!$A$6:$A$48,0),MATCH($FH$3,'Summary sales'!$A$7:$CA$7,0)) -> 762.22 | FJ13: =FI13-FH13 -> 35.404839 | FK13: =FI13/FH13 -> 1.0487123 | FL13: =INDEX('SO Februari 2026 Rev.2'!$B$6:$BG$49,MATCH(B13,'SO Februari 2026 Rev.2'!$B$6:$B$49,0),MATCH($FL$3,'SO Februari 2026 Rev.2'!$B$5:$XG$5,0)) -> 3018.0416 | FM13: =INDEX('Summary sales'!$A$6:$CA$48,MATCH(B13,'Summary sales'!$A$6:$A$48,0),MATCH($FL$3,'Summary sales'!$A$7:$CA$7,0)) -> 3640.23 | FN13: =FM13-FL13 -> 622.18839 | FO13: =FM13/FL13 -> 1.2061563 | FP13: =INDEX('SO Februari 2026 Rev.2'!$B$6:$BG$49,MATCH(B13,'SO Februari 2026 Rev.2'!$B$6:$B$49,0),MATCH($FP$3,'SO Februari 2026 Rev.2'!$B$5:$XG$5,0)) -> 2044.9997 | FQ13: =INDEX('Summary sales'!$A$6:$CA$48,MATCH(B13,'Summary sales'!$A$6:$A$48,0),MATCH($FP$3,'Summary sales'!$A$7:$CA$7,0)) -> 1883.36 | FR13: =FQ13-FP13 -> -161.63968 | FS13: =FQ13/FP13 -> 0.92095858 | FT13: =INDEX('SO Februari 2026 Rev.2'!$B$6:$BG$49,MATCH(B13,'SO Februari 2026 Rev.2'!$B$6:$B$49,0),MATCH($FT$3,'SO Februari 2026 Rev.2'!$B$5:$XG$5,0)) -> 369.61071 | FU13: =INDEX('Summary sales'!$A$6:$CA$48,MATCH(B13,'Summary sales'!$A$6:$A$48,0),MATCH($FT$3,'Summary sales'!$A$7:$CA$7,0)) -> 0 | FV13: =FU13-FT13 -> -369.61071 | FW13: =FU13/FT13 -> 0 | FX13: =INDEX('SO Februari 2026 Rev.2'!$B$6:$BG$49,MATCH(B13,'SO Februari 2026 Rev.2'!$B$6:$B$49,0),MATCH($FX$3,'SO Februari 2026 Rev.2'!$B$5:$XG$5,0)) -> 9000 | FY13: =INDEX('Summary sales'!$A$6:$CA$48,MATCH(B13,'Summary sales'!$A$6:$A$48,0),MATCH($FX$3,'Summary sales'!$A$7:$CA$7,0)) -> 4280.4 | FZ13: =FY13-FX13 -> -4719.6 | GA13: =FY13/FX13 -> 0.4756 | GB13: =INDEX('SO Februari 2026 Rev.2'!$B$6:$BG$49,MATCH(B13,'SO Februari 2026 Rev.2'!$B$6:$B$49,0),MATCH($GB$3,'SO Februari 2026 Rev.2'!$B$5:$XG$5,0)) -> 3500 | GC13: =INDEX('Summary sales'!$A$6:$CA$48,MATCH($B13,'Summary sales'!$A$6:$A$48,0),MATCH($GB$3,'Summary sales'!$A$7:$CA$7,0)) -> 5079.816 | GD13: =GC13-GB13 -> 1579.816 | GE13: =GC13/GB13 -> 1.451376 | GF13: =INDEX('SO Februari 2026 Rev.2'!$B$6:$BG$49,MATCH(B13,'SO Februari 2026 Rev.2'!$B$6:$B$49,0),MATCH($GF$3,'SO Februari 2026 Rev.2'!$B$5:$XG$5,0)) -> 1121.9003 | GG13: =INDEX('Summary sales'!$A$6:$CA$48,MATCH($B13,'Summary sales'!$A$6:$A$48,0),MATCH($GF$3,'Summary sales'!$A$7:$CA$7,0)) -> 438.16 | GH13: =GG13-GF13 -> -683.74032 | GI13: =GG13/GF13 -> 0.39055163 | GJ13: =INDEX('SO Februari 2026 Rev.2'!$B$6:$BG$49,MATCH(B13,'SO Februari 2026 Rev.2'!$B$6:$B$49,0),MATCH($GJ$3,'SO Februari 2026 Rev.2'!$B$5:$XG$5,0)) -> 1500 | GK13: =INDEX('Summary sales'!$A$6:$CA$48,MATCH(B13,'Summary sales'!$A$6:$A$48,0),MATCH($GJ$3,'Summary sales'!$A$7:$CA$7,0)) -> 1682.353 | GL13: =GK13-GJ13 -> 182.353 | GM13: =GK13/GJ13 -> 1.1215687 | GN13: =INDEX('SO Februari 2026 Rev.2'!$B$6:$BG$49,MATCH(B13,'SO Februari 2026 Rev.2'!$B$6:$B$49,0),MATCH($GN$3,'SO Februari 2026 Rev.2'!$B$5:$XG$5,0)) -> 2499.7026 | GO13: =INDEX('Summary sales'!$A$6:$CA$48,MATCH(B13,'Summary sales'!$A$6:$A$48,0),MATCH($GN$3,'Summary sales'!$A$7:$CA$7,0)) -> 2095.77 | GP13: =GO13-GN13 -> -403.93258 | GQ13: =GO13/GN13 -> 0.83840774 | GR13: =INDEX('SO Februari 2026 Rev.2'!$B$6:$BG$49,MATCH(B13,'SO Februari 2026 Rev.2'!$B$6:$B$49,0),MATCH($GR$3,'SO Februari 2026 Rev.2'!$B$5:$XG$5,0)) -> 4500 | GS13: =INDEX('Summary sales'!$A$6:$CA$48,MATCH(B13,'Summary sales'!$A$6:$A$48,0),MATCH($GR$3,'Summary sales'!$A$7:$CA$7,0)) -> 0 | GT13: =GS13-GR13 -> -4500 | GU13: =GS13/GR13 -> 0
