Workbook
Name ___xlnm._FilterDatabase_2: #REF!
Name ___xlnm._FilterDatabase_2: #REF!
Name ___xlnm._FilterDatabase_2: #REF!
Name ___xlnm._FilterDatabase_2: #REF!
Name ___xlnm._FilterDatabase_2: #REF!
Name ___xlnm._FilterDatabase_2: #REF!
Name ___xlnm._FilterDatabase_2: #REF!
Name ___xlnm._FilterDatabase_2: #REF!
Name ___xlnm._FilterDatabase_2: #REF!
Name ___xlnm._FilterDatabase_2: #REF!
Name ___xlnm._FilterDatabase_2: #REF!
Name ___xlnm._FilterDatabase_2: #REF!
Name ___xlnm._FilterDatabase_2: #REF!
Name ___xlnm._FilterDatabase_2: #REF!
Name ___xlnm._FilterDatabase_2: #REF!
Name ___xlnm._FilterDatabase_2: #REF!
Name __xlnm._FilterDatabase_2: #REF!
Name __xlnm._FilterDatabase_2: #REF!
Name __xlnm._FilterDatabase_2: #REF!
Name __xlnm._FilterDatabase_2: #REF!
Name __xlnm._FilterDatabase_2: #REF!
Name __xlnm._FilterDatabase_2: #REF!
Name __xlnm._FilterDatabase_2: #REF!
Name __xlnm._FilterDatabase_2: #REF!
Name __xlnm._FilterDatabase_2: #REF!
Name __xlnm._FilterDatabase_2: #REF!
Name __xlnm._FilterDatabase_2: #REF!
Name __xlnm._FilterDatabase_2: #REF!
Name __xlnm._FilterDatabase_2: #REF!
Name __xlnm._FilterDatabase_2: #REF!
Name __xlnm._FilterDatabase_2: #REF!
Name __xlnm._FilterDatabase_2: #REF!
Name Excel_BuiltIn__FilterDatabase_1: #REF!
Name Excel_BuiltIn__FilterDatabase_1: #REF!
Name Excel_BuiltIn__FilterDatabase_1: #REF!
Name Excel_BuiltIn__FilterDatabase_1: #REF!
Name Excel_BuiltIn__FilterDatabase_1: #REF!
Name Excel_BuiltIn__FilterDatabase_1: #REF!
Name Excel_BuiltIn__FilterDatabase_1: #REF!
Name Excel_BuiltIn__FilterDatabase_1: #REF!
Name Excel_BuiltIn__FilterDatabase_1: #REF!
Name Excel_BuiltIn__FilterDatabase_1: #REF!
Name Excel_BuiltIn__FilterDatabase_1: #REF!
Name Excel_BuiltIn__FilterDatabase_1: #REF!
Name Excel_BuiltIn__FilterDatabase_1: #REF!
Name Excel_BuiltIn__FilterDatabase_1: #REF!
Name Excel_BuiltIn__FilterDatabase_1: #REF!
Name Excel_BuiltIn__FilterDatabase_1: #REF!
Name Export_3: #REF!
Name Export_3: #REF!
Name Export_3: #REF!
Name Export_3: #REF!
Name Export_3: #REF!
Name Export_3: #REF!
Name Export_3: #REF!
Name Export_3: #REF!
Name Export_3: #REF!
Name Export_3: #REF!
Name FOB: 'Summary FOB'!#REF!
Name FOB: 'Summary FOB'!#REF!

Sheet SO Maret 2026 Rev 2
A2: SALES ORDER
A3: 46082 | O3: =O4/2 -> 0
A5: Week | B5: DATE | D5: TOTAL | E5: CLIN | F5: BI | G5: MKG | H5: STM | I5: OAJ | J5: NNI | K5: SHB | L5: GTL | M5: TWK | N5: BYC | O5: GF RANCA | P5: SMA | Q5: UMI | R5: HLI | S5: CERES | T5: DIC | U5: HCI | V5: ADP | W5: ALT (KSO MASAMI) | X5: IDP (KSO AAE) | Y5: FJI (KSO SALMAH) | Z5: WINGLOK (KSO EBM) | AA5: CISF (KSO RRS) | AB5: PUJ - LUBRICANT | AC5: CALBEE (KSO BMI) | AD5: IP | AE5: BEM | AF5: AMI | AG5: KA | AH5: KTN | AI5: TOMIMOTO | AJ5: NIAGA GARAM | AK5: PCI 84 | AL5: PCI MENGGER | AM5: INDOFOOD | AN5: ASAHIMAS | AO5: ABC KOGEN | AP5: KSN | AQ5: TONGJI ( KSO GAS) | AR5: PA | AS5: RB | AT5: GF ATOM | AU5: GF KULIT | AV5: HSK (KSO GAS) | AW5: SDM | AX5: JARGAS | AY5: SBI | AZ5: SP KSO JES | BA5: SP GLOBAL
A6: =WEEKNUM(B6) -> 10 | B6: =A3 -> 46082 | C6: Sun | D6: =SUM(E6:BA6) -> 182536.18 | E6: 733.5729 | F6: 1000 | G6: 1129.7313 | H6: 999.51613 | I6: 644.02065 | J6: 5500 | K6: 0 | L6: 603.76323 | M6: 673.27548 | N6: 0 | O6: 6600.0623 | P6: 300 | Q6: 6659.5545 | R6: 3600 | S6: 6000.0571 | T6: 4482.6897 | U6: 5500 | V6: 500 | W6: 0 | X6: 2500 | Y6: 70.054839 | Z6: 89.451613 | AA6: 1000 | AB6: 2901.4806 | AC6: 8500 | AD6: 2020.8603 | AE6: 0 | AF6: 2999.8519 | AG6: 0 | AH6: 2043.2745 | AI6: 1999.5303 | AJ6: 0 | AK6: 11007.047 | AL6: 1519.5448 | AM6: 3999.6742 | AN6: 48000 | AO6: 8000 | AP6: 3500 | AQ6: 3500 | AR6: 726.81516 | AS6: 3018.0416 | AT6: 2044.9997 | AU6: 369.61071 | AV6: 1000 | AW6: 0 | AX6: 1800 | AY6: 2499.7026 | AZ6: 13500 | BA6: 9000
B7: Sub Total | D7: =SUM(D6:D6) -> 182536.18 | E7: =SUM(E6:E6) -> 733.5729 | F7: =SUM(F6:F6) -> 1000 | G7: =SUM(G6:G6) -> 1129.7313 | H7: =SUM(H6:H6) -> 999.51613 | I7: =SUM(I6:I6) -> 644.02065 | J7: =SUM(J6:J6) -> 5500 | K7: =SUM(K6:K6) -> 0 | ... AY7: =SUM(AY6:AY6) -> 2499.7026 | AZ7: 13500 | BA7: =SUM(BA6:BA6) -> 9000
A9: =WEEKNUM(B9) -> 10 | B9: =B6+1 -> 46083 | C9: Mon | D9: =SUM(E9:BA9) -> 202796.16 | E9: 1199.5729 | F9: 2500 | G9: 1129.7313 | H9: 3282.5161 | I9: 644.02065 | J9: 5500 | K9: 499.97065 | L9: 603.76323 | M9: 673.27548 | N9: 5514.199 | O9: 6600.0623 | P9: 2874.3265 | Q9: 11659.555 | R9: 3600 | S9: 9000.0571 | T9: 4482.6897 | U9: 5500 | V9: 500 | W9: 1000 | X9: 5500 | Y9: 70.054839 | Z9: 89.451613 | AA9: 3500 | AB9: 2901.4806 | AC9: 8500 | AD9: 2020.8603 | AE9: 678.7 | AF9: 7121.8519 | AG9: 3499.8768 | AH9: 2043.2745 | AI9: 1999.5303 | AJ9: 1000 | AK9: 11007.047 | AL9: 1519.5448 | AM9: 3999.6742 | AN9: 26500 | AO9: 8000 | AP9: 3500 | AQ9: 3500 | AR9: 726.81516 | AS9: 3018.0416 | AT9: 2044.9997 | AU9: 369.61071 | AV9: 5000 | AW9: 1121.9003 | AX9: 1800 | AY9: 2499.7026 | AZ9: 13500 | BA9: 9000
B10: =B9+1 -> 46084 | C10: Tue | D10: =SUM(E10:BA10) -> 202796.16 | E10: 1199.5729 | F10: 2500 | G10: 1129.7313 | H10: 3282.5161 | I10: 644.02065 | J10: 5500 | K10: 499.97065 | L10: 603.76323 | M10: 673.27548 | N10: 5514.199 | O10: 6600.0623 | P10: 2874.3265 | Q10: 11659.555 | R10: 3600 | S10: 9000.0571 | T10: 4482.6897 | U10: 5500 | V10: 500 | W10: 1000 | X10: 5500 | Y10: 70.054839 | Z10: 89.451613 | AA10: 3500 | AB10: 2901.4806 | AC10: 8500 | AD10: 2020.8603 | AE10: 678.7 | AF10: 7121.8519 | AG10: 3499.8768 | AH10: 2043.2745 | AI10: 1999.5303 | AJ10: 1000 | AK10: 11007.047 | AL10: 1519.5448 | AM10: 3999.6742 | AN10: 26500 | AO10: 8000 | AP10: 3500 | AQ10: 3500 | AR10: 726.81516 | AS10: 3018.0416 | AT10: 2044.9997 | AU10: 369.61071 | AV10: 5000 | AW10: 1121.9003 | AX10: 1800 | AY10: 2499.7026 | AZ10: 13500 | BA10: 9000
B11: =B10+1 -> 46085 | C11: Wed | D11: =SUM(E11:BA11) -> 202796.16 | E11: 1199.5729 | F11: 2500 | G11: 1129.7313 | H11: 3282.5161 | I11: 644.02065 | J11: 5500 | K11: 499.97065 | L11: 603.76323 | M11: 673.27548 | N11: 5514.199 | O11: 6600.0623 | P11: 2874.3265 | Q11: 11659.555 | R11: 3600 | S11: 9000.0571 | T11: 4482.6897 | U11: 5500 | V11: 500 | W11: 1000 | X11: 5500 | Y11: 70.054839 | Z11: 89.451613 | AA11: 3500 | AB11: 2901.4806 | AC11: 8500 | AD11: 2020.8603 | AE11: 678.7 | AF11: 7121.8519 | AG11: 3499.8768 | AH11: 2043.2745 | AI11: 1999.5303 | AJ11: 1000 | AK11: 11007.047 | AL11: 1519.5448 | AM11: 3999.6742 | AN11: 26500 | AO11: 8000 | AP11: 3500 | AQ11: 3500 | AR11: 726.81516 | AS11: 3018.0416 | AT11: 2044.9997 | AU11: 369.61071 | AV11: 5000 | AW11: 1121.9003 | AX11: 1800 | AY11: 2499.7026 | AZ11: 13500 | BA11: 9000
B12: =B11+1 -> 46086 | C12: Thu | D12: =SUM(E12:BA12) -> 202796.16 | E12: 1199.5729 | F12: 2500 | G12: 1129.7313 | H12: 3282.5161 | I12: 644.02065 | J12: 5500 | K12: 499.97065 | L12: 603.76323 | M12: 673.27548 | N12: 5514.199 | O12: 6600.0623 | P12: 2874.3265 | Q12: 11659.555 | R12: 3600 | S12: 9000.0571 | T12: 4482.6897 | U12: 5500 | V12: 500 | W12: 1000 | X12: 5500 | Y12: 70.054839 | Z12: 89.451613 | AA12: 3500 | AB12: 2901.4806 | AC12: 8500 | AD12: 2020.8603 | AE12: 678.7 | AF12: 7121.8519 | AG12: 3499.8768 | AH12: 2043.2745 | AI12: 1999.5303 | AJ12: 1000 | AK12: 11007.047 | AL12: 1519.5448 | AM12: 3999.6742 | AN12: 26500 | AO12: 8000 | AP12: 3500 | AQ12: 3500 | AR12: 726.81516 | AS12: 3018.0416 | AT12: 2044.9997 | AU12: 369.61071 | AV12: 5000 | AW12: 1121.9003 | AX12: 1800 | AY12: 2499.7026 | AZ12: 13500 | BA12: 9000
B13: =B12+1 -> 46087 | C13: Fri | D13: =SUM(E13:BA13) -> 202796.16 | E13: 1199.5729 | F13: 2500 | G13: 1129.7313 | H13: 3282.5161 | I13: 644.02065 | J13: 5500 | K13: 499.97065 | L13: 603.76323 | M13: 673.27548 | N13: 5514.199 | O13: 6600.0623 | P13: 2874.3265 | Q13: 11659.555 | R13: 3600 | S13: 9000.0571 | T13: 4482.6897 | U13: 5500 | V13: 500 | W13: 1000 | X13: 5500 | Y13: 70.054839 | Z13: 89.451613 | AA13: 3500 | AB13: 2901.4806 | AC13: 8500 | AD13: 2020.8603 | AE13: 678.7 | AF13: 7121.8519 | AG13: 3499.8768 | AH13: 2043.2745 | AI13: 1999.5303 | AJ13: 1000 | AK13: 11007.047 | AL13: 1519.5448 | AM13: 3999.6742 | AN13: 26500 | AO13: 8000 | AP13: 3500 | AQ13: 3500 | AR13: 726.81516 | AS13: 3018.0416 | AT13: 2044.9997 | AU13: 369.61071 | AV13: 5000 | AW13: 1121.9003 | AX13: 1800 | AY13: 2499.7026 | AZ13: 13500 | BA13: 9000
B14: =B13+1 -> 46088 | C14: Sat | D14: =SUM(E14:BA14) -> 197830.28 | E14: 733.5729 | F14: 2500 | G14: 1129.7313 | H14: 3282.5161 | I14: 644.02065 | J14: 5500 | K14: 499.97065 | L14: 603.76323 | M14: 673.27548 | N14: 4514.199 | O14: 6600.0623 | P14: 2874.3265 | Q14: 11659.555 | R14: 3600 | S14: 9000.0571 | T14: 4482.6897 | U14: 5500 | V14: 500 | W14: 1000 | X14: 5500 | Y14: 70.054839 | Z14: 89.451613 | AA14: 3500 | AB14: 2901.4806 | AC14: 8500 | AD14: 2020.8603 | AE14: 678.7 | AF14: 7121.8519 | AG14: 0 | AH14: 2043.2745 | AI14: 1999.5303 | AJ14: 1000 | AK14: 11007.047 | AL14: 1519.5448 | AM14: 3999.6742 | AN14: 26500 | AO14: 8000 | AP14: 3500 | AQ14: 3500 | AR14: 726.81516 | AS14: 3018.0416 | AT14: 2044.9997 | AU14: 369.61071 | AV14: 5000 | AW14: 1121.9003 | AX14: 1800 | AY14: 2499.7026 | AZ14: 13500 | BA14: 9000
B15: =B14+1 -> 46089 | C15: Sun | D15: =SUM(E15:BA15) -> 179004.97 | E15: 733.5729 | F15: 1000 | G15: 500 | H15: 999.51613 | I15: 644.02065 | J15: 5500 | K15: 0 | L15: 603.76323 | M15: 673.27548 | N15: 0 | O15: 6600.0623 | P15: 300 | Q15: 6659.5545 | R15: 3600 | S15: 6000.0571 | T15: 4482.6897 | U15: 5500 | V15: 500 | W15: 0 | X15: 2500 | Y15: 70.054839 | Z15: 89.451613 | AA15: 1000 | AB15: 0 | AC15: 8500 | AD15: 2020.8603 | AE15: 0 | AF15: 2999.8519 | AG15: 0 | AH15: 2043.2745 | AI15: 1999.5303 | AJ15: 0 | AK15: 11007.047 | AL15: 1519.5448 | AM15: 3999.6742 | AN15: 48000 | AO15: 8000 | AP15: 3500 | AQ15: 3500 | AR15: 726.81516 | AS15: 3018.0416 | AT15: 2044.9997 | AU15: 369.61071 | AV15: 1000 | AW15: 0 | AX15: 1800 | AY15: 2499.7026 | AZ15: 13500 | BA15: 9000
B16: Sub Total | D16: =SUM(D9:D15) -> 1390816 | E16: =SUM(E9:E15) -> 7465.0103 | F16: =SUM(F9:F15) -> 16000 | G16: =SUM(G9:G15) -> 7278.3877 | H16: =SUM(H9:H15) -> 20694.613 | I16: =SUM(I9:I15) -> 4508.1445 | J16: =SUM(J9:J15) -> 38500 | K16: =SUM(K9:K15) -> 2999.8239 | ... AY16: =SUM(AY9:AY15) -> 17497.918 | AZ16: 94500 | BA16: =SUM(BA9:BA15) -> 63000
A18: =WEEKNUM(B23) -> 11 | B18: =B15+1 -> 46090 | C18: Mon | D18: =SUM(E18:BA18) -> 208836.6 | E18: 1199.5729 | F18: 2500 | G18: 1129.7313 | H18: 3282.5161 | I18: 644.02065 | J18: 2000 | K18: 499.97065 | L18: 603.76323 | M18: 673.27548 | N18: 5514.199 | O18: 6600.0623 | P18: 2874.3265 | Q18: 16500 | R18: 4800 | S18: 9000.0571 | T18: 4482.6897 | U18: =4000 -> 4000 | V18: 500 | W18: 1000 | X18: 5500 | Y18: 70.054839 | Z18: 89.451613 | AA18: 3500 | AB18: 2901.4806 | AC18: 8500 | AD18: 2020.8603 | AE18: 678.7 | AF18: 7121.8519 | AG18: 3499.8768 | AH18: 2043.2745 | AI18: 1999.5303 | AJ18: 1000 | AK18: 11007.047 | AL18: 1519.5448 | AM18: 3999.6742 | AN18: =26500+5000 -> 31500 | AO18: 8000 | AP18: 3500 | AQ18: 3500 | AR18: 726.81516 | AS18: 3018.0416 | AT18: 2044.9997 | AU18: 369.61071 | AV18: 5000 | AW18: 1121.9003 | AX18: 1800 | AY18: 2499.7026 | AZ18: 13500 | BA18: 9000
B19: =B18+1 -> 46091 | C19: Tue | D19: =SUM(E19:BA19) -> 208836.6 | E19: 1199.5729 | F19: 2500 | G19: 1129.7313 | H19: 3282.5161 | I19: 644.02065 | J19: 2000 | K19: 499.97065 | L19: 603.76323 | M19: 673.27548 | N19: 5514.199 | O19: 6600.0623 | P19: 2874.3265 | Q19: 16500 | R19: 4800 | S19: 9000.0571 | T19: 4482.6897 | U19: 4000 | V19: 500 | W19: 1000 | X19: 5500 | Y19: 70.054839 | Z19: 89.451613 | AA19: 3500 | AB19: 2901.4806 | AC19: 8500 | AD19: 2020.8603 | AE19: 678.7 | AF19: 7121.8519 | AG19: 3499.8768 | AH19: 2043.2745 | AI19: 1999.5303 | AJ19: 1000 | AK19: 11007.047 | AL19: 1519.5448 | AM19: 3999.6742 | AN19: 31500 | AO19: 8000 | AP19: 3500 | AQ19: 3500 | AR19: 726.81516 | AS19: 3018.0416 | AT19: 2044.9997 | AU19: 369.61071 | AV19: 5000 | AW19: 1121.9003 | AX19: 1800 | AY19: 2499.7026 | AZ19: 13500 | BA19: 9000
B20: =B19+1 -> 46092 | C20: Wed | D20: =SUM(E20:BA20) -> 208836.6 | E20: 1199.5729 | F20: 2500 | G20: 1129.7313 | H20: 3282.5161 | I20: 644.02065 | J20: 2000 | K20: 499.97065 | L20: 603.76323 | M20: 673.27548 | N20: 5514.199 | O20: 6600.0623 | P20: 2874.3265 | Q20: 16500 | R20: 4800 | S20: 9000.0571 | T20: 4482.6897 | U20: 4000 | V20: 500 | W20: 1000 | X20: 5500 | Y20: 70.054839 | Z20: 89.451613 | AA20: 3500 | AB20: 2901.4806 | AC20: 8500 | AD20: 2020.8603 | AE20: 678.7 | AF20: 7121.8519 | AG20: 3499.8768 | AH20: 2043.2745 | AI20: 1999.5303 | AJ20: 1000 | AK20: 11007.047 | AL20: 1519.5448 | AM20: 3999.6742 | AN20: 31500 | AO20: 8000 | AP20: 3500 | AQ20: 3500 | AR20: 726.81516 | AS20: 3018.0416 | AT20: 2044.9997 | AU20: 369.61071 | AV20: 5000 | AW20: 1121.9003 | AX20: 1800 | AY20: 2499.7026 | AZ20: 13500 | BA20: 9000
B21: =B20+1 -> 46093 | C21: Thu | D21: =SUM(E21:BA21) -> 208836.6 | E21: 1199.5729 | F21: 2500 | G21: 1129.7313 | H21: 3282.5161 | I21: 644.02065 | J21: 2000 | K21: 499.97065 | L21: 603.76323 | M21: 673.27548 | N21: 5514.199 | O21: 6600.0623 | P21: 2874.3265 | Q21: 16500 | R21: 4800 | S21: 9000.0571 | T21: 4482.6897 | U21: 4000 | V21: 500 | W21: 1000 | X21: 5500 | Y21: 70.054839 | Z21: 89.451613 | AA21: 3500 | AB21: 2901.4806 | AC21: 8500 | AD21: 2020.8603 | AE21: 678.7 | AF21: 7121.8519 | AG21: 3499.8768 | AH21: 2043.2745 | AI21: 1999.5303 | AJ21: 1000 | AK21: 11007.047 | AL21: 1519.5448 | AM21: 3999.6742 | AN21: 31500 | AO21: 8000 | AP21: 3500 | AQ21: 3500 | AR21: 726.81516 | AS21: 3018.0416 | AT21: 2044.9997 | AU21: 369.61071 | AV21: 5000 | AW21: 1121.9003 | AX21: 1800 | AY21: 2499.7026 | AZ21: 13500 | BA21: 9000
B22: =B21+1 -> 46094 | C22: Fri | D22: =SUM(E22:BA22) -> 193157.93 | E22: 1199.5729 | F22: 2500 | G22: 1129.7313 | H22: 3282.5161 | I22: 644.02065 | J22: 2000 | K22: 0 | L22: 603.76323 | M22: 673.27548 | N22: 5514.199 | O22: 6600.0623 | P22: 2874.3265 | Q22: 16500 | R22: 4800 | S22: 9000.0571 | T22: 4482.6897 | U22: 4000 | V22: 500 | W22: 1000 | X22: 5500 | Y22: 70.054839 | Z22: 89.451613 | AA22: 3500 | AB22: 2901.4806 | AC22: 8500 | AD22: 2020.8603 | AE22: 0 | AF22: 7121.8519 | AG22: 3499.8768 | AH22: 2043.2745 | AI22: 1999.5303 | AJ22: 0 | AK22: 11007.047 | AL22: 1519.5448 | AM22: 3999.6742 | AN22: 31500 | AO22: 8000 | AP22: 3500 | AQ22: 3500 | AR22: 726.81516 | AS22: 3018.0416 | AT22: 2044.9997 | AU22: 369.61071 | AV22: 5000 | AW22: 1121.9003 | AX22: 1800 | AY22: 2499.7026 | AZ22: 0 | BA22: 9000
B23: =B22+1 -> 46095 | C23: Sat | D23: =SUM(E23:BA23) -> 175192.05 | E23: 733.5729 | F23: 2500 | G23: 1129.7313 | H23: 3282.5161 | I23: 644.02065 | J23: 2000 | K23: 0 | L23: 603.76323 | M23: 673.27548 | N23: 4514.199 | O23: 6600.0623 | P23: 2874.3265 | Q23: 16500 | R23: 4800 | S23: 9000.0571 | T23: 4482.6897 | U23: 0 | V23: 500 | W23: 1000 | X23: 5500 | Y23: 70.054839 | Z23: 89.451613 | AA23: 3500 | AB23: 2901.4806 | AC23: 8500 | AD23: 2020.8603 | AE23: 0 | AF23: 7121.8519 | AG23: 0 | AH23: 2043.2745 | AI23: 1999.5303 | AJ23: 0 | AK23: 11007.047 | AL23: 1519.5448 | AM23: 3999.6742 | AN23: 31500 | AO23: 8000 | AP23: 3500 | AQ23: 3500 | AR23: 726.81516 | AS23: 3018.0416 | AT23: 2044.9997 | AU23: 369.61071 | AV23: 5000 | AW23: 1121.9003 | AX23: 1800 | AY23: 2499.7026 | AZ23: 0 | BA23: 0
B24: =B23+1 -> 46096 | C24: Sun | D24: =SUM(E24:BA24) -> 152524.88 | E24: 733.5729 | F24: 1000 | G24: 500 | H24: 999.51613 | I24: 644.02065 | J24: 2000 | K24: 0 | L24: 603.76323 | M24: 673.27548 | N24: 0 | O24: 6600.0623 | P24: 300 | Q24: 16500 | R24: 4800 | S24: 6000.0571 | T24: 4482.6897 | U24: 0 | V24: 500 | W24: 0 | X24: 2500 | Y24: 70.054839 | Z24: 89.451613 | AA24: 1000 | AB24: 0 | AC24: 8500 | AD24: 0 | AE24: 0 | AF24: 2999.8519 | AG24: 0 | AH24: 2043.2745 | AI24: 1999.5303 | AJ24: 0 | AK24: 11007.047 | AL24: 1519.5448 | AM24: 0 | AN24: 48000 | AO24: 8000 | AP24: 3500 | AQ24: 3500 | AR24: 726.81516 | AS24: 3018.0416 | AT24: 2044.9997 | AU24: 369.61071 | AV24: 1000 | AW24: 0 | AX24: 1800 | AY24: 2499.7026 | AZ24: 0 | BA24: 0
B25: Sub Total | D25: =SUM(D18:D24) -> 1356221.3 | E25: =SUM(E18:E24) -> 7465.0103 | F25: =SUM(F18:F24) -> 16000 | G25: =SUM(G18:G24) -> 7278.3877 | H25: =SUM(H18:H24) -> 20694.613 | I25: =SUM(I18:I24) -> 4508.1445 | J25: =SUM(J18:J24) -> 14000 | K25: =SUM(K18:K24) -> 1999.8826 | ... AY25: =SUM(AY18:AY24) -> 17497.918 | AZ25: 54000 | BA25: =SUM(BA18:BA24) -> 45000
A27: =WEEKNUM(B32) -> 12 | B27: =B24+1 -> 46097 | C27: Mon | D27: =SUM(E27:BA27) -> 162636.38 | E27: 1199.5729 | F27: 2500 | G27: 1129.7313 | H27: 999.51613 | I27: 300 | J27: 2000 | K27: 0 | L27: 603.76323 | M27: 673.27548 | N27: 5514.199 | O27: 6600.0623 | P27: 1000.3265 | Q27: 16500 | R27: 4800 | S27: 9000.0571 | T27: 4482.6897 | U27: 4000 | V27: 500 | W27: 1000 | X27: 5500 | Y27: 70.054839 | Z27: 89.451613 | AA27: 3500 | AB27: 2901.4806 | AC27: 8500 | AD27: 0 | AE27: 0 | AF27: 7121.8519 | AG27: 3499.8768 | AH27: 2043.2745 | AI27: 1999.5303 | AJ27: 0 | AK27: 11007.047 | AL27: 1519.5448 | AM27: 0 | AN27: 22000 | AO27: 6500 | AP27: 3500 | AQ27: 3500 | AR27: 726.81516 | AS27: 3018.0416 | AT27: 2044.9997 | AU27: 369.61071 | AV27: 5000 | AW27: 1121.9003 | AX27: 1800 | AY27: 2499.7026 | AZ27: 0 | BA27: 0
B28: =B27+1 -> 46098 | C28: Tue | D28: =SUM(E28:BA28) -> 151514.52 | E28: 1199.5729 | F28: 1000 | G28: 1129.7313 | H28: 999.51613 | I28: 300 | J28: 2000 | K28: 0 | L28: 603.76323 | M28: 673.27548 | N28: 5514.199 | O28: 6600.0623 | P28: 1000.3265 | Q28: 16500 | R28: 4800 | S28: 9000.0571 | T28: 4482.6897 | U28: 4000 | V28: 500 | W28: 1000 | X28: 5500 | Y28: 70.054839 | Z28: 89.451613 | AA28: 3500 | AB28: 2901.4806 | AC28: 6000 | AD28: 0 | AE28: 0 | AF28: 0 | AG28: 3499.8768 | AH28: 2043.2745 | AI28: 1999.5303 | AJ28: 0 | AK28: 11007.047 | AL28: 1519.5448 | AM28: 0 | AN28: 22000 | AO28: 6500 | AP28: 3500 | AQ28: 3500 | AR28: 726.81516 | AS28: 3018.0416 | AT28: 2044.9997 | AU28: 369.61071 | AV28: 5000 | AW28: 1121.9003 | AX28: 1800 | AY28: 2499.7026 | AZ28: 0 | BA28: 0
B29: =B28+1 -> 46099 | C29: Wed (cuti bersama) | D29: =SUM(E29:BA29) -> 132069.23 | E29: 0 | F29: 0 | G29: 1129.7313 | H29: 0 | I29: 300 | J29: 0 | K29: 0 | L29: 300 | M29: 673.27548 | N29: 5514.199 | O29: 0 | P29: 0 | Q29: 16500 | R29: 4800 | S29: 4000.0571 | T29: 0 | U29: 0 | V29: 0 | W29: 1000 | X29: 2500 | Y29: 70.054839 | Z29: 89.451613 | AA29: 3500 | AB29: 0 | AC29: 0 | AD29: 0 | AE29: 0 | AF29: 0 | AG29: 3499.8768 | AH29: 0 | AI29: 1999.5303 | AJ29: 0 | AK29: 11007.047 | AL29: 1519.5448 | AM29: 0 | AN29: 48000 | AO29: 8000 | AP29: 0 | AQ29: 3500 | AR29: 726.81516 | AS29: 3018.0416 | AT29: 0 | AU29: 0 | AV29: 5000 | AW29: 1121.9003 | AX29: 1800 | AY29: 2499.7026 | AZ29: 0 | BA29: 0
B30: =B29+1 -> 46100 | C30: Thu (Nyepi) | D30: =SUM(E30:BA30) -> 105970.73 | E30: 0 | F30: 0 | G30: 1129.7313 | H30: 0 | I30: 300 | J30: 0 | K30: 0 | L30: 300 | M30: 0 | N30: 5514.199 | O30: 0 | P30: 0 | Q30: 16500 | R30: 4800 | S30: 4000.0571 | T30: 0 | U30: 0 | V30: 0 | W30: 0 | X30: 0 | Y30: 0 | Z30: 89.451613 | AA30: 0 | AB30: 0 | AC30: 0 | AD30: 0 | AE30: 0 | AF30: 0 | AG30: 0 | AH30: 0 | AI30: 0 | AJ30: 0 | AK30: 5000 | AL30: 1519.5448 | AM30: 0 | AN30: 48000 | AO30: 8000 | AP30: 0 | AQ30: 3500 | AR30: 0 | AS30: 3018.0416 | AT30: 0 | AU30: 0 | AV30: 0 | AW30: 0 | AX30: 1800 | AY30: 2499.7026 | AZ30: 0 | BA30: 0
B31: =B30+1 -> 46101 | C31: Fri (Ied 1) | D31: =SUM(E31:BA31) -> 83078.497 | E31: 0 | F31: 0 | G31: 1129.7313 | H31: 0 | I31: 300 | J31: 0 | K31: 0 | L31: 300 | M31: 0 | N31: 0 | O31: 0 | P31: 0 | Q31: 6659.5545 | R31: 4800 | S31: 4000.0571 | T31: 0 | U31: 0 | V31: 0 | W31: 0 | X31: 0 | Y31: 0 | Z31: 89.451613 | AA31: 0 | AB31: 0 | AC31: 0 | AD31: 0 | AE31: 0 | AF31: 0 | AG31: 0 | AH31: 0 | AI31: 0 | AJ31: 0 | AK31: 5000 | AL31: 500 | AM31: 0 | AN31: 48000 | AO31: 8000 | AP31: 0 | AQ31: 0 | AR31: 0 | AS31: 0 | AT31: 0 | AU31: 0 | AV31: 0 | AW31: 0 | AX31: 1800 | AY31: 2499.7026 | AZ31: 0 | BA31: 0
B32: =B31+1 -> 46102 | C32: Sat (Ied 2) | D32: =SUM(E32:BA32) -> 94925.99 | E32: 0 | F32: 0 | G32: 1129.7313 | H32: 0 | I32: 300 | J32: 0 | K32: 0 | L32: 300 | M32: 0 | N32: 0 | O32: 0 | P32: 0 | Q32: 16500 | R32: 4800 | S32: 4000.0571 | T32: 0 | U32: 0 | V32: 0 | W32: 0 | X32: 0 | Y32: 0 | Z32: 89.451613 | AA32: 0 | AB32: 0 | AC32: 0 | AD32: 0 | AE32: 0 | AF32: 0 | AG32: 0 | AH32: 0 | AI32: 0 | AJ32: 0 | AK32: 11007.047 | AL32: 500 | AM32: 0 | AN32: 48000 | AO32: 4000 | AP32: 0 | AQ32: 0 | AR32: 0 | AS32: 0 | AT32: 0 | AU32: 0 | AV32: 0 | AW32: 0 | AX32: 1800 | AY32: 2499.7026 | AZ32: 0 | BA32: 0
B33: =B32+1 -> 46103 | C33: Sun | D33: =SUM(E33:BA33) -> 99885.858 | E33: 0 | F33: 0 | G33: 500 | H33: 0 | I33: 300 | J33: 0 | K33: 0 | L33: 300 | M33: 0 | N33: 0 | O33: 0 | P33: 0 | Q33: 16500 | R33: 4800 | S33: 4000.0571 | T33: 0 | U33: 0 | V33: 500 | W33: 0 | X33: 0 | Y33: 70.054839 | Z33: 89.451613 | AA33: 0 | AB33: 0 | AC33: 0 | AD33: 0 | AE33: 0 | AF33: 0 | AG33: 0 | AH33: 0 | AI33: 0 | AJ33: 0 | AK33: 11007.047 | AL33: 1519.5448 | AM33: 0 | AN33: 48000 | AO33: 8000 | AP33: 0 | AQ33: 0 | AR33: 0 | AS33: 0 | AT33: 0 | AU33: 0 | AV33: 0 | AW33: 0 | AX33: 1800 | AY33: 2499.7026 | AZ33: 0 | BA33: 0
B34: Sub Total | D34: =SUM(D27:D33) -> 830081.2 | E34: =SUM(E27:E33) -> 2399.1458 | F34: =SUM(F27:F33) -> 3500 | G34: =SUM(G27:G33) -> 7278.3877 | H34: =SUM(H27:H33) -> 1999.0323 | I34: =SUM(I27:I33) -> 2100 | J34: =SUM(J27:J33) -> 4000 | K34: =SUM(K27:K33) -> 0 | ... AY34: =SUM(AY27:AY33) -> 17497.918 | AZ34: 0 | BA34: =SUM(BA27:BA33) -> 0
A36: =WEEKNUM(B41) -> 13 | B36: =B33+1 -> 46104 | C36: Mon (cuti bersama) | D36: =SUM(E36:BA36) -> 98675.144 | E36: 0 | F36: 0 | G36: 1129.7313 | H36: 0 | I36: 300 | J36: 0 | K36: 0 | L36: 300 | M36: 0 | N36: 0 | O36: 0 | P36: 0 | Q36: 11659.555 | R36: 4800 | S36: 4000.0571 | T36: 0 | U36: 0 | V36: 0 | W36: 0 | X36: 0 | Y36: 70.054839 | Z36: 89.451613 | AA36: 3500 | AB36: 0 | AC36: 0 | AD36: 0 | AE36: 0 | AF36: 0 | AG36: 0 | AH36: 0 | AI36: 0 | AJ36: 0 | AK36: 11007.047 | AL36: 1519.5448 | AM36: 0 | AN36: 48000 | AO36: 8000 | AP36: 0 | AQ36: 0 | AR36: 0 | AS36: 0 | AT36: 0 | AU36: 0 | AV36: 0 | AW36: 0 | AX36: 1800 | AY36: 2499.7026 | AZ36: 0 | BA36: 0
B37: =B36+1 -> 46105 | C37: Tue (cuti bersama) | D37: =SUM(E37:BA37) -> 112371.85 | E37: 0 | F37: 3000 | G37: 1129.7313 | H37: 0 | I37: 300 | J37: 0 | K37: 0 | L37: 300 | M37: 300 | N37: 0 | O37: 0 | P37: 0 | Q37: 11659.555 | R37: 4800 | S37: 4000.0571 | T37: 2482.6897 | U37: 0 | V37: 0 | W37: 0 | X37: 0 | Y37: 70.054839 | Z37: 89.451613 | AA37: 3500 | AB37: 0 | AC37: 0 | AD37: 0 | AE37: 0 | AF37: 0 | AG37: 3499.8768 | AH37: 0 | AI37: 1999.5303 | AJ37: 0 | AK37: 11007.047 | AL37: 1519.5448 | AM37: 0 | AN37: 48000 | AO37: 8000 | AP37: 0 | AQ37: 0 | AR37: 0 | AS37: 0 | AT37: 2044.9997 | AU37: 369.61071 | AV37: 0 | AW37: 0 | AX37: 1800 | AY37: 2499.7026 | AZ37: 0 | BA37: 0
B38: =B37+1 -> 46106 | C38: Wed (cuti bersama) | D38: =SUM(E38:BA38) -> 131046.63 | E38: 0 | F38: 3000 | G38: 1129.7313 | H38: 0 | I38: 300 | J38: 2000 | K38: 499.97065 | L38: 603.76323 | M38: 673.27548 | N38: 0 | O38: 6600.0623 | P38: 2874.3265 | Q38: 11659.555 | R38: 4800 | S38: 4000.0571 | T38: 2482.6897 | U38: 2000 | V38: 0 | W38: 0 | X38: 0 | Y38: 70.054839 | Z38: 89.451613 | AA38: 3500 | AB38: 2901.4806 | AC38: 8500 | AD38: 0 | AE38: 0 | AF38: 0 | AG38: 3499.8768 | AH38: 0 | AI38: 1999.5303 | AJ38: 1000 | AK38: 11007.047 | AL38: 1519.5448 | AM38: 0 | AN38: 40000 | AO38: 6500 | AP38: 0 | AQ38: 0 | AR38: 0 | AS38: 0 | AT38: 2044.9997 | AU38: 369.61071 | AV38: 0 | AW38: 1121.9003 | AX38: 1800 | AY38: 2499.7026 | AZ38: 0 | BA38: 0
B39: =B38+1 -> 46107 | C39: Thu | D39: =SUM(E39:BA39) -> 148046.5 | E39: 1199.5729 | F39: 3000 | G39: 1129.7313 | H39: 0 | I39: 300 | J39: 2000 | K39: 499.97065 | L39: 603.76323 | M39: 673.27548 | N39: 0 | O39: 6600.0623 | P39: 2874.3265 | Q39: 11659.555 | R39: 9600 | S39: 9000.0571 | T39: 4482.6897 | U39: 7000 | V39: 500 | W39: 0 | X39: 2500 | Y39: 70.054839 | Z39: 89.451613 | AA39: 3500 | AB39: 2901.4806 | AC39: 8500 | AD39: 0 | AE39: 0 | AF39: 0 | AG39: 3499.8768 | AH39: 0 | AI39: 1999.5303 | AJ39: 1000 | AK39: 11007.047 | AL39: 1519.5448 | AM39: 0 | AN39: 22000 | AO39: 6500 | AP39: 3500 | AQ39: 0 | AR39: 0 | AS39: 0 | AT39: 2044.9997 | AU39: 369.61071 | AV39: 5000 | AW39: 1121.9003 | AX39: 1800 | AY39: =2500+5500 -> 8000 | AZ39: 0 | BA39: 0
B40: =B39+1 -> 46108 | C40: Fri | D40: =SUM(E40:BA40) -> 160029.79 | E40: 1199.5729 | F40: 3000 | G40: 1129.7313 | H40: 0 | I40: 644.02065 | J40: 2000 | K40: 499.97065 | L40: 603.76323 | M40: 673.27548 | N40: 0 | O40: 6600.0623 | P40: 2874.3265 | Q40: 11659.555 | R40: 9600 | S40: 9000.0571 | T40: 4482.6897 | U40: 7000 | V40: 500 | W40: 0 | X40: 5500 | Y40: 70.054839 | Z40: 89.451613 | AA40: 3500 | AB40: 2901.4806 | AC40: 8500 | AD40: 0 | AE40: 0 | AF40: 7121.8519 | AG40: 3499.8768 | AH40: 0 | AI40: 1999.5303 | AJ40: 1000 | AK40: 11007.047 | AL40: 1519.5448 | AM40: 3999.6742 | AN40: 22000 | AO40: 6500 | AP40: 3500 | AQ40: 0 | AR40: 0 | AS40: 3018.0416 | AT40: 2044.9997 | AU40: 369.61071 | AV40: 5000 | AW40: 1121.9003 | AX40: 1800 | AY40: 2499.7026 | AZ40: 0 | BA40: 0
B41: =B40+1 -> 46109 | C41: Sat | D41: =SUM(E41:BA41) -> 149529.91 | E41: 1199.5729 | F41: 3000 | G41: 1129.7313 | H41: 0 | I41: 644.02065 | J41: 2000 | K41: 499.97065 | L41: 603.76323 | M41: 673.27548 | N41: 0 | O41: 6600.0623 | P41: 2874.3265 | Q41: 11659.555 | R41: 9600 | S41: 9000.0571 | T41: 4482.6897 | U41: 0 | V41: 500 | W41: 0 | X41: 5500 | Y41: 70.054839 | Z41: 89.451613 | AA41: 3500 | AB41: 2901.4806 | AC41: 8500 | AD41: 0 | AE41: 0 | AF41: 7121.8519 | AG41: 0 | AH41: 0 | AI41: 1999.5303 | AJ41: 1000 | AK41: 11007.047 | AL41: 1519.5448 | AM41: 3999.6742 | AN41: 22000 | AO41: 6500 | AP41: 3500 | AQ41: 0 | AR41: 0 | AS41: 3018.0416 | AT41: 2044.9997 | AU41: 369.61071 | AV41: 5000 | AW41: 1121.9003 | AX41: 1800 | AY41: 2499.7026 | AZ41: 0 | BA41: 0
B42: =B41+1 -> 46110 | C42: Sun | D42: =SUM(E42:BA42) -> 145214.48 | E42: 733.5729 | F42: 3000 | G42: 500 | H42: 0 | I42: 644.02065 | J42: 2000 | K42: 499.97065 | L42: 603.76323 | M42: 673.27548 | N42: 0 | O42: 6600.0623 | P42: 300 | Q42: 6659.5545 | R42: 9600 | S42: 6000.0571 | T42: 4482.6897 | U42: 0 | V42: 500 | W42: 0 | X42: 2500 | Y42: 70.054839 | Z42: 89.451613 | AA42: 1000 | AB42: 0 | AC42: 8500 | AD42: 0 | AE42: 0 | AF42: 2999.8519 | AG42: 0 | AH42: 0 | AI42: 1999.5303 | AJ42: 0 | AK42: 11007.047 | AL42: 1519.5448 | AM42: 3999.6742 | AN42: 48000 | AO42: 6500 | AP42: 3500 | AQ42: 0 | AR42: 0 | AS42: 3018.0416 | AT42: 2044.9997 | AU42: 369.61071 | AV42: 1000 | AW42: 0 | AX42: 1800 | AY42: 2499.7026 | AZ42: 0 | BA42: 0
B43: Sub Total | D43: =SUM(D36:D42) -> 944914.31 | E43: =SUM(E36:E42) -> 4332.2916 | F43: =SUM(F36:F42) -> 18000 | G43: =SUM(G36:G42) -> 7278.3877 | H43: =SUM(H36:H42) -> 0 | I43: =SUM(I36:I42) -> 3132.0619 | J43: =SUM(J36:J42) -> 10000 | K43: =SUM(K36:K42) -> 2499.8532 | ... AY43: =SUM(AY36:AY42) -> 22998.215 | AZ43: 0 | BA43: =SUM(BA36:BA42) -> 0
A45: =WEEKNUM(B45) -> 14 | B45: =B42+1 -> 46111 | C45: Mon | D45: =SUM(E45:BA45) -> 204275.3 | E45: 1199.5729 | F45: 3000 | G45: 1129.7313 | H45: 3282.5161 | I45: 644.02065 | J45: 2000 | K45: 499.97065 | L45: 603.76323 | M45: 673.27548 | N45: 5514.199 | O45: 6600.0623 | P45: 2874.3265 | Q45: 11659.555 | R45: 9600 | S45: 9000.0571 | T45: 4482.6897 | U45: 7000 | V45: 500 | W45: 1000 | X45: 5500 | Y45: 70.054839 | Z45: 89.451613 | AA45: 3500 | AB45: 2901.4806 | AC45: 8500 | AD45: 0 | AE45: 678.7 | AF45: 7121.8519 | AG45: 3499.8768 | AH45: 2043.2745 | AI45: 1999.5303 | AJ45: 1000 | AK45: 11007.047 | AL45: 1519.5448 | AM45: 3999.6742 | AN45: 48000 | AO45: 8000 | AP45: 3500 | AQ45: 3500 | AR45: 726.81516 | AS45: 3018.0416 | AT45: 2044.9997 | AU45: 369.61071 | AV45: 5000 | AW45: 1121.9003 | AX45: 1800 | AY45: 2499.7026 | AZ45: 0 | BA45: 0
B46: =B45+1 -> 46112 | C46: Tue | D46: =SUM(E46:BA46) -> 206296.16 | E46: 1199.5729 | F46: 3000 | G46: 1129.7313 | H46: 3282.5161 | I46: 644.02065 | J46: 2000 | K46: 499.97065 | L46: 603.76323 | M46: 673.27548 | N46: 5514.199 | O46: 6600.0623 | P46: 2874.3265 | Q46: 11659.555 | R46: 9600 | S46: 9000.0571 | T46: 4482.6897 | U46: 7000 | V46: 500 | W46: 1000 | X46: 5500 | Y46: 70.054839 | Z46: 89.451613 | AA46: 3500 | AB46: 2901.4806 | AC46: 8500 | AD46: 2020.8603 | AE46: 678.7 | AF46: 7121.8519 | AG46: 3499.8768 | AH46: 2043.2745 | AI46: 1999.5303 | AJ46: 1000 | AK46: 11007.047 | AL46: 1519.5448 | AM46: 3999.6742 | AN46: 48000 | AO46: 8000 | AP46: 3500 | AQ46: 3500 | AR46: 726.81516 | AS46: 3018.0416 | AT46: 2044.9997 | AU46: 369.61071 | AV46: 5000 | AW46: 1121.9003 | AX46: 1800 | AY46: 2499.7026 | AZ46: 0 | BA46: 0
B47: Sub Total | D47: =SUM(D45:D46) -> 410571.45 | E47: =SUM(E45:E46) -> 2399.1458 | F47: =SUM(F45:F46) -> 6000 | G47: =SUM(G45:G46) -> 2259.4626 | H47: =SUM(H45:H46) -> 6565.0323 | I47: =SUM(I45:I46) -> 1288.0413 | J47: =SUM(J45:J46) -> 4000 | K47: =SUM(K45:K46) -> 999.94129 | ... AY47: =SUM(AY45:AY46) -> 4999.4052 | AZ47: 0 | BA47: =SUM(BA45:BA46) -> 0
B49: Sub Total | D49: =SUM(D43,D34,D25,D16,D7,D47) -> 5115140.5 | E49: =SUM(E43,E34,E25,E16,E7,E47) -> 24794.177 | F49: =SUM(F43,F34,F25,F16,F7,F47) -> 60500 | G49: =SUM(G43,G34,G25,G16,G7,G47) -> 32502.745 | H49: =SUM(H43,H34,H25,H16,H7,H47) -> 50952.806 | I49: =SUM(I43,I34,I25,I16,I7,I47) -> 16180.413 | J49: =SUM(J43,J34,J25,J16,J7,J47) -> 76000 | K49: =SUM(K43,K34,K25,K16,K7,K47) -> 8499.501 | ... BA49: =SUM(BA43,BA34,BA25,BA16,BA7,BA47) -> 117000
B50: Total | D50: =SUM(D27:D33,D18:D24,D9:D15,D6,D36:D42,D45:D46) -> 5115140.5 | E50: =SUM(E27:E33,E18:E24,E9:E15,E6,E36:E42,E45:E46) -> 24794.177 | F50: =SUM(F27:F33,F18:F24,F9:F15,F6,F36:F42,F45:F46) -> 60500 | G50: =SUM(G27:G33,G18:G24,G9:G15,G6,G36:G42,G45:G46) -> 32502.745 | H50: =SUM(H27:H33,H18:H24,H9:H15,H6,H36:H42,H45:H46) -> 50952.806 | I50: =SUM(I27:I33,I18:I24,I9:I15,I6,I36:I42,I45:I46) -> 16180.413 | J50: =SUM(J27:J33,J18:J24,J9:J15,J6,J36:J42,J45:J46) -> 76000 | K50: =SUM(K27:K33,K18:K24,K9:K15,K6,K36:K42,K45:K46) -> 8499.501 | ... BA50: =SUM(BA27:BA33,BA18:BA24,BA9:BA15,BA6,BA36:BA42,BA45:BA46) -> 117000
B61: 5. Penyesuaian volume MS SETU, kuota Torabika IC di tambahkan ke Torabika Cikupa mulai April 2025
B62: 5. Penyesuaian volume MS SETU, kuota Torabika IC di tambahkan ke Torabika Cikupa mulai April 2025
B63: 5. Penyesuaian volume MS SETU, kuota Torabika IC di tambahkan ke Torabika Cikupa mulai April 2025
B64: 5. Penyesuaian volume MS SETU, kuota Torabika IC di tambahkan ke Torabika Cikupa mulai April 2025
B65: 5. Penyesuaian volume MS SETU, kuota Torabika IC di tambahkan ke Torabika Cikupa mulai April 2025
B66: 5. Penyesuaian volume MS SETU, kuota Torabika IC di tambahkan ke Torabika Cikupa mulai April 2025
B67: 5. Penyesuaian volume MS SETU, kuota Torabika IC di tambahkan ke Torabika Cikupa mulai April 2025
B68: 5. Penyesuaian volume MS SETU, kuota Torabika IC di tambahkan ke Torabika Cikupa mulai April 2025
B69: 5. Penyesuaian volume MS SETU, kuota Torabika IC di tambahkan ke Torabika Cikupa mulai April 2025
B70: 5. Penyesuaian volume MS SETU, kuota Torabika IC di tambahkan ke Torabika Cikupa mulai April 2025
B71: 5. Penyesuaian volume MS SETU, kuota Torabika IC di tambahkan ke Torabika Cikupa mulai April 2025
B72: 5. Penyesuaian volume MS SETU, kuota Torabika IC di tambahkan ke Torabika Cikupa mulai April 2025
... B79: 6. Pengurangan volume MS SETU PT Ceres, customer off mulai 22 April 2025

Sheet KEBUTUHAN GAS
A1: KEBUTUHAN GAS
A4: ='SO Maret 2026 Rev 2'!A3 -> 46082 | E4: KEBUTUHAN GAS | I4: KUOTA GAS
A5: Week | B5: DATE | D5: SELISIH GAS | E5: JABAR | F5: JATENG | G5: JATIM | H5: TOTAL | I5: MS SETU | J5: MS KHT | K5: MS BLORA | L5: MS BITUNG | M5: MS ZEBRA | N5: MS TAMBAKLOROK | O5: MS WUNUT | P5: MS SADANG | Q5: TOTAL
A6: =WEEKNUM(B6) -> 10 | B6: 46082 | C6: =TEXT(B6,"ddd") -> Mgg | D6: =Q6-H6 -> -22036.184 | E6: =SUM('SO Maret 2026 Rev 2'!E6:AQ6) -> 148577.01 | F6: =SUM('SO Maret 2026 Rev 2'!AR6:AY6) -> 11459.17 | G6: =SUM('SO Maret 2026 Rev 2'!AZ6:BA6) -> 22500 | H6: =SUM(E6:G6) -> 182536.18 | I6: ='SO MS'!E6 -> 96000 | J6: ='SO MS'!F6 -> 31200 | K6: ='SO MS'!G6 -> 10800 | L6: ='SO MS'!H6 -> 0 | M6: ='SO MS'!I6 -> 13500 | N6: ='SO MS'!J6 -> 0 | O6: ='SO MS'!K6 -> 9000 | P6: ='SO MS'!L6 -> 0 | Q6: =SUM(I6:P6) -> 160500
B7: Sub Total | D7: =SUM(D3:D6) -> -22036.184 | E7: =SUM(E3:E6) -> 148577.01 | F7: =SUM(F3:F6) -> 11459.17 | G7: =SUM(G3:G6) -> 22500 | H7: =SUM(H3:H6) -> 182536.18 | I7: =SUM(I3:I6) -> 96000 | J7: =SUM(J3:J6) -> 31200 | K7: =SUM(K3:K6) -> 10800 | ... Q7: =SUM(Q3:Q6) -> 160500
A9: =WEEKNUM(B13) -> 10 | B9: 46083 | C9: =TEXT(B9,"ddd") -> Sen | D9: =Q9-H9 -> -42296.157 | E9: =SUM('SO Maret 2026 Rev 2'!E9:AQ9) -> 163715.09 | F9: =SUM('SO Maret 2026 Rev 2'!AR9:AY9) -> 16581.07 | G9: =SUM('SO Maret 2026 Rev 2'!AZ9:BA9) -> 22500 | H9: =SUM(E9:G9) -> 202796.16 | I9: ='SO MS'!E9 -> 96000 | J9: ='SO MS'!F9 -> 31200 | K9: ='SO MS'!G9 -> 10800 | L9: ='SO MS'!H9 -> 0 | M9: ='SO MS'!I9 -> 13500 | N9: ='SO MS'!J9 -> 0 | O9: ='SO MS'!K9 -> 9000 | P9: ='SO MS'!L9 -> 0 | Q9: =SUM(I9:P9) -> 160500
B10: 46084 | C10: =TEXT(B10,"ddd") -> Sel | D10: =Q10-H10 -> -42296.157 | E10: =SUM('SO Maret 2026 Rev 2'!E10:AQ10) -> 163715.09 | F10: =SUM('SO Maret 2026 Rev 2'!AR10:AY10) -> 16581.07 | G10: =SUM('SO Maret 2026 Rev 2'!AZ10:BA10) -> 22500 | H10: =SUM(E10:G10) -> 202796.16 | I10: ='SO MS'!E10 -> 96000 | J10: ='SO MS'!F10 -> 31200 | K10: ='SO MS'!G10 -> 10800 | L10: ='SO MS'!H10 -> 0 | M10: ='SO MS'!I10 -> 13500 | N10: ='SO MS'!J10 -> 0 | O10: ='SO MS'!K10 -> 9000 | P10: ='SO MS'!L10 -> 0 | Q10: =SUM(I10:P10) -> 160500
B11: 46085 | C11: =TEXT(B11,"ddd") -> Rab | D11: =Q11-H11 -> -42296.157 | E11: =SUM('SO Maret 2026 Rev 2'!E11:AQ11) -> 163715.09 | F11: =SUM('SO Maret 2026 Rev 2'!AR11:AY11) -> 16581.07 | G11: =SUM('SO Maret 2026 Rev 2'!AZ11:BA11) -> 22500 | H11: =SUM(E11:G11) -> 202796.16 | I11: ='SO MS'!E11 -> 96000 | J11: ='SO MS'!F11 -> 31200 | K11: ='SO MS'!G11 -> 10800 | L11: ='SO MS'!H11 -> 0 | M11: ='SO MS'!I11 -> 13500 | N11: ='SO MS'!J11 -> 0 | O11: ='SO MS'!K11 -> 9000 | P11: ='SO MS'!L11 -> 0 | Q11: =SUM(I11:P11) -> 160500
B12: 46086 | C12: =TEXT(B12,"ddd") -> Kam | D12: =Q12-H12 -> -42296.157 | E12: =SUM('SO Maret 2026 Rev 2'!E12:AQ12) -> 163715.09 | F12: =SUM('SO Maret 2026 Rev 2'!AR12:AY12) -> 16581.07 | G12: =SUM('SO Maret 2026 Rev 2'!AZ12:BA12) -> 22500 | H12: =SUM(E12:G12) -> 202796.16 | I12: ='SO MS'!E12 -> 96000 | J12: ='SO MS'!F12 -> 31200 | K12: ='SO MS'!G12 -> 10800 | L12: ='SO MS'!H12 -> 0 | M12: ='SO MS'!I12 -> 13500 | N12: ='SO MS'!J12 -> 0 | O12: ='SO MS'!K12 -> 9000 | P12: ='SO MS'!L12 -> 0 | Q12: =SUM(I12:P12) -> 160500
B13: 46087 | C13: =TEXT(B13,"ddd") -> Jum | D13: =Q13-H13 -> -42296.157 | E13: =SUM('SO Maret 2026 Rev 2'!E13:AQ13) -> 163715.09 | F13: =SUM('SO Maret 2026 Rev 2'!AR13:AY13) -> 16581.07 | G13: =SUM('SO Maret 2026 Rev 2'!AZ13:BA13) -> 22500 | H13: =SUM(E13:G13) -> 202796.16 | I13: ='SO MS'!E13 -> 96000 | J13: ='SO MS'!F13 -> 31200 | K13: ='SO MS'!G13 -> 10800 | L13: ='SO MS'!H13 -> 0 | M13: ='SO MS'!I13 -> 13500 | N13: ='SO MS'!J13 -> 0 | O13: ='SO MS'!K13 -> 9000 | P13: ='SO MS'!L13 -> 0 | Q13: =SUM(I13:P13) -> 160500
B14: 46088 | C14: =TEXT(B14,"ddd") -> Sab | D14: =Q14-H14 -> -37330.28 | E14: =SUM('SO Maret 2026 Rev 2'!E14:AQ14) -> 158749.21 | F14: =SUM('SO Maret 2026 Rev 2'!AR14:AY14) -> 16581.07 | G14: =SUM('SO Maret 2026 Rev 2'!AZ14:BA14) -> 22500 | H14: =SUM(E14:G14) -> 197830.28 | I14: ='SO MS'!E14 -> 96000 | J14: ='SO MS'!F14 -> 31200 | K14: ='SO MS'!G14 -> 10800 | L14: ='SO MS'!H14 -> 0 | M14: ='SO MS'!I14 -> 13500 | N14: ='SO MS'!J14 -> 0 | O14: ='SO MS'!K14 -> 9000 | P14: ='SO MS'!L14 -> 0 | Q14: =SUM(I14:P14) -> 160500
B15: 46089 | C15: =TEXT(B15,"ddd") -> Mgg | D15: =Q15-H15 -> -18504.972 | E15: =SUM('SO Maret 2026 Rev 2'!E15:AQ15) -> 145045.8 | F15: =SUM('SO Maret 2026 Rev 2'!AR15:AY15) -> 11459.17 | G15: =SUM('SO Maret 2026 Rev 2'!AZ15:BA15) -> 22500 | H15: =SUM(E15:G15) -> 179004.97 | I15: ='SO MS'!E15 -> 96000 | J15: ='SO MS'!F15 -> 31200 | K15: ='SO MS'!G15 -> 10800 | L15: ='SO MS'!H15 -> 0 | M15: ='SO MS'!I15 -> 13500 | N15: ='SO MS'!J15 -> 0 | O15: ='SO MS'!K15 -> 9000 | P15: ='SO MS'!L15 -> 0 | Q15: =SUM(I15:P15) -> 160500
B16: Sub Total | D16: =SUM(D9:D15) -> -267316.04 | E16: =SUM(E9:E15) -> 1122370.4 | F16: =SUM(F9:F15) -> 110945.59 | G16: =SUM(G9:G15) -> 157500 | H16: =SUM(H9:H15) -> 1390816 | I16: =SUM(I9:I15) -> 672000 | J16: =SUM(J9:J15) -> 218400 | K16: =SUM(K9:K15) -> 75600 | ... Q16: =SUM(Q9:Q15) -> 1123500
A18: =WEEKNUM(B22) -> 11 | B18: 46090 | C18: =TEXT(B18,"ddd") -> Sen | D18: =Q18-H18 -> -48336.602 | E18: =SUM('SO Maret 2026 Rev 2'!E18:AQ18) -> 169755.53 | F18: =SUM('SO Maret 2026 Rev 2'!AR18:AY18) -> 16581.07 | G18: =SUM('SO Maret 2026 Rev 2'!AZ18:BA18) -> 22500 | H18: =SUM(E18:G18) -> 208836.6 | I18: ='SO MS'!E18 -> 96000 | J18: ='SO MS'!F18 -> 31200 | K18: ='SO MS'!G18 -> 10800 | L18: ='SO MS'!H18 -> 0 | M18: ='SO MS'!I18 -> 13500 | N18: ='SO MS'!J18 -> 0 | O18: ='SO MS'!K18 -> 9000 | P18: ='SO MS'!L18 -> 0 | Q18: =SUM(I18:P18) -> 160500
B19: 46091 | C19: =TEXT(B19,"ddd") -> Sel | D19: =Q19-H19 -> -48336.602 | E19: =SUM('SO Maret 2026 Rev 2'!E19:AQ19) -> 169755.53 | F19: =SUM('SO Maret 2026 Rev 2'!AR19:AY19) -> 16581.07 | G19: =SUM('SO Maret 2026 Rev 2'!AZ19:BA19) -> 22500 | H19: =SUM(E19:G19) -> 208836.6 | I19: ='SO MS'!E19 -> 96000 | J19: ='SO MS'!F19 -> 31200 | K19: ='SO MS'!G19 -> 10800 | L19: ='SO MS'!H19 -> 0 | M19: ='SO MS'!I19 -> 13500 | N19: ='SO MS'!J19 -> 0 | O19: ='SO MS'!K19 -> 9000 | P19: ='SO MS'!L19 -> 0 | Q19: =SUM(I19:P19) -> 160500
B20: 46092 | C20: =TEXT(B20,"ddd") -> Rab | D20: =Q20-H20 -> -48336.602 | E20: =SUM('SO Maret 2026 Rev 2'!E20:AQ20) -> 169755.53 | F20: =SUM('SO Maret 2026 Rev 2'!AR20:AY20) -> 16581.07 | G20: =SUM('SO Maret 2026 Rev 2'!AZ20:BA20) -> 22500 | H20: =SUM(E20:G20) -> 208836.6 | I20: ='SO MS'!E20 -> 96000 | J20: ='SO MS'!F20 -> 31200 | K20: ='SO MS'!G20 -> 10800 | L20: ='SO MS'!H20 -> 0 | M20: ='SO MS'!I20 -> 13500 | N20: ='SO MS'!J20 -> 0 | O20: ='SO MS'!K20 -> 9000 | P20: ='SO MS'!L20 -> 0 | Q20: =SUM(I20:P20) -> 160500
B21: 46093 | C21: =TEXT(B21,"ddd") -> Kam | D21: =Q21-H21 -> -48336.602 | E21: =SUM('SO Maret 2026 Rev 2'!E21:AQ21) -> 169755.53 | F21: =SUM('SO Maret 2026 Rev 2'!AR21:AY21) -> 16581.07 | G21: =SUM('SO Maret 2026 Rev 2'!AZ21:BA21) -> 22500 | H21: =SUM(E21:G21) -> 208836.6 | I21: ='SO MS'!E21 -> 96000 | J21: ='SO MS'!F21 -> 31200 | K21: ='SO MS'!G21 -> 10800 | L21: ='SO MS'!H21 -> 0 | M21: ='SO MS'!I21 -> 13500 | N21: ='SO MS'!J21 -> 0 | O21: ='SO MS'!K21 -> 9000 | P21: ='SO MS'!L21 -> 0 | Q21: =SUM(I21:P21) -> 160500
B22: 46094 | C22: =TEXT(B22,"ddd") -> Jum | D22: =Q22-H22 -> -46157.932 | E22: =SUM('SO Maret 2026 Rev 2'!E22:AQ22) -> 167576.86 | F22: =SUM('SO Maret 2026 Rev 2'!AR22:AY22) -> 16581.07 | G22: =SUM('SO Maret 2026 Rev 2'!AZ22:BA22) -> 9000 | H22: =SUM(E22:G22) -> 193157.93 | I22: ='SO MS'!E22 -> 96000 | J22: ='SO MS'!F22 -> 31200 | K22: ='SO MS'!G22 -> 10800 | L22: ='SO MS'!H22 -> 0 | M22: ='SO MS'!I22 -> 0 | N22: ='SO MS'!J22 -> 0 | O22: ='SO MS'!K22 -> 9000 | P22: ='SO MS'!L22 -> 0 | Q22: =SUM(I22:P22) -> 147000
B23: 46095 | C23: =TEXT(B23,"ddd") -> Sab | D23: =Q23-H23 -> -37192.055 | E23: =SUM('SO Maret 2026 Rev 2'!E23:AQ23) -> 158610.98 | F23: =SUM('SO Maret 2026 Rev 2'!AR23:AY23) -> 16581.07 | G23: =SUM('SO Maret 2026 Rev 2'!AZ23:BA23) -> 0 | H23: =SUM(E23:G23) -> 175192.05 | I23: ='SO MS'!E23 -> 96000 | J23: ='SO MS'!F23 -> 31200 | K23: ='SO MS'!G23 -> 10800 | L23: ='SO MS'!H23 -> 0 | M23: ='SO MS'!I23 -> 0 | N23: ='SO MS'!J23 -> 0 | O23: ='SO MS'!K23 -> 0 | P23: ='SO MS'!L23 -> 0 | Q23: =SUM(I23:P23) -> 138000
B24: 46096 | C24: =TEXT(B24,"ddd") -> Mgg | D24: =Q24-H24 -> -14524.883 | E24: =SUM('SO Maret 2026 Rev 2'!E24:AQ24) -> 141065.71 | F24: =SUM('SO Maret 2026 Rev 2'!AR24:AY24) -> 11459.17 | G24: =SUM('SO Maret 2026 Rev 2'!AZ24:BA24) -> 0 | H24: =SUM(E24:G24) -> 152524.88 | I24: ='SO MS'!E24 -> 96000 | J24: ='SO MS'!F24 -> 31200 | K24: ='SO MS'!G24 -> 10800 | L24: ='SO MS'!H24 -> 0 | M24: ='SO MS'!I24 -> 0 | N24: ='SO MS'!J24 -> 0 | O24: ='SO MS'!K24 -> 0 | P24: ='SO MS'!L24 -> 0 | Q24: =SUM(I24:P24) -> 138000
B25: Sub Total | D25: =SUM(D18:D24) -> -291221.28 | E25: =SUM(E18:E24) -> 1146275.7 | F25: =SUM(F18:F24) -> 110945.59 | G25: =SUM(G18:G24) -> 99000 | H25: =SUM(H18:H24) -> 1356221.3 | I25: =SUM(I18:I24) -> 672000 | J25: =SUM(J18:J24) -> 218400 | K25: =SUM(K18:K24) -> 75600 | ... Q25: =SUM(Q18:Q24) -> 1065000
A27: =WEEKNUM(B31) -> 12 | B27: 46097 | C27: =TEXT(B27,"ddd") -> Sen | D27: =Q27-H27 -> -35436.377 | E27: =SUM('SO Maret 2026 Rev 2'!E27:AQ27) -> 146055.31 | F27: =SUM('SO Maret 2026 Rev 2'!AR27:AY27) -> 16581.07 | G27: =SUM('SO Maret 2026 Rev 2'!AZ27:BA27) -> 0 | H27: =SUM(E27:G27) -> 162636.38 | I27: ='SO MS'!E27 -> 96000 | J27: ='SO MS'!F27 -> 31200 | K27: ='SO MS'!G27 -> 0 | L27: ='SO MS'!H27 -> 0 | M27: ='SO MS'!I27 -> 0 | N27: ='SO MS'!J27 -> 0 | O27: ='SO MS'!K27 -> 0 | P27: ='SO MS'!L27 -> 0 | Q27: =SUM(I27:P27) -> 127200
B28: 46098 | C28: =TEXT(B28,"ddd") -> Sel | D28: =Q28-H28 -> -24314.525 | E28: =SUM('SO Maret 2026 Rev 2'!E28:AQ28) -> 134933.45 | F28: =SUM('SO Maret 2026 Rev 2'!AR28:AY28) -> 16581.07 | G28: =SUM('SO Maret 2026 Rev 2'!AZ28:BA28) -> 0 | H28: =SUM(E28:G28) -> 151514.52 | I28: ='SO MS'!E28 -> 96000 | J28: ='SO MS'!F28 -> 31200 | K28: ='SO MS'!G28 -> 0 | L28: ='SO MS'!H28 -> 0 | M28: ='SO MS'!I28 -> 0 | N28: ='SO MS'!J28 -> 0 | O28: ='SO MS'!K28 -> 0 | P28: ='SO MS'!L28 -> 0 | Q28: =SUM(I28:P28) -> 127200
B29: 46099 | C29: =TEXT(B29,"ddd") -> Rab | D29: =Q29-H29 -> -4869.2284 | E29: =SUM('SO Maret 2026 Rev 2'!E29:AQ29) -> 117902.77 | F29: =SUM('SO Maret 2026 Rev 2'!AR29:AY29) -> 14166.46 | G29: =SUM('SO Maret 2026 Rev 2'!AZ29:BA29) -> 0 | H29: =SUM(E29:G29) -> 132069.23 | I29: ='SO MS'!E29 -> 96000 | J29: ='SO MS'!F29 -> 31200 | K29: ='SO MS'!G29 -> 0 | L29: ='SO MS'!H29 -> 0 | M29: ='SO MS'!I29 -> 0 | N29: ='SO MS'!J29 -> 0 | O29: ='SO MS'!K29 -> 0 | P29: ='SO MS'!L29 -> 0 | Q29: =SUM(I29:P29) -> 127200
B30: 46100 | C30: =TEXT(B30,"ddd") -> Kam | D30: =Q30-H30 -> 21229.272 | E30: =SUM('SO Maret 2026 Rev 2'!E30:AQ30) -> 98652.984 | F30: =SUM('SO Maret 2026 Rev 2'!AR30:AY30) -> 7317.7442 | G30: =SUM('SO Maret 2026 Rev 2'!AZ30:BA30) -> 0 | H30: =SUM(E30:G30) -> 105970.73 | I30: ='SO MS'!E30 -> 96000 | J30: ='SO MS'!F30 -> 31200 | K30: ='SO MS'!G30 -> 0 | L30: ='SO MS'!H30 -> 0 | M30: ='SO MS'!I30 -> 0 | N30: ='SO MS'!J30 -> 0 | O30: ='SO MS'!K30 -> 0 | P30: ='SO MS'!L30 -> 0 | Q30: =SUM(I30:P30) -> 127200
B31: 46101 | C31: =TEXT(B31,"ddd") -> Jum | D31: =Q31-H31 -> 44121.503 | E31: =SUM('SO Maret 2026 Rev 2'!E31:AQ31) -> 78778.795 | F31: =SUM('SO Maret 2026 Rev 2'!AR31:AY31) -> 4299.7026 | G31: =SUM('SO Maret 2026 Rev 2'!AZ31:BA31) -> 0 | H31: =SUM(E31:G31) -> 83078.497 | I31: ='SO MS'!E31 -> 96000 | J31: ='SO MS'!F31 -> 31200 | K31: ='SO MS'!G31 -> 0 | L31: ='SO MS'!H31 -> 0 | M31: ='SO MS'!I31 -> 0 | N31: ='SO MS'!J31 -> 0 | O31: ='SO MS'!K31 -> 0 | P31: ='SO MS'!L31 -> 0 | Q31: =SUM(I31:P31) -> 127200
B32: 46102 | C32: =TEXT(B32,"ddd") -> Sab | D32: =Q32-H32 -> 32274.01 | E32: =SUM('SO Maret 2026 Rev 2'!E32:AQ32) -> 90626.287 | F32: =SUM('SO Maret 2026 Rev 2'!AR32:AY32) -> 4299.7026 | G32: =SUM('SO Maret 2026 Rev 2'!AZ32:BA32) -> 0 | H32: =SUM(E32:G32) -> 94925.99 | I32: ='SO MS'!E32 -> 96000 | J32: ='SO MS'!F32 -> 31200 | K32: ='SO MS'!G32 -> 0 | L32: ='SO MS'!H32 -> 0 | M32: ='SO MS'!I32 -> 0 | N32: ='SO MS'!J32 -> 0 | O32: ='SO MS'!K32 -> 0 | P32: ='SO MS'!L32 -> 0 | Q32: =SUM(I32:P32) -> 127200
B33: 46103 | C33: =TEXT(B33,"ddd") -> Mgg | D33: =Q33-H33 -> 27314.142 | E33: =SUM('SO Maret 2026 Rev 2'!E33:AQ33) -> 95586.156 | F33: =SUM('SO Maret 2026 Rev 2'!AR33:AY33) -> 4299.7026 | G33: =SUM('SO Maret 2026 Rev 2'!AZ33:BA33) -> 0 | H33: =SUM(E33:G33) -> 99885.858 | I33: ='SO MS'!E33 -> 96000 | J33: ='SO MS'!F33 -> 31200 | K33: ='SO MS'!G33 -> 0 | L33: ='SO MS'!H33 -> 0 | M33: ='SO MS'!I33 -> 0 | N33: ='SO MS'!J33 -> 0 | O33: ='SO MS'!K33 -> 0 | P33: ='SO MS'!L33 -> 0 | Q33: =SUM(I33:P33) -> 127200
B34: Sub Total | D34: =SUM(D27:D33) -> 60318.797 | E34: =SUM(E27:E33) -> 762535.75 | F34: =SUM(F27:F33) -> 67545.452 | G34: =SUM(G27:G33) -> 0 | H34: =SUM(H27:H33) -> 830081.2 | I34: =SUM(I27:I33) -> 672000 | J34: =SUM(J27:J33) -> 218400 | K34: =SUM(K27:K33) -> 0 | ... Q34: =SUM(Q27:Q33) -> 890400
A36: =WEEKNUM(B41) -> 13 | B36: 46104 | C36: =TEXT(B36,"ddd") -> Sen | D36: =Q36-H36 -> 28524.856 | E36: =SUM('SO Maret 2026 Rev 2'!E36:AQ36) -> 94375.442 | F36: =SUM('SO Maret 2026 Rev 2'!AR36:AY36) -> 4299.7026 | G36: =SUM('SO Maret 2026 Rev 2'!AZ36:BA36) -> 0 | H36: =SUM(E36:G36) -> 98675.144 | I36: ='SO MS'!E36 -> 96000 | J36: ='SO MS'!F36 -> 31200 | K36: ='SO MS'!G36 -> 0 | L36: ='SO MS'!H36 -> 0 | M36: ='SO MS'!I36 -> 0 | N36: ='SO MS'!J36 -> 0 | O36: ='SO MS'!K36 -> 0 | P36: ='SO MS'!L36 -> 0 | Q36: =SUM(I36:P36) -> 127200
B37: 46105 | C37: =TEXT(B37,"ddd") -> Sel | D37: =Q37-H37 -> 14828.149 | E37: =SUM('SO Maret 2026 Rev 2'!E37:AQ37) -> 105657.54 | F37: =SUM('SO Maret 2026 Rev 2'!AR37:AY37) -> 6714.313 | G37: =SUM('SO Maret 2026 Rev 2'!AZ37:BA37) -> 0 | H37: =SUM(E37:G37) -> 112371.85 | I37: ='SO MS'!E37 -> 96000 | J37: ='SO MS'!F37 -> 31200 | K37: ='SO MS'!G37 -> 0 | L37: ='SO MS'!H37 -> 0 | M37: ='SO MS'!I37 -> 0 | N37: ='SO MS'!J37 -> 0 | O37: ='SO MS'!K37 -> 0 | P37: ='SO MS'!L37 -> 0 | Q37: =SUM(I37:P37) -> 127200
B38: 46106 | C38: =TEXT(B38,"ddd") -> Rab | D38: =Q38-H38 -> -3846.6304 | E38: =SUM('SO Maret 2026 Rev 2'!E38:AQ38) -> 123210.42 | F38: =SUM('SO Maret 2026 Rev 2'!AR38:AY38) -> 7836.2133 | G38: =SUM('SO Maret 2026 Rev 2'!AZ38:BA38) -> 0 | H38: =SUM(E38:G38) -> 131046.63 | I38: ='SO MS'!E38 -> 96000 | J38: ='SO MS'!F38 -> 31200 | K38: ='SO MS'!G38 -> 0 | L38: ='SO MS'!H38 -> 0 | M38: ='SO MS'!I38 -> 0 | N38: ='SO MS'!J38 -> 0 | O38: ='SO MS'!K38 -> 0 | P38: ='SO MS'!L38 -> 0 | Q38: =SUM(I38:P38) -> 127200
B39: 46107 | C39: =TEXT(B39,"ddd") -> Kam | D39: =Q39-H39 -> -20846.501 | E39: =SUM('SO Maret 2026 Rev 2'!E39:AQ39) -> 129709.99 | F39: =SUM('SO Maret 2026 Rev 2'!AR39:AY39) -> 18336.511 | G39: =SUM('SO Maret 2026 Rev 2'!AZ39:BA39) -> 0 | H39: =SUM(E39:G39) -> 148046.5 | I39: ='SO MS'!E39 -> 96000 | J39: ='SO MS'!F39 -> 31200 | K39: ='SO MS'!G39 -> 0 | L39: ='SO MS'!H39 -> 0 | M39: ='SO MS'!I39 -> 0 | N39: ='SO MS'!J39 -> 0 | O39: ='SO MS'!K39 -> 0 | P39: ='SO MS'!L39 -> 0 | Q39: =SUM(I39:P39) -> 127200
B40: 46108 | C40: =TEXT(B40,"ddd") -> Jum | D40: =Q40-H40 -> -32829.792 | E40: =SUM('SO Maret 2026 Rev 2'!E40:AQ40) -> 144175.54 | F40: =SUM('SO Maret 2026 Rev 2'!AR40:AY40) -> 15854.255 | G40: =SUM('SO Maret 2026 Rev 2'!AZ40:BA40) -> 0 | H40: =SUM(E40:G40) -> 160029.79 | I40: ='SO MS'!E40 -> 96000 | J40: ='SO MS'!F40 -> 31200 | K40: ='SO MS'!G40 -> 0 | L40: ='SO MS'!H40 -> 0 | M40: ='SO MS'!I40 -> 0 | N40: ='SO MS'!J40 -> 0 | O40: ='SO MS'!K40 -> 0 | P40: ='SO MS'!L40 -> 0 | Q40: =SUM(I40:P40) -> 127200
B41: 46109 | C41: =TEXT(B41,"ddd") -> Sab | D41: =Q41-H41 -> -22329.915 | E41: =SUM('SO Maret 2026 Rev 2'!E41:AQ41) -> 133675.66 | F41: =SUM('SO Maret 2026 Rev 2'!AR41:AY41) -> 15854.255 | G41: =SUM('SO Maret 2026 Rev 2'!AZ41:BA41) -> 0 | H41: =SUM(E41:G41) -> 149529.91 | I41: ='SO MS'!E41 -> 96000 | J41: ='SO MS'!F41 -> 31200 | K41: ='SO MS'!G41 -> 0 | L41: ='SO MS'!H41 -> 0 | M41: ='SO MS'!I41 -> 0 | N41: ='SO MS'!J41 -> 0 | O41: ='SO MS'!K41 -> 0 | P41: ='SO MS'!L41 -> 0 | Q41: =SUM(I41:P41) -> 127200
B42: 46110 | C42: =TEXT(B42,"ddd") -> Mgg | D42: =Q42-H42 -> -18014.476 | E42: =SUM('SO Maret 2026 Rev 2'!E42:AQ42) -> 134482.12 | F42: =SUM('SO Maret 2026 Rev 2'!AR42:AY42) -> 10732.355 | G42: =SUM('SO Maret 2026 Rev 2'!AZ42:BA42) -> 0 | H42: =SUM(E42:G42) -> 145214.48 | I42: ='SO MS'!E42 -> 96000 | J42: ='SO MS'!F42 -> 31200 | K42: ='SO MS'!G42 -> 0 | L42: ='SO MS'!H42 -> 0 | M42: ='SO MS'!I42 -> 0 | N42: ='SO MS'!J42 -> 0 | O42: ='SO MS'!K42 -> 0 | P42: ='SO MS'!L42 -> 0 | Q42: =SUM(I42:P42) -> 127200
B43: Sub Total | D43: =SUM(D36:D42) -> -54514.31 | E43: =SUM(E36:E42) -> 865286.71 | F43: =SUM(F36:F42) -> 79627.604 | G43: =SUM(G36:G42) -> 0 | H43: =SUM(H36:H42) -> 944914.31 | I43: =SUM(I36:I42) -> 672000 | J43: =SUM(J36:J42) -> 218400 | K43: =SUM(K36:K42) -> 0 | ... Q43: =SUM(Q36:Q42) -> 890400
B45: 46111 | C45: =TEXT(B45,"ddd") -> Sen | D45: =Q45-H45 -> -204275.3 | E45: =SUM('SO Maret 2026 Rev 2'!E45:AQ45) -> 187694.23 | F45: =SUM('SO Maret 2026 Rev 2'!AR45:AY45) -> 16581.07 | G45: =SUM('SO Maret 2026 Rev 2'!AZ45:BA45) -> 0 | H45: =SUM(E45:G45) -> 204275.3 | I45: ='SO MS'!E48 -> 0 | J45: ='SO MS'!F48 -> 0 | K45: ='SO MS'!G48 -> 0 | L45: ='SO MS'!H48 -> 0 | M45: ='SO MS'!I48 -> 0 | N45: ='SO MS'!J48 -> 0 | O45: ='SO MS'!K48 -> 0 | P45: ='SO MS'!L48 -> 0 | Q45: =SUM(I45:P45) -> 0
B46: 46112 | C46: =TEXT(B46,"ddd") -> Sel | D46: =Q46-H46 -> 4177903.8 | E46: =SUM('SO Maret 2026 Rev 2'!E46:AQ46) -> 189715.09 | F46: =SUM('SO Maret 2026 Rev 2'!AR46:AY46) -> 16581.07 | G46: =SUM('SO Maret 2026 Rev 2'!AZ46:BA46) -> 0 | H46: =SUM(E46:G46) -> 206296.16 | I46: ='SO MS'!E49 -> 2976000 | J46: ='SO MS'!F49 -> 967200 | K46: ='SO MS'!G49 -> 162000 | L46: ='SO MS'!H49 -> 0 | M46: ='SO MS'!I49 -> 162000 | N46: ='SO MS'!J49 -> 0 | O46: ='SO MS'!K49 -> 117000 | P46: ='SO MS'!L49 -> 0 | Q46: =SUM(I46:P46) -> 4384200
B47: Sub Total | D47: =SUM(D40:D46) -> 3845940.1 | E47: =SUM(E45:E46) -> 377409.31 | F47: =SUM(F45:F46) -> 33162.14 | G47: =SUM(G45:G46) -> 0 | H47: =SUM(H45:H46) -> 410571.45 | I47: =SUM(I45:I46) -> 2976000 | J47: =SUM(J45:J46) -> 967200 | K47: =SUM(K45:K46) -> 162000 | L47: =SUM(L45:L46) -> 0 | ... Q47: =SUM(Q45:Q46) -> 4384200
B51: Sub Total | D51: =SUM(D42,D34,D25,D16,D7) -> -538269.18 | E51: =SUM(E42,E34,E25,E16,E7) -> 3314241 | F51: =SUM(F42,F34,F25,F16,F7) -> 311628.16 | G51: =SUM(G42,G34,G25,G16,G7) -> 279000 | H51: =SUM(H42,H34,H25,H16,H7) -> 3904869.2 | I51: =SUM(I42,I34,I25,I16,I7) -> 2208000 | J51: =SUM(J42,J34,J25,J16,J7) -> 717600 | K51: =SUM(K42,K34,K25,K16,K7) -> 162000 | ... Q51: =SUM(Q42,Q34,Q25,Q16,Q7) -> 3366600
B52: Total | D52: =SUM(D36:D41,D27:D33,D18:D24,D9:D15,D6) -> -556754.53 | E52: =SUM(E36:E41,E27:E33,E18:E24,E9:E15,E6) -> 3910563.5 | F52: =SUM(F36:F41,F27:F33,F18:F24,F9:F15,F6) -> 369791.05 | G52: =SUM(G36:G41,G27:G33,G18:G24,G9:G15,G6) -> 279000 | H52: =SUM(H36:H41,H27:H33,H18:H24,H9:H15,H6) -> 4559354.5 | I52: =SUM(I36:I41,I27:I33,I18:I24,I9:I15,I6) -> 2688000 | J52: =SUM(J36:J41,J27:J33,J18:J24,J9:J15,J6) -> 873600 | K52: =SUM(K36:K41,K27:K33,K18:K24,K9:K15,K6) -> 162000 | ... Q52: =SUM(Q36:Q41,Q27:Q33,Q18:Q24,Q9:Q15,Q6) -> 4002600

Sheet SO MS
A1: SALES ORDER GAS
A4: ='KEBUTUHAN GAS'!A4 -> 46082
A5: Week | B5: DATE | D5: TOTAL | E5: MS SETU | F5: MS KHT | G5: MS BLORA | H5: MS BITUNG | I5: MS ZEBRA | J5: MS TAMBAKLOROK | K5: MS WUNUT | L5: MS SADANG
A6: =WEEKNUM(B6) -> 10 | B6: 46082 | C6: Sun | D6: =SUM(E6:O6) -> 160500 | E6: =4*24000 -> 96000 | F6: =1.3*24000 -> 31200 | G6: =0.45*24000 -> 10800 | I6: ='SO Maret 2026 Rev 2'!AZ6 -> 13500 | K6: ='SO Maret 2026 Rev 2'!BA6 -> 9000 | L6: ='Summary sales'!L8 -> 0
B7: Sub Total | D7: =SUM(D3:D6) -> 160500 | E7: =SUM(E3:E6) -> 96000 | F7: =SUM(F3:F6) -> 31200 | G7: =SUM(G3:G6) -> 10800 | H7: =SUM(H3:H6) -> 0 | I7: =SUM(I3:I6) -> 13500 | J7: =SUM(J3:J6) -> 0 | K7: =SUM(K3:K6) -> 9000 | L7: =SUM(L3:L6) -> 0
A9: =WEEKNUM(B13) -> 10 | B9: =B6+1 -> 46083 | C9: Mon | D9: =SUM(E9:O9) -> 160500 | E9: =4*24000 -> 96000 | F9: =1.3*24000 -> 31200 | G9: =0.45*24000 -> 10800 | I9: ='SO Maret 2026 Rev 2'!AZ9 -> 13500 | K9: ='SO Maret 2026 Rev 2'!BA9 -> 9000 | L9: ='Summary sales'!L11 -> 0
B10: =B9+1 -> 46084 | C10: Tue | D10: =SUM(E10:O10) -> 160500 | E10: =4*24000 -> 96000 | F10: =1.3*24000 -> 31200 | G10: =0.45*24000 -> 10800 | I10: ='SO Maret 2026 Rev 2'!AZ10 -> 13500 | K10: ='SO Maret 2026 Rev 2'!BA10 -> 9000 | L10: ='Summary sales'!L12 -> 0
B11: =B10+1 -> 46085 | C11: Wed | D11: =SUM(E11:O11) -> 160500 | E11: =4*24000 -> 96000 | F11: =1.3*24000 -> 31200 | G11: =0.45*24000 -> 10800 | I11: ='SO Maret 2026 Rev 2'!AZ11 -> 13500 | K11: ='SO Maret 2026 Rev 2'!BA11 -> 9000 | L11: ='Summary sales'!L13 -> 0
B12: =B11+1 -> 46086 | C12: Thu | D12: =SUM(E12:O12) -> 160500 | E12: =4*24000 -> 96000 | F12: =1.3*24000 -> 31200 | G12: =0.45*24000 -> 10800 | I12: ='SO Maret 2026 Rev 2'!AZ12 -> 13500 | K12: ='SO Maret 2026 Rev 2'!BA12 -> 9000 | L12: ='Summary sales'!L14 -> 0
B13: =B12+1 -> 46087 | C13: Fri | D13: =SUM(E13:O13) -> 160500 | E13: =4*24000 -> 96000 | F13: =1.3*24000 -> 31200 | G13: =0.45*24000 -> 10800 | I13: ='SO Maret 2026 Rev 2'!AZ13 -> 13500 | K13: ='SO Maret 2026 Rev 2'!BA13 -> 9000 | L13: ='Summary sales'!L15 -> 0
B14: =B13+1 -> 46088 | C14: Sat | D14: =SUM(E14:O14) -> 160500 | E14: =4*24000 -> 96000 | F14: =1.3*24000 -> 31200 | G14: =0.45*24000 -> 10800 | I14: ='SO Maret 2026 Rev 2'!AZ14 -> 13500 | K14: ='SO Maret 2026 Rev 2'!BA14 -> 9000 | L14: ='Summary sales'!L16 -> 0
B15: =B14+1 -> 46089 | C15: Sun | D15: =SUM(E15:O15) -> 160500 | E15: =4*24000 -> 96000 | F15: =1.3*24000 -> 31200 | G15: =0.45*24000 -> 10800 | I15: ='SO Maret 2026 Rev 2'!AZ15 -> 13500 | K15: ='SO Maret 2026 Rev 2'!BA15 -> 9000 | L15: ='Summary sales'!L17 -> 0
B16: Sub Total | D16: =SUM(D9:D15) -> 1123500 | E16: =SUM(E9:E15) -> 672000 | F16: =SUM(F9:F15) -> 218400 | G16: =SUM(G9:G15) -> 75600 | H16: =SUM(H9:H15) -> 0 | I16: ='SO Maret 2026 Rev 2'!AZ16 -> 94500 | J16: =SUM(J9:J15) -> 0 | K16: =SUM(K9:K15) -> 63000 | L16: =SUM(L9:L15) -> 0
A18: =WEEKNUM(B22) -> 11 | B18: =B15+1 -> 46090 | C18: Mon | D18: =SUM(E18:O18) -> 160500 | E18: =4*24000 -> 96000 | F18: =1.3*24000 -> 31200 | G18: =0.45*24000 -> 10800 | I18: ='SO Maret 2026 Rev 2'!AZ18 -> 13500 | K18: ='SO Maret 2026 Rev 2'!BA18 -> 9000 | L18: ='Summary sales'!L20 -> 0
B19: =B18+1 -> 46091 | C19: Tue | D19: =SUM(E19:O19) -> 160500 | E19: =4*24000 -> 96000 | F19: =1.3*24000 -> 31200 | G19: =0.45*24000 -> 10800 | I19: ='SO Maret 2026 Rev 2'!AZ19 -> 13500 | K19: ='SO Maret 2026 Rev 2'!BA19 -> 9000 | L19: ='Summary sales'!L21 -> 0
B20: =B19+1 -> 46092 | C20: Wed | D20: =SUM(E20:O20) -> 160500 | E20: =4*24000 -> 96000 | F20: =1.3*24000 -> 31200 | G20: =0.45*24000 -> 10800 | I20: ='SO Maret 2026 Rev 2'!AZ20 -> 13500 | K20: ='SO Maret 2026 Rev 2'!BA20 -> 9000 | L20: ='Summary sales'!L22 -> 0
B21: =B20+1 -> 46093 | C21: Thu | D21: =SUM(E21:O21) -> 160500 | E21: =4*24000 -> 96000 | F21: =1.3*24000 -> 31200 | G21: =0.45*24000 -> 10800 | I21: ='SO Maret 2026 Rev 2'!AZ21 -> 13500 | K21: ='SO Maret 2026 Rev 2'!BA21 -> 9000 | L21: ='Summary sales'!L23 -> 0
B22: =B21+1 -> 46094 | C22: Fri | D22: =SUM(E22:O22) -> 147000 | E22: =4*24000 -> 96000 | F22: =1.3*24000 -> 31200 | G22: =0.45*24000 -> 10800 | I22: ='SO Maret 2026 Rev 2'!AZ22 -> 0 | K22: ='SO Maret 2026 Rev 2'!BA22 -> 9000 | L22: ='Summary sales'!L24 -> 0
B23: =B22+1 -> 46095 | C23: Sat | D23: =SUM(E23:O23) -> 138000 | E23: =4*24000 -> 96000 | F23: =1.3*24000 -> 31200 | G23: =0.45*24000 -> 10800 | I23: ='SO Maret 2026 Rev 2'!AZ23 -> 0 | K23: ='SO Maret 2026 Rev 2'!BA23 -> 0 | L23: ='Summary sales'!L25 -> 0
B24: =B23+1 -> 46096 | C24: Sun | D24: =SUM(E24:O24) -> 138000 | E24: =4*24000 -> 96000 | F24: =1.3*24000 -> 31200 | G24: =0.45*24000 -> 10800 | I24: ='SO Maret 2026 Rev 2'!AZ24 -> 0 | K24: ='SO Maret 2026 Rev 2'!BA24 -> 0 | L24: ='Summary sales'!L26 -> 0
B25: Sub Total | D25: =SUM(D18:D24) -> 1065000 | E25: =SUM(E18:E24) -> 672000 | F25: =SUM(F18:F24) -> 218400 | G25: =SUM(G18:G24) -> 75600 | H25: =SUM(H18:H24) -> 0 | I25: =SUM(I18:I24) -> 54000 | J25: =SUM(J18:J24) -> 0 | K25: =SUM(K18:K24) -> 45000 | L25: =SUM(L18:L24) -> 0
A27: =WEEKNUM(B31) -> 12 | B27: =B24+1 -> 46097 | C27: Mon | D27: =SUM(E27:O27) -> 127200 | E27: =4*24000 -> 96000 | F27: =1.3*24000 -> 31200 | I27: ='SO Maret 2026 Rev 2'!AZ27 -> 0 | K27: ='SO Maret 2026 Rev 2'!BA27 -> 0 | L27: ='Summary sales'!L29 -> 0
B28: =B27+1 -> 46098 | C28: Tue | D28: =SUM(E28:O28) -> 127200 | E28: =4*24000 -> 96000 | F28: =1.3*24000 -> 31200 | I28: ='SO Maret 2026 Rev 2'!AZ28 -> 0 | K28: ='SO Maret 2026 Rev 2'!BA28 -> 0 | L28: ='Summary sales'!L30 -> 0
B29: =B28+1 -> 46099 | C29: Wed | D29: =SUM(E29:O29) -> 127200 | E29: =4*24000 -> 96000 | F29: =1.3*24000 -> 31200 | I29: ='SO Maret 2026 Rev 2'!AZ29 -> 0 | K29: ='SO Maret 2026 Rev 2'!BA29 -> 0 | L29: ='Summary sales'!L31 -> 0
B30: =B29+1 -> 46100 | C30: Thu | D30: =SUM(E30:O30) -> 127200 | E30: =4*24000 -> 96000 | F30: =1.3*24000 -> 31200 | I30: ='SO Maret 2026 Rev 2'!AZ30 -> 0 | K30: ='SO Maret 2026 Rev 2'!BA30 -> 0 | L30: ='Summary sales'!L32 -> 0
B31: =B30+1 -> 46101 | C31: Fri | D31: =SUM(E31:O31) -> 127200 | E31: =4*24000 -> 96000 | F31: =1.3*24000 -> 31200 | I31: ='SO Maret 2026 Rev 2'!AZ31 -> 0 | K31: ='SO Maret 2026 Rev 2'!BA31 -> 0 | L31: ='Summary sales'!L33 -> 0
B32: =B31+1 -> 46102 | C32: Sat | D32: =SUM(E32:O32) -> 127200 | E32: =4*24000 -> 96000 | F32: =1.3*24000 -> 31200 | I32: ='SO Maret 2026 Rev 2'!AZ32 -> 0 | K32: ='SO Maret 2026 Rev 2'!BA32 -> 0 | L32: ='Summary sales'!L34 -> 0
B33: =B32+1 -> 46103 | C33: Sun | D33: =SUM(E33:O33) -> 127200 | E33: =4*24000 -> 96000 | F33: =1.3*24000 -> 31200 | I33: ='SO Maret 2026 Rev 2'!AZ33 -> 0 | K33: ='SO Maret 2026 Rev 2'!BA33 -> 0 | L33: ='Summary sales'!L35 -> 0
B34: Sub Total | D34: =SUM(D27:D33) -> 890400 | E34: =SUM(E27:E33) -> 672000 | F34: =SUM(F27:F33) -> 218400 | G34: =SUM(G27:G33) -> 0 | H34: =SUM(H27:H33) -> 0 | I34: =SUM(I27:I33) -> 0 | J34: =SUM(J27:J33) -> 0 | K34: =SUM(K27:K33) -> 0 | L34: =SUM(L27:L33) -> 0
A36: =WEEKNUM(B41) -> 13 | B36: =B33+1 -> 46104 | C36: Mon | D36: =SUM(E36:O36) -> 127200 | E36: =4*24000 -> 96000 | F36: =1.3*24000 -> 31200 | I36: ='SO Maret 2026 Rev 2'!AZ36 -> 0 | K36: ='SO Maret 2026 Rev 2'!BA36 -> 0 | L36: ='Summary sales'!L40 -> 0
B37: =B36+1 -> 46105 | C37: Tue | D37: =SUM(E37:O37) -> 127200 | E37: =4*24000 -> 96000 | F37: =1.3*24000 -> 31200 | I37: ='SO Maret 2026 Rev 2'!AZ37 -> 0 | K37: ='SO Maret 2026 Rev 2'!BA37 -> 0 | L37: ='Summary sales'!L41 -> 0
B38: =B37+1 -> 46106 | C38: Wed | D38: =SUM(E38:O38) -> 127200 | E38: =4*24000 -> 96000 | F38: =1.3*24000 -> 31200 | I38: ='SO Maret 2026 Rev 2'!AZ38 -> 0 | K38: ='SO Maret 2026 Rev 2'!BA38 -> 0 | L38: ='Summary sales'!L42 -> 0
B39: =B38+1 -> 46107 | C39: Thu | D39: =SUM(E39:O39) -> 127200 | E39: =4*24000 -> 96000 | F39: =1.3*24000 -> 31200 | I39: ='SO Maret 2026 Rev 2'!AZ39 -> 0 | K39: ='SO Maret 2026 Rev 2'!BA39 -> 0 | L39: ='Summary sales'!L43 -> 0
B40: =B39+1 -> 46108 | C40: Fri | D40: =SUM(E40:O40) -> 127200 | E40: =4*24000 -> 96000 | F40: =1.3*24000 -> 31200 | I40: ='SO Maret 2026 Rev 2'!AZ40 -> 0 | K40: ='SO Maret 2026 Rev 2'!BA40 -> 0 | L40: ='Summary sales'!L44 -> 0
B41: =B40+1 -> 46109 | C41: Sat | D41: =SUM(E41:O41) -> 127200 | E41: =4*24000 -> 96000 | F41: =1.3*24000 -> 31200 | I41: ='SO Maret 2026 Rev 2'!AZ41 -> 0 | K41: ='SO Maret 2026 Rev 2'!BA41 -> 0 | L41: ='Summary sales'!L45 -> 0
B42: =B41+1 -> 46110 | C42: Sun | D42: =SUM(E42:O42) -> 127200 | E42: =4*24000 -> 96000 | F42: =1.3*24000 -> 31200 | I42: ='SO Maret 2026 Rev 2'!AZ42 -> 0 | K42: ='SO Maret 2026 Rev 2'!BA42 -> 0 | L42: ='Summary sales'!L46 -> 0
B43: Sub Total | D43: =SUM(D36:D42) -> 890400 | E43: =SUM(E36:E42) -> 672000 | F43: =SUM(F36:F42) -> 218400 | G43: =SUM(G36:G42) -> 0 | H43: =SUM(H36:H42) -> 0 | I43: =SUM(I36:I42) -> 0 | J43: =SUM(J36:J42) -> 0 | K43: =SUM(K36:K42) -> 0 | L43: =SUM(L36:L42) -> 0
B45: =B42+1 -> 46111 | C45: Mon | D45: =SUM(E45:O45) -> 127200 | E45: =4*24000 -> 96000 | F45: =1.3*24000 -> 31200 | I45: ='SO Maret 2026 Rev 2'!AZ45 -> 0 | K45: ='SO Maret 2026 Rev 2'!BA45 -> 0 | L45: ='Summary sales'!L49 -> 0
B46: =B45+1 -> 46112 | C46: Tue | D46: =SUM(E46:O46) -> 127200 | E46: =4*24000 -> 96000 | F46: =1.3*24000 -> 31200 | I46: ='SO Maret 2026 Rev 2'!AZ46 -> 0 | K46: ='SO Maret 2026 Rev 2'!BA46 -> 0 | L46: ='Summary sales'!L50 -> 0
B47: Sub Total | D47: =SUM(D45:D46) -> 254400 | E47: =SUM(E45:E46) -> 192000 | F47: =SUM(F45:F46) -> 62400 | G47: =SUM(G45:G46) -> 0 | H47: =SUM(H45:H46) -> 0 | I47: ='SO Maret 2026 Rev 2'!AZ47 -> 0 | J47: =SUM(J45:J46) -> 0 | K47: =SUM(K45:K46) -> 0 | L47: =SUM(L45:L46) -> 0
B49: Sub Total | D49: =SUM(D43,D34,D25,D16,D7,D47) -> 4384200 | E49: =SUM(E43,E34,E25,E16,E7,E47) -> 2976000 | F49: =SUM(F43,F34,F25,F16,F7,F47) -> 967200 | G49: =SUM(G43,G34,G25,G16,G7,G47) -> 162000 | H49: =SUM(H43,H34,H25,H16,H7,H47) -> 0 | I49: =SUM(I43,I34,I25,I16,I7,I47) -> 162000 | J49: =SUM(J43,J34,J25,J16,J7,J47) -> 0 | K49: =SUM(K43,K34,K25,K16,K7,K47) -> 117000 | L49: =SUM(L43,L34,L25,L16,L7,L47) -> 0
B50: Total | D50: =SUM(D36:D42,D27:D33,D18:D24,D9:D15,D6,D45:D46) -> 4384200 | E50: =SUM(E36:E42,E27:E33,E18:E24,E9:E15,E6,E45:E46) -> 2976000 | F50: =SUM(F36:F42,F27:F33,F18:F24,F9:F15,F6,F45:F46) -> 967200 | G50: =SUM(G36:G42,G27:G33,G18:G24,G9:G15,G6,G45:G46) -> 162000 | H50: =SUM(H36:H42,H27:H33,H18:H24,H9:H15,H6,H45:H46) -> 0 | I50: =SUM(I36:I42,I27:I33,I18:I24,I9:I15,I6,I45:I46) -> 162000 | J50: =SUM(J36:J42,J27:J33,J18:J24,J9:J15,J6,J45:J46) -> 0 | K50: =SUM(K36:K42,K27:K33,K18:K24,K9:K15,K6,K45:K46) -> 117000 | L50: =SUM(L36:L42,L27:L33,L18:L24,L9:L15,L6,L45:L46) -> 0

Sheet Summary Gas
A1: Summary Gas
L3: SO MS | AI3: SUMMARY FOB | AK3: SUMMARY SALES
A6: ='Daily Sales'!A2 -> 46082
A7: SERAPAN GAS MS | AE7: SALES
A8: Week | B8: DATE | C8: DAY | D8: Total Serapan Gas | G8: MS SETU | J8: MS KHT | M8: MS BLORA | P8: MS BITUNG | S8: MS ZEBRA | V8: MS TAMBAKLOROK | Y8: MS WUNUT | AB8: MS SADANG | AE8: Total sales | AH8: SALES FOB | AK8: SALES NON FOB
D9: TARGET | E9: ACTUAL | F9: SELISIH | G9: TARGET | H9: ACTUAL | I9: SELISIH | J9: TARGET | K9: ACTUAL | L9: SELISIH | M9: TARGET | N9: ACTUAL | O9: SELISIH | P9: TARGET | Q9: ACTUAL | R9: SELISIH | S9: TARGET | T9: ACTUAL | U9: SELISIH | V9: TARGET | W9: ACTUAL | X9: SELISIH | Y9: TARGET | Z9: ACTUAL | AA9: SELISIH | AB9: TARGET | AC9: ACTUAL | AD9: SELISIH | AE9: TARGET | AF9: ACTUAL | AG9: SELISIH | AH9: TARGET | AI9: ACTUAL | AJ9: SELISIH | AK9: TARGET | AL9: ACTUAL | AM9: SELISIH
A10: =WEEKNUM(B10) -> 10 | B10: 46082 | C10: =TEXT(B10,"ddd") -> Mgg | D10: =SUMIF($G$9:$AD$9,$D$9,G10:AD10) -> 160500 | E10: =SUMIF($G$9:$AD$9,$E$9,G10:AD10) -> 190198.35 | F10: =E10-D10 -> 29698.349 | G10: =VLOOKUP($B$10:$B$59,'SO MS'!$B$6:$L$50,4,TRUE) -> 96000 | H10: ='Summary sales'!D8 -> 107771.32 | I10: =H10-G10 -> 11771.32 | J10: =VLOOKUP($B$10:$B$59,'SO MS'!$B$6:$L$50,5,TRUE) -> 31200 | K10: ='Summary sales'!E8 -> 47254.13 | L10: =K10-J10 -> 16054.13 | M10: =VLOOKUP($B$10:$B$59,'SO MS'!$B$6:$L$50,6,TRUE) -> 10800 | N10: ='Summary sales'!F8 -> 23442.02 | O10: =N10-M10 -> 12642.02 | P10: =VLOOKUP($B$10:$B$59,'SO MS'!$B$6:$AS$50,7,TRUE) -> 0 | Q10: ='Summary sales'!G8 -> 0 | R10: =Q10-P10 -> 0 | S10: =VLOOKUP($B$10:$B$59,'SO MS'!$B$6:$AS$50,8,TRUE) -> 13500 | T10: ='Summary sales'!H8 -> 0 | U10: =T10-S10 -> -13500 | V10: =VLOOKUP($B$10:$B$59,'SO MS'!$B$6:$AS$50,9,TRUE) -> 0 | W10: =VLOOKUP($B$10:$B$59,'Summary sales'!$A$8:$M$58,9,TRUE) -> 2990.88 | X10: =W10-V10 -> 2990.88 | Y10: =VLOOKUP($B$10:$B$59,'SO MS'!$B$6:$AS$50,10,TRUE) -> 9000 | Z10: ='Summary sales'!K8 -> 8739.999 | AA10: =Z10-Y10 -> -260.001 | AB10: =VLOOKUP($B$10:$B$59,'SO MS'!$B$6:$AS$50,11,TRUE) -> 0 | AD10: =AC10-AB10 -> 0 | AE10: ='Daily Sales'!D5 -> 182536.18 | AF10: ='Daily Sales'!E5 -> 138896.08 | AG10: =AF10-AE10 -> -43640.101 | AH10: 0 | AI10: 0 | AJ10: =AI10-AH10 -> 0 | AK10: =VLOOKUP($B$10:$B$56,'Daily Sales'!$B$5:$F$46,3,TRUE) -> 182536.18 | AL10: =VLOOKUP($B$10:$B$56,'Daily Sales'!$B$5:$F$46,4,TRUE) -> 138896.08 | AM10: =AL10-AK10 -> -43640.101
B11: Sub Total | D11: =SUM(D7:D10) -> 160500 | E11: =SUM(E7:E10) -> 190198.35 | F11: =SUM(F7:F10) -> 29698.349 | G11: =SUM(G7:G10) -> 96000 | H11: =SUM(H7:H10) -> 107771.32 | I11: =SUM(I7:I10) -> 11771.32 | J11: =SUM(J7:J10) -> 31200 | K11: =SUM(K7:K10) -> 47254.13 | ... AM11: =SUM(AM7:AM10) -> -43640.101
A13: =WEEKNUM(B13) -> 10 | B13: 46083 | C13: =TEXT(B13,"ddd") -> Sen | D13: =SUMIF($G$9:$AD$9,$D$9,G13:AD13) -> 160500 | E13: =SUMIF($G$9:$AD$9,$E$9,G13:AD13) -> 171544.35 | F13: =E13-D13 -> 11044.352 | G13: =VLOOKUP($B$10:$B$59,'SO MS'!$B$6:$L$50,4,TRUE) -> 96000 | H13: ='Summary sales'!D9 -> 108192.55 | I13: =H13-G13 -> 12192.55 | J13: =VLOOKUP($B$10:$B$59,'SO MS'!$B$6:$L$50,5,TRUE) -> 31200 | K13: ='Summary sales'!E9 -> 42088.24 | L13: =K13-J13 -> 10888.24 | M13: =VLOOKUP($B$10:$B$59,'SO MS'!$B$6:$L$50,6,TRUE) -> 10800 | N13: ='Summary sales'!F9 -> 7971.35 | O13: =N13-M13 -> -2828.65 | P13: =VLOOKUP($B$10:$B$59,'SO MS'!$B$6:$AS$50,7,TRUE) -> 0 | Q13: ='Summary sales'!G9 -> 0 | R13: =Q13-P13 -> 0 | S13: =VLOOKUP($B$10:$B$59,'SO MS'!$B$6:$AS$50,8,TRUE) -> 13500 | T13: ='Summary sales'!H9 -> 0 | U13: =T13-S13 -> -13500 | V13: =VLOOKUP($B$10:$B$59,'SO MS'!$B$6:$AS$50,9,TRUE) -> 0 | W13: =VLOOKUP($B$10:$B$59,'Summary sales'!$A$8:$M$58,9,TRUE) -> 0 | X13: =W13-V13 -> 0 | Y13: =VLOOKUP($B$10:$B$59,'SO MS'!$B$6:$AS$50,10,TRUE) -> 9000 | Z13: ='Summary sales'!K9 -> 13292.212 | AA13: =Z13-Y13 -> 4292.212 | AB13: =VLOOKUP($B$10:$B$59,'SO MS'!$B$6:$AS$50,11,TRUE) -> 0 | AD13: =AC13-AB13 -> 0 | AE13: ='Daily Sales'!D8 -> 202796.16 | AF13: ='Daily Sales'!E8 -> 211737.63 | AG13: =AF13-AE13 -> 8941.4751 | AH13: 0 | AI13: 0 | AJ13: =AI13-AH13 -> 0 | AK13: =VLOOKUP($B$10:$B$56,'Daily Sales'!$B$5:$F$46,3,TRUE) -> 202796.16 | AL13: =VLOOKUP($B$10:$B$56,'Daily Sales'!$B$5:$F$46,4,TRUE) -> 211737.63 | AM13: =AL13-AK13 -> 8941.4751
B14: 46084 | C14: =TEXT(B14,"ddd") -> Sel | D14: =SUMIF($G$9:$AD$9,$D$9,G14:AD14) -> 160500 | E14: =SUMIF($G$9:$AD$9,$E$9,G14:AD14) -> 172019.45 | F14: =E14-D14 -> 11519.446 | G14: =VLOOKUP($B$10:$B$59,'SO MS'!$B$6:$L$50,4,TRUE) -> 96000 | H14: ='Summary sales'!D10 -> 114401.13 | I14: =H14-G14 -> 18401.13 | J14: =VLOOKUP($B$10:$B$59,'SO MS'!$B$6:$L$50,5,TRUE) -> 31200 | K14: ='Summary sales'!E10 -> 41352.49 | L14: =K14-J14 -> 10152.49 | M14: =VLOOKUP($B$10:$B$59,'SO MS'!$B$6:$L$50,6,TRUE) -> 10800 | N14: ='Summary sales'!F10 -> 7616.46 | O14: =N14-M14 -> -3183.54 | P14: =VLOOKUP($B$10:$B$59,'SO MS'!$B$6:$AS$50,7,TRUE) -> 0 | Q14: ='Summary sales'!G10 -> 0 | R14: =Q14-P14 -> 0 | S14: =VLOOKUP($B$10:$B$59,'SO MS'!$B$6:$AS$50,8,TRUE) -> 13500 | T14: ='Summary sales'!H10 -> 0 | U14: =T14-S14 -> -13500 | V14: =VLOOKUP($B$10:$B$59,'SO MS'!$B$6:$AS$50,9,TRUE) -> 0 | W14: =VLOOKUP($B$10:$B$59,'Summary sales'!$A$8:$M$58,9,TRUE) -> 0 | X14: =W14-V14 -> 0 | Y14: =VLOOKUP($B$10:$B$59,'SO MS'!$B$6:$AS$50,10,TRUE) -> 9000 | Z14: ='Summary sales'!K10 -> 8649.366 | AA14: =Z14-Y14 -> -350.634 | AB14: =VLOOKUP($B$10:$B$59,'SO MS'!$B$6:$AS$50,11,TRUE) -> 0 | AD14: =AC14-AB14 -> 0 | AE14: ='Daily Sales'!D9 -> 202796.16 | AF14: ='Daily Sales'!E9 -> 220309.16 | AG14: =AF14-AE14 -> 17513.005 | AH14: 0 | AI14: 0 | AJ14: =AI14-AH14 -> 0 | AK14: =VLOOKUP($B$10:$B$56,'Daily Sales'!$B$5:$F$46,3,TRUE) -> 202796.16 | AL14: =VLOOKUP($B$10:$B$56,'Daily Sales'!$B$5:$F$46,4,TRUE) -> 220309.16 | AM14: =AL14-AK14 -> 17513.005
A15: =WEEKNUM(B15) -> 10 | B15: 46085 | C15: =TEXT(B15,"ddd") -> Rab | D15: =SUMIF($G$9:$AD$9,$D$9,G15:AD15) -> 160500 | E15: =SUMIF($G$9:$AD$9,$E$9,G15:AD15) -> 191623.23 | F15: =E15-D15 -> 31123.228 | G15: =VLOOKUP($B$10:$B$59,'SO MS'!$B$6:$L$50,4,TRUE) -> 96000 | H15: ='Summary sales'!D11 -> 119686.67 | I15: =H15-G15 -> 23686.67 | J15: =VLOOKUP($B$10:$B$59,'SO MS'!$B$6:$L$50,5,TRUE) -> 31200 | K15: ='Summary sales'!E11 -> 45027.52 | L15: =K15-J15 -> 13827.52 | M15: =VLOOKUP($B$10:$B$59,'SO MS'!$B$6:$L$50,6,TRUE) -> 10800 | N15: ='Summary sales'!F11 -> 14054.32 | O15: =N15-M15 -> 3254.32 | P15: =VLOOKUP($B$10:$B$59,'SO MS'!$B$6:$AS$50,7,TRUE) -> 0 | Q15: ='Summary sales'!G11 -> 0 | R15: =Q15-P15 -> 0 | S15: =VLOOKUP($B$10:$B$59,'SO MS'!$B$6:$AS$50,8,TRUE) -> 13500 | T15: ='Summary sales'!H11 -> 0 | U15: =T15-S15 -> -13500 | V15: =VLOOKUP($B$10:$B$59,'SO MS'!$B$6:$AS$50,9,TRUE) -> 0 | W15: =VLOOKUP($B$10:$B$59,'Summary sales'!$A$8:$M$58,9,TRUE) -> 0 | X15: =W15-V15 -> 0 | Y15: =VLOOKUP($B$10:$B$59,'SO MS'!$B$6:$AS$50,10,TRUE) -> 9000 | Z15: ='Summary sales'!K11 -> 12854.718 | AA15: =Z15-Y15 -> 3854.718 | AB15: =VLOOKUP($B$10:$B$59,'SO MS'!$B$6:$AS$50,11,TRUE) -> 0 | AD15: =AC15-AB15 -> 0 | AE15: ='Daily Sales'!D10 -> 202796.16 | AF15: ='Daily Sales'!E10 -> 210758.62 | AG15: =AF15-AE15 -> 7962.4641 | AH15: 0 | AI15: 0 | AJ15: =AI15-AH15 -> 0 | AK15: =VLOOKUP($B$10:$B$56,'Daily Sales'!$B$5:$F$46,3,TRUE) -> 202796.16 | AL15: =VLOOKUP($B$10:$B$56,'Daily Sales'!$B$5:$F$46,4,TRUE) -> 210758.62 | AM15: =AL15-AK15 -> 7962.4641
B16: 46086 | C16: =TEXT(B16,"ddd") -> Kam | D16: =SUMIF($G$9:$AD$9,$D$9,G16:AD16) -> 160500 | E16: =SUMIF($G$9:$AD$9,$E$9,G16:AD16) -> 188038.58 | F16: =E16-D16 -> 27538.583 | G16: =VLOOKUP($B$10:$B$59,'SO MS'!$B$6:$L$50,4,TRUE) -> 96000 | H16: ='Summary sales'!D12 -> 115050.38 | I16: =H16-G16 -> 19050.38 | J16: =VLOOKUP($B$10:$B$59,'SO MS'!$B$6:$L$50,5,TRUE) -> 31200 | K16: ='Summary sales'!E12 -> 42921.59 | L16: =K16-J16 -> 11721.59 | M16: =VLOOKUP($B$10:$B$59,'SO MS'!$B$6:$L$50,6,TRUE) -> 10800 | N16: ='Summary sales'!F12 -> 12923.6 | O16: =N16-M16 -> 2123.6 | P16: =VLOOKUP($B$10:$B$59,'SO MS'!$B$6:$AS$50,7,TRUE) -> 0 | Q16: ='Summary sales'!G12 -> 8460.68 | R16: =Q16-P16 -> 8460.68 | S16: =VLOOKUP($B$10:$B$59,'SO MS'!$B$6:$AS$50,8,TRUE) -> 13500 | T16: ='Summary sales'!H12 -> 0 | U16: =T16-S16 -> -13500 | V16: =VLOOKUP($B$10:$B$59,'SO MS'!$B$6:$AS$50,9,TRUE) -> 0 | W16: =VLOOKUP($B$10:$B$59,'Summary sales'!$A$8:$M$58,9,TRUE) -> 0 | X16: =W16-V16 -> 0 | Y16: =VLOOKUP($B$10:$B$59,'SO MS'!$B$6:$AS$50,10,TRUE) -> 9000 | Z16: ='Summary sales'!K12 -> 8682.333 | AA16: =Z16-Y16 -> -317.667 | AB16: =VLOOKUP($B$10:$B$59,'SO MS'!$B$6:$AS$50,11,TRUE) -> 0 | AD16: =AC16-AB16 -> 0 | AE16: ='Daily Sales'!D11 -> 202796.16 | AF16: ='Daily Sales'!E11 -> 194359.78 | AG16: =AF16-AE16 -> -8436.3799 | AH16: 0 | AI16: 0 | AJ16: =AI16-AH16 -> 0 | AK16: =VLOOKUP($B$10:$B$56,'Daily Sales'!$B$5:$F$46,3,TRUE) -> 202796.16 | AL16: =VLOOKUP($B$10:$B$56,'Daily Sales'!$B$5:$F$46,4,TRUE) -> 194359.78 | AM16: =AL16-AK16 -> -8436.3799
A17: =WEEKNUM(B17) -> 10 | B17: 46087 | C17: =TEXT(B17,"ddd") -> Jum | D17: =SUMIF($G$9:$AD$9,$D$9,G17:AD17) -> 160500 | E17: =SUMIF($G$9:$AD$9,$E$9,G17:AD17) -> 193041.18 | F17: =E17-D17 -> 32541.176 | G17: =VLOOKUP($B$10:$B$59,'SO MS'!$B$6:$L$50,4,TRUE) -> 96000 | H17: ='Summary sales'!D13 -> 113513.19 | I17: =H17-G17 -> 17513.19 | J17: =VLOOKUP($B$10:$B$59,'SO MS'!$B$6:$L$50,5,TRUE) -> 31200 | K17: ='Summary sales'!E13 -> 43299.17 | L17: =K17-J17 -> 12099.17 | M17: =VLOOKUP($B$10:$B$59,'SO MS'!$B$6:$L$50,6,TRUE) -> 10800 | N17: ='Summary sales'!F13 -> 23548.03 | O17: =N17-M17 -> 12748.03 | P17: =VLOOKUP($B$10:$B$59,'SO MS'!$B$6:$AS$50,7,TRUE) -> 0 | Q17: ='Summary sales'!G13 -> 0 | R17: =Q17-P17 -> 0 | S17: =VLOOKUP($B$10:$B$59,'SO MS'!$B$6:$AS$50,8,TRUE) -> 13500 | T17: ='Summary sales'!H13 -> 0 | U17: =T17-S17 -> -13500 | V17: =VLOOKUP($B$10:$B$59,'SO MS'!$B$6:$AS$50,9,TRUE) -> 0 | W17: =VLOOKUP($B$10:$B$59,'Summary sales'!$A$8:$M$58,9,TRUE) -> 3884.97 | X17: =W17-V17 -> 3884.97 | Y17: =VLOOKUP($B$10:$B$59,'SO MS'!$B$6:$AS$50,10,TRUE) -> 9000 | Z17: ='Summary sales'!K13 -> 8795.816 | AA17: =Z17-Y17 -> -204.184 | AB17: =VLOOKUP($B$10:$B$59,'SO MS'!$B$6:$AS$50,11,TRUE) -> 0 | AD17: =AC17-AB17 -> 0 | AE17: ='Daily Sales'!D12 -> 202796.16 | AF17: ='Daily Sales'!E12 -> 190833.42 | AG17: =AF17-AE17 -> -11962.733 | AH17: 0 | AI17: 0 | AJ17: =AI17-AH17 -> 0 | AK17: =VLOOKUP($B$10:$B$56,'Daily Sales'!$B$5:$F$46,3,TRUE) -> 202796.16 | AL17: =VLOOKUP($B$10:$B$56,'Daily Sales'!$B$5:$F$46,4,TRUE) -> 190833.42 | AM17: =AL17-AK17 -> -11962.733
B18: 46088 | C18: =TEXT(B18,"ddd") -> Sab | D18: =SUMIF($G$9:$AD$9,$D$9,G18:AD18) -> 160500 | E18: =SUMIF($G$9:$AD$9,$E$9,G18:AD18) -> 200295.15 | F18: =E18-D18 -> 39795.145 | G18: =VLOOKUP($B$10:$B$59,'SO MS'!$B$6:$L$50,4,TRUE) -> 96000 | H18: ='Summary sales'!D14 -> 122340.95 | I18: =H18-G18 -> 26340.95 | J18: =VLOOKUP($B$10:$B$59,'SO MS'!$B$6:$L$50,5,TRUE) -> 31200 | K18: ='Summary sales'!E14 -> 43477.71 | L18: =K18-J18 -> 12277.71 | M18: =VLOOKUP($B$10:$B$59,'SO MS'!$B$6:$L$50,6,TRUE) -> 10800 | N18: ='Summary sales'!F14 -> 21723.02 | O18: =N18-M18 -> 10923.02 | P18: =VLOOKUP($B$10:$B$59,'SO MS'!$B$6:$AS$50,7,TRUE) -> 0 | Q18: ='Summary sales'!G14 -> 4723.12 | R18: =Q18-P18 -> 4723.12 | S18: =VLOOKUP($B$10:$B$59,'SO MS'!$B$6:$AS$50,8,TRUE) -> 13500 | T18: ='Summary sales'!H14 -> 0 | U18: =T18-S18 -> -13500 | V18: =VLOOKUP($B$10:$B$59,'SO MS'!$B$6:$AS$50,9,TRUE) -> 0 | W18: =VLOOKUP($B$10:$B$59,'Summary sales'!$A$8:$M$58,9,TRUE) -> 4170.58 | X18: =W18-V18 -> 4170.58 | Y18: =VLOOKUP($B$10:$B$59,'SO MS'!$B$6:$AS$50,10,TRUE) -> 9000 | Z18: ='Summary sales'!K14 -> 3859.765 | AA18: =Z18-Y18 -> -5140.235 | AB18: =VLOOKUP($B$10:$B$59,'SO MS'!$B$6:$AS$50,11,TRUE) -> 0 | AD18: =AC18-AB18 -> 0 | AE18: ='Daily Sales'!D13 -> 197830.28 | AF18: ='Daily Sales'!E13 -> 172712.46 | AG18: =AF18-AE18 -> -25117.818 | AH18: 0 | AI18: 0 | AJ18: =AI18-AH18 -> 0 | AK18: =VLOOKUP($B$10:$B$56,'Daily Sales'!$B$5:$F$46,3,TRUE) -> 197830.28 | AL18: =VLOOKUP($B$10:$B$56,'Daily Sales'!$B$5:$F$46,4,TRUE) -> 172712.46 | AM18: =AL18-AK18 -> -25117.818
A19: =WEEKNUM(B19) -> 11 | B19: 46089 | C19: =TEXT(B19,"ddd") -> Mgg | D19: =SUMIF($G$9:$AD$9,$D$9,G19:AD19) -> 160500 | E19: =SUMIF($G$9:$AD$9,$E$9,G19:AD19) -> 184906.84 | F19: =E19-D19 -> 24406.84 | G19: =VLOOKUP($B$10:$B$59,'SO MS'!$B$6:$L$50,4,TRUE) -> 96000 | H19: ='Summary sales'!D15 -> 112042.69 | I19: =H19-G19 -> 16042.69 | J19: =VLOOKUP($B$10:$B$59,'SO MS'!$B$6:$L$50,5,TRUE) -> 31200 | K19: ='Summary sales'!E15 -> 43692.06 | L19: =K19-J19 -> 12492.06 | M19: =VLOOKUP($B$10:$B$59,'SO MS'!$B$6:$L$50,6,TRUE) -> 10800 | N19: ='Summary sales'!F15 -> 15902.53 | O19: =N19-M19 -> 5102.53 | P19: =VLOOKUP($B$10:$B$59,'SO MS'!$B$6:$AS$50,7,TRUE) -> 0 | Q19: ='Summary sales'!G15 -> 0 | R19: =Q19-P19 -> 0 | S19: =VLOOKUP($B$10:$B$59,'SO MS'!$B$6:$AS$50,8,TRUE) -> 13500 | T19: ='Summary sales'!H15 -> 0 | U19: =T19-S19 -> -13500 | V19: =VLOOKUP($B$10:$B$59,'SO MS'!$B$6:$AS$50,9,TRUE) -> 0 | W19: =VLOOKUP($B$10:$B$59,'Summary sales'!$A$8:$M$58,9,TRUE) -> 4376.12 | X19: =W19-V19 -> 4376.12 | Y19: =VLOOKUP($B$10:$B$59,'SO MS'!$B$6:$AS$50,10,TRUE) -> 9000 | Z19: ='Summary sales'!K15 -> 8893.44 | AA19: =Z19-Y19 -> -106.56 | AB19: =VLOOKUP($B$10:$B$59,'SO MS'!$B$6:$AS$50,11,TRUE) -> 0 | AD19: =AC19-AB19 -> 0 | AE19: ='Daily Sales'!D14 -> 179004.97 | AF19: ='Daily Sales'!E14 -> 169919.07 | AG19: =AF19-AE19 -> -9085.9017 | AH19: 0 | AI19: 0 | AJ19: =AI19-AH19 -> 0 | AK19: =VLOOKUP($B$10:$B$56,'Daily Sales'!$B$5:$F$46,3,TRUE) -> 179004.97 | AL19: =VLOOKUP($B$10:$B$56,'Daily Sales'!$B$5:$F$46,4,TRUE) -> 169919.07 | AM19: =AL19-AK19 -> -9085.9017
B20: Sub Total | D20: =SUM(D13:D19) -> 1123500 | E20: =SUM(E13:E19) -> 1301468.8 | F20: =SUM(F13:F19) -> 177968.77 | G20: =SUM(G13:G19) -> 672000 | H20: =SUM(H13:H19) -> 805227.56 | I20: =SUM(I13:I19) -> 133227.56 | J20: =SUM(J13:J19) -> 218400 | K20: =SUM(K13:K19) -> 301858.78 | ... AM20: =SUM(AM13:AM19) -> -20185.888
A22: =A13+1 -> 11 | B22: 46090 | C22: =TEXT(B22,"ddd") -> Sen | D22: =SUMIF($G$9:$AD$9,$D$9,G22:AD22) -> 160500 | E22: =SUMIF($G$9:$AD$9,$E$9,G22:AD22) -> 192633.42 | F22: =E22-D22 -> 32133.425 | G22: =VLOOKUP($B$10:$B$59,'SO MS'!$B$6:$L$50,4,TRUE) -> 96000 | H22: ='Summary sales'!D16 -> 118635.99 | I22: =H22-G22 -> 22635.99 | J22: =VLOOKUP($B$10:$B$59,'SO MS'!$B$6:$L$50,5,TRUE) -> 31200 | K22: ='Summary sales'!E16 -> 42141.86 | L22: =K22-J22 -> 10941.86 | M22: =VLOOKUP($B$10:$B$59,'SO MS'!$B$6:$L$50,6,TRUE) -> 10800 | N22: ='Summary sales'!F16 -> 18827.67 | O22: =N22-M22 -> 8027.67 | P22: =VLOOKUP($B$10:$B$59,'SO MS'!$B$6:$AS$50,7,TRUE) -> 0 | Q22: ='Summary sales'!G16 -> 0 | R22: =Q22-P22 -> 0 | S22: =VLOOKUP($B$10:$B$59,'SO MS'!$B$6:$AS$50,8,TRUE) -> 13500 | T22: ='Summary sales'!H16 -> 0 | U22: =T22-S22 -> -13500 | V22: =VLOOKUP($B$10:$B$59,'SO MS'!$B$6:$AS$50,9,TRUE) -> 0 | W22: =VLOOKUP($B$10:$B$59,'Summary sales'!$A$8:$M$58,9,TRUE) -> 4205.09 | X22: =W22-V22 -> 4205.09 | Y22: =VLOOKUP($B$10:$B$59,'SO MS'!$B$6:$AS$50,10,TRUE) -> 9000 | Z22: ='Summary sales'!K16 -> 8822.815 | AA22: =Z22-Y22 -> -177.185 | AB22: =VLOOKUP($B$10:$B$59,'SO MS'!$B$6:$AS$50,11,TRUE) -> 0 | AD22: =AC22-AB22 -> 0 | AE22: ='Daily Sales'!D17 -> 208836.6 | AF22: ='Daily Sales'!E17 -> 228419.73 | AG22: =AF22-AE22 -> 19583.124 | AH22: 0 | AI22: 0 | AJ22: =AI22-AH22 -> 0 | AK22: =VLOOKUP($B$10:$B$56,'Daily Sales'!$B$5:$F$46,3,TRUE) -> 208836.6 | AL22: =VLOOKUP($B$10:$B$56,'Daily Sales'!$B$5:$F$46,4,TRUE) -> 228419.73 | AM22: =AL22-AK22 -> 19583.124
B23: 46091 | C23: =TEXT(B23,"ddd") -> Sel | D23: =SUMIF($G$9:$AD$9,$D$9,G23:AD23) -> 160500 | E23: =SUMIF($G$9:$AD$9,$E$9,G23:AD23) -> 193229.55 | F23: =E23-D23 -> 32729.547 | G23: =VLOOKUP($B$10:$B$59,'SO MS'!$B$6:$L$50,4,TRUE) -> 96000 | H23: ='Summary sales'!D17 -> 115867.97 | I23: =H23-G23 -> 19867.97 | J23: =VLOOKUP($B$10:$B$59,'SO MS'!$B$6:$L$50,5,TRUE) -> 31200 | K23: ='Summary sales'!E17 -> 41797.84 | L23: =K23-J23 -> 10597.84 | M23: =VLOOKUP($B$10:$B$59,'SO MS'!$B$6:$L$50,6,TRUE) -> 10800 | N23: ='Summary sales'!F17 -> 19082.51 | O23: =N23-M23 -> 8282.51 | P23: =VLOOKUP($B$10:$B$59,'SO MS'!$B$6:$AS$50,7,TRUE) -> 0 | Q23: ='Summary sales'!G17 -> 0 | R23: =Q23-P23 -> 0 | S23: =VLOOKUP($B$10:$B$59,'SO MS'!$B$6:$AS$50,8,TRUE) -> 13500 | T23: ='Summary sales'!H17 -> 0 | U23: =T23-S23 -> -13500 | V23: =VLOOKUP($B$10:$B$59,'SO MS'!$B$6:$AS$50,9,TRUE) -> 0 | W23: =VLOOKUP($B$10:$B$59,'Summary sales'!$A$8:$M$58,9,TRUE) -> 4210.09 | X23: =W23-V23 -> 4210.09 | Y23: =VLOOKUP($B$10:$B$59,'SO MS'!$B$6:$AS$50,10,TRUE) -> 9000 | Z23: ='Summary sales'!K17 -> 12271.137 | AA23: =Z23-Y23 -> 3271.137 | AB23: =VLOOKUP($B$10:$B$59,'SO MS'!$B$6:$AS$50,11,TRUE) -> 0 | AD23: =AC23-AB23 -> 0 | AE23: ='Daily Sales'!D18 -> 208836.6 | AF23: ='Daily Sales'!E18 -> 220209.42 | AG23: =AF23-AE23 -> 11372.813 | AH23: 0 | AI23: 0 | AJ23: =AI23-AH23 -> 0 | AK23: =VLOOKUP($B$10:$B$56,'Daily Sales'!$B$5:$F$46,3,TRUE) -> 208836.6 | AL23: =VLOOKUP($B$10:$B$56,'Daily Sales'!$B$5:$F$46,4,TRUE) -> 220209.42 | AM23: =AL23-AK23 -> 11372.813
B24: 46092 | C24: =TEXT(B24,"ddd") -> Rab | D24: =SUMIF($G$9:$AD$9,$D$9,G24:AD24) -> 160500 | E24: =SUMIF($G$9:$AD$9,$E$9,G24:AD24) -> 203313.85 | F24: =E24-D24 -> 42813.854 | G24: =VLOOKUP($B$10:$B$59,'SO MS'!$B$6:$L$50,4,TRUE) -> 96000 | H24: ='Summary sales'!D18 -> 121447.91 | I24: =H24-G24 -> 25447.91 | J24: =VLOOKUP($B$10:$B$59,'SO MS'!$B$6:$L$50,5,TRUE) -> 31200 | K24: ='Summary sales'!E18 -> 43448.73 | L24: =K24-J24 -> 12248.73 | M24: =VLOOKUP($B$10:$B$59,'SO MS'!$B$6:$L$50,6,TRUE) -> 10800 | N24: ='Summary sales'!F18 -> 15826.22 | O24: =N24-M24 -> 5026.22 | P24: =VLOOKUP($B$10:$B$59,'SO MS'!$B$6:$AS$50,7,TRUE) -> 0 | Q24: ='Summary sales'!G18 -> 9820.7 | R24: =Q24-P24 -> 9820.7 | S24: =VLOOKUP($B$10:$B$59,'SO MS'!$B$6:$AS$50,8,TRUE) -> 13500 | T24: ='Summary sales'!H18 -> 0 | U24: =T24-S24 -> -13500 | V24: =VLOOKUP($B$10:$B$59,'SO MS'!$B$6:$AS$50,9,TRUE) -> 0 | W24: =VLOOKUP($B$10:$B$59,'Summary sales'!$A$8:$M$58,9,TRUE) -> 4231.84 | X24: =W24-V24 -> 4231.84 | Y24: =VLOOKUP($B$10:$B$59,'SO MS'!$B$6:$AS$50,10,TRUE) -> 9000 | Z24: ='Summary sales'!K18 -> 8538.454 | AA24: =Z24-Y24 -> -461.546 | AB24: =VLOOKUP($B$10:$B$59,'SO MS'!$B$6:$AS$50,11,TRUE) -> 0 | AD24: =AC24-AB24 -> 0 | AE24: ='Daily Sales'!D19 -> 208836.6 | AF24: ='Daily Sales'!E19 -> 202121.8 | AG24: =AF24-AE24 -> -6714.8053 | AH24: 0 | AI24: 0 | AJ24: =AI24-AH24 -> 0 | AK24: =VLOOKUP($B$10:$B$56,'Daily Sales'!$B$5:$F$46,3,TRUE) -> 208836.6 | AL24: =VLOOKUP($B$10:$B$56,'Daily Sales'!$B$5:$F$46,4,TRUE) -> 202121.8 | AM24: =AL24-AK24 -> -6714.8053
B25: 46093 | C25: =TEXT(B25,"ddd") -> Kam | D25: =SUMIF($G$9:$AD$9,$D$9,G25:AD25) -> 160500 | E25: =SUMIF($G$9:$AD$9,$E$9,G25:AD25) -> 190227.8 | F25: =E25-D25 -> 29727.8 | G25: =VLOOKUP($B$10:$B$59,'SO MS'!$B$6:$L$50,4,TRUE) -> 96000 | H25: ='Summary sales'!D19 -> 114514.59 | I25: =H25-G25 -> 18514.59 | J25: =VLOOKUP($B$10:$B$59,'SO MS'!$B$6:$L$50,5,TRUE) -> 31200 | K25: ='Summary sales'!E19 -> 43205.92 | L25: =K25-J25 -> 12005.92 | M25: =VLOOKUP($B$10:$B$59,'SO MS'!$B$6:$L$50,6,TRUE) -> 10800 | N25: ='Summary sales'!F19 -> 19187.99 | O25: =N25-M25 -> 8387.99 | P25: =VLOOKUP($B$10:$B$59,'SO MS'!$B$6:$AS$50,7,TRUE) -> 0 | Q25: ='Summary sales'!G19 -> 0 | R25: =Q25-P25 -> 0 | S25: =VLOOKUP($B$10:$B$59,'SO MS'!$B$6:$AS$50,8,TRUE) -> 13500 | T25: ='Summary sales'!H19 -> 0 | U25: =T25-S25 -> -13500 | V25: =VLOOKUP($B$10:$B$59,'SO MS'!$B$6:$AS$50,9,TRUE) -> 0 | W25: =VLOOKUP($B$10:$B$59,'Summary sales'!$A$8:$M$58,9,TRUE) -> 4249.66 | X25: =W25-V25 -> 4249.66 | Y25: =VLOOKUP($B$10:$B$59,'SO MS'!$B$6:$AS$50,10,TRUE) -> 9000 | Z25: ='Summary sales'!K19 -> 9069.64 | AA25: =Z25-Y25 -> 69.64 | AB25: =VLOOKUP($B$10:$B$59,'SO MS'!$B$6:$AS$50,11,TRUE) -> 0 | AD25: =AC25-AB25 -> 0 | AE25: ='Daily Sales'!D20 -> 208836.6 | AF25: ='Daily Sales'!E20 -> 212356.17 | AG25: =AF25-AE25 -> 3519.5667 | AH25: 0 | AI25: 0 | AJ25: =AI25-AH25 -> 0 | AK25: =VLOOKUP($B$10:$B$56,'Daily Sales'!$B$5:$F$46,3,TRUE) -> 208836.6 | AL25: =VLOOKUP($B$10:$B$56,'Daily Sales'!$B$5:$F$46,4,TRUE) -> 212356.17 | AM25: =AL25-AK25 -> 3519.5667
B26: 46094 | C26: =TEXT(B26,"ddd") -> Jum | D26: =SUMIF($G$9:$AD$9,$D$9,G26:AD26) -> 147000 | E26: =SUMIF($G$9:$AD$9,$E$9,G26:AD26) -> 181691.63 | F26: =E26-D26 -> 34691.63 | G26: =VLOOKUP($B$10:$B$59,'SO MS'!$B$6:$L$50,4,TRUE) -> 96000 | H26: ='Summary sales'!D20 -> 117532.04 | I26: =H26-G26 -> 21532.04 | J26: =VLOOKUP($B$10:$B$59,'SO MS'!$B$6:$L$50,5,TRUE) -> 31200 | K26: ='Summary sales'!E20 -> 41505.97 | L26: =K26-J26 -> 10305.97 | M26: =VLOOKUP($B$10:$B$59,'SO MS'!$B$6:$L$50,6,TRUE) -> 10800 | N26: ='Summary sales'!F20 -> 22653.62 | O26: =N26-M26 -> 11853.62 | P26: =VLOOKUP($B$10:$B$59,'SO MS'!$B$6:$AS$50,7,TRUE) -> 0 | Q26: ='Summary sales'!G20 -> 0 | R26: =Q26-P26 -> 0 | S26: =VLOOKUP($B$10:$B$59,'SO MS'!$B$6:$AS$50,8,TRUE) -> 0 | T26: ='Summary sales'!H20 -> 0 | U26: =T26-S26 -> 0 | V26: =VLOOKUP($B$10:$B$59,'SO MS'!$B$6:$AS$50,9,TRUE) -> 0 | W26: =VLOOKUP($B$10:$B$59,'Summary sales'!$A$8:$M$58,9,TRUE) -> 0 | X26: =W26-V26 -> 0 | Y26: =VLOOKUP($B$10:$B$59,'SO MS'!$B$6:$AS$50,10,TRUE) -> 9000 | Z26: ='Summary sales'!K20 -> 0 | AA26: =Z26-Y26 -> -9000 | AB26: =VLOOKUP($B$10:$B$59,'SO MS'!$B$6:$AS$50,11,TRUE) -> 0 | AD26: =AC26-AB26 -> 0 | AE26: ='Daily Sales'!D21 -> 193157.93 | AF26: ='Daily Sales'!E21 -> 179398.51 | AG26: =AF26-AE26 -> -13759.422 | AH26: 0 | AI26: 0 | AJ26: =AI26-AH26 -> 0 | AK26: =VLOOKUP($B$10:$B$56,'Daily Sales'!$B$5:$F$46,3,TRUE) -> 193157.93 | AL26: =VLOOKUP($B$10:$B$56,'Daily Sales'!$B$5:$F$46,4,TRUE) -> 179398.51 | AM26: =AL26-AK26 -> -13759.422
B27: 46095 | C27: =TEXT(B27,"ddd") -> Sab | D27: =SUMIF($G$9:$AD$9,$D$9,G27:AD27) -> 138000 | E27: =SUMIF($G$9:$AD$9,$E$9,G27:AD27) -> 135495.7 | F27: =E27-D27 -> -2504.3 | G27: =VLOOKUP($B$10:$B$59,'SO MS'!$B$6:$L$50,4,TRUE) -> 96000 | H27: ='Summary sales'!D21 -> 71979.85 | I27: =H27-G27 -> -24020.15 | J27: =VLOOKUP($B$10:$B$59,'SO MS'!$B$6:$L$50,5,TRUE) -> 31200 | K27: ='Summary sales'!E21 -> 44080.22 | L27: =K27-J27 -> 12880.22 | M27: =VLOOKUP($B$10:$B$59,'SO MS'!$B$6:$L$50,6,TRUE) -> 10800 | N27: ='Summary sales'!F21 -> 15135.45 | O27: =N27-M27 -> 4335.45 | P27: =VLOOKUP($B$10:$B$59,'SO MS'!$B$6:$AS$50,7,TRUE) -> 0 | Q27: ='Summary sales'!G21 -> 0 | R27: =Q27-P27 -> 0 | S27: =VLOOKUP($B$10:$B$59,'SO MS'!$B$6:$AS$50,8,TRUE) -> 0 | T27: ='Summary sales'!H21 -> 0 | U27: =T27-S27 -> 0 | V27: =VLOOKUP($B$10:$B$59,'SO MS'!$B$6:$AS$50,9,TRUE) -> 0 | W27: =VLOOKUP($B$10:$B$59,'Summary sales'!$A$8:$M$58,9,TRUE) -> 4300.18 | X27: =W27-V27 -> 4300.18 | Y27: =VLOOKUP($B$10:$B$59,'SO MS'!$B$6:$AS$50,10,TRUE) -> 0 | Z27: ='Summary sales'!K21 -> 0 | AA27: =Z27-Y27 -> 0 | AB27: =VLOOKUP($B$10:$B$59,'SO MS'!$B$6:$AS$50,11,TRUE) -> 0 | AD27: =AC27-AB27 -> 0 | AE27: ='Daily Sales'!D22 -> 175192.05 | AF27: ='Daily Sales'!E22 -> 148970.48 | AG27: =AF27-AE27 -> -26221.576 | AH27: 0 | AI27: 0 | AJ27: =AI27-AH27 -> 0 | AK27: =VLOOKUP($B$10:$B$56,'Daily Sales'!$B$5:$F$46,3,TRUE) -> 175192.05 | AL27: =VLOOKUP($B$10:$B$56,'Daily Sales'!$B$5:$F$46,4,TRUE) -> 148970.48 | AM27: =AL27-AK27 -> -26221.576
B28: 46096 | C28: =TEXT(B28,"ddd") -> Mgg | D28: =SUMIF($G$9:$AD$9,$D$9,G28:AD28) -> 138000 | E28: =SUMIF($G$9:$AD$9,$E$9,G28:AD28) -> 146034.07 | F28: =E28-D28 -> 8034.0741 | G28: =VLOOKUP($B$10:$B$59,'SO MS'!$B$6:$L$50,4,TRUE) -> 96000 | H28: ='Summary sales'!D22 -> 81250.984 | I28: =H28-G28 -> -14749.016 | J28: =VLOOKUP($B$10:$B$59,'SO MS'!$B$6:$L$50,5,TRUE) -> 31200 | K28: ='Summary sales'!E22 -> 39089.64 | L28: =K28-J28 -> 7889.64 | M28: =VLOOKUP($B$10:$B$59,'SO MS'!$B$6:$L$50,6,TRUE) -> 10800 | N28: ='Summary sales'!F22 -> 16487.51 | O28: =N28-M28 -> 5687.51 | P28: =VLOOKUP($B$10:$B$59,'SO MS'!$B$6:$AS$50,7,TRUE) -> 0 | Q28: ='Summary sales'!G22 -> 4902.45 | R28: =Q28-P28 -> 4902.45 | S28: =VLOOKUP($B$10:$B$59,'SO MS'!$B$6:$AS$50,8,TRUE) -> 0 | T28: ='Summary sales'!H22 -> 0 | U28: =T28-S28 -> 0 | V28: =VLOOKUP($B$10:$B$59,'SO MS'!$B$6:$AS$50,9,TRUE) -> 0 | W28: =VLOOKUP($B$10:$B$59,'Summary sales'!$A$8:$M$58,9,TRUE) -> 4303.49 | X28: =W28-V28 -> 4303.49 | Y28: =VLOOKUP($B$10:$B$59,'SO MS'!$B$6:$AS$50,10,TRUE) -> 0 | Z28: ='Summary sales'!K22 -> 0 | AA28: =Z28-Y28 -> 0 | AB28: =VLOOKUP($B$10:$B$59,'SO MS'!$B$6:$AS$50,11,TRUE) -> 0 | AD28: =AC28-AB28 -> 0 | AE28: ='Daily Sales'!D23 -> 152524.88 | AF28: ='Daily Sales'!E23 -> 122138.44 | AG28: =AF28-AE28 -> -30386.441 | AH28: 0 | AI28: 0 | AJ28: =AI28-AH28 -> 0 | AK28: =VLOOKUP($B$10:$B$56,'Daily Sales'!$B$5:$F$46,3,TRUE) -> 152524.88 | AL28: =VLOOKUP($B$10:$B$56,'Daily Sales'!$B$5:$F$46,4,TRUE) -> 122138.44 | AM28: =AL28-AK28 -> -30386.441
B29: Sub Total | D29: =SUM(D22:D28) -> 1065000 | E29: =SUM(E22:E28) -> 1242626 | F29: =SUM(F22:F28) -> 177626.03 | G29: =SUM(G22:G28) -> 672000 | H29: =SUM(H22:H28) -> 741229.33 | I29: =SUM(I22:I28) -> 69229.334 | J29: =SUM(J22:J28) -> 218400 | K29: =SUM(K22:K28) -> 295270.18 | ... AM29: =SUM(AM22:AM28) -> -42606.741
A31: =A22+1 -> 12 | B31: 46097 | C31: =TEXT(B31,"ddd") -> Sen | D31: =SUMIF($G$9:$AD$9,$D$9,G31:AD31) -> 127200 | E31: =SUMIF($G$9:$AD$9,$E$9,G31:AD31) -> 151333.25 | F31: =E31-D31 -> 24133.25 | G31: =VLOOKUP($B$10:$B$59,'SO MS'!$B$6:$L$50,4,TRUE) -> 96000 | H31: ='Summary sales'!D23 -> 78896.36 | I31: =H31-G31 -> -17103.64 | J31: =VLOOKUP($B$10:$B$59,'SO MS'!$B$6:$L$50,5,TRUE) -> 31200 | K31: ='Summary sales'!E23 -> 43860.58 | L31: =K31-J31 -> 12660.58 | M31: =VLOOKUP($B$10:$B$59,'SO MS'!$B$6:$L$50,6,TRUE) -> 0 | N31: ='Summary sales'!F23 -> 18585.05 | O31: =N31-M31 -> 18585.05 | P31: =VLOOKUP($B$10:$B$59,'SO MS'!$B$6:$AS$50,7,TRUE) -> 0 | Q31: ='Summary sales'!G23 -> 5811.77 | R31: =Q31-P31 -> 5811.77 | S31: =VLOOKUP($B$10:$B$59,'SO MS'!$B$6:$AS$50,8,TRUE) -> 0 | T31: ='Summary sales'!H23 -> 0 | U31: =T31-S31 -> 0 | V31: =VLOOKUP($B$10:$B$59,'SO MS'!$B$6:$AS$50,9,TRUE) -> 0 | W31: =VLOOKUP($B$10:$B$59,'Summary sales'!$A$8:$M$58,9,TRUE) -> 4179.49 | X31: =W31-V31 -> 4179.49 | Y31: =VLOOKUP($B$10:$B$59,'SO MS'!$B$6:$AS$50,10,TRUE) -> 0 | Z31: ='Summary sales'!K23 -> 0 | AA31: =Z31-Y31 -> 0 | AB31: =VLOOKUP($B$10:$B$59,'SO MS'!$B$6:$AS$50,11,TRUE) -> 0 | AD31: =AC31-AB31 -> 0 | AE31: ='Daily Sales'!D26 -> 162636.38 | AF31: ='Daily Sales'!E26 -> 167545.49 | AG31: =AF31-AE31 -> 4909.1165 | AH31: 0 | AI31: 0 | AJ31: =AI31-AH31 -> 0 | AK31: =VLOOKUP($B$10:$B$56,'Daily Sales'!$B$5:$F$46,3,TRUE) -> 162636.38 | AL31: =VLOOKUP($B$10:$B$56,'Daily Sales'!$B$5:$F$46,4,TRUE) -> 167545.49 | AM31: =AL31-AK31 -> 4909.1165
B32: 46098 | C32: =TEXT(B32,"ddd") -> Sel | D32: =SUMIF($G$9:$AD$9,$D$9,G32:AD32) -> 127200 | E32: =SUMIF($G$9:$AD$9,$E$9,G32:AD32) -> 154155.19 | F32: =E32-D32 -> 26955.19 | G32: =VLOOKUP($B$10:$B$59,'SO MS'!$B$6:$L$50,4,TRUE) -> 96000 | H32: ='Summary sales'!D24 -> 80804.5 | I32: =H32-G32 -> -15195.5 | J32: =VLOOKUP($B$10:$B$59,'SO MS'!$B$6:$L$50,5,TRUE) -> 31200 | K32: ='Summary sales'!E24 -> 41882.86 | L32: =K32-J32 -> 10682.86 | M32: =VLOOKUP($B$10:$B$59,'SO MS'!$B$6:$L$50,6,TRUE) -> 0 | N32: ='Summary sales'!F24 -> 10826.75 | O32: =N32-M32 -> 10826.75 | P32: =VLOOKUP($B$10:$B$59,'SO MS'!$B$6:$AS$50,7,TRUE) -> 0 | Q32: ='Summary sales'!G24 -> 12076.64 | R32: =Q32-P32 -> 12076.64 | S32: =VLOOKUP($B$10:$B$59,'SO MS'!$B$6:$AS$50,8,TRUE) -> 0 | T32: ='Summary sales'!H24 -> 0 | U32: =T32-S32 -> 0 | V32: =VLOOKUP($B$10:$B$59,'SO MS'!$B$6:$AS$50,9,TRUE) -> 0 | W32: =VLOOKUP($B$10:$B$59,'Summary sales'!$A$8:$M$58,9,TRUE) -> 8564.44 | X32: =W32-V32 -> 8564.44 | Y32: =VLOOKUP($B$10:$B$59,'SO MS'!$B$6:$AS$50,10,TRUE) -> 0 | Z32: ='Summary sales'!K24 -> 0 | AA32: =Z32-Y32 -> 0 | AB32: =VLOOKUP($B$10:$B$59,'SO MS'!$B$6:$AS$50,11,TRUE) -> 0 | AD32: =AC32-AB32 -> 0 | AE32: ='Daily Sales'!D27 -> 151514.52 | AF32: ='Daily Sales'!E27 -> 133964.65 | AG32: =AF32-AE32 -> -17549.873 | AH32: 0 | AI32: 0 | AJ32: =AI32-AH32 -> 0 | AK32: =VLOOKUP($B$10:$B$56,'Daily Sales'!$B$5:$F$46,3,TRUE) -> 151514.52 | AL32: =VLOOKUP($B$10:$B$56,'Daily Sales'!$B$5:$F$46,4,TRUE) -> 133964.65 | AM32: =AL32-AK32 -> -17549.873
B33: 46099 | C33: =TEXT(B33,"ddd") -> Rab | D33: =SUMIF($G$9:$AD$9,$D$9,G33:AD33) -> 127200 | E33: =SUMIF($G$9:$AD$9,$E$9,G33:AD33) -> 137672.27 | F33: =E33-D33 -> 10472.27 | G33: =VLOOKUP($B$10:$B$59,'SO MS'!$B$6:$L$50,4,TRUE) -> 96000 | H33: ='Summary sales'!D25 -> 77898.23 | I33: =H33-G33 -> -18101.77 | J33: =VLOOKUP($B$10:$B$59,'SO MS'!$B$6:$L$50,5,TRUE) -> 31200 | K33: ='Summary sales'!E25 -> 44535.2 | L33: =K33-J33 -> 13335.2 | M33: =VLOOKUP($B$10:$B$59,'SO MS'!$B$6:$L$50,6,TRUE) -> 0 | N33: ='Summary sales'!F25 -> 15238.84 | O33: =N33-M33 -> 15238.84 | P33: =VLOOKUP($B$10:$B$59,'SO MS'!$B$6:$AS$50,7,TRUE) -> 0 | Q33: ='Summary sales'!G25 -> 0 | R33: =Q33-P33 -> 0 | S33: =VLOOKUP($B$10:$B$59,'SO MS'!$B$6:$AS$50,8,TRUE) -> 0 | T33: ='Summary sales'!H25 -> 0 | U33: =T33-S33 -> 0 | V33: =VLOOKUP($B$10:$B$59,'SO MS'!$B$6:$AS$50,9,TRUE) -> 0 | W33: =VLOOKUP($B$10:$B$59,'Summary sales'!$A$8:$M$58,9,TRUE) -> 0 | X33: =W33-V33 -> 0 | Y33: =VLOOKUP($B$10:$B$59,'SO MS'!$B$6:$AS$50,10,TRUE) -> 0 | Z33: ='Summary sales'!K25 -> 0 | AA33: =Z33-Y33 -> 0 | AB33: =VLOOKUP($B$10:$B$59,'SO MS'!$B$6:$AS$50,11,TRUE) -> 0 | AD33: =AC33-AB33 -> 0 | AE33: ='Daily Sales'!D28 -> 132069.23 | AF33: ='Daily Sales'!E28 -> 93949.033 | AG33: =AF33-AE33 -> -38120.195 | AH33: 0 | AI33: 0 | AJ33: =AI33-AH33 -> 0 | AK33: =VLOOKUP($B$10:$B$56,'Daily Sales'!$B$5:$F$46,3,TRUE) -> 132069.23 | AL33: =VLOOKUP($B$10:$B$56,'Daily Sales'!$B$5:$F$46,4,TRUE) -> 93949.033 | AM33: =AL33-AK33 -> -38120.195
B34: 46100 | C34: =TEXT(B34,"ddd") -> Kam | D34: =SUMIF($G$9:$AD$9,$D$9,G34:AD34) -> 127200 | E34: =SUMIF($G$9:$AD$9,$E$9,G34:AD34) -> 152561.22 | F34: =E34-D34 -> 25361.22 | G34: =VLOOKUP($B$10:$B$59,'SO MS'!$B$6:$L$50,4,TRUE) -> 96000 | H34: ='Summary sales'!D26 -> 82651.98 | I34: =H34-G34 -> -13348.02 | J34: =VLOOKUP($B$10:$B$59,'SO MS'!$B$6:$L$50,5,TRUE) -> 31200 | K34: ='Summary sales'!E26 -> 42278.48 | L34: =K34-J34 -> 11078.48 | M34: =VLOOKUP($B$10:$B$59,'SO MS'!$B$6:$L$50,6,TRUE) -> 0 | N34: ='Summary sales'!F26 -> 27630.76 | O34: =N34-M34 -> 27630.76 | P34: =VLOOKUP($B$10:$B$59,'SO MS'!$B$6:$AS$50,7,TRUE) -> 0 | Q34: ='Summary sales'!G26 -> 0 | R34: =Q34-P34 -> 0 | S34: =VLOOKUP($B$10:$B$59,'SO MS'!$B$6:$AS$50,8,TRUE) -> 0 | T34: ='Summary sales'!H26 -> 0 | U34: =T34-S34 -> 0 | V34: =VLOOKUP($B$10:$B$59,'SO MS'!$B$6:$AS$50,9,TRUE) -> 0 | W34: =VLOOKUP($B$10:$B$59,'Summary sales'!$A$8:$M$58,9,TRUE) -> 0 | X34: =W34-V34 -> 0 | Y34: =VLOOKUP($B$10:$B$59,'SO MS'!$B$6:$AS$50,10,TRUE) -> 0 | Z34: ='Summary sales'!K26 -> 0 | AA34: =Z34-Y34 -> 0 | AB34: =VLOOKUP($B$10:$B$59,'SO MS'!$B$6:$AS$50,11,TRUE) -> 0 | AD34: =AC34-AB34 -> 0 | AE34: ='Daily Sales'!D29 -> 105970.73 | AF34: ='Daily Sales'!E29 -> 87464.845 | AG34: =AF34-AE34 -> -18505.883 | AH34: 0 | AI34: 0 | AJ34: =AI34-AH34 -> 0 | AK34: =VLOOKUP($B$10:$B$56,'Daily Sales'!$B$5:$F$46,3,TRUE) -> 105970.73 | AL34: =VLOOKUP($B$10:$B$56,'Daily Sales'!$B$5:$F$46,4,TRUE) -> 87464.845 | AM34: =AL34-AK34 -> -18505.883
B35: 46101 | C35: =TEXT(B35,"ddd") -> Jum | D35: =SUMIF($G$9:$AD$9,$D$9,G35:AD35) -> 127200 | E35: =SUMIF($G$9:$AD$9,$E$9,G35:AD35) -> 126574.81 | F35: =E35-D35 -> -625.19 | G35: =VLOOKUP($B$10:$B$59,'SO MS'!$B$6:$L$50,4,TRUE) -> 96000 | H35: ='Summary sales'!D27 -> 79154.38 | I35: =H35-G35 -> -16845.62 | J35: =VLOOKUP($B$10:$B$59,'SO MS'!$B$6:$L$50,5,TRUE) -> 31200 | K35: ='Summary sales'!E27 -> 41321.27 | L35: =K35-J35 -> 10121.27 | M35: =VLOOKUP($B$10:$B$59,'SO MS'!$B$6:$L$50,6,TRUE) -> 0 | N35: ='Summary sales'!F27 -> 6099.16 | O35: =N35-M35 -> 6099.16 | P35: =VLOOKUP($B$10:$B$59,'SO MS'!$B$6:$AS$50,7,TRUE) -> 0 | Q35: ='Summary sales'!G27 -> 0 | R35: =Q35-P35 -> 0 | S35: =VLOOKUP($B$10:$B$59,'SO MS'!$B$6:$AS$50,8,TRUE) -> 0 | T35: ='Summary sales'!H27 -> 0 | U35: =T35-S35 -> 0 | V35: =VLOOKUP($B$10:$B$59,'SO MS'!$B$6:$AS$50,9,TRUE) -> 0 | W35: =VLOOKUP($B$10:$B$59,'Summary sales'!$A$8:$M$58,9,TRUE) -> 0 | X35: =W35-V35 -> 0 | Y35: =VLOOKUP($B$10:$B$59,'SO MS'!$B$6:$AS$50,10,TRUE) -> 0 | Z35: ='Summary sales'!K27 -> 0 | AA35: =Z35-Y35 -> 0 | AB35: =VLOOKUP($B$10:$B$59,'SO MS'!$B$6:$AS$50,11,TRUE) -> 0 | AD35: =AC35-AB35 -> 0 | AE35: ='Daily Sales'!D30 -> 83078.497 | AF35: ='Daily Sales'!E30 -> 85082.37 | AG35: =AF35-AE35 -> 2003.8729 | AH35: 0 | AI35: 0 | AJ35: =AI35-AH35 -> 0 | AK35: =VLOOKUP($B$10:$B$56,'Daily Sales'!$B$5:$F$46,3,TRUE) -> 83078.497 | AL35: =VLOOKUP($B$10:$B$56,'Daily Sales'!$B$5:$F$46,4,TRUE) -> 85082.37 | AM35: =AL35-AK35 -> 2003.8729
B36: 46102 | C36: =TEXT(B36,"ddd") -> Sab | D36: =SUMIF($G$9:$AD$9,$D$9,G36:AD36) -> 127200 | E36: =SUMIF($G$9:$AD$9,$E$9,G36:AD36) -> 81386.7 | F36: =E36-D36 -> -45813.3 | G36: =VLOOKUP($B$10:$B$59,'SO MS'!$B$6:$L$50,4,TRUE) -> 96000 | H36: ='Summary sales'!D28 -> 65306.47 | I36: =H36-G36 -> -30693.53 | J36: =VLOOKUP($B$10:$B$59,'SO MS'!$B$6:$L$50,5,TRUE) -> 31200 | K36: ='Summary sales'!E28 -> 16080.23 | L36: =K36-J36 -> -15119.77 | M36: =VLOOKUP($B$10:$B$59,'SO MS'!$B$6:$L$50,6,TRUE) -> 0 | N36: ='Summary sales'!F28 -> 0 | O36: =N36-M36 -> 0 | P36: =VLOOKUP($B$10:$B$59,'SO MS'!$B$6:$AS$50,7,TRUE) -> 0 | Q36: ='Summary sales'!G28 -> 0 | R36: =Q36-P36 -> 0 | S36: =VLOOKUP($B$10:$B$59,'SO MS'!$B$6:$AS$50,8,TRUE) -> 0 | T36: ='Summary sales'!H28 -> 0 | U36: =T36-S36 -> 0 | V36: =VLOOKUP($B$10:$B$59,'SO MS'!$B$6:$AS$50,9,TRUE) -> 0 | W36: =VLOOKUP($B$10:$B$59,'Summary sales'!$A$8:$M$58,9,TRUE) -> 0 | X36: =W36-V36 -> 0 | Y36: =VLOOKUP($B$10:$B$59,'SO MS'!$B$6:$AS$50,10,TRUE) -> 0 | Z36: ='Summary sales'!K28 -> 0 | AA36: =Z36-Y36 -> 0 | AB36: =VLOOKUP($B$10:$B$59,'SO MS'!$B$6:$AS$50,11,TRUE) -> 0 | AD36: =AC36-AB36 -> 0 | AE36: ='Daily Sales'!D31 -> 94925.99 | AF36: ='Daily Sales'!E31 -> 81420.471 | AG36: =AF36-AE36 -> -13505.519 | AH36: 0 | AI36: 0 | AJ36: =AI36-AH36 -> 0 | AK36: =VLOOKUP($B$10:$B$56,'Daily Sales'!$B$5:$F$46,3,TRUE) -> 94925.99 | AL36: =VLOOKUP($B$10:$B$56,'Daily Sales'!$B$5:$F$46,4,TRUE) -> 81420.471 | AM36: =AL36-AK36 -> -13505.519
B37: 46103 | C37: =TEXT(B37,"ddd") -> Mgg | D37: =SUMIF($G$9:$AD$9,$D$9,G37:AD37) -> 127200 | E37: =SUMIF($G$9:$AD$9,$E$9,G37:AD37) -> 116509.22 | F37: =E37-D37 -> -10690.78 | G37: =VLOOKUP($B$10:$B$59,'SO MS'!$B$6:$L$50,4,TRUE) -> 96000 | H37: ='Summary sales'!D29 -> 83890.38 | I37: =H37-G37 -> -12109.62 | J37: =VLOOKUP($B$10:$B$59,'SO MS'!$B$6:$L$50,5,TRUE) -> 31200 | K37: ='Summary sales'!E29 -> 32618.84 | L37: =K37-J37 -> 1418.84 | M37: =VLOOKUP($B$10:$B$59,'SO MS'!$B$6:$L$50,6,TRUE) -> 0 | N37: ='Summary sales'!F29 -> 0 | O37: =N37-M37 -> 0 | P37: =VLOOKUP($B$10:$B$59,'SO MS'!$B$6:$AS$50,7,TRUE) -> 0 | Q37: ='Summary sales'!G29 -> 0 | R37: =Q37-P37 -> 0 | S37: =VLOOKUP($B$10:$B$59,'SO MS'!$B$6:$AS$50,8,TRUE) -> 0 | T37: ='Summary sales'!H29 -> 0 | U37: =T37-S37 -> 0 | V37: =VLOOKUP($B$10:$B$59,'SO MS'!$B$6:$AS$50,9,TRUE) -> 0 | W37: =VLOOKUP($B$10:$B$59,'Summary sales'!$A$8:$M$58,9,TRUE) -> 0 | X37: =W37-V37 -> 0 | Y37: =VLOOKUP($B$10:$B$59,'SO MS'!$B$6:$AS$50,10,TRUE) -> 0 | Z37: ='Summary sales'!K29 -> 0 | AA37: =Z37-Y37 -> 0 | AB37: =VLOOKUP($B$10:$B$59,'SO MS'!$B$6:$AS$50,11,TRUE) -> 0 | AD37: =AC37-AB37 -> 0 | AE37: ='Daily Sales'!D32 -> 99885.858 | AF37: ='Daily Sales'!E32 -> 90223.835 | AG37: =AF37-AE37 -> -9662.0234 | AH37: 0 | AI37: 0 | AJ37: =AI37-AH37 -> 0 | AK37: =VLOOKUP($B$10:$B$56,'Daily Sales'!$B$5:$F$46,3,TRUE) -> 99885.858 | AL37: =VLOOKUP($B$10:$B$56,'Daily Sales'!$B$5:$F$46,4,TRUE) -> 90223.835 | AM37: =AL37-AK37 -> -9662.0234
B38: Sub Total | D38: =SUM(D31:D37) -> 890400 | E38: =SUM(E31:E37) -> 920192.66 | F38: =SUM(F31:F37) -> 29792.66 | G38: =SUM(G31:G37) -> 672000 | H38: =SUM(H31:H37) -> 548602.3 | I38: =SUM(I31:I37) -> -123397.7 | J38: =SUM(J31:J37) -> 218400 | K38: =SUM(K31:K37) -> 262577.46 | ... AM38: =SUM(AM31:AM37) -> -90430.504
A40: =A31+1 -> 13 | B40: 46104 | C40: =TEXT(B40,"ddd") -> Sen | D40: =SUMIF($G$9:$AD$9,$D$9,G40:AD40) -> 127200 | E40: =SUMIF($G$9:$AD$9,$E$9,G40:AD40) -> 113003.49 | F40: =E40-D40 -> -14196.51 | G40: =VLOOKUP($B$10:$B$59,'SO MS'!$B$6:$L$50,4,TRUE) -> 96000 | H40: ='Summary sales'!D30 -> 74726.66 | I40: =H40-G40 -> -21273.34 | J40: =VLOOKUP($B$10:$B$59,'SO MS'!$B$6:$L$50,5,TRUE) -> 31200 | K40: ='Summary sales'!E30 -> 38276.83 | L40: =K40-J40 -> 7076.83 | M40: =VLOOKUP($B$10:$B$59,'SO MS'!$B$6:$L$50,6,TRUE) -> 0 | N40: ='Summary sales'!F30 -> 0 | O40: =N40-M40 -> 0 | P40: =VLOOKUP($B$10:$B$59,'SO MS'!$B$6:$AS$50,7,TRUE) -> 0 | Q40: ='Summary sales'!G30 -> 0 | R40: =Q40-P40 -> 0 | S40: =VLOOKUP($B$10:$B$59,'SO MS'!$B$6:$AS$50,8,TRUE) -> 0 | T40: ='Summary sales'!H30 -> 0 | U40: =T40-S40 -> 0 | V40: =VLOOKUP($B$10:$B$59,'SO MS'!$B$6:$AS$50,9,TRUE) -> 0 | W40: =VLOOKUP($B$10:$B$59,'Summary sales'!$A$8:$M$58,9,TRUE) -> 0 | X40: =W40-V40 -> 0 | Y40: =VLOOKUP($B$10:$B$59,'SO MS'!$B$6:$AS$50,10,TRUE) -> 0 | Z40: ='Summary sales'!K30 -> 0 | AA40: =Z40-Y40 -> 0 | AB40: =VLOOKUP($B$10:$B$59,'SO MS'!$B$6:$AS$50,11,TRUE) -> 0 | AD40: =AC40-AB40 -> 0 | AE40: ='Daily Sales'!D35 -> 98675.144 | AF40: ='Daily Sales'!E35 -> 98557.285 | AG40: =AF40-AE40 -> -117.85923 | AH40: 0 | AI40: 0 | AJ40: =AI40-AH40 -> 0 | AK40: =VLOOKUP($B$10:$B$56,'Daily Sales'!$B$5:$F$46,3,TRUE) -> 98675.144 | AL40: =VLOOKUP($B$10:$B$56,'Daily Sales'!$B$5:$F$46,4,TRUE) -> 98557.285 | AM40: =AL40-AK40 -> -117.85923
B41: 46105 | C41: =TEXT(B41,"ddd") -> Sel | D41: =SUMIF($G$9:$AD$9,$D$9,G41:AD41) -> 127200 | E41: =SUMIF($G$9:$AD$9,$E$9,G41:AD41) -> 107251.5 | F41: =E41-D41 -> -19948.5 | G41: =VLOOKUP($B$10:$B$59,'SO MS'!$B$6:$L$50,4,TRUE) -> 96000 | H41: ='Summary sales'!D31 -> 81546.05 | I41: =H41-G41 -> -14453.95 | J41: =VLOOKUP($B$10:$B$59,'SO MS'!$B$6:$L$50,5,TRUE) -> 31200 | K41: ='Summary sales'!E31 -> 17622.84 | L41: =K41-J41 -> -13577.16 | M41: =VLOOKUP($B$10:$B$59,'SO MS'!$B$6:$L$50,6,TRUE) -> 0 | N41: ='Summary sales'!F31 -> 8082.61 | O41: =N41-M41 -> 8082.61 | P41: =VLOOKUP($B$10:$B$59,'SO MS'!$B$6:$AS$50,7,TRUE) -> 0 | Q41: ='Summary sales'!G31 -> 0 | R41: =Q41-P41 -> 0 | S41: =VLOOKUP($B$10:$B$59,'SO MS'!$B$6:$AS$50,8,TRUE) -> 0 | T41: ='Summary sales'!H31 -> 0 | U41: =T41-S41 -> 0 | V41: =VLOOKUP($B$10:$B$59,'SO MS'!$B$6:$AS$50,9,TRUE) -> 0 | W41: =VLOOKUP($B$10:$B$59,'Summary sales'!$A$8:$M$58,9,TRUE) -> 0 | X41: =W41-V41 -> 0 | Y41: =VLOOKUP($B$10:$B$59,'SO MS'!$B$6:$AS$50,10,TRUE) -> 0 | Z41: ='Summary sales'!K31 -> 0 | AA41: =Z41-Y41 -> 0 | AB41: =VLOOKUP($B$10:$B$59,'SO MS'!$B$6:$AS$50,11,TRUE) -> 0 | AD41: =AC41-AB41 -> 0 | AE41: ='Daily Sales'!D36 -> 112371.85 | AF41: ='Daily Sales'!E36 -> 118267.5 | AG41: =AF41-AE41 -> 5895.6486 | AH41: 0 | AI41: 0 | AJ41: =AI41-AH41 -> 0 | AK41: =VLOOKUP($B$10:$B$56,'Daily Sales'!$B$5:$F$46,3,TRUE) -> 112371.85 | AL41: =VLOOKUP($B$10:$B$56,'Daily Sales'!$B$5:$F$46,4,TRUE) -> 118267.5 | AM41: =AL41-AK41 -> 5895.6486
B42: 46106 | C42: =TEXT(B42,"ddd") -> Rab | D42: =SUMIF($G$9:$AD$9,$D$9,G42:AD42) -> 127200 | E42: =SUMIF($G$9:$AD$9,$E$9,G42:AD42) -> 124739.77 | F42: =E42-D42 -> -2460.23 | G42: =VLOOKUP($B$10:$B$59,'SO MS'!$B$6:$L$50,4,TRUE) -> 96000 | H42: ='Summary sales'!D32 -> 81527.91 | I42: =H42-G42 -> -14472.09 | J42: =VLOOKUP($B$10:$B$59,'SO MS'!$B$6:$L$50,5,TRUE) -> 31200 | K42: ='Summary sales'!E32 -> 34799.29 | L42: =K42-J42 -> 3599.29 | M42: =VLOOKUP($B$10:$B$59,'SO MS'!$B$6:$L$50,6,TRUE) -> 0 | N42: ='Summary sales'!F32 -> 8412.57 | O42: =N42-M42 -> 8412.57 | P42: =VLOOKUP($B$10:$B$59,'SO MS'!$B$6:$AS$50,7,TRUE) -> 0 | Q42: ='Summary sales'!G32 -> 0 | R42: =Q42-P42 -> 0 | S42: =VLOOKUP($B$10:$B$59,'SO MS'!$B$6:$AS$50,8,TRUE) -> 0 | T42: ='Summary sales'!H32 -> 0 | U42: =T42-S42 -> 0 | V42: =VLOOKUP($B$10:$B$59,'SO MS'!$B$6:$AS$50,9,TRUE) -> 0 | W42: =VLOOKUP($B$10:$B$59,'Summary sales'!$A$8:$M$58,9,TRUE) -> 0 | X42: =W42-V42 -> 0 | Y42: =VLOOKUP($B$10:$B$59,'SO MS'!$B$6:$AS$50,10,TRUE) -> 0 | Z42: ='Summary sales'!K32 -> 0 | AA42: =Z42-Y42 -> 0 | AB42: =VLOOKUP($B$10:$B$59,'SO MS'!$B$6:$AS$50,11,TRUE) -> 0 | AD42: =AC42-AB42 -> 0 | AE42: ='Daily Sales'!D37 -> 131046.63 | AF42: ='Daily Sales'!E37 -> 155703.83 | AG42: =AF42-AE42 -> 24657.202 | AH42: 0 | AI42: 0 | AJ42: =AI42-AH42 -> 0 | AK42: =VLOOKUP($B$10:$B$56,'Daily Sales'!$B$5:$F$46,3,TRUE) -> 131046.63 | AL42: =VLOOKUP($B$10:$B$56,'Daily Sales'!$B$5:$F$46,4,TRUE) -> 155703.83 | AM42: =AL42-AK42 -> 24657.202
B43: 46107 | C43: =TEXT(B43,"ddd") -> Kam | D43: =SUMIF($G$9:$AD$9,$D$9,G43:AD43) -> 127200 | E43: =SUMIF($G$9:$AD$9,$E$9,G43:AD43) -> 131882.39 | F43: =E43-D43 -> 4682.39 | G43: =VLOOKUP($B$10:$B$59,'SO MS'!$B$6:$L$50,4,TRUE) -> 96000 | H43: ='Summary sales'!D33 -> 80033.18 | I43: =H43-G43 -> -15966.82 | J43: =VLOOKUP($B$10:$B$59,'SO MS'!$B$6:$L$50,5,TRUE) -> 31200 | K43: ='Summary sales'!E33 -> 42451.89 | L43: =K43-J43 -> 11251.89 | M43: =VLOOKUP($B$10:$B$59,'SO MS'!$B$6:$L$50,6,TRUE) -> 0 | N43: ='Summary sales'!F33 -> 9397.32 | O43: =N43-M43 -> 9397.32 | P43: =VLOOKUP($B$10:$B$59,'SO MS'!$B$6:$AS$50,7,TRUE) -> 0 | Q43: ='Summary sales'!G33 -> 0 | R43: =Q43-P43 -> 0 | S43: =VLOOKUP($B$10:$B$59,'SO MS'!$B$6:$AS$50,8,TRUE) -> 0 | T43: ='Summary sales'!H33 -> 0 | U43: =T43-S43 -> 0 | V43: =VLOOKUP($B$10:$B$59,'SO MS'!$B$6:$AS$50,9,TRUE) -> 0 | W43: =VLOOKUP($B$10:$B$59,'Summary sales'!$A$8:$M$58,9,TRUE) -> 0 | X43: =W43-V43 -> 0 | Y43: =VLOOKUP($B$10:$B$59,'SO MS'!$B$6:$AS$50,10,TRUE) -> 0 | Z43: ='Summary sales'!K33 -> 0 | AA43: =Z43-Y43 -> 0 | AB43: =VLOOKUP($B$10:$B$59,'SO MS'!$B$6:$AS$50,11,TRUE) -> 0 | AD43: =AC43-AB43 -> 0 | AE43: ='Daily Sales'!D38 -> 148046.5 | AF43: ='Daily Sales'!E38 -> 164633.38 | AG43: =AF43-AE43 -> 16586.877 | AH43: 0 | AI43: 0 | AJ43: =AI43-AH43 -> 0 | AK43: =VLOOKUP($B$10:$B$56,'Daily Sales'!$B$5:$F$46,3,TRUE) -> 148046.5 | AL43: =VLOOKUP($B$10:$B$56,'Daily Sales'!$B$5:$F$46,4,TRUE) -> 164633.38 | AM43: =AL43-AK43 -> 16586.877
B44: 46108 | C44: =TEXT(B44,"ddd") -> Jum | D44: =SUMIF($G$9:$AD$9,$D$9,G44:AD44) -> 127200 | E44: =SUMIF($G$9:$AD$9,$E$9,G44:AD44) -> 150101.16 | F44: =E44-D44 -> 22901.16 | G44: =VLOOKUP($B$10:$B$59,'SO MS'!$B$6:$L$50,4,TRUE) -> 96000 | H44: ='Summary sales'!D34 -> 81051.91 | I44: =H44-G44 -> -14948.09 | J44: =VLOOKUP($B$10:$B$59,'SO MS'!$B$6:$L$50,5,TRUE) -> 31200 | K44: ='Summary sales'!E34 -> 39928.77 | L44: =K44-J44 -> 8728.77 | M44: =VLOOKUP($B$10:$B$59,'SO MS'!$B$6:$L$50,6,TRUE) -> 0 | N44: ='Summary sales'!F34 -> 18999.35 | O44: =N44-M44 -> 18999.35 | P44: =VLOOKUP($B$10:$B$59,'SO MS'!$B$6:$AS$50,7,TRUE) -> 0 | Q44: ='Summary sales'!G34 -> 10121.13 | R44: =Q44-P44 -> 10121.13 | S44: =VLOOKUP($B$10:$B$59,'SO MS'!$B$6:$AS$50,8,TRUE) -> 0 | T44: ='Summary sales'!H34 -> 0 | U44: =T44-S44 -> 0 | V44: =VLOOKUP($B$10:$B$59,'SO MS'!$B$6:$AS$50,9,TRUE) -> 0 | W44: =VLOOKUP($B$10:$B$59,'Summary sales'!$A$8:$M$58,9,TRUE) -> 0 | X44: =W44-V44 -> 0 | Y44: =VLOOKUP($B$10:$B$59,'SO MS'!$B$6:$AS$50,10,TRUE) -> 0 | Z44: ='Summary sales'!K34 -> 0 | AA44: =Z44-Y44 -> 0 | AB44: =VLOOKUP($B$10:$B$59,'SO MS'!$B$6:$AS$50,11,TRUE) -> 0 | AD44: =AC44-AB44 -> 0 | AE44: ='Daily Sales'!D39 -> 160029.79 | AF44: ='Daily Sales'!E39 -> 158733.01 | AG44: =AF44-AE44 -> -1296.7767 | AH44: 0 | AI44: 0 | AJ44: =AI44-AH44 -> 0 | AK44: =VLOOKUP($B$10:$B$56,'Daily Sales'!$B$5:$F$46,3,TRUE) -> 160029.79 | AL44: =VLOOKUP($B$10:$B$56,'Daily Sales'!$B$5:$F$46,4,TRUE) -> 158733.01 | AM44: =AL44-AK44 -> -1296.7767
B45: 46109 | C45: =TEXT(B45,"ddd") -> Sab | D45: =SUMIF($G$9:$AD$9,$D$9,G45:AD45) -> 127200 | E45: =SUMIF($G$9:$AD$9,$E$9,G45:AD45) -> 139562.48 | F45: =E45-D45 -> 12362.48 | G45: =VLOOKUP($B$10:$B$59,'SO MS'!$B$6:$L$50,4,TRUE) -> 96000 | H45: ='Summary sales'!D35 -> 84577.39 | I45: =H45-G45 -> -11422.61 | J45: =VLOOKUP($B$10:$B$59,'SO MS'!$B$6:$L$50,5,TRUE) -> 31200 | K45: ='Summary sales'!E35 -> 41872.57 | L45: =K45-J45 -> 10672.57 | M45: =VLOOKUP($B$10:$B$59,'SO MS'!$B$6:$L$50,6,TRUE) -> 0 | N45: ='Summary sales'!F35 -> 8064.23 | O45: =N45-M45 -> 8064.23 | P45: =VLOOKUP($B$10:$B$59,'SO MS'!$B$6:$AS$50,7,TRUE) -> 0 | Q45: ='Summary sales'!G35 -> 5048.29 | R45: =Q45-P45 -> 5048.29 | S45: =VLOOKUP($B$10:$B$59,'SO MS'!$B$6:$AS$50,8,TRUE) -> 0 | T45: ='Summary sales'!H35 -> 0 | U45: =T45-S45 -> 0 | V45: =VLOOKUP($B$10:$B$59,'SO MS'!$B$6:$AS$50,9,TRUE) -> 0 | W45: =VLOOKUP($B$10:$B$59,'Summary sales'!$A$8:$M$58,9,TRUE) -> 0 | X45: =W45-V45 -> 0 | Y45: =VLOOKUP($B$10:$B$59,'SO MS'!$B$6:$AS$50,10,TRUE) -> 0 | Z45: ='Summary sales'!K35 -> 0 | AA45: =Z45-Y45 -> 0 | AB45: =VLOOKUP($B$10:$B$59,'SO MS'!$B$6:$AS$50,11,TRUE) -> 0 | AD45: =AC45-AB45 -> 0 | AE45: ='Daily Sales'!D40 -> 149529.91 | AF45: ='Daily Sales'!E40 -> 135075.17 | AG45: =AF45-AE45 -> -14454.747 | AH45: 0 | AI45: 0 | AJ45: =AI45-AH45 -> 0 | AK45: =VLOOKUP($B$10:$B$56,'Daily Sales'!$B$5:$F$46,3,TRUE) -> 149529.91 | AL45: =VLOOKUP($B$10:$B$56,'Daily Sales'!$B$5:$F$46,4,TRUE) -> 135075.17 | AM45: =AL45-AK45 -> -14454.747
B46: 46110 | C46: =TEXT(B46,"ddd") -> Mgg | D46: =SUMIF($G$9:$AD$9,$D$9,G46:AD46) -> 127200 | E46: =SUMIF($G$9:$AD$9,$E$9,G46:AD46) -> 135987.9 | F46: =E46-D46 -> 8787.9 | G46: =VLOOKUP($B$10:$B$59,'SO MS'!$B$6:$L$50,4,TRUE) -> 96000 | H46: ='Summary sales'!D36 -> 82323.76 | I46: =H46-G46 -> -13676.24 | J46: =VLOOKUP($B$10:$B$59,'SO MS'!$B$6:$L$50,5,TRUE) -> 31200 | K46: ='Summary sales'!E36 -> 44880.48 | L46: =K46-J46 -> 13680.48 | M46: =VLOOKUP($B$10:$B$59,'SO MS'!$B$6:$L$50,6,TRUE) -> 0 | N46: ='Summary sales'!F36 -> 5068.36 | O46: =N46-M46 -> 5068.36 | P46: =VLOOKUP($B$10:$B$59,'SO MS'!$B$6:$AS$50,7,TRUE) -> 0 | Q46: ='Summary sales'!G36 -> 3715.3 | R46: =Q46-P46 -> 3715.3 | S46: =VLOOKUP($B$10:$B$59,'SO MS'!$B$6:$AS$50,8,TRUE) -> 0 | T46: ='Summary sales'!H36 -> 0 | U46: =T46-S46 -> 0 | V46: =VLOOKUP($B$10:$B$59,'SO MS'!$B$6:$AS$50,9,TRUE) -> 0 | W46: =VLOOKUP($B$10:$B$59,'Summary sales'!$A$8:$M$58,9,TRUE) -> 0 | X46: =W46-V46 -> 0 | Y46: =VLOOKUP($B$10:$B$59,'SO MS'!$B$6:$AS$50,10,TRUE) -> 0 | Z46: ='Summary sales'!K36 -> 0 | AA46: =Z46-Y46 -> 0 | AB46: =VLOOKUP($B$10:$B$59,'SO MS'!$B$6:$AS$50,11,TRUE) -> 0 | AD46: =AC46-AB46 -> 0 | AE46: ='Daily Sales'!D41 -> 145214.48 | AF46: ='Daily Sales'!E41 -> 126186.87 | AG46: =AF46-AE46 -> -19027.604 | AH46: 0 | AI46: 0 | AJ46: =AI46-AH46 -> 0 | AK46: =VLOOKUP($B$10:$B$56,'Daily Sales'!$B$5:$F$46,3,TRUE) -> 145214.48 | AL46: =VLOOKUP($B$10:$B$56,'Daily Sales'!$B$5:$F$46,4,TRUE) -> 126186.87 | AM46: =AL46-AK46 -> -19027.604
B47: Sub Total | D47: =SUM(D40:D46) -> 890400 | E47: =SUM(E40:E46) -> 902528.69 | F47: =SUM(F40:F46) -> 12128.69 | G47: =SUM(G40:G46) -> 672000 | H47: =SUM(H40:H46) -> 565786.86 | I47: =SUM(I40:I46) -> -106213.14 | J47: =SUM(J40:J46) -> 218400 | K47: =SUM(K40:K46) -> 259832.67 | ... AM47: =SUM(AM40:AM46) -> 12242.74
B49: 46097 | C49: =TEXT(B49,"ddd") -> Sen | D49: =SUMIF($G$9:$AD$9,$D$9,G49:AD49) -> 127200 | E49: =SUMIF($G$9:$AD$9,$E$9,G49:AD49) -> 169915.25 | F49: =E49-D49 -> 42715.25 | G49: =VLOOKUP($B$10:$B$59,'SO MS'!$B$6:$L$50,4,TRUE) -> 96000 | H49: ='Summary sales'!D37 -> 109122.07 | I49: =H49-G49 -> 13122.07 | J49: =VLOOKUP($B$10:$B$59,'SO MS'!$B$6:$L$50,5,TRUE) -> 31200 | K49: ='Summary sales'!E37 -> 38833.07 | L49: =K49-J49 -> 7633.07 | M49: =VLOOKUP($B$10:$B$59,'SO MS'!$B$6:$L$50,6,TRUE) -> 0 | N49: ='Summary sales'!F37 -> 7832.77 | O49: =N49-M49 -> 7832.77 | P49: =VLOOKUP($B$10:$B$59,'SO MS'!$B$6:$AS$50,7,TRUE) -> 0 | Q49: ='Summary sales'!G37 -> 9947.85 | R49: =Q49-P49 -> 9947.85 | S49: =VLOOKUP($B$10:$B$59,'SO MS'!$B$6:$AS$50,8,TRUE) -> 0 | T49: ='Summary sales'!H37 -> 0 | U49: =T49-S49 -> 0 | V49: =VLOOKUP($B$10:$B$59,'SO MS'!$B$6:$AS$50,9,TRUE) -> 0 | W49: =VLOOKUP($B$10:$B$59,'Summary sales'!$A$8:$M$58,9,TRUE) -> 4179.49 | X49: =W49-V49 -> 4179.49 | Y49: =VLOOKUP($B$10:$B$59,'SO MS'!$B$6:$AS$50,10,TRUE) -> 0 | Z49: ='Summary sales'!K37 -> 0 | AA49: =Z49-Y49 -> 0 | AB49: =VLOOKUP($B$10:$B$59,'SO MS'!$B$6:$AS$50,11,TRUE) -> 0 | AD49: =AC49-AB49 -> 0 | AE49: ='Daily Sales'!D44 -> 204275.3 | AF49: ='Daily Sales'!E44 -> 188202.67 | AG49: =AF49-AE49 -> -16072.622 | AH49: 0 | AI49: 0 | AJ49: =AI49-AH49 -> 0 | AK49: =VLOOKUP($B$10:$B$56,'Daily Sales'!$B$5:$F$46,3,TRUE) -> 162636.38 | AL49: =VLOOKUP($B$10:$B$56,'Daily Sales'!$B$5:$F$46,4,TRUE) -> 167545.49 | AM49: =AL49-AK49 -> 4909.1165
B50: 46098 | C50: =TEXT(B50,"ddd") -> Sel | D50: =SUMIF($G$9:$AD$9,$D$9,G50:AD50) -> 127200 | E50: =SUMIF($G$9:$AD$9,$E$9,G50:AD50) -> 181257.07 | F50: =E50-D50 -> 54057.07 | G50: =VLOOKUP($B$10:$B$59,'SO MS'!$B$6:$L$50,4,TRUE) -> 96000 | H50: ='Summary sales'!D38 -> 103459.92 | I50: =H50-G50 -> 7459.92 | J50: =VLOOKUP($B$10:$B$59,'SO MS'!$B$6:$L$50,5,TRUE) -> 31200 | K50: ='Summary sales'!E38 -> 44343.96 | L50: =K50-J50 -> 13143.96 | M50: =VLOOKUP($B$10:$B$59,'SO MS'!$B$6:$L$50,6,TRUE) -> 0 | N50: ='Summary sales'!F38 -> 20219.6 | O50: =N50-M50 -> 20219.6 | P50: =VLOOKUP($B$10:$B$59,'SO MS'!$B$6:$AS$50,7,TRUE) -> 0 | Q50: ='Summary sales'!G38 -> 4669.15 | R50: =Q50-P50 -> 4669.15 | S50: =VLOOKUP($B$10:$B$59,'SO MS'!$B$6:$AS$50,8,TRUE) -> 0 | T50: ='Summary sales'!H38 -> 0 | U50: =T50-S50 -> 0 | V50: =VLOOKUP($B$10:$B$59,'SO MS'!$B$6:$AS$50,9,TRUE) -> 0 | W50: =VLOOKUP($B$10:$B$59,'Summary sales'!$A$8:$M$58,9,TRUE) -> 8564.44 | X50: =W50-V50 -> 8564.44 | Y50: =VLOOKUP($B$10:$B$59,'SO MS'!$B$6:$AS$50,10,TRUE) -> 0 | Z50: ='Summary sales'!K38 -> 0 | AA50: =Z50-Y50 -> 0 | AB50: =VLOOKUP($B$10:$B$59,'SO MS'!$B$6:$AS$50,11,TRUE) -> 0 | AD50: =AC50-AB50 -> 0 | AE50: ='Daily Sales'!D45 -> 206296.16 | AF50: ='Daily Sales'!E45 -> 177160.52 | AG50: =AF50-AE50 -> -29135.634 | AH50: 0 | AI50: 0 | AJ50: =AI50-AH50 -> 0 | AK50: =VLOOKUP($B$10:$B$56,'Daily Sales'!$B$5:$F$46,3,TRUE) -> 151514.52 | AL50: =VLOOKUP($B$10:$B$56,'Daily Sales'!$B$5:$F$46,4,TRUE) -> 133964.65 | AM50: =AL50-AK50 -> -17549.873
B51: Sub Total | D51: =SUM(D49:D50) -> 254400 | E51: =SUM(E49:E50) -> 351172.32 | F51: =SUM(F49:F50) -> 96772.32 | G51: =SUM(G49:G50) -> 192000 | H51: =SUM(H49:H50) -> 212581.99 | I51: =SUM(I49:I50) -> 20581.99 | J51: =SUM(J49:J50) -> 62400 | K51: =SUM(K49:K50) -> 83177.03 | ... AM51: =SUM(AM49:AM50) -> -12640.756
B54: Sub Total | D54: =SUM(D47,D38,D29,D20,D11,D51) -> 4384200 | E54: =SUM(E47,E38,E29,E20,E11,E51) -> 4908186.8 | F54: =SUM(F47,F38,F29,F20,F11,F51) -> 523986.82 | G54: =SUM(G47,G38,G29,G20,G11,G51) -> 2976000 | H54: =SUM(H47,H38,H29,H20,H11,H51) -> 2981199.4 | I54: =SUM(I47,I38,I29,I20,I11,I51) -> 5199.3641 | J54: =SUM(J47,J38,J29,J20,J11,J51) -> 967200 | K54: =SUM(K47,K38,K29,K20,K11,K51) -> 1249970.2 | ... AM54: =SUM(AM47,AM38,AM29,AM20,AM11,AM51) -> -197261.25
B55: Total | D55: =SUM(D40:D46,D31:D37,D22:D28,D13:D19,D10,D49:D50) -> 4384200 | E55: =SUM(E40:E46,E31:E37,E22:E28,E13:E19,E10,E49:E50) -> 4908186.8 | F55: =SUM(F40:F46,F31:F37,F22:F28,F13:F19,F10,F49:F50) -> 523986.82 | G55: =SUM(G40:G46,G31:G37,G22:G28,G13:G19,G10,G49:G50) -> 2976000 | H55: =SUM(H40:H46,H31:H37,H22:H28,H13:H19,H10,H49:H50) -> 2981199.4 | I55: =SUM(I40:I46,I31:I37,I22:I28,I13:I19,I10,I49:I50) -> 5199.3641 | J55: =SUM(J40:J46,J31:J37,J22:J28,J13:J19,J10,J49:J50) -> 967200 | K55: =SUM(K40:K46,K31:K37,K22:K28,K13:K19,K10,K49:K50) -> 1249970.2 | ... AM55: =SUM(AM40:AM46,AM31:AM37,AM22:AM28,AM13:AM19,AM10,AM49:AM50) -> -197261.25

Sheet Daily Sales
A1: Daily Sales
A2: ='SO MS'!A4 -> 46082 | H2: =H17/24 -> 49.982204 | L2: =L17/24 -> 104.16667 | P2: =P17/24 -> 47.072137 | T2: =T17/24 -> 136.77151 | X2: =X17/24 -> 26.834194 | AB2: =AB17/24 -> 83.333333 | AF2: =AF17/24 -> 20.83211 | AJ2: =AJ17/24 -> 25.156801 | AN2: =AN17/24 -> 28.053145 | AR2: =AR17/24 -> 229.75829 | AV2: =AV17/24 -> 275.00259 | AZ2: =AZ17/24 -> 119.7636 | BD2: =BD17/24 -> 20.833333 | BH2: =BH17/24 -> 200 | BL2: =BL17/24 -> 375.00238 | BP2: =BP17/24 -> 41.666667 | BT2: =BT17/24 -> 229.16667 | BX2: =BX17/24 -> 2.9189516 | CF2: =CF17/24 -> 145.83333 | CJ2: =CJ17/12 -> 241.79005 | CN2: =CN17/24 -> 145.83333 | CV2: =CV17/24 -> 687.5 | CZ2: =CZ17/24 -> 84.202513 | DD2: =DD17/24 -> 28.279167 | DH2: =DH17/24 -> 296.74383 | DL2: =DL17/17 -> 205.8751 | DP2: =DP17/24 -> 85.136438 | DT2: =DT17/24 -> 83.313763 | DX2: =DX17/24 -> 41.666667 | EB2: =EB17/24 -> 458.62698 | EF2: =EF17/24 -> 63.314368 | EJ2: =EJ17/24 -> 166.65309 | EN2: =EN17/24 -> 166.66667 | ER2: =ER17/24 -> 186.77874 | EV2: =EV17/24 -> 1312.5 | EZ2: =EZ17/16 -> 500 | FD2: =FD17/24 -> 145.83333 | FL2: =FL17/24 -> 125.75173 | FP2: =FP17/24 -> 85.20832 | FT2: =FT17/24 -> 15.400446 | FX2: =FX17/24 -> 562.5 | GB2: =GB17/24 -> 208.33333 | GF2: =GF17/24 -> 46.745847 | GN2: =GN17/24 -> 104.15427 | GR2: =GR17/24 -> 375
A3: Week | B3: DATE | C3: DAY | D3: Total | H3: CLIN | L3: BI | P3: MKG | T3: STM | X3: OAJ | AB3: NNI | AF3: SHB | AJ3: GTL | AN3: TWK | AR3: BYC | AV3: GF RANCA | AZ3: SMA | BD3: ADP | BH3: HLI | BL3: CERES | BP3: ALT (KSO MASAMI) | BT3: IDP (KSO AAE) | BX3: FJI (KSO SALMAH) | CB3: WINGLOK (KSO EBM) | CF3: CISF (KSO RRS) | CJ3: PUJ - LUBRICANT | CN3: KSN | CR3: CALBEE (KSO BMI) | CV3: UMI | CZ3: IP | DD3: BEM | DH3: AMI | DL3: KA | DP3: KTN | DT3: TOMIMOTO | DX3: NIAGA GARAM | EB3: PCI 84 | EF3: PCI MENGGER | EJ3: INDOFOOD | EN3: HCI | ER3: DIC | EV3: ASAHIMAS | EZ3: ABC KOGEN | FD3: TONGJI ( KSO GAS) | FH3: PA | FL3: RB | FP3: GF ATOM | FT3: GF KULIT | FX3: SP KSO JES | GB3: HSK (KSO GAS) | GF3: SDM | GJ3: JARGAS | GN3: SBI | GR3: SP GLOBAL
D4: TARGET | E4: ACTUAL | F4: SELISIH | G4: PERSENTASE | H4: TARGET | I4: ACTUAL | J4: SELISIH | K4: PERSENTASE | L4: TARGET | M4: ACTUAL | N4: SELISIH | O4: PERSENTASE | P4: TARGET | Q4: ACTUAL | R4: SELISIH | S4: PERSENTASE | T4: TARGET | U4: ACTUAL | V4: SELISIH | W4: PERSENTASE | X4: TARGET | Y4: ACTUAL | Z4: SELISIH | AA4: PERSENTASE | AB4: TARGET | AC4: ACTUAL | AD4: SELISIH | AE4: PERSENTASE | AF4: TARGET | AG4: ACTUAL | AH4: SELISIH | AI4: PERSENTASE | AJ4: TARGET | AK4: ACTUAL | AL4: SELISIH | AM4: PERSENTASE | AN4: TARGET | AO4: ACTUAL | AP4: SELISIH | AQ4: PERSENTASE | AR4: TARGET | AS4: ACTUAL | AT4: SELISIH | AU4: PERSENTASE | AV4: TARGET | AW4: ACTUAL | AX4: SELISIH | AY4: PERSENTASE | AZ4: TARGET | BA4: ACTUAL | BB4: SELISIH | BC4: PERSENTASE | BD4: TARGET | BE4: ACTUAL | BF4: SELISIH | BG4: PERSENTASE | BH4: TARGET | BI4: ACTUAL | BJ4: SELISIH | BK4: PERSENTASE | BL4: TARGET | BM4: ACTUAL | BN4: SELISIH | BO4: PERSENTASE | BP4: TARGET | BQ4: ACTUAL | BR4: SELISIH | BS4: PERSENTASE | BT4: TARGET | BU4: ACTUAL | BV4: SELISIH | BW4: PERSENTASE | BX4: TARGET | BY4: ACTUAL | BZ4: SELISIH | CA4: PERSENTASE | CB4: TARGET | CC4: ACTUAL | CD4: SELISIH | CE4: PERSENTASE | CF4: TARGET | CG4: ACTUAL | CH4: SELISIH | CI4: PERSENTASE | CJ4: TARGET | CK4: ACTUAL | CL4: SELISIH | CM4: PERSENTASE | CN4: TARGET | CO4: ACTUAL | CP4: SELISIH | CQ4: PERSENTASE | CR4: TARGET | CS4: ACTUAL | CT4: SELISIH | CU4: PERSENTASE | CV4: TARGET | CW4: ACTUAL | CX4: SELISIH | CY4: PERSENTASE | CZ4: TARGET | DA4: ACTUAL | DB4: SELISIH | DC4: PERSENTASE | DD4: TARGET | DE4: ACTUAL | DF4: SELISIH | DG4: PERSENTASE | DH4: TARGET | DI4: ACTUAL | DJ4: SELISIH | DK4: PERSENTASE | DL4: TARGET | DM4: ACTUAL | DN4: SELISIH | DO4: PERSENTASE | DP4: TARGET | DQ4: ACTUAL | DR4: SELISIH | DS4: PERSENTASE | DT4: TARGET | DU4: ACTUAL | DV4: SELISIH | DW4: PERSENTASE | DX4: TARGET | DY4: ACTUAL | DZ4: SELISIH | EA4: PERSENTASE | EB4: TARGET | EC4: ACTUAL | ED4: SELISIH | EE4: PERSENTASE | EF4: TARGET | EG4: ACTUAL | EH4: SELISIH | EI4: PERSENTASE | EJ4: TARGET | EK4: ACTUAL | EL4: SELISIH | EM4: PERSENTASE | EN4: TARGET | EO4: ACTUAL | EP4: SELISIH | EQ4: PERSENTASE | ER4: TARGET | ES4: ACTUAL | ET4: SELISIH | EU4: PERSENTASE | EV4: TARGET | EW4: ACTUAL | EX4: SELISIH | EY4: PERSENTASE | EZ4: TARGET | FA4: ACTUAL | FB4: SELISIH | FC4: PERSENTASE | FD4: TARGET | FE4: ACTUAL | FF4: SELISIH | FG4: PERSENTASE | FH4: TARGET | FI4: ACTUAL | FJ4: SELISIH | FK4: PERSENTASE | FL4: TARGET | FM4: ACTUAL | FN4: SELISIH | FO4: PERSENTASE | FP4: TARGET | FQ4: ACTUAL | FR4: SELISIH | FS4: PERSENTASE | FT4: TARGET | FU4: ACTUAL | FV4: SELISIH | FW4: PERSENTASE | FX4: TARGET | FY4: ACTUAL | FZ4: SELISIH | GA4: PERSENTASE | GB4: TARGET | GC4: ACTUAL | GD4: SELISIH | GE4: PERSENTASE | GF4: TARGET | GG4: ACTUAL | GH4: SELISIH | GI4: PERSENTASE | GJ4: TARGET | GK4: ACTUAL | GL4: SELISIH | GM4: PERSENTASE | GN4: TARGET | GO4: ACTUAL | GP4: SELISIH | GQ4: PERSENTASE | GR4: TARGET | GS4: ACTUAL | GT4: SELISIH | GU4: PERSENTASE
A5: =WEEKNUM(B5) -> 10 | B5: =A2 -> 46082 | C5: =TEXT(B5,"ddd") -> Mgg | D5: =SUMIF($H$4:$GT$4,$D$4,H5:GT5) -> 182536.18 | E5: =SUMIF($H$4:$GT$4,$E$4,H5:GT5) -> 138896.08 | F5: =E5-D5 -> -43640.101 | G5: =E5/D5 -> 0.76092356 | H5: =INDEX('SO Maret 2026 Rev 2'!$B$6:$BG$52,MATCH(B5,'SO Maret 2026 Rev 2'!$B$6:$B$52,0),MATCH($H$3,'SO Maret 2026 Rev 2'!$B$5:$XG$5,0)) -> 733.5729 | I5: =INDEX('Summary sales'!$A$6:$CA$50,MATCH(B5,'Summary sales'!$A$6:$A$50,0),MATCH($H$3,'Summary sales'!$A$7:$CA$7,0)) -> 703.81 | J5: =I5-H5 -> -29.762903 | K5: =I5/H5 -> 0.95942748 | L5: =INDEX('SO Maret 2026 Rev 2'!$B$6:$BG$52,MATCH(B5,'SO Maret 2026 Rev 2'!$B$6:$B$52,0),MATCH($L$3,'SO Maret 2026 Rev 2'!$B$5:$XG$5,0)) -> 1000 | M5: =INDEX('Summary sales'!$A$6:$CA$50,MATCH($B5,'Summary sales'!$A$6:$A$50,0),MATCH($L$3,'Summary sales'!$A$7:$CA$7,0)) -> 757.97 | N5: =M5-L5 -> -242.03 | O5: =M5/L5 -> 0.75797 | P5: =INDEX('SO Maret 2026 Rev 2'!$B$6:$BG$52,MATCH(B5,'SO Maret 2026 Rev 2'!$B$6:$B$52,0),MATCH($P$3,'SO Maret 2026 Rev 2'!$B$5:$XG$5,0)) -> 1129.7313 | Q5: =INDEX('Summary sales'!$A$6:$CA$50,MATCH($B5,'Summary sales'!$A$6:$A$50,0),MATCH($P$3,'Summary sales'!$A$7:$CA$7,0)) -> 507.27 | R5: =Q5-P5 -> -622.46129 | S5: =Q5/P5 -> 0.44901828 | T5: =INDEX('SO Maret 2026 Rev 2'!$B$6:$BG$52,MATCH(B5,'SO Maret 2026 Rev 2'!$B$6:$B$52,0),MATCH($T$3,'SO Maret 2026 Rev 2'!$B$5:$XG$5,0)) -> 999.51613 | U5: =INDEX('Summary sales'!$A$6:$CA$50,MATCH($B5,'Summary sales'!$A$6:$A$50,0),MATCH($T$3,'Summary sales'!$A$7:$CA$7,0)) -> 2543.86 | V5: =U5-T5 -> 1544.3439 | W5: =U5/T5 -> 2.5450915 | X5: =INDEX('SO Maret 2026 Rev 2'!$B$6:$BG$52,MATCH(B5,'SO Maret 2026 Rev 2'!$B$6:$B$52,0),MATCH($X$3,'SO Maret 2026 Rev 2'!$B$5:$XG$5,0)) -> 644.02065 | Y5: =INDEX('Summary sales'!$A$6:$CA$50,MATCH($B5,'Summary sales'!$A$6:$A$50,0),MATCH($X$3,'Summary sales'!$A$7:$CA$7,0)) -> 365.71 | Z5: =Y5-X5 -> -278.31065 | AA5: =Y5/X5 -> 0.56785447 | AB5: =INDEX('SO Maret 2026 Rev 2'!$B$6:$BG$52,MATCH(B5,'SO Maret 2026 Rev 2'!$B$6:$B$52,0),MATCH($AB$3,'SO Maret 2026 Rev 2'!$B$5:$XG$5,0)) -> 5500 | AC5: =INDEX('Summary sales'!$A$6:$CA$50,MATCH($B5,'Summary sales'!$A$6:$A$50,0),MATCH($AB$3,'Summary sales'!$A$7:$CA$7,0)) -> 0 | AD5: =AC5-AB5 -> -5500 | AE5: =AC5/AB5 -> 0 | AF5: =INDEX('SO Maret 2026 Rev 2'!$B$6:$BG$52,MATCH(B5,'SO Maret 2026 Rev 2'!$B$6:$B$52,0),MATCH($AF$3,'SO Maret 2026 Rev 2'!$B$5:$XG$5,0)) -> 0 | AG5: =INDEX('Summary sales'!$A$6:$CA$50,MATCH($B5,'Summary sales'!$A$6:$A$50,0),MATCH($AF$3,'Summary sales'!$A$7:$CA$7,0)) -> 334.72 | AH5: =AG5-AF5 -> 334.72 | AI5: =AG5/AF5 -> #DIV/0! | AJ5: =INDEX('SO Maret 2026 Rev 2'!$B$6:$BG$52,MATCH(B5,'SO Maret 2026 Rev 2'!$B$6:$B$52,0),MATCH($AJ$3,'SO Maret 2026 Rev 2'!$B$5:$XG$5,0)) -> 603.76323 | AK5: =INDEX('Summary sales'!$A$6:$CA$50,MATCH($B5,'Summary sales'!$A$6:$A$50,0),MATCH($AJ$3,'Summary sales'!$A$7:$CA$7,0)) -> 458.37 | AL5: =AK5-AJ5 -> -145.39323 | AM5: =AK5/AJ5 -> 0.75918834 | AN5: =INDEX('SO Maret 2026 Rev 2'!$B$6:$BG$52,MATCH(B5,'SO Maret 2026 Rev 2'!$B$6:$B$52,0),MATCH($AN$3,'SO Maret 2026 Rev 2'!$B$5:$XG$5,0)) -> 673.27548 | AO5: =INDEX('Summary sales'!$A$6:$CA$50,MATCH($B5,'Summary sales'!$A$6:$A$50,0),MATCH($AN$3,'Summary sales'!$A$7:$CA$7,0)) -> 223.16 | AP5: =AO5-AN5 -> -450.11548 | AQ5: =AO5/AN5 -> 0.33145422 | AR5: =INDEX('SO Maret 2026 Rev 2'!$B$6:$BG$52,MATCH(B5,'SO Maret 2026 Rev 2'!$B$6:$B$52,0),MATCH($AR$3,'SO Maret 2026 Rev 2'!$B$5:$XG$5,0)) -> 0 | AS5: =INDEX('Summary sales'!$A$6:$CA$50,MATCH($B5,'Summary sales'!$A$6:$A$50,0),MATCH($AR$3,'Summary sales'!$A$7:$CA$7,0)) -> 0 | AT5: =AS5-AR5 -> 0 | AU5: =AS5/AR5 -> #DIV/0! | AV5: =INDEX('SO Maret 2026 Rev 2'!$B$6:$BG$52,MATCH(B5,'SO Maret 2026 Rev 2'!$B$6:$B$52,0),MATCH($AV$3,'SO Maret 2026 Rev 2'!$B$5:$XG$5,0)) -> 6600.0623 | AW5: =INDEX('Summary sales'!$A$6:$CA$50,MATCH($B5,'Summary sales'!$A$6:$A$50,0),MATCH($AV$3,'Summary sales'!$A$7:$CA$7,0)) -> 3127 | AX5: =AW5-AV5 -> -3473.0623 | AY5: =AW5/AV5 -> 0.47378341 | AZ5: =INDEX('SO Maret 2026 Rev 2'!$B$6:$BG$52,MATCH(B5,'SO Maret 2026 Rev 2'!$B$6:$B$52,0),MATCH($AZ$3,'SO Maret 2026 Rev 2'!$B$5:$XG$5,0)) -> 300 | BA5: =INDEX('Summary sales'!$A$6:$CA$50,MATCH($B5,'Summary sales'!$A$6:$A$50,0),MATCH($AZ$3,'Summary sales'!$A$7:$CA$7,0)) -> 355.32 | BB5: =BA5-AZ5 -> 55.32 | BC5: =BA5/AZ5 -> 1.1844 | BD5: =INDEX('SO Maret 2026 Rev 2'!$B$6:$BG$52,MATCH(B5,'SO Maret 2026 Rev 2'!$B$6:$B$52,0),MATCH($BD$3,'SO Maret 2026 Rev 2'!$B$5:$XG$5,0)) -> 500 | BE5: =INDEX('Summary sales'!$A$6:$CA$50,MATCH($B5,'Summary sales'!$A$6:$A$50,0),MATCH($BD$3,'Summary sales'!$A$7:$CA$7,0)) -> 2.85 | BF5: =BE5-BD5 -> -497.15 | BG5: =BE5/BD5 -> 0.0057 | BH5: =INDEX('SO Maret 2026 Rev 2'!$B$6:$BG$52,MATCH(B5,'SO Maret 2026 Rev 2'!$B$6:$B$52,0),MATCH($BH$3,'SO Maret 2026 Rev 2'!$B$5:$XG$5,0)) -> 3600 | BI5: =INDEX('Summary sales'!$A$6:$CA$50,MATCH($B5,'Summary sales'!$A$6:$A$50,0),MATCH($BH$3,'Summary sales'!$A$7:$CA$7,0)) -> 2915.13 | BJ5: =BI5-BH5 -> -684.87 | BK5: =BI5/BH5 -> 0.80975833 | BL5: =INDEX('SO Maret 2026 Rev 2'!$B$6:$BG$52,MATCH(B5,'SO Maret 2026 Rev 2'!$B$6:$B$52,0),MATCH($BL$3,'SO Maret 2026 Rev 2'!$B$5:$XG$5,0)) -> 6000.0571 | BM5: =INDEX('Summary sales'!$A$6:$CA$50,MATCH($B5,'Summary sales'!$A$6:$A$50,0),MATCH($BL$3,'Summary sales'!$A$7:$CA$7,0)) -> 6038.19 | BN5: =BM5-BL5 -> 38.132903 | BO5: =BM5/BL5 -> 1.0063554 | BP5: =INDEX('SO Maret 2026 Rev 2'!$B$6:$BG$52,MATCH(B5,'SO Maret 2026 Rev 2'!$B$6:$B$52,0),MATCH($BP$3,'SO Maret 2026 Rev 2'!$B$5:$XG$5,0)) -> 0 | BQ5: =INDEX('Summary sales'!$A$6:$CA$50,MATCH($B5,'Summary sales'!$A$6:$A$50,0),MATCH($BP$3,'Summary sales'!$A$7:$CA$7,0)) -> 0 | BR5: =BQ5-BP5 -> 0 | BS5: =BQ5/BP5 -> #DIV/0! | BT5: =INDEX('SO Maret 2026 Rev 2'!$B$6:$BG$52,MATCH(B5,'SO Maret 2026 Rev 2'!$B$6:$B$52,0),MATCH($BT$3,'SO Maret 2026 Rev 2'!$B$5:$XG$5,0)) -> 2500 | BU5: =INDEX('Summary sales'!$A$6:$CA$50,MATCH($B5,'Summary sales'!$A$6:$A$50,0),MATCH($BT$3,'Summary sales'!$A$7:$CA$7,0)) -> 0 | BV5: =BU5-BT5 -> -2500 | BW5: =BU5/BT5 -> 0 | BX5: =INDEX('SO Maret 2026 Rev 2'!$B$6:$BG$52,MATCH(B5,'SO Maret 2026 Rev 2'!$B$6:$B$52,0),MATCH($BX$3,'SO Maret 2026 Rev 2'!$B$5:$XG$5,0)) -> 70.054839 | BY5: =INDEX('Summary sales'!$A$6:$CA$50,MATCH($B5,'Summary sales'!$A$6:$A$50,0),MATCH($BX$3,'Summary sales'!$A$7:$CA$7,0)) -> 0 | BZ5: =BY5-BX5 -> -70.054839 | CA5: =BY5/BX5 -> 0 | CB5: =INDEX('SO Maret 2026 Rev 2'!$B$6:$BG$52,MATCH(B5,'SO Maret 2026 Rev 2'!$B$6:$B$52,0),MATCH($CB$3,'SO Maret 2026 Rev 2'!$B$5:$XG$5,0)) -> 89.451613 | CC5: =INDEX('Summary sales'!$A$6:$CA$50,MATCH($B5,'Summary sales'!$A$6:$A$50,0),MATCH($CB$3,'Summary sales'!$A$7:$CA$7,0)) -> 64 | CD5: =CC5-CB5 -> -25.451613 | CE5: =CC5/CB5 -> 0.71547061 | CF5: =INDEX('SO Maret 2026 Rev 2'!$B$6:$BG$52,MATCH(B5,'SO Maret 2026 Rev 2'!$B$6:$B$52,0),MATCH($CF$3,'SO Maret 2026 Rev 2'!$B$5:$XG$5,0)) -> 1000 | CG5: =INDEX('Summary sales'!$A$6:$CA$50,MATCH($B5,'Summary sales'!$A$6:$A$50,0),MATCH($CF$3,'Summary sales'!$A$7:$CA$7,0)) -> 108.7 | CH5: =CG5-CF5 -> -891.3 | CI5: =CG5/CF5 -> 0.1087 | CJ5: =INDEX('SO Maret 2026 Rev 2'!$B$6:$BG$52,MATCH(B5,'SO Maret 2026 Rev 2'!$B$6:$B$52,0),MATCH($CJ$3,'SO Maret 2026 Rev 2'!$B$5:$XG$5,0)) -> 2901.4806 | CK5: =INDEX('Summary sales'!$A$6:$CA$50,MATCH($B5,'Summary sales'!$A$6:$A$50,0),MATCH($CJ$3,'Summary sales'!$A$7:$CA$7,0)) -> 0 | CL5: =CK5-CJ5 -> -2901.4806 | CM5: =CK5/CJ5 -> 0 | CN5: =INDEX('SO Maret 2026 Rev 2'!$B$6:$BG$52,MATCH(B5,'SO Maret 2026 Rev 2'!$B$6:$B$52,0),MATCH($CN$3,'SO Maret 2026 Rev 2'!$B$5:$XG$5,0)) -> 3500 | CO5: =INDEX('Summary sales'!$A$6:$CA$50,MATCH($B5,'Summary sales'!$A$6:$A$50,0),MATCH($CN$3,'Summary sales'!$A$7:$CA$7,0)) -> 7192 | CP5: =CO5-CN5 -> 3692 | CQ5: =CO5/CN5 -> 2.0548571 | CR5: =INDEX('SO Maret 2026 Rev 2'!$B$6:$BG$52,MATCH(B5,'SO Maret 2026 Rev 2'!$B$6:$B$52,0),MATCH($CR$3,'SO Maret 2026 Rev 2'!$B$5:$XG$5,0)) -> 8500 | CS5: =INDEX('Summary sales'!$A$6:$CA$50,MATCH($B5,'Summary sales'!$A$6:$A$50,0),MATCH($CR$3,'Summary sales'!$A$7:$CA$7,0)) -> 0 | CT5: =CS5-CR5 -> -8500 | CU5: =CS5/CR5 -> 0 | CV5: =INDEX('SO Maret 2026 Rev 2'!$B$6:$BG$52,MATCH(B5,'SO Maret 2026 Rev 2'!$B$6:$B$52,0),MATCH($CV$3,'SO Maret 2026 Rev 2'!$B$5:$XG$5,0)) -> 6659.5545 | CW5: =INDEX('Summary sales'!$A$6:$CA$50,MATCH($B5,'Summary sales'!$A$6:$A$50,0),MATCH($CV$3,'Summary sales'!$A$7:$CA$7,0)) -> 12817.788 | CX5: =CW5-CV5 -> 6158.2335 | CY5: =CW5/CV5 -> 1.9247215 | CZ5: =INDEX('SO Maret 2026 Rev 2'!$B$6:$BG$52,MATCH(B5,'SO Maret 2026 Rev 2'!$B$6:$B$52,0),MATCH($CZ$3,'SO Maret 2026 Rev 2'!$B$5:$XG$5,0)) -> 2020.8603 | DA5: =INDEX('Summary sales'!$A$6:$CA$50,MATCH($B5,'Summary sales'!$A$6:$A$50,0),MATCH($CZ$3,'Summary sales'!$A$7:$CA$7,0)) -> 2158.54 | DB5: =DA5-CZ5 -> 137.67968 | DC5: =DA5/CZ5 -> 1.0681292 | DD5: =INDEX('SO Maret 2026 Rev 2'!$B$6:$BG$52,MATCH(B5,'SO Maret 2026 Rev 2'!$B$6:$B$52,0),MATCH($DD$3,'SO Maret 2026 Rev 2'!$B$5:$XG$5,0)) -> 0 | DE5: =INDEX('Summary sales'!$A$6:$CA$50,MATCH($B5,'Summary sales'!$A$6:$A$50,0),MATCH($DD$3,'Summary sales'!$A$7:$CA$7,0)) -> 0 | DF5: =DE5-DD5 -> 0 | DG5: =DE5/DD5 -> #DIV/0! | DH5: =INDEX('SO Maret 2026 Rev 2'!$B$6:$BG$52,MATCH(B5,'SO Maret 2026 Rev 2'!$B$6:$B$52,0),MATCH($DH$3,'SO Maret 2026 Rev 2'!$B$5:$XG$5,0)) -> 2999.8519 | DI5: =INDEX('Summary sales'!$A$6:$CA$50,MATCH($B5,'Summary sales'!$A$6:$A$50,0),MATCH($DH$3,'Summary sales'!$A$7:$CA$7,0)) -> 4118.71 | DJ5: =DI5-DH5 -> 1118.8581 | DK5: =DI5/DH5 -> 1.3729711 | DL5: =INDEX('SO Maret 2026 Rev 2'!$B$6:$BG$52,MATCH(B5,'SO Maret 2026 Rev 2'!$B$6:$B$52,0),MATCH($DL$3,'SO Maret 2026 Rev 2'!$B$5:$XG$5,0)) -> 0 | DM5: =INDEX('Summary sales'!$A$6:$CA$50,MATCH($B5,'Summary sales'!$A$6:$A$50,0),MATCH($DL$3,'Summary sales'!$A$7:$CA$7,0)) -> 0 | DN5: =DM5-DL5 -> 0 | DO5: =DM5/DL5 -> #DIV/0! | DP5: =INDEX('SO Maret 2026 Rev 2'!$B$6:$BG$52,MATCH(B5,'SO Maret 2026 Rev 2'!$B$6:$B$52,0),MATCH($DP$3,'SO Maret 2026 Rev 2'!$B$5:$XG$5,0)) -> 2043.2745 | DQ5: =INDEX('Summary sales'!$A$6:$CA$50,MATCH($B5,'Summary sales'!$A$6:$A$50,0),MATCH($DP$3,'Summary sales'!$A$7:$CA$7,0)) -> 1512.93 | DR5: =DQ5-DP5 -> -530.34452 | DS5: =DQ5/DP5 -> 0.74044383 | DT5: =INDEX('SO Maret 2026 Rev 2'!$B$6:$BG$52,MATCH(B5,'SO Maret 2026 Rev 2'!$B$6:$B$52,0),MATCH($DT$3,'SO Maret 2026 Rev 2'!$B$5:$XG$5,0)) -> 1999.5303 | DU5: =INDEX('Summary sales'!$A$6:$CA$50,MATCH($B5,'Summary sales'!$A$6:$A$50,0),MATCH($DT$3,'Summary sales'!$A$7:$CA$7,0)) -> 2600.61 | DV5: =DU5-DT5 -> 601.07968 | DW5: =DU5/DT5 -> 1.3006104 | DX5: =INDEX('SO Maret 2026 Rev 2'!$B$6:$BG$52,MATCH(B5,'SO Maret 2026 Rev 2'!$B$6:$B$52,0),MATCH($DX$3,'SO Maret 2026 Rev 2'!$B$5:$XG$5,0)) -> 0 | DY5: =INDEX('Summary sales'!$A$6:$CA$50,MATCH($B5,'Summary sales'!$A$6:$A$50,0),MATCH($DX$3,'Summary sales'!$A$7:$CA$7,0)) -> 0 | DZ5: =DY5-DX5 -> 0 | EA5: =DY5/DX5 -> #DIV/0! | EB5: =INDEX('SO Maret 2026 Rev 2'!$B$6:$BG$52,MATCH(B5,'SO Maret 2026 Rev 2'!$B$6:$B$52,0),MATCH($EB$3,'SO Maret 2026 Rev 2'!$B$5:$XG$5,0)) -> 11007.047 | EC5: =INDEX('Summary sales'!$A$6:$CA$50,MATCH($B5,'Summary sales'!$A$6:$A$50,0),MATCH($EB$3,'Summary sales'!$A$7:$CA$7,0)) -> 10196.69 | ED5: =EC5-EB5 -> -810.35742 | EE5: =EC5/EB5 -> 0.92637831 | EF5: =INDEX('SO Maret 2026 Rev 2'!$B$6:$BG$52,MATCH(B5,'SO Maret 2026 Rev 2'!$B$6:$B$52,0),MATCH($EF$3,'SO Maret 2026 Rev 2'!$B$5:$XG$5,0)) -> 1519.5448 | EG5: =INDEX('Summary sales'!$A$6:$CA$50,MATCH($B5,'Summary sales'!$A$6:$A$50,0),MATCH($EF$3,'Summary sales'!$A$7:$CA$7,0)) -> 1501.14 | EH5: =EG5-EF5 -> -18.404839 | EI5: =EG5/EF5 -> 0.98788793 | EJ5: =INDEX('SO Maret 2026 Rev 2'!$B$6:$BG$52,MATCH(B5,'SO Maret 2026 Rev 2'!$B$6:$B$52,0),MATCH($EJ$3,'SO Maret 2026 Rev 2'!$B$5:$XG$5,0)) -> 3999.6742 | EK5: =INDEX('Summary sales'!$A$6:$CA$50,MATCH($B5,'Summary sales'!$A$6:$A$50,0),MATCH($EJ$3,'Summary sales'!$A$7:$CA$7,0)) -> 0 | EL5: =EK5-EJ5 -> -3999.6742 | EM5: =EK5/EJ5 -> 0 | EN5: =INDEX('SO Maret 2026 Rev 2'!$B$6:$BG$52,MATCH(B5,'SO Maret 2026 Rev 2'!$B$6:$B$52,0),MATCH($EN$3,'SO Maret 2026 Rev 2'!$B$5:$XG$5,0)) -> 5500 | EO5: =INDEX('Summary sales'!$A$6:$CA$50,MATCH(B5,'Summary sales'!$A$6:$A$50,0),MATCH($EN$3,'Summary sales'!$A$7:$CA$7,0)) -> 113.8 | EP5: =EO5-EN5 -> -5386.2 | EQ5: =EO5/EN5 -> 0.020690909 | ER5: =INDEX('SO Maret 2026 Rev 2'!$B$6:$BG$52,MATCH(B5,'SO Maret 2026 Rev 2'!$B$6:$B$52,0),MATCH($ER$3,'SO Maret 2026 Rev 2'!$B$5:$XG$5,0)) -> 4482.6897 | ES5: =INDEX('Summary sales'!$A$6:$CA$50,MATCH($B5,'Summary sales'!$A$6:$A$50,0),MATCH($ER$3,'Summary sales'!$A$7:$CA$7,0)) -> 4600.63 | ET5: =ES5-ER5 -> 117.94032 | EU5: =ES5/ER5 -> 1.0263102 | EV5: =INDEX('SO Maret 2026 Rev 2'!$B$6:$BG$52,MATCH(B5,'SO Maret 2026 Rev 2'!$B$6:$B$52,0),MATCH($EV$3,'SO Maret 2026 Rev 2'!$B$5:$XG$5,0)) -> 48000 | EW5: =INDEX('Summary sales'!$A$6:$CA$50,MATCH($B5,'Summary sales'!$A$6:$A$50,0),MATCH($EV$3,'Summary sales'!$A$7:$CA$7,0)) -> 40530.67 | EX5: =EW5-EV5 -> -7469.33 | EY5: =EW5/EV5 -> 0.84438896 | EZ5: =INDEX('SO Maret 2026 Rev 2'!$B$6:$BG$52,MATCH(B5,'SO Maret 2026 Rev 2'!$B$6:$B$52,0),MATCH($EZ$3,'SO Maret 2026 Rev 2'!$B$5:$XG$5,0)) -> 8000 | FA5: =INDEX('Summary sales'!$A$6:$CA$50,MATCH(B5,'Summary sales'!$A$6:$A$50,0),MATCH($EZ$3,'Summary sales'!$A$7:$CA$7,0)) -> 7686.59 | FB5: =FA5-EZ5 -> -313.41 | FC5: =FA5/EZ5 -> 0.96082375 | FD5: =INDEX('SO Maret 2026 Rev 2'!$B$6:$BG$52,MATCH(B5,'SO Maret 2026 Rev 2'!$B$6:$B$52,0),MATCH($FD$3,'SO Maret 2026 Rev 2'!$B$5:$XG$5,0)) -> 3500 | FE5: =INDEX('Summary sales'!$A$6:$CA$50,MATCH(B5,'Summary sales'!$A$6:$A$50,0),MATCH($FD$3,'Summary sales'!$A$7:$CA$7,0)) -> 4389.9 | FF5: =FE5-FD5 -> 889.9 | FG5: =FE5/FD5 -> 1.2542571 | FH5: =INDEX('SO Maret 2026 Rev 2'!$B$6:$BG$52,MATCH(B5,'SO Maret 2026 Rev 2'!$B$6:$B$52,0),MATCH($FH$3,'SO Maret 2026 Rev 2'!$B$5:$XG$5,0)) -> 726.81516 | FI5: =INDEX('Summary sales'!$A$6:$CA$50,MATCH(B5,'Summary sales'!$A$6:$A$50,0),MATCH($FH$3,'Summary sales'!$A$7:$CA$7,0)) -> 788.73 | FJ5: =FI5-FH5 -> 61.914839 | FK5: =FI5/FH5 -> 1.0851865 | FL5: =INDEX('SO Maret 2026 Rev 2'!$B$6:$BG$52,MATCH(B5,'SO Maret 2026 Rev 2'!$B$6:$B$52,0),MATCH($FL$3,'SO Maret 2026 Rev 2'!$B$5:$XG$5,0)) -> 3018.0416 | FM5: =INDEX('Summary sales'!$A$6:$CA$50,MATCH(B5,'Summary sales'!$A$6:$A$50,0),MATCH($FL$3,'Summary sales'!$A$7:$CA$7,0)) -> 0 | FN5: =FM5-FL5 -> -3018.0416 | FO5: =FM5/FL5 -> 0 | FP5: =INDEX('SO Maret 2026 Rev 2'!$B$6:$BG$52,MATCH(B5,'SO Maret 2026 Rev 2'!$B$6:$B$52,0),MATCH($FP$3,'SO Maret 2026 Rev 2'!$B$5:$XG$5,0)) -> 2044.9997 | FQ5: =INDEX('Summary sales'!$A$6:$CA$50,MATCH(B5,'Summary sales'!$A$6:$A$50,0),MATCH($FP$3,'Summary sales'!$A$7:$CA$7,0)) -> 0 | FR5: =FQ5-FP5 -> -2044.9997 | FS5: =FQ5/FP5 -> 0 | FT5: =INDEX('SO Maret 2026 Rev 2'!$B$6:$BG$52,MATCH(B5,'SO Maret 2026 Rev 2'!$B$6:$B$52,0),MATCH($FT$3,'SO Maret 2026 Rev 2'!$B$5:$XG$5,0)) -> 369.61071 | FU5: =INDEX('Summary sales'!$A$6:$CA$50,MATCH(B5,'Summary sales'!$A$6:$A$50,0),MATCH($FT$3,'Summary sales'!$A$7:$CA$7,0)) -> 466.378 | FV5: =FU5-FT5 -> 96.76729 | FW5: =FU5/FT5 -> 1.2618087 | FX5: =INDEX('SO Maret 2026 Rev 2'!$B$6:$BG$52,MATCH(B5,'SO Maret 2026 Rev 2'!$B$6:$B$52,0),MATCH($FX$3,'SO Maret 2026 Rev 2'!$B$5:$XG$5,0)) -> 13500 | FY5: =INDEX('Summary sales'!$A$6:$CA$50,MATCH(B5,'Summary sales'!$A$6:$A$50,0),MATCH($FX$3,'Summary sales'!$A$7:$CA$7,0)) -> 8646.144 | FZ5: =FY5-FX5 -> -4853.856 | GA5: =FY5/FX5 -> 0.64045511 | GB5: =INDEX('SO Maret 2026 Rev 2'!$B$6:$BG$52,MATCH(B5,'SO Maret 2026 Rev 2'!$B$6:$B$52,0),MATCH($GB$3,'SO Maret 2026 Rev 2'!$B$5:$XG$5,0)) -> 1000 | GC5: =INDEX('Summary sales'!$A$6:$CA$50,MATCH($B5,'Summary sales'!$A$6:$A$50,0),MATCH($GB$3,'Summary sales'!$A$7:$CA$7,0)) -> 693.862 | GD5: =GC5-GB5 -> -306.138 | GE5: =GC5/GB5 -> 0.693862 | GF5: =INDEX('SO Maret 2026 Rev 2'!$B$6:$BG$52,MATCH(B5,'SO Maret 2026 Rev 2'!$B$6:$B$52,0),MATCH($GF$3,'SO Maret 2026 Rev 2'!$B$5:$XG$5,0)) -> 0 | GG5: =INDEX('Summary sales'!$A$6:$CA$50,MATCH($B5,'Summary sales'!$A$6:$A$50,0),MATCH($GF$3,'Summary sales'!$A$7:$CA$7,0)) -> 0 | GH5: =GG5-GF5 -> 0 | GI5: =GG5/GF5 -> #DIV/0! | GJ5: =INDEX('SO Maret 2026 Rev 2'!$B$6:$BG$52,MATCH(B5,'SO Maret 2026 Rev 2'!$B$6:$B$52,0),MATCH($GJ$3,'SO Maret 2026 Rev 2'!$B$5:$XG$5,0)) -> 1800 | GK5: =INDEX('Summary sales'!$A$6:$CA$50,MATCH(B5,'Summary sales'!$A$6:$A$50,0),MATCH($GJ$3,'Summary sales'!$A$7:$CA$7,0)) -> 1774.767 | GL5: =GK5-GJ5 -> -25.233 | GM5: =GK5/GJ5 -> 0.98598167 | GN5: =INDEX('SO Maret 2026 Rev 2'!$B$6:$BG$52,MATCH(B5,'SO Maret 2026 Rev 2'!$B$6:$B$52,0),MATCH($GN$3,'SO Maret 2026 Rev 2'!$B$5:$XG$5,0)) -> 2499.7026 | GO5: =INDEX('Summary sales'!$A$6:$CA$50,MATCH(B5,'Summary sales'!$A$6:$A$50,0),MATCH($GN$3,'Summary sales'!$A$7:$CA$7,0)) -> 3652.41 | GP5: =GO5-GN5 -> 1152.7074 | GQ5: =GO5/GN5 -> 1.4611378 | GR5: =INDEX('SO Maret 2026 Rev 2'!$B$6:$BG$52,MATCH(B5,'SO Maret 2026 Rev 2'!$B$6:$B$52,0),MATCH($GR$3,'SO Maret 2026 Rev 2'!$B$5:$XG$5,0)) -> 9000 | GS5: =INDEX('Summary sales'!$A$6:$CA$50,MATCH(B5,'Summary sales'!$A$6:$A$50,0),MATCH($GR$3,'Summary sales'!$A$7:$CA$7,0)) -> 4947.734 | GT5: =GS5-GR5 -> -4052.266 | GU5: =GS5/GR5 -> 0.54974822
B6: Sub Total | C6: =TEXT(B6,"ddd") -> Sub Total | D6: =SUM(D5) -> 182536.18 | E6: =SUM(E2:E5) -> 138896.08 | F6: =SUM(F2:F5) -> -43640.101 | G6: =AVERAGE(G2:G5) -> 0.76092356 | H6: =SUM(H2:H5) -> 783.55511 | I6: =SUM(I2:I5) -> 703.81 | J6: =SUM(J2:J5) -> -29.762903 | K6: =AVERAGE(K2:K5) -> 0.95942748 | L6: =SUM(L2:L5) -> 1104.1667 | M6: =SUM(M2:M5) -> 757.97 | N6: =SUM(N2:N5) -> -242.03 | O6: =AVERAGE(O2:O5) -> 0.75797 | P6: =SUM(P2:P5) -> 1176.8034 | Q6: =SUM(Q2:Q5) -> 507.27 | R6: =SUM(R2:R5) -> -622.46129 | S6: =AVERAGE(S2:S5) -> 0.44901828 | T6: =SUM(T2:T5) -> 1136.2876 | U6: =SUM(U2:U5) -> 2543.86 | V6: =SUM(V2:V5) -> 1544.3439 | W6: =AVERAGE(W2:W5) -> 2.5450915 | X6: =SUM(X2:X5) -> 670.85484 | Y6: =SUM(Y2:Y5) -> 365.71 | Z6: =SUM(Z2:Z5) -> -278.31065 | AA6: =AVERAGE(AA2:AA5) -> 0.56785447 | AB6: =SUM(AB2:AB5) -> 5583.3333 | AC6: =SUM(AC2:AC5) -> 0 | AD6: =SUM(AD2:AD5) -> -5500 | AE6: =AVERAGE(AE2:AE5) -> 0 | AF6: =SUM(AF2:AF5) -> 20.83211 | AG6: =SUM(AG2:AG5) -> 334.72 | AH6: =SUM(AH2:AH5) -> 334.72 | AI6: =AVERAGE(AI2:AI5) -> #DIV/0! | AJ6: =SUM(AJ2:AJ5) -> 628.92003 | AK6: =SUM(AK2:AK5) -> 458.37 | AL6: =SUM(AL2:AL5) -> -145.39323 | AM6: =AVERAGE(AM2:AM5) -> 0.75918834 | AN6: =SUM(AN2:AN5) -> 701.32863 | AO6: =SUM(AO2:AO5) -> 223.16 | AP6: =SUM(AP2:AP5) -> -450.11548 | AQ6: =AVERAGE(AQ2:AQ5) -> 0.33145422 | AR6: =SUM(AR2:AR5) -> 229.75829 | AS6: =SUM(AS2:AS5) -> 0 | AT6: =SUM(AT2:AT5) -> 0 | AU6: =AVERAGE(AU2:AU5) -> #DIV/0! | AV6: =SUM(AV2:AV5) -> 6875.0649 | AW6: =SUM(AW2:AW5) -> 3127 | AX6: =SUM(AX2:AX5) -> -3473.0623 | AY6: =AVERAGE(AY2:AY5) -> 0.47378341 | AZ6: =SUM(AZ2:AZ5) -> 419.7636 | BA6: =SUM(BA2:BA5) -> 355.32 | BB6: =SUM(BB2:BB5) -> 55.32 | BC6: =AVERAGE(BC2:BC5) -> 1.1844 | BD6: =SUM(BD2:BD5) -> 520.83333 | BE6: =SUM(BE2:BE5) -> 2.85 | BF6: =SUM(BF2:BF5) -> -497.15 | BG6: =AVERAGE(BG2:BG5) -> 0.0057 | BH6: =SUM(BH2:BH5) -> 3800 | BI6: =SUM(BI2:BI5) -> 2915.13 | BJ6: =SUM(BJ2:BJ5) -> -684.87 | BK6: =AVERAGE(BK2:BK5) -> 0.80975833 | BL6: =SUM(BL2:BL5) -> 6375.0595 | BM6: =SUM(BM2:BM5) -> 6038.19 | BN6: =SUM(BN2:BN5) -> 38.132903 | BO6: =AVERAGE(BO2:BO5) -> 1.0063554 | BP6: =SUM(BP2:BP5) -> 41.666667 | BQ6: =SUM(BQ2:BQ5) -> 0 | BR6: =SUM(BR2:BR5) -> 0 | BS6: =AVERAGE(BS2:BS5) -> #DIV/0! | BT6: =SUM(BT2:BT5) -> 2729.1667 | BU6: =SUM(BU2:BU5) -> 0 | BV6: =SUM(BV2:BV5) -> -2500 | BW6: =AVERAGE(BW2:BW5) -> 0 | BX6: =SUM(BX2:BX5) -> 72.97379 | BY6: =SUM(BY2:BY5) -> 0 | BZ6: =SUM(BZ2:BZ5) -> -70.054839 | CA6: =AVERAGE(CA2:CA5) -> 0 | CB6: =SUM(CB2:CB5) -> 89.451613 | CC6: =SUM(CC2:CC5) -> 64 | CD6: =SUM(CD2:CD5) -> -25.451613 | CE6: =AVERAGE(CE2:CE5) -> 0.71547061 | CF6: =SUM(CF2:CF5) -> 1145.8333 | CG6: =SUM(CG2:CG5) -> 108.7 | CH6: =SUM(CH2:CH5) -> -891.3 | CI6: =AVERAGE(CI2:CI5) -> 0.1087 | CJ6: =SUM(CJ2:CJ5) -> 3143.2707 | CK6: =SUM(CK2:CK5) -> 0 | CL6: =SUM(CL2:CL5) -> -2901.4806 | CM6: =AVERAGE(CM2:CM5) -> 0 | CN6: =SUM(CN2:CN5) -> 3645.8333 | CO6: =SUM(CO2:CO5) -> 7192 | CP6: =SUM(CP2:CP5) -> 3692 | CQ6: =AVERAGE(CQ2:CQ5) -> 2.0548571 | CR6: =SUM(CR2:CR5) -> 8500 | CS6: =SUM(CS2:CS5) -> 0 | CT6: =SUM(CT2:CT5) -> -8500 | CU6: =AVERAGE(CU2:CU5) -> 0 | CV6: =SUM(CV2:CV5) -> 7347.0545 | CW6: =SUM(CW2:CW5) -> 12817.788 | CX6: =SUM(CX2:CX5) -> 6158.2335 | CY6: =AVERAGE(CY2:CY5) -> 1.9247215 | CZ6: =SUM(CZ2:CZ5) -> 2105.0628 | DA6: =SUM(DA2:DA5) -> 2158.54 | DB6: =SUM(DB2:DB5) -> 137.67968 | DC6: =AVERAGE(DC2:DC5) -> 1.0681292 | DD6: =SUM(DD2:DD5) -> 28.279167 | DE6: =SUM(DE2:DE5) -> 0 | DF6: =SUM(DF2:DF5) -> 0 | DG6: =AVERAGE(DG2:DG5) -> #DIV/0! | DH6: =SUM(DH2:DH5) -> 3296.5958 | DI6: =SUM(DI2:DI5) -> 4118.71 | DJ6: =SUM(DJ2:DJ5) -> 1118.8581 | DK6: =AVERAGE(DK2:DK5) -> 1.3729711 | DL6: =SUM(DL2:DL5) -> 205.8751 | DM6: =SUM(DM2:DM5) -> 0 | DN6: =SUM(DN2:DN5) -> 0 | DO6: =AVERAGE(DO2:DO5) -> #DIV/0! | DP6: =SUM(DP2:DP5) -> 2128.411 | DQ6: =SUM(DQ2:DQ5) -> 1512.93 | DR6: =SUM(DR2:DR5) -> -530.34452 | DS6: =AVERAGE(DS2:DS5) -> 0.74044383 | DT6: =SUM(DT2:DT5) -> 2082.8441 | DU6: =SUM(DU2:DU5) -> 2600.61 | DV6: =SUM(DV2:DV5) -> 601.07968 | DW6: =AVERAGE(DW2:DW5) -> 1.3006104 | DX6: =SUM(DX2:DX5) -> 41.666667 | DY6: =SUM(DY2:DY5) -> 0 | DZ6: =SUM(DZ2:DZ5) -> 0 | EA6: =AVERAGE(EA2:EA5) -> #DIV/0! | EB6: =SUM(EB2:EB5) -> 11465.674 | EC6: =SUM(EC2:EC5) -> 10196.69 | ED6: =SUM(ED2:ED5) -> -810.35742 | EE6: =AVERAGE(EE2:EE5) -> 0.92637831 | EF6: =SUM(EF2:EF5) -> 1582.8592 | EG6: =SUM(EG2:EG5) -> 1501.14 | EH6: =SUM(EH2:EH5) -> -18.404839 | EI6: =AVERAGE(EI2:EI5) -> 0.98788793 | EJ6: =SUM(EJ2:EJ5) -> 4166.3273 | EK6: =SUM(EK2:EK5) -> 0 | EL6: =SUM(EL2:EL5) -> -3999.6742 | EM6: =AVERAGE(EM2:EM5) -> 0 | EN6: =SUM(EN2:EN5) -> 5666.6667 | EO6: =SUM(EO2:EO5) -> 113.8 | EP6: =SUM(EP2:EP5) -> -5386.2 | EQ6: =AVERAGE(EQ2:EQ5) -> 0.020690909 | ER6: =SUM(ER2:ER5) -> 4669.4684 | ES6: =SUM(ES2:ES5) -> 4600.63 | ET6: =SUM(ET2:ET5) -> 117.94032 | EU6: =AVERAGE(EU2:EU5) -> 1.0263102 | EV6: =SUM(EV2:EV5) -> 49312.5 | EW6: =SUM(EW2:EW5) -> 40530.67 | EX6: =SUM(EX2:EX5) -> -7469.33 | EY6: =AVERAGE(EY2:EY5) -> 0.84438896 | EZ6: =SUM(EZ2:EZ5) -> 8500 | FA6: =SUM(FA2:FA5) -> 7686.59 | FB6: =SUM(FB2:FB5) -> -313.41 | FC6: =AVERAGE(FC2:FC5) -> 0.96082375 | FD6: =SUM(FD2:FD5) -> 3645.8333 | FE6: =SUM(FE2:FE5) -> 4389.9 | FF6: =SUM(FF2:FF5) -> 889.9 | FG6: =AVERAGE(FG2:FG5) -> 1.2542571 | FH6: =SUM(FH2:FH5) -> 726.81516 | FI6: =SUM(FI2:FI5) -> 788.73 | FJ6: =SUM(FJ2:FJ5) -> 61.914839 | FK6: =AVERAGE(FK2:FK5) -> 1.0851865 | FL6: =SUM(FL2:FL5) -> 3143.7933 | FM6: =SUM(FM2:FM5) -> 0 | FN6: =SUM(FN2:FN5) -> -3018.0416 | FO6: =AVERAGE(FO2:FO5) -> 0 | FP6: =SUM(FP2:FP5) -> 2130.208 | FQ6: =SUM(FQ2:FQ5) -> 0 | FR6: =SUM(FR2:FR5) -> -2044.9997 | FS6: =AVERAGE(FS2:FS5) -> 0 | FT6: =SUM(FT2:FT5) -> 385.01116 | FU6: =SUM(FU2:FU5) -> 466.378 | FV6: =SUM(FV2:FV5) -> 96.76729 | FW6: =AVERAGE(FW2:FW5) -> 1.2618087 | FX6: =SUM(FX2:FX5) -> 14062.5 | FY6: =SUM(FY2:FY5) -> 8646.144 | FZ6: =SUM(FZ2:FZ5) -> -4853.856 | GA6: =AVERAGE(GA2:GA5) -> 0.64045511 | GB6: =SUM(GB2:GB5) -> 1208.3333 | GC6: =SUM(GC2:GC5) -> 693.862 | GD6: =SUM(GD2:GD5) -> -306.138 | GE6: =AVERAGE(GE2:GE5) -> 0.693862 | GF6: =SUM(GF2:GF5) -> 46.745847 | GG6: =SUM(GG2:GG5) -> 0 | GH6: =SUM(GH2:GH5) -> 0 | GI6: =AVERAGE(GI2:GI5) -> #DIV/0! | GJ6: =SUM(GJ2:GJ5) -> 1800 | GK6: =SUM(GK2:GK5) -> 1774.767 | GL6: =SUM(GL2:GL5) -> -25.233 | GM6: =AVERAGE(GM2:GM5) -> 0.98598167 | GN6: =SUM(GN2:GN5) -> 2603.8569 | GO6: =SUM(GO2:GO5) -> 3652.41 | GP6: =SUM(GP2:GP5) -> 1152.7074 | GQ6: =AVERAGE(GQ2:GQ5) -> 1.4611378 | GR6: =SUM(GR2:GR5) -> 9375 | GS6: =SUM(GS1:GS5) -> 4947.734 | GT6: =SUM(GT1:GT5) -> -4052.266 | GU6: =AVERAGE(GU2:GU5) -> 0.54974822
A8: =WEEKNUM(B8) -> 10 | B8: =B5+1 -> 46083 | C8: =TEXT(B8,"ddd") -> Sen | D8: =SUMIF($H$4:$GT$4,$D$4,H8:GT8) -> 202796.16 | E8: =SUMIF($H$4:$GT$4,$E$4,H8:GT8) -> 211737.63 | F8: =E8-D8 -> 8941.4751 | G8: =E8/D8 -> 1.0440909 | H8: =INDEX('SO Maret 2026 Rev 2'!$B$6:$BG$52,MATCH(B8,'SO Maret 2026 Rev 2'!$B$6:$B$52,0),MATCH($H$3,'SO Maret 2026 Rev 2'!$B$5:$XG$5,0)) -> 1199.5729 | I8: =INDEX('Summary sales'!$A$6:$CA$50,MATCH(B8,'Summary sales'!$A$6:$A$50,0),MATCH($H$3,'Summary sales'!$A$7:$CA$7,0)) -> 1453.09 | J8: =I8-H8 -> 253.5171 | K8: =I8/H8 -> 1.2113395 | L8: =INDEX('SO Maret 2026 Rev 2'!$B$6:$BG$52,MATCH(B8,'SO Maret 2026 Rev 2'!$B$6:$B$52,0),MATCH($L$3,'SO Maret 2026 Rev 2'!$B$5:$XG$5,0)) -> 2500 | M8: =INDEX('Summary sales'!$A$6:$CA$50,MATCH($B8,'Summary sales'!$A$6:$A$50,0),MATCH($L$3,'Summary sales'!$A$7:$CA$7,0)) -> 3234.13 | N8: =M8-L8 -> 734.13 | O8: =M8/L8 -> 1.293652 | P8: =INDEX('SO Maret 2026 Rev 2'!$B$6:$BG$52,MATCH(B8,'SO Maret 2026 Rev 2'!$B$6:$B$52,0),MATCH($P$3,'SO Maret 2026 Rev 2'!$B$5:$XG$5,0)) -> 1129.7313 | Q8: =INDEX('Summary sales'!$A$6:$CA$50,MATCH($B8,'Summary sales'!$A$6:$A$50,0),MATCH($P$3,'Summary sales'!$A$7:$CA$7,0)) -> 1027.04 | R8: =Q8-P8 -> -102.69129 | S8: =Q8/P8 -> 0.90910114 | T8: =INDEX('SO Maret 2026 Rev 2'!$B$6:$BG$52,MATCH(B8,'SO Maret 2026 Rev 2'!$B$6:$B$52,0),MATCH($T$3,'SO Maret 2026 Rev 2'!$B$5:$XG$5,0)) -> 3282.5161 | U8: =INDEX('Summary sales'!$A$6:$CA$50,MATCH($B8,'Summary sales'!$A$6:$A$50,0),MATCH($T$3,'Summary sales'!$A$7:$CA$7,0)) -> 2165.34 | V8: =U8-T8 -> -1117.1761 | W8: =U8/T8 -> 0.6596586 | X8: =INDEX('SO Maret 2026 Rev 2'!$B$6:$BG$52,MATCH(B8,'SO Maret 2026 Rev 2'!$B$6:$B$52,0),MATCH($X$3,'SO Maret 2026 Rev 2'!$B$5:$XG$5,0)) -> 644.02065 | Y8: =INDEX('Summary sales'!$A$6:$CA$50,MATCH($B8,'Summary sales'!$A$6:$A$50,0),MATCH($X$3,'Summary sales'!$A$7:$CA$7,0)) -> 603.51 | Z8: =Y8-X8 -> -40.510645 | AA8: =Y8/X8 -> 0.93709729 | AB8: =INDEX('SO Maret 2026 Rev 2'!$B$6:$BG$52,MATCH(B8,'SO Maret 2026 Rev 2'!$B$6:$B$52,0),MATCH($AB$3,'SO Maret 2026 Rev 2'!$B$5:$XG$5,0)) -> 5500 | AC8: =INDEX('Summary sales'!$A$6:$CA$50,MATCH($B8,'Summary sales'!$A$6:$A$50,0),MATCH($AB$3,'Summary sales'!$A$7:$CA$7,0)) -> 1158.42 | AD8: =AC8-AB8 -> -4341.58 | AE8: =AC8/AB8 -> 0.21062182 | AF8: =INDEX('SO Maret 2026 Rev 2'!$B$6:$BG$52,MATCH(B8,'SO Maret 2026 Rev 2'!$B$6:$B$52,0),MATCH($AF$3,'SO Maret 2026 Rev 2'!$B$5:$XG$5,0)) -> 499.97065 | AG8: =INDEX('Summary sales'!$A$6:$CA$50,MATCH($B8,'Summary sales'!$A$6:$A$50,0),MATCH($AF$3,'Summary sales'!$A$7:$CA$7,0)) -> 590.82 | AH8: =AG8-AF8 -> 90.849355 | AI8: =AG8/AF8 -> 1.1817094 | AJ8: =INDEX('SO Maret 2026 Rev 2'!$B$6:$BG$52,MATCH(B8,'SO Maret 2026 Rev 2'!$B$6:$B$52,0),MATCH($AJ$3,'SO Maret 2026 Rev 2'!$B$5:$XG$5,0)) -> 603.76323 | AK8: =INDEX('Summary sales'!$A$6:$CA$50,MATCH($B8,'Summary sales'!$A$6:$A$50,0),MATCH($AJ$3,'Summary sales'!$A$7:$CA$7,0)) -> 911.61 | AL8: =AK8-AJ8 -> 307.84677 | AM8: =AK8/AJ8 -> 1.50988 | AN8: =INDEX('SO Maret 2026 Rev 2'!$B$6:$BG$52,MATCH(B8,'SO Maret 2026 Rev 2'!$B$6:$B$52,0),MATCH($AN$3,'SO Maret 2026 Rev 2'!$B$5:$XG$5,0)) -> 673.27548 | AO8: =INDEX('Summary sales'!$A$6:$CA$50,MATCH($B8,'Summary sales'!$A$6:$A$50,0),MATCH($AN$3,'Summary sales'!$A$7:$CA$7,0)) -> 400.92 | AP8: =AO8-AN8 -> -272.35548 | AQ8: =AO8/AN8 -> 0.5954769 | AR8: =INDEX('SO Maret 2026 Rev 2'!$B$6:$BG$52,MATCH(B8,'SO Maret 2026 Rev 2'!$B$6:$B$52,0),MATCH($AR$3,'SO Maret 2026 Rev 2'!$B$5:$XG$5,0)) -> 5514.199 | AS8: =INDEX('Summary sales'!$A$6:$CA$50,MATCH($B8,'Summary sales'!$A$6:$A$50,0),MATCH($AR$3,'Summary sales'!$A$7:$CA$7,0)) -> 5344.85 | AT8: =AS8-AR8 -> -169.34903 | AU8: =AS8/AR8 -> 0.96928855 | AV8: =INDEX('SO Maret 2026 Rev 2'!$B$6:$BG$52,MATCH(B8,'SO Maret 2026 Rev 2'!$B$6:$B$52,0),MATCH($AV$3,'SO Maret 2026 Rev 2'!$B$5:$XG$5,0)) -> 6600.0623 | AW8: =INDEX('Summary sales'!$A$6:$CA$50,MATCH($B8,'Summary sales'!$A$6:$A$50,0),MATCH($AV$3,'Summary sales'!$A$7:$CA$7,0)) -> 6853.1 | AX8: =AW8-AV8 -> 253.03774 | AY8: =AW8/AV8 -> 1.0383387 | AZ8: =INDEX('SO Maret 2026 Rev 2'!$B$6:$BG$52,MATCH(B8,'SO Maret 2026 Rev 2'!$B$6:$B$52,0),MATCH($AZ$3,'SO Maret 2026 Rev 2'!$B$5:$XG$5,0)) -> 2874.3265 | BA8: =INDEX('Summary sales'!$A$6:$CA$50,MATCH($B8,'Summary sales'!$A$6:$A$50,0),MATCH($AZ$3,'Summary sales'!$A$7:$CA$7,0)) -> 3714.69 | BB8: =BA8-AZ8 -> 840.36355 | BC8: =BA8/AZ8 -> 1.2923689 | BD8: =INDEX('SO Maret 2026 Rev 2'!$B$6:$BG$52,MATCH(B8,'SO Maret 2026 Rev 2'!$B$6:$B$52,0),MATCH($BD$3,'SO Maret 2026 Rev 2'!$B$5:$XG$5,0)) -> 500 | BE8: =INDEX('Summary sales'!$A$6:$CA$50,MATCH($B8,'Summary sales'!$A$6:$A$50,0),MATCH($BD$3,'Summary sales'!$A$7:$CA$7,0)) -> 349.64 | BF8: =BE8-BD8 -> -150.36 | BG8: =BE8/BD8 -> 0.69928 | BH8: =INDEX('SO Maret 2026 Rev 2'!$B$6:$BG$52,MATCH(B8,'SO Maret 2026 Rev 2'!$B$6:$B$52,0),MATCH($BH$3,'SO Maret 2026 Rev 2'!$B$5:$XG$5,0)) -> 3600 | BI8: =INDEX('Summary sales'!$A$6:$CA$50,MATCH($B8,'Summary sales'!$A$6:$A$50,0),MATCH($BH$3,'Summary sales'!$A$7:$CA$7,0)) -> 3706.66 | BJ8: =BI8-BH8 -> 106.66 | BK8: =BI8/BH8 -> 1.0296278 | BL8: =INDEX('SO Maret 2026 Rev 2'!$B$6:$BG$52,MATCH(B8,'SO Maret 2026 Rev 2'!$B$6:$B$52,0),MATCH($BL$3,'SO Maret 2026 Rev 2'!$B$5:$XG$5,0)) -> 9000.0571 | BM8: =INDEX('Summary sales'!$A$6:$CA$50,MATCH($B8,'Summary sales'!$A$6:$A$50,0),MATCH($BL$3,'Summary sales'!$A$7:$CA$7,0)) -> 8860.42 | BN8: =BM8-BL8 -> -139.6371 | BO8: =BM8/BL8 -> 0.98448487 | BP8: =INDEX('SO Maret 2026 Rev 2'!$B$6:$BG$52,MATCH(B8,'SO Maret 2026 Rev 2'!$B$6:$B$52,0),MATCH($BP$3,'SO Maret 2026 Rev 2'!$B$5:$XG$5,0)) -> 1000 | BQ8: =INDEX('Summary sales'!$A$6:$CA$50,MATCH($B8,'Summary sales'!$A$6:$A$50,0),MATCH($BP$3,'Summary sales'!$A$7:$CA$7,0)) -> 602.451 | BR8: =BQ8-BP8 -> -397.549 | BS8: =BQ8/BP8 -> 0.602451 | BT8: =INDEX('SO Maret 2026 Rev 2'!$B$6:$BG$52,MATCH(B8,'SO Maret 2026 Rev 2'!$B$6:$B$52,0),MATCH($BT$3,'SO Maret 2026 Rev 2'!$B$5:$XG$5,0)) -> 5500 | BU8: =INDEX('Summary sales'!$A$6:$CA$50,MATCH($B8,'Summary sales'!$A$6:$A$50,0),MATCH($BT$3,'Summary sales'!$A$7:$CA$7,0)) -> 5583.66 | BV8: =BU8-BT8 -> 83.66 | BW8: =BU8/BT8 -> 1.0152109 | BX8: =INDEX('SO Maret 2026 Rev 2'!$B$6:$BG$52,MATCH(B8,'SO Maret 2026 Rev 2'!$B$6:$B$52,0),MATCH($BX$3,'SO Maret 2026 Rev 2'!$B$5:$XG$5,0)) -> 70.054839 | BY8: =INDEX('Summary sales'!$A$6:$CA$50,MATCH($B8,'Summary sales'!$A$6:$A$50,0),MATCH($BX$3,'Summary sales'!$A$7:$CA$7,0)) -> 288.5 | BZ8: =BY8-BX8 -> 218.44516 | CA8: =BY8/BX8 -> 4.1182023 | CB8: =INDEX('SO Maret 2026 Rev 2'!$B$6:$BG$52,MATCH(B8,'SO Maret 2026 Rev 2'!$B$6:$B$52,0),MATCH($CB$3,'SO Maret 2026 Rev 2'!$B$5:$XG$5,0)) -> 89.451613 | CC8: =INDEX('Summary sales'!$A$6:$CA$50,MATCH($B8,'Summary sales'!$A$6:$A$50,0),MATCH($CB$3,'Summary sales'!$A$7:$CA$7,0)) -> 50.228 | CD8: =CC8-CB8 -> -39.223613 | CE8: =CC8/CB8 -> 0.56151028 | CF8: =INDEX('SO Maret 2026 Rev 2'!$B$6:$BG$52,MATCH(B8,'SO Maret 2026 Rev 2'!$B$6:$B$52,0),MATCH($CF$3,'SO Maret 2026 Rev 2'!$B$5:$XG$5,0)) -> 3500 | CG8: =INDEX('Summary sales'!$A$6:$CA$50,MATCH($B8,'Summary sales'!$A$6:$A$50,0),MATCH($CF$3,'Summary sales'!$A$7:$CA$7,0)) -> 3620.5 | CH8: =CG8-CF8 -> 120.5 | CI8: =CG8/CF8 -> 1.0344286 | CJ8: =INDEX('SO Maret 2026 Rev 2'!$B$6:$BG$52,MATCH(B8,'SO Maret 2026 Rev 2'!$B$6:$B$52,0),MATCH($CJ$3,'SO Maret 2026 Rev 2'!$B$5:$XG$5,0)) -> 2901.4806 | CK8: =INDEX('Summary sales'!$A$6:$CA$50,MATCH($B8,'Summary sales'!$A$6:$A$50,0),MATCH($CJ$3,'Summary sales'!$A$7:$CA$7,0)) -> 5114.8 | CL8: =CK8-CJ8 -> 2213.3194 | CM8: =CK8/CJ8 -> 1.7628241 | CN8: =INDEX('SO Maret 2026 Rev 2'!$B$6:$BG$52,MATCH(B8,'SO Maret 2026 Rev 2'!$B$6:$B$52,0),MATCH($CN$3,'SO Maret 2026 Rev 2'!$B$5:$XG$5,0)) -> 3500 | CO8: =INDEX('Summary sales'!$A$6:$CA$50,MATCH($B8,'Summary sales'!$A$6:$A$50,0),MATCH($CN$3,'Summary sales'!$A$7:$CA$7,0)) -> 3580.26 | CP8: =CO8-CN8 -> 80.26 | CQ8: =CO8/CN8 -> 1.0229314 | CR8: =INDEX('SO Maret 2026 Rev 2'!$B$6:$BG$52,MATCH(B8,'SO Maret 2026 Rev 2'!$B$6:$B$52,0),MATCH($CR$3,'SO Maret 2026 Rev 2'!$B$5:$XG$5,0)) -> 8500 | CS8: =INDEX('Summary sales'!$A$6:$CA$50,MATCH($B8,'Summary sales'!$A$6:$A$50,0),MATCH($CR$3,'Summary sales'!$A$7:$CA$7,0)) -> 0 | CT8: =CS8-CR8 -> -8500 | CU8: =CS8/CR8 -> 0 | CV8: =INDEX('SO Maret 2026 Rev 2'!$B$6:$BG$52,MATCH(B8,'SO Maret 2026 Rev 2'!$B$6:$B$52,0),MATCH($CV$3,'SO Maret 2026 Rev 2'!$B$5:$XG$5,0)) -> 11659.555 | CW8: =INDEX('Summary sales'!$A$6:$CA$50,MATCH($B8,'Summary sales'!$A$6:$A$50,0),MATCH($CV$3,'Summary sales'!$A$7:$CA$7,0)) -> 15964.525 | CX8: =CW8-CV8 -> 4304.9705 | CY8: =CW8/CV8 -> 1.3692225 | CZ8: =INDEX('SO Maret 2026 Rev 2'!$B$6:$BG$52,MATCH(B8,'SO Maret 2026 Rev 2'!$B$6:$B$52,0),MATCH($CZ$3,'SO Maret 2026 Rev 2'!$B$5:$XG$5,0)) -> 2020.8603 | DA8: =INDEX('Summary sales'!$A$6:$CA$50,MATCH($B8,'Summary sales'!$A$6:$A$50,0),MATCH($CZ$3,'Summary sales'!$A$7:$CA$7,0)) -> 2506.33 | DB8: =DA8-CZ8 -> 485.46968 | DC8: =DA8/CZ8 -> 1.2402292 | DD8: =INDEX('SO Maret 2026 Rev 2'!$B$6:$BG$52,MATCH(B8,'SO Maret 2026 Rev 2'!$B$6:$B$52,0),MATCH($DD$3,'SO Maret 2026 Rev 2'!$B$5:$XG$5,0)) -> 678.7 | DE8: =INDEX('Summary sales'!$A$6:$CA$50,MATCH($B8,'Summary sales'!$A$6:$A$50,0),MATCH($DD$3,'Summary sales'!$A$7:$CA$7,0)) -> 939.25 | DF8: =DE8-DD8 -> 260.55 | DG8: =DE8/DD8 -> 1.3838957 | DH8: =INDEX('SO Maret 2026 Rev 2'!$B$6:$BG$52,MATCH(B8,'SO Maret 2026 Rev 2'!$B$6:$B$52,0),MATCH($DH$3,'SO Maret 2026 Rev 2'!$B$5:$XG$5,0)) -> 7121.8519 | DI8: =INDEX('Summary sales'!$A$6:$CA$50,MATCH($B8,'Summary sales'!$A$6:$A$50,0),MATCH($DH$3,'Summary sales'!$A$7:$CA$7,0)) -> 8852.82 | DJ8: =DI8-DH8 -> 1730.9681 | DK8: =DI8/DH8 -> 1.2430503 | DL8: =INDEX('SO Maret 2026 Rev 2'!$B$6:$BG$52,MATCH(B8,'SO Maret 2026 Rev 2'!$B$6:$B$52,0),MATCH($DL$3,'SO Maret 2026 Rev 2'!$B$5:$XG$5,0)) -> 3499.8768 | DM8: =INDEX('Summary sales'!$A$6:$CA$50,MATCH($B8,'Summary sales'!$A$6:$A$50,0),MATCH($DL$3,'Summary sales'!$A$7:$CA$7,0)) -> 4230.71 | DN8: =DM8-DL8 -> 730.83323 | DO8: =DM8/DL8 -> 1.2088168 | DP8: =INDEX('SO Maret 2026 Rev 2'!$B$6:$BG$52,MATCH(B8,'SO Maret 2026 Rev 2'!$B$6:$B$52,0),MATCH($DP$3,'SO Maret 2026 Rev 2'!$B$5:$XG$5,0)) -> 2043.2745 | DQ8: =INDEX('Summary sales'!$A$6:$CA$50,MATCH($B8,'Summary sales'!$A$6:$A$50,0),MATCH($DP$3,'Summary sales'!$A$7:$CA$7,0)) -> 1769.98 | DR8: =DQ8-DP8 -> -273.29452 | DS8: =DQ8/DP8 -> 0.86624679 | DT8: =INDEX('SO Maret 2026 Rev 2'!$B$6:$BG$52,MATCH(B8,'SO Maret 2026 Rev 2'!$B$6:$B$52,0),MATCH($DT$3,'SO Maret 2026 Rev 2'!$B$5:$XG$5,0)) -> 1999.5303 | DU8: =INDEX('Summary sales'!$A$6:$CA$50,MATCH($B8,'Summary sales'!$A$6:$A$50,0),MATCH($DT$3,'Summary sales'!$A$7:$CA$7,0)) -> 2210.38 | DV8: =DU8-DT8 -> 210.84968 | DW8: =DU8/DT8 -> 1.1054496 | DX8: =INDEX('SO Maret 2026 Rev 2'!$B$6:$BG$52,MATCH(B8,'SO Maret 2026 Rev 2'!$B$6:$B$52,0),MATCH($DX$3,'SO Maret 2026 Rev 2'!$B$5:$XG$5,0)) -> 1000 | DY8: =INDEX('Summary sales'!$A$6:$CA$50,MATCH($B8,'Summary sales'!$A$6:$A$50,0),MATCH($DX$3,'Summary sales'!$A$7:$CA$7,0)) -> 1412.72 | DZ8: =DY8-DX8 -> 412.72 | EA8: =DY8/DX8 -> 1.41272 | EB8: =INDEX('SO Maret 2026 Rev 2'!$B$6:$BG$52,MATCH(B8,'SO Maret 2026 Rev 2'!$B$6:$B$52,0),MATCH($EB$3,'SO Maret 2026 Rev 2'!$B$5:$XG$5,0)) -> 11007.047 | EC8: =INDEX('Summary sales'!$A$6:$CA$50,MATCH($B8,'Summary sales'!$A$6:$A$50,0),MATCH($EB$3,'Summary sales'!$A$7:$CA$7,0)) -> 11602.01 | ED8: =EC8-EB8 -> 594.96258 | EE8: =EC8/EB8 -> 1.0540529 | EF8: =INDEX('SO Maret 2026 Rev 2'!$B$6:$BG$52,MATCH(B8,'SO Maret 2026 Rev 2'!$B$6:$B$52,0),MATCH($EF$3,'SO Maret 2026 Rev 2'!$B$5:$XG$5,0)) -> 1519.5448 | EG8: =INDEX('Summary sales'!$A$6:$CA$50,MATCH($B8,'Summary sales'!$A$6:$A$50,0),MATCH($EF$3,'Summary sales'!$A$7:$CA$7,0)) -> 1355.8 | EH8: =EG8-EF8 -> -163.74484 | EI8: =EG8/EF8 -> 0.89224086 | EJ8: =INDEX('SO Maret 2026 Rev 2'!$B$6:$BG$52,MATCH(B8,'SO Maret 2026 Rev 2'!$B$6:$B$52,0),MATCH($EJ$3,'SO Maret 2026 Rev 2'!$B$5:$XG$5,0)) -> 3999.6742 | EK8: =INDEX('Summary sales'!$A$6:$CA$50,MATCH($B8,'Summary sales'!$A$6:$A$50,0),MATCH($EJ$3,'Summary sales'!$A$7:$CA$7,0)) -> 672.88 | EL8: =EK8-EJ8 -> -3326.7942 | EM8: =EK8/EJ8 -> 0.1682337 | EN8: =INDEX('SO Maret 2026 Rev 2'!$B$6:$BG$52,MATCH(B8,'SO Maret 2026 Rev 2'!$B$6:$B$52,0),MATCH($EN$3,'SO Maret 2026 Rev 2'!$B$5:$XG$5,0)) -> 5500 | EO8: =INDEX('Summary sales'!$A$6:$CA$50,MATCH(B8,'Summary sales'!$A$6:$A$50,0),MATCH($EN$3,'Summary sales'!$A$7:$CA$7,0)) -> 4682.25 | EP8: =EO8-EN8 -> -817.75 | EQ8: =EO8/EN8 -> 0.85131818 | ER8: =INDEX('SO Maret 2026 Rev 2'!$B$6:$BG$52,MATCH(B8,'SO Maret 2026 Rev 2'!$B$6:$B$52,0),MATCH($ER$3,'SO Maret 2026 Rev 2'!$B$5:$XG$5,0)) -> 4482.6897 | ES8: =INDEX('Summary sales'!$A$6:$CA$50,MATCH($B8,'Summary sales'!$A$6:$A$50,0),MATCH($ER$3,'Summary sales'!$A$7:$CA$7,0)) -> 4789.55 | ET8: =ES8-ER8 -> 306.86032 | EU8: =ES8/ER8 -> 1.0684545 | EV8: =INDEX('SO Maret 2026 Rev 2'!$B$6:$BG$52,MATCH(B8,'SO Maret 2026 Rev 2'!$B$6:$B$52,0),MATCH($EV$3,'SO Maret 2026 Rev 2'!$B$5:$XG$5,0)) -> 26500 | EW8: =INDEX('Summary sales'!$A$6:$CA$50,MATCH($B8,'Summary sales'!$A$6:$A$50,0),MATCH($EV$3,'Summary sales'!$A$7:$CA$7,0)) -> 47635.78 | EX8: =EW8-EV8 -> 21135.78 | EY8: =EW8/EV8 -> 1.7975766 | EZ8: =INDEX('SO Maret 2026 Rev 2'!$B$6:$BG$52,MATCH(B8,'SO Maret 2026 Rev 2'!$B$6:$B$52,0),MATCH($EZ$3,'SO Maret 2026 Rev 2'!$B$5:$XG$5,0)) -> 8000 | FA8: =INDEX('Summary sales'!$A$6:$CA$50,MATCH(B8,'Summary sales'!$A$6:$A$50,0),MATCH($EZ$3,'Summary sales'!$A$7:$CA$7,0)) -> 9893.62 | FB8: =FA8-EZ8 -> 1893.62 | FC8: =FA8/EZ8 -> 1.2367025 | FD8: =INDEX('SO Maret 2026 Rev 2'!$B$6:$BG$52,MATCH(B8,'SO Maret 2026 Rev 2'!$B$6:$B$52,0),MATCH($FD$3,'SO Maret 2026 Rev 2'!$B$5:$XG$5,0)) -> 3500 | FE8: =INDEX('Summary sales'!$A$6:$CA$50,MATCH(B8,'Summary sales'!$A$6:$A$50,0),MATCH($FD$3,'Summary sales'!$A$7:$CA$7,0)) -> 4480.6 | FF8: =FE8-FD8 -> 980.6 | FG8: =FE8/FD8 -> 1.2801714 | FH8: =INDEX('SO Maret 2026 Rev 2'!$B$6:$BG$52,MATCH(B8,'SO Maret 2026 Rev 2'!$B$6:$B$52,0),MATCH($FH$3,'SO Maret 2026 Rev 2'!$B$5:$XG$5,0)) -> 726.81516 | FI8: =INDEX('Summary sales'!$A$6:$CA$50,MATCH(B8,'Summary sales'!$A$6:$A$50,0),MATCH($FH$3,'Summary sales'!$A$7:$CA$7,0)) -> 811.1 | FJ8: =FI8-FH8 -> 84.284839 | FK8: =FI8/FH8 -> 1.1159646 | FL8: =INDEX('SO Maret 2026 Rev 2'!$B$6:$BG$52,MATCH(B8,'SO Maret 2026 Rev 2'!$B$6:$B$52,0),MATCH($FL$3,'SO Maret 2026 Rev 2'!$B$5:$XG$5,0)) -> 3018.0416 | FM8: =INDEX('Summary sales'!$A$6:$CA$50,MATCH(B8,'Summary sales'!$A$6:$A$50,0),MATCH($FL$3,'Summary sales'!$A$7:$CA$7,0)) -> 1903.84 | FN8: =FM8-FL8 -> -1114.2016 | FO8: =FM8/FL8 -> 0.63081967 | FP8: =INDEX('SO Maret 2026 Rev 2'!$B$6:$BG$52,MATCH(B8,'SO Maret 2026 Rev 2'!$B$6:$B$52,0),MATCH($FP$3,'SO Maret 2026 Rev 2'!$B$5:$XG$5,0)) -> 2044.9997 | FQ8: =INDEX('Summary sales'!$A$6:$CA$50,MATCH(B8,'Summary sales'!$A$6:$A$50,0),MATCH($FP$3,'Summary sales'!$A$7:$CA$7,0)) -> 2096.18 | FR8: =FQ8-FP8 -> 51.180323 | FS8: =FQ8/FP8 -> 1.0250271 | FT8: =INDEX('SO Maret 2026 Rev 2'!$B$6:$BG$52,MATCH(B8,'SO Maret 2026 Rev 2'!$B$6:$B$52,0),MATCH($FT$3,'SO Maret 2026 Rev 2'!$B$5:$XG$5,0)) -> 369.61071 | FU8: =INDEX('Summary sales'!$A$6:$CA$50,MATCH(B8,'Summary sales'!$A$6:$A$50,0),MATCH($FT$3,'Summary sales'!$A$7:$CA$7,0)) -> 2786.279 | FV8: =FU8-FT8 -> 2416.6683 | FW8: =FU8/FT8 -> 7.5384152 | FX8: =INDEX('SO Maret 2026 Rev 2'!$B$6:$BG$52,MATCH(B8,'SO Maret 2026 Rev 2'!$B$6:$B$52,0),MATCH($FX$3,'SO Maret 2026 Rev 2'!$B$5:$XG$5,0)) -> 13500 | FY8: =INDEX('Summary sales'!$A$6:$CA$50,MATCH(B8,'Summary sales'!$A$6:$A$50,0),MATCH($FX$3,'Summary sales'!$A$7:$CA$7,0)) -> 8562.984 | FZ8: =FY8-FX8 -> -4937.016 | GA8: =FY8/FX8 -> 0.63429511 | GB8: =INDEX('SO Maret 2026 Rev 2'!$B$6:$BG$52,MATCH(B8,'SO Maret 2026 Rev 2'!$B$6:$B$52,0),MATCH($GB$3,'SO Maret 2026 Rev 2'!$B$5:$XG$5,0)) -> 5000 | GC8: =INDEX('Summary sales'!$A$6:$CA$50,MATCH($B8,'Summary sales'!$A$6:$A$50,0),MATCH($GB$3,'Summary sales'!$A$7:$CA$7,0)) -> 4412.135 | GD8: =GC8-GB8 -> -587.865 | GE8: =GC8/GB8 -> 0.882427 | GF8: =INDEX('SO Maret 2026 Rev 2'!$B$6:$BG$52,MATCH(B8,'SO Maret 2026 Rev 2'!$B$6:$B$52,0),MATCH($GF$3,'SO Maret 2026 Rev 2'!$B$5:$XG$5,0)) -> 1121.9003 | GG8: =INDEX('Summary sales'!$A$6:$CA$50,MATCH($B8,'Summary sales'!$A$6:$A$50,0),MATCH($GF$3,'Summary sales'!$A$7:$CA$7,0)) -> 1298.83 | GH8: =GG8-GF8 -> 176.92968 | GI8: =GG8/GF8 -> 1.1577053 | GJ8: =INDEX('SO Maret 2026 Rev 2'!$B$6:$BG$52,MATCH(B8,'SO Maret 2026 Rev 2'!$B$6:$B$52,0),MATCH($GJ$3,'SO Maret 2026 Rev 2'!$B$5:$XG$5,0)) -> 1800 | GK8: =INDEX('Summary sales'!$A$6:$CA$50,MATCH(B8,'Summary sales'!$A$6:$A$50,0),MATCH($GJ$3,'Summary sales'!$A$7:$CA$7,0)) -> 1686.068 | GL8: =GK8-GJ8 -> -113.932 | GM8: =GK8/GJ8 -> 0.93670444 | GN8: =INDEX('SO Maret 2026 Rev 2'!$B$6:$BG$52,MATCH(B8,'SO Maret 2026 Rev 2'!$B$6:$B$52,0),MATCH($GN$3,'SO Maret 2026 Rev 2'!$B$5:$XG$5,0)) -> 2499.7026 | GO8: =INDEX('Summary sales'!$A$6:$CA$50,MATCH(B8,'Summary sales'!$A$6:$A$50,0),MATCH($GN$3,'Summary sales'!$A$7:$CA$7,0)) -> 1507.91 | GP8: =GO8-GN8 -> -991.79258 | GQ8: =GO8/GN8 -> 0.60323577 | GR8: =INDEX('SO Maret 2026 Rev 2'!$B$6:$BG$52,MATCH(B8,'SO Maret 2026 Rev 2'!$B$6:$B$52,0),MATCH($GR$3,'SO Maret 2026 Rev 2'!$B$5:$XG$5,0)) -> 9000 | GS8: =INDEX('Summary sales'!$A$6:$CA$50,MATCH(B8,'Summary sales'!$A$6:$A$50,0),MATCH($GR$3,'Summary sales'!$A$7:$CA$7,0)) -> 4458.462 | GT8: =GS8-GR8 -> -4541.538 | GU8: =GS8/GR8 -> 0.49538467
B9: =B8+1 -> 46084 | C9: =TEXT(B9,"ddd") -> Sel | D9: =SUMIF($H$4:$GT$4,$D$4,H9:GT9) -> 202796.16 | E9: =SUMIF($H$4:$GT$4,$E$4,H9:GT9) -> 220309.16 | F9: =E9-D9 -> 17513.005 | G9: =E9/D9 -> 1.0863577 | H9: =INDEX('SO Maret 2026 Rev 2'!$B$6:$BG$52,MATCH(B9,'SO Maret 2026 Rev 2'!$B$6:$B$52,0),MATCH($H$3,'SO Maret 2026 Rev 2'!$B$5:$XG$5,0)) -> 1199.5729 | I9: =INDEX('Summary sales'!$A$6:$CA$50,MATCH(B9,'Summary sales'!$A$6:$A$50,0),MATCH($H$3,'Summary sales'!$A$7:$CA$7,0)) -> 1219.64 | J9: =I9-H9 -> 20.067097 | K9: =I9/H9 -> 1.0167285 | L9: =INDEX('SO Maret 2026 Rev 2'!$B$6:$BG$52,MATCH(B9,'SO Maret 2026 Rev 2'!$B$6:$B$52,0),MATCH($L$3,'SO Maret 2026 Rev 2'!$B$5:$XG$5,0)) -> 2500 | M9: =INDEX('Summary sales'!$A$6:$CA$50,MATCH($B9,'Summary sales'!$A$6:$A$50,0),MATCH($L$3,'Summary sales'!$A$7:$CA$7,0)) -> 2980.87 | N9: =M9-L9 -> 480.87 | O9: =M9/L9 -> 1.192348 | P9: =INDEX('SO Maret 2026 Rev 2'!$B$6:$BG$52,MATCH(B9,'SO Maret 2026 Rev 2'!$B$6:$B$52,0),MATCH($P$3,'SO Maret 2026 Rev 2'!$B$5:$XG$5,0)) -> 1129.7313 | Q9: =INDEX('Summary sales'!$A$6:$CA$50,MATCH($B9,'Summary sales'!$A$6:$A$50,0),MATCH($P$3,'Summary sales'!$A$7:$CA$7,0)) -> 1193.69 | R9: =Q9-P9 -> 63.95871 | S9: =Q9/P9 -> 1.0566141 | T9: =INDEX('SO Maret 2026 Rev 2'!$B$6:$BG$52,MATCH(B9,'SO Maret 2026 Rev 2'!$B$6:$B$52,0),MATCH($T$3,'SO Maret 2026 Rev 2'!$B$5:$XG$5,0)) -> 3282.5161 | U9: =INDEX('Summary sales'!$A$6:$CA$50,MATCH($B9,'Summary sales'!$A$6:$A$50,0),MATCH($T$3,'Summary sales'!$A$7:$CA$7,0)) -> 3468.29 | V9: =U9-T9 -> 185.77387 | W9: =U9/T9 -> 1.056595 | X9: =INDEX('SO Maret 2026 Rev 2'!$B$6:$BG$52,MATCH(B9,'SO Maret 2026 Rev 2'!$B$6:$B$52,0),MATCH($X$3,'SO Maret 2026 Rev 2'!$B$5:$XG$5,0)) -> 644.02065 | Y9: =INDEX('Summary sales'!$A$6:$CA$50,MATCH($B9,'Summary sales'!$A$6:$A$50,0),MATCH($X$3,'Summary sales'!$A$7:$CA$7,0)) -> 858.52 | Z9: =Y9-X9 -> 214.49935 | AA9: =Y9/X9 -> 1.3330629 | AB9: =INDEX('SO Maret 2026 Rev 2'!$B$6:$BG$52,MATCH(B9,'SO Maret 2026 Rev 2'!$B$6:$B$52,0),MATCH($AB$3,'SO Maret 2026 Rev 2'!$B$5:$XG$5,0)) -> 5500 | AC9: =INDEX('Summary sales'!$A$6:$CA$50,MATCH($B9,'Summary sales'!$A$6:$A$50,0),MATCH($AB$3,'Summary sales'!$A$7:$CA$7,0)) -> 716.89 | AD9: =AC9-AB9 -> -4783.11 | AE9: =AC9/AB9 -> 0.13034364 | AF9: =INDEX('SO Maret 2026 Rev 2'!$B$6:$BG$52,MATCH(B9,'SO Maret 2026 Rev 2'!$B$6:$B$52,0),MATCH($AF$3,'SO Maret 2026 Rev 2'!$B$5:$XG$5,0)) -> 499.97065 | AG9: =INDEX('Summary sales'!$A$6:$CA$50,MATCH($B9,'Summary sales'!$A$6:$A$50,0),MATCH($AF$3,'Summary sales'!$A$7:$CA$7,0)) -> 498.75 | AH9: =AG9-AF9 -> -1.2206452 | AI9: =AG9/AF9 -> 0.99755857 | AJ9: =INDEX('SO Maret 2026 Rev 2'!$B$6:$BG$52,MATCH(B9,'SO Maret 2026 Rev 2'!$B$6:$B$52,0),MATCH($AJ$3,'SO Maret 2026 Rev 2'!$B$5:$XG$5,0)) -> 603.76323 | AK9: =INDEX('Summary sales'!$A$6:$CA$50,MATCH($B9,'Summary sales'!$A$6:$A$50,0),MATCH($AJ$3,'Summary sales'!$A$7:$CA$7,0)) -> 937 | AL9: =AK9-AJ9 -> 333.23677 | AM9: =AK9/AJ9 -> 1.5519329 | AN9: =INDEX('SO Maret 2026 Rev 2'!$B$6:$BG$52,MATCH(B9,'SO Maret 2026 Rev 2'!$B$6:$B$52,0),MATCH($AN$3,'SO Maret 2026 Rev 2'!$B$5:$XG$5,0)) -> 673.27548 | AO9: =INDEX('Summary sales'!$A$6:$CA$50,MATCH($B9,'Summary sales'!$A$6:$A$50,0),MATCH($AN$3,'Summary sales'!$A$7:$CA$7,0)) -> 393.49 | AP9: =AO9-AN9 -> -279.78548 | AQ9: =AO9/AN9 -> 0.5844413 | AR9: =INDEX('SO Maret 2026 Rev 2'!$B$6:$BG$52,MATCH(B9,'SO Maret 2026 Rev 2'!$B$6:$B$52,0),MATCH($AR$3,'SO Maret 2026 Rev 2'!$B$5:$XG$5,0)) -> 5514.199 | AS9: =INDEX('Summary sales'!$A$6:$CA$50,MATCH($B9,'Summary sales'!$A$6:$A$50,0),MATCH($AR$3,'Summary sales'!$A$7:$CA$7,0)) -> 5142.64 | AT9: =AS9-AR9 -> -371.55903 | AU9: =AS9/AR9 -> 0.93261777 | AV9: =INDEX('SO Maret 2026 Rev 2'!$B$6:$BG$52,MATCH(B9,'SO Maret 2026 Rev 2'!$B$6:$B$52,0),MATCH($AV$3,'SO Maret 2026 Rev 2'!$B$5:$XG$5,0)) -> 6600.0623 | AW9: =INDEX('Summary sales'!$A$6:$CA$50,MATCH($B9,'Summary sales'!$A$6:$A$50,0),MATCH($AV$3,'Summary sales'!$A$7:$CA$7,0)) -> 6719.86 | AX9: =AW9-AV9 -> 119.79774 | AY9: =AW9/AV9 -> 1.018151 | AZ9: =INDEX('SO Maret 2026 Rev 2'!$B$6:$BG$52,MATCH(B9,'SO Maret 2026 Rev 2'!$B$6:$B$52,0),MATCH($AZ$3,'SO Maret 2026 Rev 2'!$B$5:$XG$5,0)) -> 2874.3265 | BA9: =INDEX('Summary sales'!$A$6:$CA$50,MATCH($B9,'Summary sales'!$A$6:$A$50,0),MATCH($AZ$3,'Summary sales'!$A$7:$CA$7,0)) -> 3720.9 | BB9: =BA9-AZ9 -> 846.57355 | BC9: =BA9/AZ9 -> 1.2945294 | BD9: =INDEX('SO Maret 2026 Rev 2'!$B$6:$BG$52,MATCH(B9,'SO Maret 2026 Rev 2'!$B$6:$B$52,0),MATCH($BD$3,'SO Maret 2026 Rev 2'!$B$5:$XG$5,0)) -> 500 | BE9: =INDEX('Summary sales'!$A$6:$CA$50,MATCH($B9,'Summary sales'!$A$6:$A$50,0),MATCH($BD$3,'Summary sales'!$A$7:$CA$7,0)) -> 610.17 | BF9: =BE9-BD9 -> 110.17 | BG9: =BE9/BD9 -> 1.22034 | BH9: =INDEX('SO Maret 2026 Rev 2'!$B$6:$BG$52,MATCH(B9,'SO Maret 2026 Rev 2'!$B$6:$B$52,0),MATCH($BH$3,'SO Maret 2026 Rev 2'!$B$5:$XG$5,0)) -> 3600 | BI9: =INDEX('Summary sales'!$A$6:$CA$50,MATCH($B9,'Summary sales'!$A$6:$A$50,0),MATCH($BH$3,'Summary sales'!$A$7:$CA$7,0)) -> 3690.03 | BJ9: =BI9-BH9 -> 90.03 | BK9: =BI9/BH9 -> 1.0250083 | BL9: =INDEX('SO Maret 2026 Rev 2'!$B$6:$BG$52,MATCH(B9,'SO Maret 2026 Rev 2'!$B$6:$B$52,0),MATCH($BL$3,'SO Maret 2026 Rev 2'!$B$5:$XG$5,0)) -> 9000.0571 | BM9: =INDEX('Summary sales'!$A$6:$CA$50,MATCH($B9,'Summary sales'!$A$6:$A$50,0),MATCH($BL$3,'Summary sales'!$A$7:$CA$7,0)) -> 10064.75 | BN9: =BM9-BL9 -> 1064.6929 | BO9: =BM9/BL9 -> 1.1182985 | BP9: =INDEX('SO Maret 2026 Rev 2'!$B$6:$BG$52,MATCH(B9,'SO Maret 2026 Rev 2'!$B$6:$B$52,0),MATCH($BP$3,'SO Maret 2026 Rev 2'!$B$5:$XG$5,0)) -> 1000 | BQ9: =INDEX('Summary sales'!$A$6:$CA$50,MATCH($B9,'Summary sales'!$A$6:$A$50,0),MATCH($BP$3,'Summary sales'!$A$7:$CA$7,0)) -> 1688.565 | BR9: =BQ9-BP9 -> 688.565 | BS9: =BQ9/BP9 -> 1.688565 | BT9: =INDEX('SO Maret 2026 Rev 2'!$B$6:$BG$52,MATCH(B9,'SO Maret 2026 Rev 2'!$B$6:$B$52,0),MATCH($BT$3,'SO Maret 2026 Rev 2'!$B$5:$XG$5,0)) -> 5500 | BU9: =INDEX('Summary sales'!$A$6:$CA$50,MATCH($B9,'Summary sales'!$A$6:$A$50,0),MATCH($BT$3,'Summary sales'!$A$7:$CA$7,0)) -> 5438.29 | BV9: =BU9-BT9 -> -61.71 | BW9: =BU9/BT9 -> 0.98878 | BX9: =INDEX('SO Maret 2026 Rev 2'!$B$6:$BG$52,MATCH(B9,'SO Maret 2026 Rev 2'!$B$6:$B$52,0),MATCH($BX$3,'SO Maret 2026 Rev 2'!$B$5:$XG$5,0)) -> 70.054839 | BY9: =INDEX('Summary sales'!$A$6:$CA$50,MATCH($B9,'Summary sales'!$A$6:$A$50,0),MATCH($BX$3,'Summary sales'!$A$7:$CA$7,0)) -> 165 | BZ9: =BY9-BX9 -> 94.945161 | CA9: =BY9/BX9 -> 2.3552977 | CB9: =INDEX('SO Maret 2026 Rev 2'!$B$6:$BG$52,MATCH(B9,'SO Maret 2026 Rev 2'!$B$6:$B$52,0),MATCH($CB$3,'SO Maret 2026 Rev 2'!$B$5:$XG$5,0)) -> 89.451613 | CC9: =INDEX('Summary sales'!$A$6:$CA$50,MATCH($B9,'Summary sales'!$A$6:$A$50,0),MATCH($CB$3,'Summary sales'!$A$7:$CA$7,0)) -> 61.294 | CD9: =CC9-CB9 -> -28.157613 | CE9: =CC9/CB9 -> 0.68521962 | CF9: =INDEX('SO Maret 2026 Rev 2'!$B$6:$BG$52,MATCH(B9,'SO Maret 2026 Rev 2'!$B$6:$B$52,0),MATCH($CF$3,'SO Maret 2026 Rev 2'!$B$5:$XG$5,0)) -> 3500 | CG9: =INDEX('Summary sales'!$A$6:$CA$50,MATCH($B9,'Summary sales'!$A$6:$A$50,0),MATCH($CF$3,'Summary sales'!$A$7:$CA$7,0)) -> 3870.3 | CH9: =CG9-CF9 -> 370.3 | CI9: =CG9/CF9 -> 1.1058 | CJ9: =INDEX('SO Maret 2026 Rev 2'!$B$6:$BG$52,MATCH(B9,'SO Maret 2026 Rev 2'!$B$6:$B$52,0),MATCH($CJ$3,'SO Maret 2026 Rev 2'!$B$5:$XG$5,0)) -> 2901.4806 | CK9: =INDEX('Summary sales'!$A$6:$CA$50,MATCH($B9,'Summary sales'!$A$6:$A$50,0),MATCH($CJ$3,'Summary sales'!$A$7:$CA$7,0)) -> 5109 | CL9: =CK9-CJ9 -> 2207.5194 | CM9: =CK9/CJ9 -> 1.7608251 | CN9: =INDEX('SO Maret 2026 Rev 2'!$B$6:$BG$52,MATCH(B9,'SO Maret 2026 Rev 2'!$B$6:$B$52,0),MATCH($CN$3,'SO Maret 2026 Rev 2'!$B$5:$XG$5,0)) -> 3500 | CO9: =INDEX('Summary sales'!$A$6:$CA$50,MATCH($B9,'Summary sales'!$A$6:$A$50,0),MATCH($CN$3,'Summary sales'!$A$7:$CA$7,0)) -> 3829.44 | CP9: =CO9-CN9 -> 329.44 | CQ9: =CO9/CN9 -> 1.0941257 | CR9: =INDEX('SO Maret 2026 Rev 2'!$B$6:$BG$52,MATCH(B9,'SO Maret 2026 Rev 2'!$B$6:$B$52,0),MATCH($CR$3,'SO Maret 2026 Rev 2'!$B$5:$XG$5,0)) -> 8500 | CS9: =INDEX('Summary sales'!$A$6:$CA$50,MATCH($B9,'Summary sales'!$A$6:$A$50,0),MATCH($CR$3,'Summary sales'!$A$7:$CA$7,0)) -> 0 | CT9: =CS9-CR9 -> -8500 | CU9: =CS9/CR9 -> 0 | CV9: =INDEX('SO Maret 2026 Rev 2'!$B$6:$BG$52,MATCH(B9,'SO Maret 2026 Rev 2'!$B$6:$B$52,0),MATCH($CV$3,'SO Maret 2026 Rev 2'!$B$5:$XG$5,0)) -> 11659.555 | CW9: =INDEX('Summary sales'!$A$6:$CA$50,MATCH($B9,'Summary sales'!$A$6:$A$50,0),MATCH($CV$3,'Summary sales'!$A$7:$CA$7,0)) -> 13873.136 | CX9: =CW9-CV9 -> 2213.5815 | CY9: =CW9/CV9 -> 1.1898513 | CZ9: =INDEX('SO Maret 2026 Rev 2'!$B$6:$BG$52,MATCH(B9,'SO Maret 2026 Rev 2'!$B$6:$B$52,0),MATCH($CZ$3,'SO Maret 2026 Rev 2'!$B$5:$XG$5,0)) -> 2020.8603 | DA9: =INDEX('Summary sales'!$A$6:$CA$50,MATCH($B9,'Summary sales'!$A$6:$A$50,0),MATCH($CZ$3,'Summary sales'!$A$7:$CA$7,0)) -> 3091.2 | DB9: =DA9-CZ9 -> 1070.3397 | DC9: =DA9/CZ9 -> 1.5296456 | DD9: =INDEX('SO Maret 2026 Rev 2'!$B$6:$BG$52,MATCH(B9,'SO Maret 2026 Rev 2'!$B$6:$B$52,0),MATCH($DD$3,'SO Maret 2026 Rev 2'!$B$5:$XG$5,0)) -> 678.7 | DE9: =INDEX('Summary sales'!$A$6:$CA$50,MATCH($B9,'Summary sales'!$A$6:$A$50,0),MATCH($DD$3,'Summary sales'!$A$7:$CA$7,0)) -> 0 | DF9: =DE9-DD9 -> -678.7 | DG9: =DE9/DD9 -> 0 | DH9: =INDEX('SO Maret 2026 Rev 2'!$B$6:$BG$52,MATCH(B9,'SO Maret 2026 Rev 2'!$B$6:$B$52,0),MATCH($DH$3,'SO Maret 2026 Rev 2'!$B$5:$XG$5,0)) -> 7121.8519 | DI9: =INDEX('Summary sales'!$A$6:$CA$50,MATCH($B9,'Summary sales'!$A$6:$A$50,0),MATCH($DH$3,'Summary sales'!$A$7:$CA$7,0)) -> 7994.2 | DJ9: =DI9-DH9 -> 872.34806 | DK9: =DI9/DH9 -> 1.1224889 | DL9: =INDEX('SO Maret 2026 Rev 2'!$B$6:$BG$52,MATCH(B9,'SO Maret 2026 Rev 2'!$B$6:$B$52,0),MATCH($DL$3,'SO Maret 2026 Rev 2'!$B$5:$XG$5,0)) -> 3499.8768 | DM9: =INDEX('Summary sales'!$A$6:$CA$50,MATCH($B9,'Summary sales'!$A$6:$A$50,0),MATCH($DL$3,'Summary sales'!$A$7:$CA$7,0)) -> 4754.87 | DN9: =DM9-DL9 -> 1254.9932 | DO9: =DM9/DL9 -> 1.3585821 | DP9: =INDEX('SO Maret 2026 Rev 2'!$B$6:$BG$52,MATCH(B9,'SO Maret 2026 Rev 2'!$B$6:$B$52,0),MATCH($DP$3,'SO Maret 2026 Rev 2'!$B$5:$XG$5,0)) -> 2043.2745 | DQ9: =INDEX('Summary sales'!$A$6:$CA$50,MATCH($B9,'Summary sales'!$A$6:$A$50,0),MATCH($DP$3,'Summary sales'!$A$7:$CA$7,0)) -> 1189.63 | DR9: =DQ9-DP9 -> -853.64452 | DS9: =DQ9/DP9 -> 0.58221741 | DT9: =INDEX('SO Maret 2026 Rev 2'!$B$6:$BG$52,MATCH(B9,'SO Maret 2026 Rev 2'!$B$6:$B$52,0),MATCH($DT$3,'SO Maret 2026 Rev 2'!$B$5:$XG$5,0)) -> 1999.5303 | DU9: =INDEX('Summary sales'!$A$6:$CA$50,MATCH($B9,'Summary sales'!$A$6:$A$50,0),MATCH($DT$3,'Summary sales'!$A$7:$CA$7,0)) -> 2675 | DV9: =DU9-DT9 -> 675.46968 | DW9: =DU9/DT9 -> 1.3378142 | DX9: =INDEX('SO Maret 2026 Rev 2'!$B$6:$BG$52,MATCH(B9,'SO Maret 2026 Rev 2'!$B$6:$B$52,0),MATCH($DX$3,'SO Maret 2026 Rev 2'!$B$5:$XG$5,0)) -> 1000 | DY9: =INDEX('Summary sales'!$A$6:$CA$50,MATCH($B9,'Summary sales'!$A$6:$A$50,0),MATCH($DX$3,'Summary sales'!$A$7:$CA$7,0)) -> 1213.94 | DZ9: =DY9-DX9 -> 213.94 | EA9: =DY9/DX9 -> 1.21394 | EB9: =INDEX('SO Maret 2026 Rev 2'!$B$6:$BG$52,MATCH(B9,'SO Maret 2026 Rev 2'!$B$6:$B$52,0),MATCH($EB$3,'SO Maret 2026 Rev 2'!$B$5:$XG$5,0)) -> 11007.047 | EC9: =INDEX('Summary sales'!$A$6:$CA$50,MATCH($B9,'Summary sales'!$A$6:$A$50,0),MATCH($EB$3,'Summary sales'!$A$7:$CA$7,0)) -> 9764.72 | ED9: =EC9-EB9 -> -1242.3274 | EE9: =EC9/EB9 -> 0.88713345 | EF9: =INDEX('SO Maret 2026 Rev 2'!$B$6:$BG$52,MATCH(B9,'SO Maret 2026 Rev 2'!$B$6:$B$52,0),MATCH($EF$3,'SO Maret 2026 Rev 2'!$B$5:$XG$5,0)) -> 1519.5448 | EG9: =INDEX('Summary sales'!$A$6:$CA$50,MATCH($B9,'Summary sales'!$A$6:$A$50,0),MATCH($EF$3,'Summary sales'!$A$7:$CA$7,0)) -> 1627.13 | EH9: =EG9-EF9 -> 107.58516 | EI9: =EG9/EF9 -> 1.0708009 | EJ9: =INDEX('SO Maret 2026 Rev 2'!$B$6:$BG$52,MATCH(B9,'SO Maret 2026 Rev 2'!$B$6:$B$52,0),MATCH($EJ$3,'SO Maret 2026 Rev 2'!$B$5:$XG$5,0)) -> 3999.6742 | EK9: =INDEX('Summary sales'!$A$6:$CA$50,MATCH($B9,'Summary sales'!$A$6:$A$50,0),MATCH($EJ$3,'Summary sales'!$A$7:$CA$7,0)) -> 3262.01 | EL9: =EK9-EJ9 -> -737.66419 | EM9: =EK9/EJ9 -> 0.81556893 | EN9: =INDEX('SO Maret 2026 Rev 2'!$B$6:$BG$52,MATCH(B9,'SO Maret 2026 Rev 2'!$B$6:$B$52,0),MATCH($EN$3,'SO Maret 2026 Rev 2'!$B$5:$XG$5,0)) -> 5500 | EO9: =INDEX('Summary sales'!$A$6:$CA$50,MATCH(B9,'Summary sales'!$A$6:$A$50,0),MATCH($EN$3,'Summary sales'!$A$7:$CA$7,0)) -> 4257.31 | EP9: =EO9-EN9 -> -1242.69 | EQ9: =EO9/EN9 -> 0.77405636 | ER9: =INDEX('SO Maret 2026 Rev 2'!$B$6:$BG$52,MATCH(B9,'SO Maret 2026 Rev 2'!$B$6:$B$52,0),MATCH($ER$3,'SO Maret 2026 Rev 2'!$B$5:$XG$5,0)) -> 4482.6897 | ES9: =INDEX('Summary sales'!$A$6:$CA$50,MATCH($B9,'Summary sales'!$A$6:$A$50,0),MATCH($ER$3,'Summary sales'!$A$7:$CA$7,0)) -> 5023.49 | ET9: =ES9-ER9 -> 540.80032 | EU9: =ES9/ER9 -> 1.1206419 | EV9: =INDEX('SO Maret 2026 Rev 2'!$B$6:$BG$52,MATCH(B9,'SO Maret 2026 Rev 2'!$B$6:$B$52,0),MATCH($EV$3,'SO Maret 2026 Rev 2'!$B$5:$XG$5,0)) -> 26500 | EW9: =INDEX('Summary sales'!$A$6:$CA$50,MATCH($B9,'Summary sales'!$A$6:$A$50,0),MATCH($EV$3,'Summary sales'!$A$7:$CA$7,0)) -> 52304.11 | EX9: =EW9-EV9 -> 25804.11 | EY9: =EW9/EV9 -> 1.97374 | EZ9: =INDEX('SO Maret 2026 Rev 2'!$B$6:$BG$52,MATCH(B9,'SO Maret 2026 Rev 2'!$B$6:$B$52,0),MATCH($EZ$3,'SO Maret 2026 Rev 2'!$B$5:$XG$5,0)) -> 8000 | FA9: =INDEX('Summary sales'!$A$6:$CA$50,MATCH(B9,'Summary sales'!$A$6:$A$50,0),MATCH($EZ$3,'Summary sales'!$A$7:$CA$7,0)) -> 7813.67 | FB9: =FA9-EZ9 -> -186.33 | FC9: =FA9/EZ9 -> 0.97670875 | FD9: =INDEX('SO Maret 2026 Rev 2'!$B$6:$BG$52,MATCH(B9,'SO Maret 2026 Rev 2'!$B$6:$B$52,0),MATCH($FD$3,'SO Maret 2026 Rev 2'!$B$5:$XG$5,0)) -> 3500 | FE9: =INDEX('Summary sales'!$A$6:$CA$50,MATCH(B9,'Summary sales'!$A$6:$A$50,0),MATCH($FD$3,'Summary sales'!$A$7:$CA$7,0)) -> 3690.2 | FF9: =FE9-FD9 -> 190.2 | FG9: =FE9/FD9 -> 1.0543429 | FH9: =INDEX('SO Maret 2026 Rev 2'!$B$6:$BG$52,MATCH(B9,'SO Maret 2026 Rev 2'!$B$6:$B$52,0),MATCH($FH$3,'SO Maret 2026 Rev 2'!$B$5:$XG$5,0)) -> 726.81516 | FI9: =INDEX('Summary sales'!$A$6:$CA$50,MATCH(B9,'Summary sales'!$A$6:$A$50,0),MATCH($FH$3,'Summary sales'!$A$7:$CA$7,0)) -> 810.31 | FJ9: =FI9-FH9 -> 83.494839 | FK9: =FI9/FH9 -> 1.1148777 | FL9: =INDEX('SO Maret 2026 Rev 2'!$B$6:$BG$52,MATCH(B9,'SO Maret 2026 Rev 2'!$B$6:$B$52,0),MATCH($FL$3,'SO Maret 2026 Rev 2'!$B$5:$XG$5,0)) -> 3018.0416 | FM9: =INDEX('Summary sales'!$A$6:$CA$50,MATCH(B9,'Summary sales'!$A$6:$A$50,0),MATCH($FL$3,'Summary sales'!$A$7:$CA$7,0)) -> 2756.38 | FN9: =FM9-FL9 -> -261.66161 | FO9: =FM9/FL9 -> 0.91330086 | FP9: =INDEX('SO Maret 2026 Rev 2'!$B$6:$BG$52,MATCH(B9,'SO Maret 2026 Rev 2'!$B$6:$B$52,0),MATCH($FP$3,'SO Maret 2026 Rev 2'!$B$5:$XG$5,0)) -> 2044.9997 | FQ9: =INDEX('Summary sales'!$A$6:$CA$50,MATCH(B9,'Summary sales'!$A$6:$A$50,0),MATCH($FP$3,'Summary sales'!$A$7:$CA$7,0)) -> 3378.06 | FR9: =FQ9-FP9 -> 1333.0603 | FS9: =FQ9/FP9 -> 1.6518633 | FT9: =INDEX('SO Maret 2026 Rev 2'!$B$6:$BG$52,MATCH(B9,'SO Maret 2026 Rev 2'!$B$6:$B$52,0),MATCH($FT$3,'SO Maret 2026 Rev 2'!$B$5:$XG$5,0)) -> 369.61071 | FU9: =INDEX('Summary sales'!$A$6:$CA$50,MATCH(B9,'Summary sales'!$A$6:$A$50,0),MATCH($FT$3,'Summary sales'!$A$7:$CA$7,0)) -> 3271.838 | FV9: =FU9-FT9 -> 2902.2273 | FW9: =FU9/FT9 -> 8.852119 | FX9: =INDEX('SO Maret 2026 Rev 2'!$B$6:$BG$52,MATCH(B9,'SO Maret 2026 Rev 2'!$B$6:$B$52,0),MATCH($FX$3,'SO Maret 2026 Rev 2'!$B$5:$XG$5,0)) -> 13500 | FY9: =INDEX('Summary sales'!$A$6:$CA$50,MATCH(B9,'Summary sales'!$A$6:$A$50,0),MATCH($FX$3,'Summary sales'!$A$7:$CA$7,0)) -> 8649.366 | FZ9: =FY9-FX9 -> -4850.634 | GA9: =FY9/FX9 -> 0.64069378 | GB9: =INDEX('SO Maret 2026 Rev 2'!$B$6:$BG$52,MATCH(B9,'SO Maret 2026 Rev 2'!$B$6:$B$52,0),MATCH($GB$3,'SO Maret 2026 Rev 2'!$B$5:$XG$5,0)) -> 5000 | GC9: =INDEX('Summary sales'!$A$6:$CA$50,MATCH($B9,'Summary sales'!$A$6:$A$50,0),MATCH($GB$3,'Summary sales'!$A$7:$CA$7,0)) -> 5626.518 | GD9: =GC9-GB9 -> 626.518 | GE9: =GC9/GB9 -> 1.1253036 | GF9: =INDEX('SO Maret 2026 Rev 2'!$B$6:$BG$52,MATCH(B9,'SO Maret 2026 Rev 2'!$B$6:$B$52,0),MATCH($GF$3,'SO Maret 2026 Rev 2'!$B$5:$XG$5,0)) -> 1121.9003 | GG9: =INDEX('Summary sales'!$A$6:$CA$50,MATCH($B9,'Summary sales'!$A$6:$A$50,0),MATCH($GF$3,'Summary sales'!$A$7:$CA$7,0)) -> 1088.28 | GH9: =GG9-GF9 -> -33.620323 | GI9: =GG9/GF9 -> 0.9700327 | GJ9: =INDEX('SO Maret 2026 Rev 2'!$B$6:$BG$52,MATCH(B9,'SO Maret 2026 Rev 2'!$B$6:$B$52,0),MATCH($GJ$3,'SO Maret 2026 Rev 2'!$B$5:$XG$5,0)) -> 1800 | GK9: =INDEX('Summary sales'!$A$6:$CA$50,MATCH(B9,'Summary sales'!$A$6:$A$50,0),MATCH($GJ$3,'Summary sales'!$A$7:$CA$7,0)) -> 1729.712 | GL9: =GK9-GJ9 -> -70.288 | GM9: =GK9/GJ9 -> 0.96095111 | GN9: =INDEX('SO Maret 2026 Rev 2'!$B$6:$BG$52,MATCH(B9,'SO Maret 2026 Rev 2'!$B$6:$B$52,0),MATCH($GN$3,'SO Maret 2026 Rev 2'!$B$5:$XG$5,0)) -> 2499.7026 | GO9: =INDEX('Summary sales'!$A$6:$CA$50,MATCH(B9,'Summary sales'!$A$6:$A$50,0),MATCH($GN$3,'Summary sales'!$A$7:$CA$7,0)) -> 3654.39 | GP9: =GO9-GN9 -> 1154.6874 | GQ9: =GO9/GN9 -> 1.4619299 | GR9: =INDEX('SO Maret 2026 Rev 2'!$B$6:$BG$52,MATCH(B9,'SO Maret 2026 Rev 2'!$B$6:$B$52,0),MATCH($GR$3,'SO Maret 2026 Rev 2'!$B$5:$XG$5,0)) -> 9000 | GS9: =INDEX('Summary sales'!$A$6:$CA$50,MATCH(B9,'Summary sales'!$A$6:$A$50,0),MATCH($GR$3,'Summary sales'!$A$7:$CA$7,0)) -> 4432.313 | GT9: =GS9-GR9 -> -4567.687 | GU9: =GS9/GR9 -> 0.49247922
A10: =WEEKNUM(B10) -> 10 | B10: =B9+1 -> 46085 | C10: =TEXT(B10,"ddd") -> Rab | D10: =SUMIF($H$4:$GT$4,$D$4,H10:GT10) -> 202796.16 | E10: =SUMIF($H$4:$GT$4,$E$4,H10:GT10) -> 210758.62 | F10: =E10-D10 -> 7962.4641 | G10: =E10/D10 -> 1.0392634 | H10: =INDEX('SO Maret 2026 Rev 2'!$B$6:$BG$52,MATCH(B10,'SO Maret 2026 Rev 2'!$B$6:$B$52,0),MATCH($H$3,'SO Maret 2026 Rev 2'!$B$5:$XG$5,0)) -> 1199.5729 | I10: =INDEX('Summary sales'!$A$6:$CA$50,MATCH(B10,'Summary sales'!$A$6:$A$50,0),MATCH($H$3,'Summary sales'!$A$7:$CA$7,0)) -> 952.78 | J10: =I10-H10 -> -246.7929 | K10: =I10/H10 -> 0.79426602 | L10: =INDEX('SO Maret 2026 Rev 2'!$B$6:$BG$52,MATCH(B10,'SO Maret 2026 Rev 2'!$B$6:$B$52,0),MATCH($L$3,'SO Maret 2026 Rev 2'!$B$5:$XG$5,0)) -> 2500 | M10: =INDEX('Summary sales'!$A$6:$CA$50,MATCH($B10,'Summary sales'!$A$6:$A$50,0),MATCH($L$3,'Summary sales'!$A$7:$CA$7,0)) -> 3268.32 | N10: =M10-L10 -> 768.32 | O10: =M10/L10 -> 1.307328 | P10: =INDEX('SO Maret 2026 Rev 2'!$B$6:$BG$52,MATCH(B10,'SO Maret 2026 Rev 2'!$B$6:$B$52,0),MATCH($P$3,'SO Maret 2026 Rev 2'!$B$5:$XG$5,0)) -> 1129.7313 | Q10: =INDEX('Summary sales'!$A$6:$CA$50,MATCH($B10,'Summary sales'!$A$6:$A$50,0),MATCH($P$3,'Summary sales'!$A$7:$CA$7,0)) -> 1053.19 | R10: =Q10-P10 -> -76.54129 | S10: =Q10/P10 -> 0.93224823 | T10: =INDEX('SO Maret 2026 Rev 2'!$B$6:$BG$52,MATCH(B10,'SO Maret 2026 Rev 2'!$B$6:$B$52,0),MATCH($T$3,'SO Maret 2026 Rev 2'!$B$5:$XG$5,0)) -> 3282.5161 | U10: =INDEX('Summary sales'!$A$6:$CA$50,MATCH($B10,'Summary sales'!$A$6:$A$50,0),MATCH($T$3,'Summary sales'!$A$7:$CA$7,0)) -> 3927.81 | V10: =U10-T10 -> 645.29387 | W10: =U10/T10 -> 1.1965851 | X10: =INDEX('SO Maret 2026 Rev 2'!$B$6:$BG$52,MATCH(B10,'SO Maret 2026 Rev 2'!$B$6:$B$52,0),MATCH($X$3,'SO Maret 2026 Rev 2'!$B$5:$XG$5,0)) -> 644.02065 | Y10: =INDEX('Summary sales'!$A$6:$CA$50,MATCH($B10,'Summary sales'!$A$6:$A$50,0),MATCH($X$3,'Summary sales'!$A$7:$CA$7,0)) -> 582.35 | Z10: =Y10-X10 -> -61.670645 | AA10: =Y10/X10 -> 0.9042412 | AB10: =INDEX('SO Maret 2026 Rev 2'!$B$6:$BG$52,MATCH(B10,'SO Maret 2026 Rev 2'!$B$6:$B$52,0),MATCH($AB$3,'SO Maret 2026 Rev 2'!$B$5:$XG$5,0)) -> 5500 | AC10: =INDEX('Summary sales'!$A$6:$CA$50,MATCH($B10,'Summary sales'!$A$6:$A$50,0),MATCH($AB$3,'Summary sales'!$A$7:$CA$7,0)) -> 250.66 | AD10: =AC10-AB10 -> -5249.34 | AE10: =AC10/AB10 -> 0.045574545 | AF10: =INDEX('SO Maret 2026 Rev 2'!$B$6:$BG$52,MATCH(B10,'SO Maret 2026 Rev 2'!$B$6:$B$52,0),MATCH($AF$3,'SO Maret 2026 Rev 2'!$B$5:$XG$5,0)) -> 499.97065 | AG10: =INDEX('Summary sales'!$A$6:$CA$50,MATCH($B10,'Summary sales'!$A$6:$A$50,0),MATCH($AF$3,'Summary sales'!$A$7:$CA$7,0)) -> 612.13 | AH10: =AG10-AF10 -> 112.15935 | AI10: =AG10/AF10 -> 1.2243319 | AJ10: =INDEX('SO Maret 2026 Rev 2'!$B$6:$BG$52,MATCH(B10,'SO Maret 2026 Rev 2'!$B$6:$B$52,0),MATCH($AJ$3,'SO Maret 2026 Rev 2'!$B$5:$XG$5,0)) -> 603.76323 | AK10: =INDEX('Summary sales'!$A$6:$CA$50,MATCH($B10,'Summary sales'!$A$6:$A$50,0),MATCH($AJ$3,'Summary sales'!$A$7:$CA$7,0)) -> 1005.17 | AL10: =AK10-AJ10 -> 401.40677 | AM10: =AK10/AJ10 -> 1.6648414 | AN10: =INDEX('SO Maret 2026 Rev 2'!$B$6:$BG$52,MATCH(B10,'SO Maret 2026 Rev 2'!$B$6:$B$52,0),MATCH($AN$3,'SO Maret 2026 Rev 2'!$B$5:$XG$5,0)) -> 673.27548 | AO10: =INDEX('Summary sales'!$A$6:$CA$50,MATCH($B10,'Summary sales'!$A$6:$A$50,0),MATCH($AN$3,'Summary sales'!$A$7:$CA$7,0)) -> 437.36 | AP10: =AO10-AN10 -> -235.91548 | AQ10: =AO10/AN10 -> 0.64960036 | AR10: =INDEX('SO Maret 2026 Rev 2'!$B$6:$BG$52,MATCH(B10,'SO Maret 2026 Rev 2'!$B$6:$B$52,0),MATCH($AR$3,'SO Maret 2026 Rev 2'!$B$5:$XG$5,0)) -> 5514.199 | AS10: =INDEX('Summary sales'!$A$6:$CA$50,MATCH($B10,'Summary sales'!$A$6:$A$50,0),MATCH($AR$3,'Summary sales'!$A$7:$CA$7,0)) -> 5662.82 | AT10: =AS10-AR10 -> 148.62097 | AU10: =AS10/AR10 -> 1.0269524 | AV10: =INDEX('SO Maret 2026 Rev 2'!$B$6:$BG$52,MATCH(B10,'SO Maret 2026 Rev 2'!$B$6:$B$52,0),MATCH($AV$3,'SO Maret 2026 Rev 2'!$B$5:$XG$5,0)) -> 6600.0623 | AW10: =INDEX('Summary sales'!$A$6:$CA$50,MATCH($B10,'Summary sales'!$A$6:$A$50,0),MATCH($AV$3,'Summary sales'!$A$7:$CA$7,0)) -> 6191.52 | AX10: =AW10-AV10 -> -408.54226 | AY10: =AW10/AV10 -> 0.93810024 | AZ10: =INDEX('SO Maret 2026 Rev 2'!$B$6:$BG$52,MATCH(B10,'SO Maret 2026 Rev 2'!$B$6:$B$52,0),MATCH($AZ$3,'SO Maret 2026 Rev 2'!$B$5:$XG$5,0)) -> 2874.3265 | BA10: =INDEX('Summary sales'!$A$6:$CA$50,MATCH($B10,'Summary sales'!$A$6:$A$50,0),MATCH($AZ$3,'Summary sales'!$A$7:$CA$7,0)) -> 3805.22 | BB10: =BA10-AZ10 -> 930.89355 | BC10: =BA10/AZ10 -> 1.3238649 | BD10: =INDEX('SO Maret 2026 Rev 2'!$B$6:$BG$52,MATCH(B10,'SO Maret 2026 Rev 2'!$B$6:$B$52,0),MATCH($BD$3,'SO Maret 2026 Rev 2'!$B$5:$XG$5,0)) -> 500 | BE10: =INDEX('Summary sales'!$A$6:$CA$50,MATCH($B10,'Summary sales'!$A$6:$A$50,0),MATCH($BD$3,'Summary sales'!$A$7:$CA$7,0)) -> 0 | BF10: =BE10-BD10 -> -500 | BG10: =BE10/BD10 -> 0 | BH10: =INDEX('SO Maret 2026 Rev 2'!$B$6:$BG$52,MATCH(B10,'SO Maret 2026 Rev 2'!$B$6:$B$52,0),MATCH($BH$3,'SO Maret 2026 Rev 2'!$B$5:$XG$5,0)) -> 3600 | BI10: =INDEX('Summary sales'!$A$6:$CA$50,MATCH($B10,'Summary sales'!$A$6:$A$50,0),MATCH($BH$3,'Summary sales'!$A$7:$CA$7,0)) -> 3681.58 | BJ10: =BI10-BH10 -> 81.58 | BK10: =BI10/BH10 -> 1.0226611 | BL10: =INDEX('SO Maret 2026 Rev 2'!$B$6:$BG$52,MATCH(B10,'SO Maret 2026 Rev 2'!$B$6:$B$52,0),MATCH($BL$3,'SO Maret 2026 Rev 2'!$B$5:$XG$5,0)) -> 9000.0571 | BM10: =INDEX('Summary sales'!$A$6:$CA$50,MATCH($B10,'Summary sales'!$A$6:$A$50,0),MATCH($BL$3,'Summary sales'!$A$7:$CA$7,0)) -> 9867.28 | BN10: =BM10-BL10 -> 867.2229 | BO10: =BM10/BL10 -> 1.0963575 | BP10: =INDEX('SO Maret 2026 Rev 2'!$B$6:$BG$52,MATCH(B10,'SO Maret 2026 Rev 2'!$B$6:$B$52,0),MATCH($BP$3,'SO Maret 2026 Rev 2'!$B$5:$XG$5,0)) -> 1000 | BQ10: =INDEX('Summary sales'!$A$6:$CA$50,MATCH($B10,'Summary sales'!$A$6:$A$50,0),MATCH($BP$3,'Summary sales'!$A$7:$CA$7,0)) -> 1576.488 | BR10: =BQ10-BP10 -> 576.488 | BS10: =BQ10/BP10 -> 1.576488 | BT10: =INDEX('SO Maret 2026 Rev 2'!$B$6:$BG$52,MATCH(B10,'SO Maret 2026 Rev 2'!$B$6:$B$52,0),MATCH($BT$3,'SO Maret 2026 Rev 2'!$B$5:$XG$5,0)) -> 5500 | BU10: =INDEX('Summary sales'!$A$6:$CA$50,MATCH($B10,'Summary sales'!$A$6:$A$50,0),MATCH($BT$3,'Summary sales'!$A$7:$CA$7,0)) -> 6056.9 | BV10: =BU10-BT10 -> 556.9 | BW10: =BU10/BT10 -> 1.1012545 | BX10: =INDEX('SO Maret 2026 Rev 2'!$B$6:$BG$52,MATCH(B10,'SO Maret 2026 Rev 2'!$B$6:$B$52,0),MATCH($BX$3,'SO Maret 2026 Rev 2'!$B$5:$XG$5,0)) -> 70.054839 | BY10: =INDEX('Summary sales'!$A$6:$CA$50,MATCH($B10,'Summary sales'!$A$6:$A$50,0),MATCH($BX$3,'Summary sales'!$A$7:$CA$7,0)) -> 158.2 | BZ10: =BY10-BX10 -> 88.145161 | CA10: =BY10/BX10 -> 2.2582309 | CB10: =INDEX('SO Maret 2026 Rev 2'!$B$6:$BG$52,MATCH(B10,'SO Maret 2026 Rev 2'!$B$6:$B$52,0),MATCH($CB$3,'SO Maret 2026 Rev 2'!$B$5:$XG$5,0)) -> 89.451613 | CC10: =INDEX('Summary sales'!$A$6:$CA$50,MATCH($B10,'Summary sales'!$A$6:$A$50,0),MATCH($CB$3,'Summary sales'!$A$7:$CA$7,0)) -> 60.758 | CD10: =CC10-CB10 -> -28.693613 | CE10: =CC10/CB10 -> 0.67922755 | CF10: =INDEX('SO Maret 2026 Rev 2'!$B$6:$BG$52,MATCH(B10,'SO Maret 2026 Rev 2'!$B$6:$B$52,0),MATCH($CF$3,'SO Maret 2026 Rev 2'!$B$5:$XG$5,0)) -> 3500 | CG10: =INDEX('Summary sales'!$A$6:$CA$50,MATCH($B10,'Summary sales'!$A$6:$A$50,0),MATCH($CF$3,'Summary sales'!$A$7:$CA$7,0)) -> 3445.7 | CH10: =CG10-CF10 -> -54.3 | CI10: =CG10/CF10 -> 0.98448571 | CJ10: =INDEX('SO Maret 2026 Rev 2'!$B$6:$BG$52,MATCH(B10,'SO Maret 2026 Rev 2'!$B$6:$B$52,0),MATCH($CJ$3,'SO Maret 2026 Rev 2'!$B$5:$XG$5,0)) -> 2901.4806 | CK10: =INDEX('Summary sales'!$A$6:$CA$50,MATCH($B10,'Summary sales'!$A$6:$A$50,0),MATCH($CJ$3,'Summary sales'!$A$7:$CA$7,0)) -> 4392.6 | CL10: =CK10-CJ10 -> 1491.1194 | CM10: =CK10/CJ10 -> 1.5139167 | CN10: =INDEX('SO Maret 2026 Rev 2'!$B$6:$BG$52,MATCH(B10,'SO Maret 2026 Rev 2'!$B$6:$B$52,0),MATCH($CN$3,'SO Maret 2026 Rev 2'!$B$5:$XG$5,0)) -> 3500 | CO10: =INDEX('Summary sales'!$A$6:$CA$50,MATCH($B10,'Summary sales'!$A$6:$A$50,0),MATCH($CN$3,'Summary sales'!$A$7:$CA$7,0)) -> 4378.54 | CP10: =CO10-CN10 -> 878.54 | CQ10: =CO10/CN10 -> 1.2510114 | CR10: =INDEX('SO Maret 2026 Rev 2'!$B$6:$BG$52,MATCH(B10,'SO Maret 2026 Rev 2'!$B$6:$B$52,0),MATCH($CR$3,'SO Maret 2026 Rev 2'!$B$5:$XG$5,0)) -> 8500 | CS10: =INDEX('Summary sales'!$A$6:$CA$50,MATCH($B10,'Summary sales'!$A$6:$A$50,0),MATCH($CR$3,'Summary sales'!$A$7:$CA$7,0)) -> 5891.9 | CT10: =CS10-CR10 -> -2608.1 | CU10: =CS10/CR10 -> 0.69316471 | CV10: =INDEX('SO Maret 2026 Rev 2'!$B$6:$BG$52,MATCH(B10,'SO Maret 2026 Rev 2'!$B$6:$B$52,0),MATCH($CV$3,'SO Maret 2026 Rev 2'!$B$5:$XG$5,0)) -> 11659.555 | CW10: =INDEX('Summary sales'!$A$6:$CA$50,MATCH($B10,'Summary sales'!$A$6:$A$50,0),MATCH($CV$3,'Summary sales'!$A$7:$CA$7,0)) -> 15297.258 | CX10: =CW10-CV10 -> 3637.7035 | CY10: =CW10/CV10 -> 1.3119933 | CZ10: =INDEX('SO Maret 2026 Rev 2'!$B$6:$BG$52,MATCH(B10,'SO Maret 2026 Rev 2'!$B$6:$B$52,0),MATCH($CZ$3,'SO Maret 2026 Rev 2'!$B$5:$XG$5,0)) -> 2020.8603 | DA10: =INDEX('Summary sales'!$A$6:$CA$50,MATCH($B10,'Summary sales'!$A$6:$A$50,0),MATCH($CZ$3,'Summary sales'!$A$7:$CA$7,0)) -> 2688.04 | DB10: =DA10-CZ10 -> 667.17968 | DC10: =DA10/CZ10 -> 1.3301464 | DD10: =INDEX('SO Maret 2026 Rev 2'!$B$6:$BG$52,MATCH(B10,'SO Maret 2026 Rev 2'!$B$6:$B$52,0),MATCH($DD$3,'SO Maret 2026 Rev 2'!$B$5:$XG$5,0)) -> 678.7 | DE10: =INDEX('Summary sales'!$A$6:$CA$50,MATCH($B10,'Summary sales'!$A$6:$A$50,0),MATCH($DD$3,'Summary sales'!$A$7:$CA$7,0)) -> 30.77 | DF10: =DE10-DD10 -> -647.93 | DG10: =DE10/DD10 -> 0.045336673 | DH10: =INDEX('SO Maret 2026 Rev 2'!$B$6:$BG$52,MATCH(B10,'SO Maret 2026 Rev 2'!$B$6:$B$52,0),MATCH($DH$3,'SO Maret 2026 Rev 2'!$B$5:$XG$5,0)) -> 7121.8519 | DI10: =INDEX('Summary sales'!$A$6:$CA$50,MATCH($B10,'Summary sales'!$A$6:$A$50,0),MATCH($DH$3,'Summary sales'!$A$7:$CA$7,0)) -> 7063.59 | DJ10: =DI10-DH10 -> -58.261935 | DK10: =DI10/DH10 -> 0.99181927 | DL10: =INDEX('SO Maret 2026 Rev 2'!$B$6:$BG$52,MATCH(B10,'SO Maret 2026 Rev 2'!$B$6:$B$52,0),MATCH($DL$3,'SO Maret 2026 Rev 2'!$B$5:$XG$5,0)) -> 3499.8768 | DM10: =INDEX('Summary sales'!$A$6:$CA$50,MATCH($B10,'Summary sales'!$A$6:$A$50,0),MATCH($DL$3,'Summary sales'!$A$7:$CA$7,0)) -> 4260.18 | DN10: =DM10-DL10 -> 760.30323 | DO10: =DM10/DL10 -> 1.2172371 | DP10: =INDEX('SO Maret 2026 Rev 2'!$B$6:$BG$52,MATCH(B10,'SO Maret 2026 Rev 2'!$B$6:$B$52,0),MATCH($DP$3,'SO Maret 2026 Rev 2'!$B$5:$XG$5,0)) -> 2043.2745 | DQ10: =INDEX('Summary sales'!$A$6:$CA$50,MATCH($B10,'Summary sales'!$A$6:$A$50,0),MATCH($DP$3,'Summary sales'!$A$7:$CA$7,0)) -> 1421.04 | DR10: =DQ10-DP10 -> -622.23452 | DS10: =DQ10/DP10 -> 0.6954719 | DT10: =INDEX('SO Maret 2026 Rev 2'!$B$6:$BG$52,MATCH(B10,'SO Maret 2026 Rev 2'!$B$6:$B$52,0),MATCH($DT$3,'SO Maret 2026 Rev 2'!$B$5:$XG$5,0)) -> 1999.5303 | DU10: =INDEX('Summary sales'!$A$6:$CA$50,MATCH($B10,'Summary sales'!$A$6:$A$50,0),MATCH($DT$3,'Summary sales'!$A$7:$CA$7,0)) -> 2154.13 | DV10: =DU10-DT10 -> 154.59968 | DW10: =DU10/DT10 -> 1.077318 | DX10: =INDEX('SO Maret 2026 Rev 2'!$B$6:$BG$52,MATCH(B10,'SO Maret 2026 Rev 2'!$B$6:$B$52,0),MATCH($DX$3,'SO Maret 2026 Rev 2'!$B$5:$XG$5,0)) -> 1000 | DY10: =INDEX('Summary sales'!$A$6:$CA$50,MATCH($B10,'Summary sales'!$A$6:$A$50,0),MATCH($DX$3,'Summary sales'!$A$7:$CA$7,0)) -> 1118.12 | DZ10: =DY10-DX10 -> 118.12 | EA10: =DY10/DX10 -> 1.11812 | EB10: =INDEX('SO Maret 2026 Rev 2'!$B$6:$BG$52,MATCH(B10,'SO Maret 2026 Rev 2'!$B$6:$B$52,0),MATCH($EB$3,'SO Maret 2026 Rev 2'!$B$5:$XG$5,0)) -> 11007.047 | EC10: =INDEX('Summary sales'!$A$6:$CA$50,MATCH($B10,'Summary sales'!$A$6:$A$50,0),MATCH($EB$3,'Summary sales'!$A$7:$CA$7,0)) -> 10216.02 | ED10: =EC10-EB10 -> -791.02742 | EE10: =EC10/EB10 -> 0.92813446 | EF10: =INDEX('SO Maret 2026 Rev 2'!$B$6:$BG$52,MATCH(B10,'SO Maret 2026 Rev 2'!$B$6:$B$52,0),MATCH($EF$3,'SO Maret 2026 Rev 2'!$B$5:$XG$5,0)) -> 1519.5448 | EG10: =INDEX('Summary sales'!$A$6:$CA$50,MATCH($B10,'Summary sales'!$A$6:$A$50,0),MATCH($EF$3,'Summary sales'!$A$7:$CA$7,0)) -> 1889.4 | EH10: =EG10-EF10 -> 369.85516 | EI10: =EG10/EF10 -> 1.2433986 | EJ10: =INDEX('SO Maret 2026 Rev 2'!$B$6:$BG$52,MATCH(B10,'SO Maret 2026 Rev 2'!$B$6:$B$52,0),MATCH($EJ$3,'SO Maret 2026 Rev 2'!$B$5:$XG$5,0)) -> 3999.6742 | EK10: =INDEX('Summary sales'!$A$6:$CA$50,MATCH($B10,'Summary sales'!$A$6:$A$50,0),MATCH($EJ$3,'Summary sales'!$A$7:$CA$7,0)) -> 5338.84 | EL10: =EK10-EJ10 -> 1339.1658 | EM10: =EK10/EJ10 -> 1.3348187 | EN10: =INDEX('SO Maret 2026 Rev 2'!$B$6:$BG$52,MATCH(B10,'SO Maret 2026 Rev 2'!$B$6:$B$52,0),MATCH($EN$3,'SO Maret 2026 Rev 2'!$B$5:$XG$5,0)) -> 5500 | EO10: =INDEX('Summary sales'!$A$6:$CA$50,MATCH(B10,'Summary sales'!$A$6:$A$50,0),MATCH($EN$3,'Summary sales'!$A$7:$CA$7,0)) -> 3419.79 | EP10: =EO10-EN10 -> -2080.21 | EQ10: =EO10/EN10 -> 0.62178 | ER10: =INDEX('SO Maret 2026 Rev 2'!$B$6:$BG$52,MATCH(B10,'SO Maret 2026 Rev 2'!$B$6:$B$52,0),MATCH($ER$3,'SO Maret 2026 Rev 2'!$B$5:$XG$5,0)) -> 4482.6897 | ES10: =INDEX('Summary sales'!$A$6:$CA$50,MATCH($B10,'Summary sales'!$A$6:$A$50,0),MATCH($ER$3,'Summary sales'!$A$7:$CA$7,0)) -> 4809.81 | ET10: =ES10-ER10 -> 327.12032 | EU10: =ES10/ER10 -> 1.0729741 | EV10: =INDEX('SO Maret 2026 Rev 2'!$B$6:$BG$52,MATCH(B10,'SO Maret 2026 Rev 2'!$B$6:$B$52,0),MATCH($EV$3,'SO Maret 2026 Rev 2'!$B$5:$XG$5,0)) -> 26500 | EW10: =INDEX('Summary sales'!$A$6:$CA$50,MATCH($B10,'Summary sales'!$A$6:$A$50,0),MATCH($EV$3,'Summary sales'!$A$7:$CA$7,0)) -> 37138.05 | EX10: =EW10-EV10 -> 10638.05 | EY10: =EW10/EV10 -> 1.4014358 | EZ10: =INDEX('SO Maret 2026 Rev 2'!$B$6:$BG$52,MATCH(B10,'SO Maret 2026 Rev 2'!$B$6:$B$52,0),MATCH($EZ$3,'SO Maret 2026 Rev 2'!$B$5:$XG$5,0)) -> 8000 | FA10: =INDEX('Summary sales'!$A$6:$CA$50,MATCH(B10,'Summary sales'!$A$6:$A$50,0),MATCH($EZ$3,'Summary sales'!$A$7:$CA$7,0)) -> 7179.01 | FB10: =FA10-EZ10 -> -820.99 | FC10: =FA10/EZ10 -> 0.89737625 | FD10: =INDEX('SO Maret 2026 Rev 2'!$B$6:$BG$52,MATCH(B10,'SO Maret 2026 Rev 2'!$B$6:$B$52,0),MATCH($FD$3,'SO Maret 2026 Rev 2'!$B$5:$XG$5,0)) -> 3500 | FE10: =INDEX('Summary sales'!$A$6:$CA$50,MATCH(B10,'Summary sales'!$A$6:$A$50,0),MATCH($FD$3,'Summary sales'!$A$7:$CA$7,0)) -> 3849.8 | FF10: =FE10-FD10 -> 349.8 | FG10: =FE10/FD10 -> 1.0999429 | FH10: =INDEX('SO Maret 2026 Rev 2'!$B$6:$BG$52,MATCH(B10,'SO Maret 2026 Rev 2'!$B$6:$B$52,0),MATCH($FH$3,'SO Maret 2026 Rev 2'!$B$5:$XG$5,0)) -> 726.81516 | FI10: =INDEX('Summary sales'!$A$6:$CA$50,MATCH(B10,'Summary sales'!$A$6:$A$50,0),MATCH($FH$3,'Summary sales'!$A$7:$CA$7,0)) -> 800.76 | FJ10: =FI10-FH10 -> 73.944839 | FK10: =FI10/FH10 -> 1.1017382 | FL10: =INDEX('SO Maret 2026 Rev 2'!$B$6:$BG$52,MATCH(B10,'SO Maret 2026 Rev 2'!$B$6:$B$52,0),MATCH($FL$3,'SO Maret 2026 Rev 2'!$B$5:$XG$5,0)) -> 3018.0416 | FM10: =INDEX('Summary sales'!$A$6:$CA$50,MATCH(B10,'Summary sales'!$A$6:$A$50,0),MATCH($FL$3,'Summary sales'!$A$7:$CA$7,0)) -> 3590.95 | FN10: =FM10-FL10 -> 572.90839 | FO10: =FM10/FL10 -> 1.1898279 | FP10: =INDEX('SO Maret 2026 Rev 2'!$B$6:$BG$52,MATCH(B10,'SO Maret 2026 Rev 2'!$B$6:$B$52,0),MATCH($FP$3,'SO Maret 2026 Rev 2'!$B$5:$XG$5,0)) -> 2044.9997 | FQ10: =INDEX('Summary sales'!$A$6:$CA$50,MATCH(B10,'Summary sales'!$A$6:$A$50,0),MATCH($FP$3,'Summary sales'!$A$7:$CA$7,0)) -> 5758.73 | FR10: =FQ10-FP10 -> 3713.7303 | FS10: =FQ10/FP10 -> 2.8160053 | FT10: =INDEX('SO Maret 2026 Rev 2'!$B$6:$BG$52,MATCH(B10,'SO Maret 2026 Rev 2'!$B$6:$B$52,0),MATCH($FT$3,'SO Maret 2026 Rev 2'!$B$5:$XG$5,0)) -> 369.61071 | FU10: =INDEX('Summary sales'!$A$6:$CA$50,MATCH(B10,'Summary sales'!$A$6:$A$50,0),MATCH($FT$3,'Summary sales'!$A$7:$CA$7,0)) -> 2334.085 | FV10: =FU10-FT10 -> 1964.4743 | FW10: =FU10/FT10 -> 6.3149821 | FX10: =INDEX('SO Maret 2026 Rev 2'!$B$6:$BG$52,MATCH(B10,'SO Maret 2026 Rev 2'!$B$6:$B$52,0),MATCH($FX$3,'SO Maret 2026 Rev 2'!$B$5:$XG$5,0)) -> 13500 | FY10: =INDEX('Summary sales'!$A$6:$CA$50,MATCH(B10,'Summary sales'!$A$6:$A$50,0),MATCH($FX$3,'Summary sales'!$A$7:$CA$7,0)) -> 3960.651 | FZ10: =FY10-FX10 -> -9539.349 | GA10: =FY10/FX10 -> 0.29338156 | GB10: =INDEX('SO Maret 2026 Rev 2'!$B$6:$BG$52,MATCH(B10,'SO Maret 2026 Rev 2'!$B$6:$B$52,0),MATCH($GB$3,'SO Maret 2026 Rev 2'!$B$5:$XG$5,0)) -> 5000 | GC10: =INDEX('Summary sales'!$A$6:$CA$50,MATCH($B10,'Summary sales'!$A$6:$A$50,0),MATCH($GB$3,'Summary sales'!$A$7:$CA$7,0)) -> 5756.357 | GD10: =GC10-GB10 -> 756.357 | GE10: =GC10/GB10 -> 1.1512714 | GF10: =INDEX('SO Maret 2026 Rev 2'!$B$6:$BG$52,MATCH(B10,'SO Maret 2026 Rev 2'!$B$6:$B$52,0),MATCH($GF$3,'SO Maret 2026 Rev 2'!$B$5:$XG$5,0)) -> 1121.9003 | GG10: =INDEX('Summary sales'!$A$6:$CA$50,MATCH($B10,'Summary sales'!$A$6:$A$50,0),MATCH($GF$3,'Summary sales'!$A$7:$CA$7,0)) -> 1143.41 | GH10: =GG10-GF10 -> 21.509677 | GI10: =GG10/GF10 -> 1.0191725 | GJ10: =INDEX('SO Maret 2026 Rev 2'!$B$6:$BG$52,MATCH(B10,'SO Maret 2026 Rev 2'!$B$6:$B$52,0),MATCH($GJ$3,'SO Maret 2026 Rev 2'!$B$5:$XG$5,0)) -> 1800 | GK10: =INDEX('Summary sales'!$A$6:$CA$50,MATCH(B10,'Summary sales'!$A$6:$A$50,0),MATCH($GJ$3,'Summary sales'!$A$7:$CA$7,0)) -> 1713.243 | GL10: =GK10-GJ10 -> -86.757 | GM10: =GK10/GJ10 -> 0.95180167 | GN10: =INDEX('SO Maret 2026 Rev 2'!$B$6:$BG$52,MATCH(B10,'SO Maret 2026 Rev 2'!$B$6:$B$52,0),MATCH($GN$3,'SO Maret 2026 Rev 2'!$B$5:$XG$5,0)) -> 2499.7026 | GO10: =INDEX('Summary sales'!$A$6:$CA$50,MATCH(B10,'Summary sales'!$A$6:$A$50,0),MATCH($GN$3,'Summary sales'!$A$7:$CA$7,0)) -> 1359.19 | GP10: =GO10-GN10 -> -1140.5126 | GQ10: =GO10/GN10 -> 0.54374069 | GR10: =INDEX('SO Maret 2026 Rev 2'!$B$6:$BG$52,MATCH(B10,'SO Maret 2026 Rev 2'!$B$6:$B$52,0),MATCH($GR$3,'SO Maret 2026 Rev 2'!$B$5:$XG$5,0)) -> 9000 | GS10: =INDEX('Summary sales'!$A$6:$CA$50,MATCH(B10,'Summary sales'!$A$6:$A$50,0),MATCH($GR$3,'Summary sales'!$A$7:$CA$7,0)) -> 9208.121 | GT10: =GS10-GR10 -> 208.121 | GU10: =GS10/GR10 -> 1.0231246
