Workbook
Name ___xlnm._FilterDatabase_2: #REF!
Name ___xlnm._FilterDatabase_2: #REF!
Name ___xlnm._FilterDatabase_2: #REF!
Name ___xlnm._FilterDatabase_2: #REF!
Name ___xlnm._FilterDatabase_2: #REF!
Name ___xlnm._FilterDatabase_2: #REF!
Name ___xlnm._FilterDatabase_2: #REF!
Name ___xlnm._FilterDatabase_2: #REF!
Name ___xlnm._FilterDatabase_2: #REF!
Name ___xlnm._FilterDatabase_2: #REF!
Name ___xlnm._FilterDatabase_2: #REF!
Name __xlnm._FilterDatabase_2: #REF!
Name __xlnm._FilterDatabase_2: #REF!
Name __xlnm._FilterDatabase_2: #REF!
Name __xlnm._FilterDatabase_2: #REF!
Name __xlnm._FilterDatabase_2: #REF!
Name __xlnm._FilterDatabase_2: #REF!
Name __xlnm._FilterDatabase_2: #REF!
Name __xlnm._FilterDatabase_2: #REF!
Name __xlnm._FilterDatabase_2: #REF!
Name __xlnm._FilterDatabase_2: #REF!
Name __xlnm._FilterDatabase_2: #REF!
Name _TES46: #N/A
Name AAAA: #N/A
Name ati: #N/A
Name BS: #N/A
Name CCC: #N/A
Name depr9200: #N/A
Name dfsfd: #N/A
Name Excel_BuiltIn__FilterDatabase_1: #REF!
Name Excel_BuiltIn__FilterDatabase_1: #REF!
Name Excel_BuiltIn__FilterDatabase_1: #REF!
Name Excel_BuiltIn__FilterDatabase_1: #REF!
Name Excel_BuiltIn__FilterDatabase_1: #REF!
Name Excel_BuiltIn__FilterDatabase_1: #REF!
Name Excel_BuiltIn__FilterDatabase_1: #REF!
Name Excel_BuiltIn__FilterDatabase_1: #REF!
Name Excel_BuiltIn__FilterDatabase_1: #REF!
Name Excel_BuiltIn__FilterDatabase_1: #REF!
Name Excel_BuiltIn__FilterDatabase_1: #REF!
Name Excel_BuiltIn_Print_Titles: NA()
Name Export_3: #REF!
Name Export_3: #REF!
Name Export_3: #REF!
Name Export_3: #REF!
Name Export_3: #REF!
Name Export_3: #REF!
Name Export_3: #REF!
Name Export_3: #REF!
Name FOB: 'Summary FOB'!#REF!
Name FOB: 'Summary FOB'!#REF!
Name FOB: 'Summary FOB'!#REF!
Name FOB: 'Summary FOB'!#REF!
Name FOB: 'Summary FOB'!#REF!
Name FOB: 'Summary FOB'!#REF!
Name FOB: 'Summary FOB'!#REF!
Name FOB: 'Summary FOB'!#REF!
Name partt: #N/A
Name PRINT_TITLES_MI: #N/A
Name project: #N/A

Sheet SO APRIL 2026 Rev2
AF1: SMS | AG1: BMT
A2: SALES ORDER | U2: gf ranca
A3: 46113 | U3: =10500-6600 -> 3900
AS4: FOB PTGN
A5: Week | B5: DATE | D5: TOTAL | E5: CLIN | F5: BI | G5: MKG | H5: STM | I5: OAJ | J5: NNI | K5: SHB | L5: GTL | M5: TWK | N5: BYC | O5: GF RANCA | P5: SMA | Q5: UMI | R5: HLI | S5: ASAHIMAS | T5: DIC | U5: HCI | V5: KSN | W5: ADP | X5: ALT (KSO MASAMI) | Y5: IDP (KSO AAE) | Z5: FJI (KSO SALMAH) | AA5: WINGLOK (KSO EBM) | AB5: CISF (KSO RRS) | AC5: KGM | AD5: PUJ - LUBRICANT | AE5: CALBEE (KSO BMI) | AF5: IP | AG5: BEM | AH5: AMI | AI5: KA | AJ5: KTN | AK5: TOMIMOTO | AL5: NIAGA GARAM | AM5: PCI 84 | AN5: PCI MENGGER | AO5: INDOFOOD | AP5: CERES | AQ5: ABC KOGEN | AR5: TONGJI | AS5: PA | AT5: RB | AU5: GF ATOM | AV5: GF KULIT | AW5: HSK (KSO GAS) | AX5: SDM | AY5: JARGAS | AZ5: SBI | BA5: SP JES | BB5: SP GLOBAL | BC5: JIUQI
A6: =WEEKNUM(B6) -> 14 | B6: =A3 -> 46113 | C6: =TEXT(B6,"ddd") -> Rab | D6: =SUM(E6:BC6) -> 186311.43 | E6: 1199.5729 | F6: 1500 | G6: 1129.7313 | H6: 3282.5161 | I6: 644.02065 | J6: 0 | K6: 499.97065 | L6: 603.76323 | M6: 673.27548 | N6: 5514.199 | O6: 6600.0623 | P6: 2874.3265 | Q6: 11659.555 | R6: 9600 | S6: 26500 | T6: 7000 | U6: 7000 | V6: 5000 | W6: 500 | X6: 1000 | Y6: 5500 | Z6: 70.054839 | AA6: 89.451613 | AB6: 3500 | AC6: 1300 | AD6: 2900 | AE6: 8000 | AF6: 2020.8603 | AG6: 800 | AH6: 7200 | AI6: 3499.8768 | AJ6: 2043.2745 | AK6: 1999.5303 | AL6: 1000 | AM6: 11007.047 | AN6: 1519.5448 | AO6: 3999.6742 | AP6: 9000.0571 | AQ6: 8000 | AR6: 3500 | AS6: 726.81516 | AT6: 3018.0416 | AU6: 2044.9997 | AV6: 369.61071 | AW6: 5000 | AX6: 1121.9003 | AY6: 1800 | AZ6: 2499.7026 | BA6: 0 | BB6: 0 | BC6: 0
B7: =B6+1 -> 46114 | C7: =TEXT(B7,"ddd") -> Kam | D7: =SUM(E7:BC7) -> 186311.43 | E7: 1199.5729 | F7: 1500 | G7: 1129.7313 | H7: 3282.5161 | I7: 644.02065 | J7: 0 | K7: 499.97065 | L7: 603.76323 | M7: 673.27548 | N7: 5514.199 | O7: 6600.0623 | P7: 2874.3265 | Q7: 11659.555 | R7: 9600 | S7: 26500 | T7: 7000 | U7: 7000 | V7: 5000 | W7: 500 | X7: 1000 | Y7: 5500 | Z7: 70.054839 | AA7: 89.451613 | AB7: 3500 | AC7: 1300 | AD7: 2900 | AE7: 8000 | AF7: 2020.8603 | AG7: 800 | AH7: 7200 | AI7: 3499.8768 | AJ7: 2043.2745 | AK7: 1999.5303 | AL7: 1000 | AM7: 11007.047 | AN7: 1519.5448 | AO7: 3999.6742 | AP7: 9000.0571 | AQ7: 8000 | AR7: 3500 | AS7: 726.81516 | AT7: 3018.0416 | AU7: 2044.9997 | AV7: 369.61071 | AW7: 5000 | AX7: 1121.9003 | AY7: 1800 | AZ7: 2499.7026 | BA7: 0 | BB7: 0 | BC7: 0
B8: =B7+1 -> 46115 | C8: =TEXT(B8,"ddd") -> Jum | D8: =SUM(E8:BC8) -> 182811.43 | E8: 1199.5729 | F8: 1500 | G8: 1129.7313 | H8: 3282.5161 | I8: 644.02065 | J8: 0 | K8: 499.97065 | L8: 603.76323 | M8: 673.27548 | N8: 5514.199 | O8: 6600.0623 | P8: 2874.3265 | Q8: 11659.555 | R8: 9600 | S8: 26500 | T8: 7000 | U8: 7000 | V8: 5000 | W8: 500 | X8: 1000 | Y8: 5500 | Z8: 70.054839 | AA8: 89.451613 | AB8: 3500 | AC8: 1300 | AD8: 2900 | AE8: 8000 | AF8: 2020.8603 | AG8: 800 | AH8: 7200 | AI8: 3499.8768 | AJ8: 2043.2745 | AK8: 1999.5303 | AL8: 1000 | AM8: 11007.047 | AN8: 1519.5448 | AO8: 3999.6742 | AP8: 9000.0571 | AQ8: 8000 | AR8: 0 | AS8: 726.81516 | AT8: 3018.0416 | AU8: 2044.9997 | AV8: 369.61071 | AW8: 5000 | AX8: 1121.9003 | AY8: 1800 | AZ8: 2499.7026 | BA8: 0 | BB8: 0 | BC8: 0
B9: =B8+1 -> 46116 | C9: =TEXT(B9,"ddd") -> Sab | D9: =SUM(E9:BC9) -> 177845.56 | E9: 733.5729 | F9: 1500 | G9: 1129.7313 | H9: 3282.5161 | I9: 644.02065 | J9: 0 | K9: 499.97065 | L9: 603.76323 | M9: 673.27548 | N9: 4514.199 | O9: 6600.0623 | P9: 2874.3265 | Q9: 11659.555 | R9: 9600 | S9: 26500 | T9: 7000 | U9: 7000 | V9: 5000 | W9: 500 | X9: 1000 | Y9: 5500 | Z9: 70.054839 | AA9: 89.451613 | AB9: 3500 | AC9: 1300 | AD9: 2900 | AE9: 8000 | AF9: 2020.8603 | AG9: 800 | AH9: 7200 | AI9: 0 | AJ9: 2043.2745 | AK9: 1999.5303 | AL9: 1000 | AM9: 11007.047 | AN9: 1519.5448 | AO9: 3999.6742 | AP9: 9000.0571 | AQ9: 8000 | AR9: 0 | AS9: 726.81516 | AT9: 3018.0416 | AU9: 2044.9997 | AV9: 369.61071 | AW9: 5000 | AX9: 1121.9003 | AY9: 1800 | AZ9: 2499.7026 | BA9: 0 | BB9: 0 | BC9: 0
B10: =B9+1 -> 46117 | C10: =TEXT(B10,"ddd") -> Mgg | D10: =SUM(E10:BC10) -> 167452.01 | E10: 733.5729 | F10: 1000 | G10: 1129.7313 | H10: 999.51613 | I10: 644.02065 | J10: 0 | K10: 0 | L10: 603.76323 | M10: 673.27548 | N10: 0 | O10: 6600.0623 | P10: 300 | Q10: 6659.5545 | R10: 9600 | S10: 48000 | T10: 7000 | U10: 7000 | V10: 5000 | W10: 500 | X10: 0 | Y10: 2500 | Z10: 70.054839 | AA10: 89.451613 | AB10: 1000 | AC10: 1300 | AD10: 0 | AE10: 15000 | AF10: 2020.8603 | AG10: 0 | AH10: 2999.8519 | AI10: 0 | AJ10: 2043.2745 | AK10: 1999.5303 | AL10: 0 | AM10: 11007.047 | AN10: 1519.5448 | AO10: 3999.6742 | AP10: 6000.0571 | AQ10: 8000 | AR10: 0 | AS10: 726.81516 | AT10: 3018.0416 | AU10: 2044.9997 | AV10: 369.61071 | AW10: 1000 | AX10: 0 | AY10: 1800 | AZ10: 2499.7026 | BA10: 0 | BB10: 0 | BC10: 0
B11: Sub Total | D11: =SUM(D6:D10) -> 900731.88 | E11: =SUM(E6:E10) -> 5065.8645 | F11: =SUM(F6:F10) -> 7000 | G11: =SUM(G6:G10) -> 5648.6565 | H11: =SUM(H6:H10) -> 14129.581 | I11: =SUM(I6:I10) -> 3220.1032 | J11: =SUM(J6:J10) -> 0 | K11: =SUM(K6:K10) -> 1999.8826 | ... BC11: =SUM(BC6:BC10) -> 0
A13: =WEEKNUM(B13) -> 15 | B13: =B10+1 -> 46118 | C13: =TEXT(B13,"ddd") -> Sen | D13: =SUM(E13:BC13) -> 179511.43 | E13: 1199.5729 | F13: 1500 | G13: 1129.7313 | H13: 3282.5161 | I13: 644.02065 | J13: 0 | K13: 499.97065 | L13: 603.76323 | M13: 673.27548 | N13: 5514.199 | O13: 6600.0623 | P13: 2874.3265 | Q13: 11659.555 | R13: 4800 | S13: 26500 | T13: 5000 | U13: 7000 | V13: 5000 | W13: 500 | X13: 1000 | Y13: 5500 | Z13: 70.054839 | AA13: 89.451613 | AB13: 3500 | AC13: 1300 | AD13: 2900 | AE13: 8000 | AF13: 2020.8603 | AG13: 800 | AH13: 7200 | AI13: 3499.8768 | AJ13: 2043.2745 | AK13: 1999.5303 | AL13: 1000 | AM13: 11007.047 | AN13: 1519.5448 | AO13: 3999.6742 | AP13: 9000.0571 | AQ13: 8000 | AR13: 3500 | AS13: 726.81516 | AT13: 3018.0416 | AU13: 2044.9997 | AV13: 369.61071 | AW13: 5000 | AX13: 1121.9003 | AY13: 1800 | AZ13: 2499.7026 | BA13: 0 | BB13: 0 | BC13: 0
B14: =B13+1 -> 46119 | C14: =TEXT(B14,"ddd") -> Sel | D14: =SUM(E14:BC14) -> 179511.43 | E14: 1199.5729 | F14: 1500 | G14: 1129.7313 | H14: 3282.5161 | I14: 644.02065 | J14: 0 | K14: 499.97065 | L14: 603.76323 | M14: 673.27548 | N14: 5514.199 | O14: 6600.0623 | P14: 2874.3265 | Q14: 11659.555 | R14: 4800 | S14: 26500 | T14: 5000 | U14: 7000 | V14: 5000 | W14: 500 | X14: 1000 | Y14: 5500 | Z14: 70.054839 | AA14: 89.451613 | AB14: 3500 | AC14: 1300 | AD14: 2900 | AE14: 8000 | AF14: 2020.8603 | AG14: 800 | AH14: 7200 | AI14: 3499.8768 | AJ14: 2043.2745 | AK14: 1999.5303 | AL14: 1000 | AM14: 11007.047 | AN14: 1519.5448 | AO14: 3999.6742 | AP14: 9000.0571 | AQ14: 8000 | AR14: 3500 | AS14: 726.81516 | AT14: 3018.0416 | AU14: 2044.9997 | AV14: 369.61071 | AW14: 5000 | AX14: 1121.9003 | AY14: 1800 | AZ14: 2499.7026 | BA14: 0 | BB14: 0 | BC14: 0
B15: =B14+1 -> 46120 | C15: =TEXT(B15,"ddd") -> Rab | D15: =SUM(E15:BC15) -> 179511.43 | E15: 1199.5729 | F15: 1500 | G15: 1129.7313 | H15: 3282.5161 | I15: 644.02065 | J15: 0 | K15: 499.97065 | L15: 603.76323 | M15: 673.27548 | N15: 5514.199 | O15: 6600.0623 | P15: 2874.3265 | Q15: 11659.555 | R15: 4800 | S15: 26500 | T15: 5000 | U15: 7000 | V15: 5000 | W15: 500 | X15: 1000 | Y15: 5500 | Z15: 70.054839 | AA15: 89.451613 | AB15: 3500 | AC15: 1300 | AD15: 2900 | AE15: 8000 | AF15: 2020.8603 | AG15: 800 | AH15: 7200 | AI15: 3499.8768 | AJ15: 2043.2745 | AK15: 1999.5303 | AL15: 1000 | AM15: 11007.047 | AN15: 1519.5448 | AO15: 3999.6742 | AP15: 9000.0571 | AQ15: 8000 | AR15: 3500 | AS15: 726.81516 | AT15: 3018.0416 | AU15: 2044.9997 | AV15: 369.61071 | AW15: 5000 | AX15: 1121.9003 | AY15: 1800 | AZ15: 2499.7026 | BA15: 0 | BB15: 0 | BC15: 0
B16: =B15+1 -> 46121 | C16: =TEXT(B16,"ddd") -> Kam | D16: =SUM(E16:BC16) -> 177511.43 | E16: 1199.5729 | F16: 1500 | G16: 1129.7313 | H16: 3282.5161 | I16: 644.02065 | J16: 0 | K16: 499.97065 | L16: 603.76323 | M16: 673.27548 | N16: 5514.199 | O16: 6600.0623 | P16: 2874.3265 | Q16: 11659.555 | R16: 4800 | S16: 26500 | T16: 5000 | U16: 7000 | V16: 5000 | W16: 500 | X16: 1000 | Y16: 5500 | Z16: 70.054839 | AA16: 89.451613 | AB16: 3500 | AC16: 1300 | AD16: 2900 | AE16: 8000 | AF16: 2020.8603 | AG16: 800 | AH16: 7200 | AI16: 3499.8768 | AJ16: 2043.2745 | AK16: 1999.5303 | AL16: 1000 | AM16: 11007.047 | AN16: 1519.5448 | AO16: 3999.6742 | AP16: 9000.0571 | AQ16: 6000 | AR16: 3500 | AS16: 726.81516 | AT16: 3018.0416 | AU16: 2044.9997 | AV16: 369.61071 | AW16: 5000 | AX16: 1121.9003 | AY16: 1800 | AZ16: 2499.7026 | BA16: 0 | BB16: 0 | BC16: 0
B17: =B16+1 -> 46122 | C17: =TEXT(B17,"ddd") -> Jum | D17: =SUM(E17:BC17) -> 177511.43 | E17: 1199.5729 | F17: 1500 | G17: 1129.7313 | H17: 3282.5161 | I17: 644.02065 | J17: 0 | K17: 499.97065 | L17: 603.76323 | M17: 673.27548 | N17: 5514.199 | O17: 6600.0623 | P17: 2874.3265 | Q17: 11659.555 | R17: 4800 | S17: 26500 | T17: 5000 | U17: 7000 | V17: 5000 | W17: 500 | X17: 1000 | Y17: 5500 | Z17: 70.054839 | AA17: 89.451613 | AB17: 3500 | AC17: 1300 | AD17: 2900 | AE17: 8000 | AF17: 2020.8603 | AG17: 800 | AH17: 7200 | AI17: 3499.8768 | AJ17: 2043.2745 | AK17: 1999.5303 | AL17: 1000 | AM17: 11007.047 | AN17: 1519.5448 | AO17: 3999.6742 | AP17: 9000.0571 | AQ17: 6000 | AR17: 3500 | AS17: 726.81516 | AT17: 3018.0416 | AU17: 2044.9997 | AV17: 369.61071 | AW17: 5000 | AX17: 1121.9003 | AY17: 1800 | AZ17: 2499.7026 | BA17: 0 | BB17: 0 | BC17: 0
B18: =B17+1 -> 46123 | C18: =TEXT(B18,"ddd") -> Sab | D18: =SUM(E18:BC18) -> 172545.56 | E18: 733.5729 | F18: 1500 | G18: 1129.7313 | H18: 3282.5161 | I18: 644.02065 | J18: 0 | K18: 499.97065 | L18: 603.76323 | M18: 673.27548 | N18: 4514.199 | O18: 6600.0623 | P18: 2874.3265 | Q18: 11659.555 | R18: 4800 | S18: 26500 | T18: 5000 | U18: 7000 | V18: 5000 | W18: 500 | X18: 1000 | Y18: 5500 | Z18: 70.054839 | AA18: 89.451613 | AB18: 3500 | AC18: 1300 | AD18: 2900 | AE18: 8000 | AF18: 2020.8603 | AG18: 800 | AH18: 7200 | AI18: 0 | AJ18: 2043.2745 | AK18: 1999.5303 | AL18: 1000 | AM18: 11007.047 | AN18: 1519.5448 | AO18: 3999.6742 | AP18: 9000.0571 | AQ18: 6000 | AR18: 3500 | AS18: 726.81516 | AT18: 3018.0416 | AU18: 2044.9997 | AV18: 369.61071 | AW18: 5000 | AX18: 1121.9003 | AY18: 1800 | AZ18: 2499.7026 | BA18: 0 | BB18: 0 | BC18: 0
B19: =B18+1 -> 46124 | C19: =TEXT(B19,"ddd") -> Mgg | D19: =SUM(E19:BC19) -> 162152.01 | E19: 733.5729 | F19: 1000 | G19: 1129.7313 | H19: 999.51613 | I19: 644.02065 | J19: 0 | K19: 0 | L19: 603.76323 | M19: 673.27548 | N19: 0 | O19: 6600.0623 | P19: 300 | Q19: 6659.5545 | R19: 4800 | S19: 48000 | T19: 5000 | U19: 7000 | V19: 5000 | W19: 500 | X19: 0 | Y19: 2500 | Z19: 70.054839 | AA19: 89.451613 | AB19: 1000 | AC19: 1300 | AD19: 0 | AE19: 15000 | AF19: 2020.8603 | AG19: 0 | AH19: 2999.8519 | AI19: 0 | AJ19: 2043.2745 | AK19: 1999.5303 | AL19: 0 | AM19: 11007.047 | AN19: 1519.5448 | AO19: 3999.6742 | AP19: 6000.0571 | AQ19: 6000 | AR19: 3500 | AS19: 726.81516 | AT19: 3018.0416 | AU19: 2044.9997 | AV19: 369.61071 | AW19: 1000 | AX19: 0 | AY19: 1800 | AZ19: 2499.7026 | BA19: 0 | BB19: 0 | BC19: 0
B20: Sub Total | D20: =SUM(D13:D19) -> 1228254.7 | E20: =SUM(E13:E19) -> 7465.0103 | F20: =SUM(F13:F19) -> 10000 | G20: =SUM(G13:G19) -> 7908.119 | H20: =SUM(H13:H19) -> 20694.613 | I20: =SUM(I13:I19) -> 4508.1445 | J20: =SUM(J13:J19) -> 0 | K20: =SUM(K13:K19) -> 2999.8239 | ... BC20: =SUM(BC13:BC19) -> 0
A22: =WEEKNUM(B22) -> 16 | B22: =B19+1 -> 46125 | C22: =TEXT(B22,"ddd") -> Sen | D22: =SUM(E22:BC22) -> 175637.11 | E22: 1199.5729 | F22: 1500 | G22: 1129.7313 | H22: 3282.5161 | I22: 644.02065 | J22: 0 | K22: 499.97065 | L22: 603.76323 | M22: 673.27548 | N22: 5514.199 | O22: 6600.0623 | P22: 500 | Q22: 11659.555 | R22: 4800 | S22: 26500 | T22: 5000 | U22: 7000 | V22: 5000 | W22: 500 | X22: 1000 | Y22: 5500 | Z22: 70.054839 | AA22: 89.451613 | AB22: 3500 | AC22: 1300 | AD22: 2900 | AE22: 8000 | AF22: 2020.8603 | AG22: 800 | AH22: 7200 | AI22: 3499.8768 | AJ22: 2043.2745 | AK22: 1999.5303 | AL22: 1000 | AM22: 11007.047 | AN22: 1519.5448 | AO22: 3999.6742 | AP22: 9000.0571 | AQ22: 6500 | AR22: 3500 | AS22: 726.81516 | AT22: 3018.0416 | AU22: 2044.9997 | AV22: 369.61071 | AW22: 5000 | AX22: 1121.9003 | AY22: 1800 | AZ22: 2499.7026 | BA22: 0 | BB22: 0 | BC22: 0
B23: =B22+1 -> 46126 | C23: =TEXT(B23,"ddd") -> Sel | D23: =SUM(E23:BC23) -> 175637.11 | E23: 1199.5729 | F23: 1500 | G23: 1129.7313 | H23: 3282.5161 | I23: 644.02065 | J23: 0 | K23: 499.97065 | L23: 603.76323 | M23: 673.27548 | N23: 5514.199 | O23: 6600.0623 | P23: 500 | Q23: 11659.555 | R23: 4800 | S23: 26500 | T23: 5000 | U23: 7000 | V23: 5000 | W23: 500 | X23: 1000 | Y23: 5500 | Z23: 70.054839 | AA23: 89.451613 | AB23: 3500 | AC23: 1300 | AD23: 2900 | AE23: 8000 | AF23: 2020.8603 | AG23: 800 | AH23: 7200 | AI23: 3499.8768 | AJ23: 2043.2745 | AK23: 1999.5303 | AL23: 1000 | AM23: 11007.047 | AN23: 1519.5448 | AO23: 3999.6742 | AP23: 9000.0571 | AQ23: 6500 | AR23: 3500 | AS23: 726.81516 | AT23: 3018.0416 | AU23: 2044.9997 | AV23: 369.61071 | AW23: 5000 | AX23: 1121.9003 | AY23: 1800 | AZ23: 2499.7026 | BA23: 0 | BB23: 0 | BC23: 0
B24: =B23+1 -> 46127 | C24: =TEXT(B24,"ddd") -> Rab | D24: =SUM(E24:BC24) -> 177037.05 | E24: 1199.5729 | F24: 1500 | G24: 1129.7313 | H24: 3282.5161 | I24: 644.02065 | J24: 0 | K24: 499.97065 | L24: 603.76323 | M24: 673.27548 | N24: 5514.199 | O24: 8000 | P24: 500 | Q24: 11659.555 | R24: 4800 | S24: 26500 | T24: 5000 | U24: 7000 | V24: 5000 | W24: 500 | X24: 1000 | Y24: 5500 | Z24: 70.054839 | AA24: 89.451613 | AB24: 3500 | AC24: 1300 | AD24: 2900 | AE24: 8000 | AF24: 2020.8603 | AG24: 800 | AH24: 7200 | AI24: 3499.8768 | AJ24: 2043.2745 | AK24: 1999.5303 | AL24: 1000 | AM24: 11007.047 | AN24: 1519.5448 | AO24: 3999.6742 | AP24: 9000.0571 | AQ24: 6500 | AR24: 3500 | AS24: 726.81516 | AT24: 3018.0416 | AU24: 2044.9997 | AV24: 369.61071 | AW24: 5000 | AX24: 1121.9003 | AY24: 1800 | AZ24: 2499.7026 | BA24: 0 | BB24: 0 | BC24: 0
B25: =B24+1 -> 46128 | C25: =TEXT(B25,"ddd") -> Kam | D25: =SUM(E25:BC25) -> 174037.05 | E25: 1199.5729 | F25: 1500 | G25: 1129.7313 | H25: 3282.5161 | I25: 644.02065 | J25: 0 | K25: 499.97065 | L25: 603.76323 | M25: 673.27548 | N25: 5514.199 | O25: 8000 | P25: 500 | Q25: 11659.555 | R25: 4800 | S25: 26500 | T25: 5000 | U25: 7000 | V25: 5000 | W25: 500 | X25: 1000 | Y25: 5500 | Z25: 70.054839 | AA25: 89.451613 | AB25: 3500 | AC25: 1300 | AD25: 2900 | AE25: 5000 | AF25: 2020.8603 | AG25: 800 | AH25: 7200 | AI25: 3499.8768 | AJ25: 2043.2745 | AK25: 1999.5303 | AL25: 1000 | AM25: 11007.047 | AN25: 1519.5448 | AO25: 3999.6742 | AP25: 9000.0571 | AQ25: 6500 | AR25: 3500 | AS25: 726.81516 | AT25: 3018.0416 | AU25: 2044.9997 | AV25: 369.61071 | AW25: 5000 | AX25: 1121.9003 | AY25: 1800 | AZ25: 2499.7026 | BA25: 0 | BB25: 0 | BC25: 0
B26: =B25+1 -> 46129 | C26: =TEXT(B26,"ddd") -> Jum | D26: =SUM(E26:BC26) -> 174037.05 | E26: 1199.5729 | F26: 1500 | G26: 1129.7313 | H26: 3282.5161 | I26: 644.02065 | J26: 0 | K26: 499.97065 | L26: 603.76323 | M26: 673.27548 | N26: 5514.199 | O26: 8000 | P26: 500 | Q26: 11659.555 | R26: 4800 | S26: 26500 | T26: 5000 | U26: 7000 | V26: 5000 | W26: 500 | X26: 1000 | Y26: 5500 | Z26: 70.054839 | AA26: 89.451613 | AB26: 3500 | AC26: 1300 | AD26: 2900 | AE26: 5000 | AF26: 2020.8603 | AG26: 800 | AH26: 7200 | AI26: 3499.8768 | AJ26: 2043.2745 | AK26: 1999.5303 | AL26: 1000 | AM26: 11007.047 | AN26: 1519.5448 | AO26: 3999.6742 | AP26: 9000.0571 | AQ26: 6500 | AR26: 3500 | AS26: 726.81516 | AT26: 3018.0416 | AU26: 2044.9997 | AV26: 369.61071 | AW26: 5000 | AX26: 1121.9003 | AY26: 1800 | AZ26: 2499.7026 | BA26: 0 | BB26: 0 | BC26: 0
B27: =B26+1 -> 46130 | C27: =TEXT(B27,"ddd") -> Sab | D27: =SUM(E27:BC27) -> 160321.17 | E27: 733.5729 | F27: 1500 | G27: 1129.7313 | H27: 3282.5161 | I27: 644.02065 | J27: 0 | K27: 499.97065 | L27: 603.76323 | M27: 673.27548 | N27: 4514.199 | O27: 8000 | P27: 250 | Q27: 11659.555 | R27: 4800 | S27: 26500 | T27: 5000 | U27: 0 | V27: 5000 | W27: 500 | X27: 1000 | Y27: 5500 | Z27: 70.054839 | AA27: 89.451613 | AB27: 3500 | AC27: 1300 | AD27: 2900 | AE27: 5000 | AF27: 2020.8603 | AG27: 800 | AH27: 7200 | AI27: 0 | AJ27: 2043.2745 | AK27: 1999.5303 | AL27: 1000 | AM27: 11007.047 | AN27: 1519.5448 | AO27: 3999.6742 | AP27: 9000.0571 | AQ27: 5000 | AR27: 3500 | AS27: 726.81516 | AT27: 3018.0416 | AU27: 2044.9997 | AV27: 369.61071 | AW27: 5000 | AX27: 1121.9003 | AY27: 1800 | AZ27: 2499.7026 | BA27: 0 | BB27: 0 | BC27: 0
B28: =B27+1 -> 46131 | C28: =TEXT(B28,"ddd") -> Mgg | D28: =SUM(E28:BC28) -> 145501.95 | E28: 733.5729 | F28: 1000 | G28: 1129.7313 | H28: 999.51613 | I28: 644.02065 | J28: 0 | K28: 0 | L28: 603.76323 | M28: 673.27548 | N28: 0 | O28: 8000 | P28: 250 | Q28: 6659.5545 | R28: 4800 | S28: 48000 | T28: 5000 | U28: 0 | V28: 5000 | W28: 500 | X28: 0 | Y28: 2500 | Z28: 70.054839 | AA28: 89.451613 | AB28: 1000 | AC28: 1300 | AD28: 0 | AE28: 5000 | AF28: 2020.8603 | AG28: 0 | AH28: 2999.8519 | AI28: 0 | AJ28: 2043.2745 | AK28: 1999.5303 | AL28: 0 | AM28: 11007.047 | AN28: 1519.5448 | AO28: 3999.6742 | AP28: 6000.0571 | AQ28: 5000 | AR28: 3500 | AS28: 726.81516 | AT28: 3018.0416 | AU28: 2044.9997 | AV28: 369.61071 | AW28: 1000 | AX28: 0 | AY28: 1800 | AZ28: 2499.7026 | BA28: 0 | BB28: 0 | BC28: 0
B29: Sub Total | D29: =SUM(D22:D28) -> 1182208.5 | E29: =SUM(E22:E28) -> 7465.0103 | F29: =SUM(F22:F28) -> 10000 | G29: =SUM(G22:G28) -> 7908.119 | H29: =SUM(H22:H28) -> 20694.613 | I29: =SUM(I22:I28) -> 4508.1445 | J29: =SUM(J22:J28) -> 0 | K29: =SUM(K22:K28) -> 2999.8239 | ... BC29: =SUM(BC22:BC28) -> 0
A31: =WEEKNUM(B31) -> 17 | B31: =B28+1 -> 46132 | C31: =TEXT(B31,"ddd") -> Sen | D31: =SUM(E31:BC31) -> 174037.05 | E31: 1199.5729 | F31: 1500 | G31: 1129.7313 | H31: 3282.5161 | I31: 644.02065 | J31: 0 | K31: 499.97065 | L31: 603.76323 | M31: 673.27548 | N31: 5514.199 | O31: 8000 | P31: 500 | Q31: 11659.555 | R31: 4800 | S31: 26500 | T31: 5000 | U31: 7000 | V31: 5000 | W31: 500 | X31: 1000 | Y31: 5500 | Z31: 70.054839 | AA31: 89.451613 | AB31: 3500 | AC31: 1300 | AD31: 2900 | AE31: 5000 | AF31: 2020.8603 | AG31: 800 | AH31: 7200 | AI31: 3499.8768 | AJ31: 2043.2745 | AK31: 1999.5303 | AL31: 1000 | AM31: 11007.047 | AN31: 1519.5448 | AO31: 3999.6742 | AP31: 9000.0571 | AQ31: 6500 | AR31: 3500 | AS31: 726.81516 | AT31: 3018.0416 | AU31: 2044.9997 | AV31: 369.61071 | AW31: 5000 | AX31: 1121.9003 | AY31: 1800 | AZ31: 2499.7026 | BA31: 0 | BB31: 0 | BC31: 0
B32: =B31+1 -> 46133 | C32: =TEXT(B32,"ddd") -> Sel | D32: =SUM(E32:BC32) -> 174037.05 | E32: 1199.5729 | F32: 1500 | G32: 1129.7313 | H32: 3282.5161 | I32: 644.02065 | J32: 0 | K32: 499.97065 | L32: 603.76323 | M32: 673.27548 | N32: 5514.199 | O32: 8000 | P32: 500 | Q32: 11659.555 | R32: 4800 | S32: 26500 | T32: 5000 | U32: 7000 | V32: 5000 | W32: 500 | X32: 1000 | Y32: 5500 | Z32: 70.054839 | AA32: 89.451613 | AB32: 3500 | AC32: 1300 | AD32: 2900 | AE32: 5000 | AF32: 2020.8603 | AG32: 800 | AH32: 7200 | AI32: 3499.8768 | AJ32: 2043.2745 | AK32: 1999.5303 | AL32: 1000 | AM32: 11007.047 | AN32: 1519.5448 | AO32: 3999.6742 | AP32: 9000.0571 | AQ32: 6500 | AR32: 3500 | AS32: 726.81516 | AT32: 3018.0416 | AU32: 2044.9997 | AV32: 369.61071 | AW32: 5000 | AX32: 1121.9003 | AY32: 1800 | AZ32: 2499.7026 | BA32: 0 | BB32: 0 | BC32: 0
B33: =B32+1 -> 46134 | C33: =TEXT(B33,"ddd") -> Rab | D33: =SUM(E33:BC33) -> 174037.05 | E33: 1199.5729 | F33: 1500 | G33: 1129.7313 | H33: 3282.5161 | I33: 644.02065 | J33: 0 | K33: 499.97065 | L33: 603.76323 | M33: 673.27548 | N33: 5514.199 | O33: 8000 | P33: 500 | Q33: 11659.555 | R33: 4800 | S33: 26500 | T33: 5000 | U33: 7000 | V33: 5000 | W33: 500 | X33: 1000 | Y33: 5500 | Z33: 70.054839 | AA33: 89.451613 | AB33: 3500 | AC33: 1300 | AD33: 2900 | AE33: 5000 | AF33: 2020.8603 | AG33: 800 | AH33: 7200 | AI33: 3499.8768 | AJ33: 2043.2745 | AK33: 1999.5303 | AL33: 1000 | AM33: 11007.047 | AN33: 1519.5448 | AO33: 3999.6742 | AP33: 9000.0571 | AQ33: 6500 | AR33: 3500 | AS33: 726.81516 | AT33: 3018.0416 | AU33: 2044.9997 | AV33: 369.61071 | AW33: 5000 | AX33: 1121.9003 | AY33: 1800 | AZ33: 2499.7026 | BA33: 0 | BB33: 0 | BC33: 0
B34: =B33+1 -> 46135 | C34: =TEXT(B34,"ddd") -> Kam | D34: =SUM(E34:BC34) -> 174037.05 | E34: 1199.5729 | F34: 1500 | G34: 1129.7313 | H34: 3282.5161 | I34: 644.02065 | J34: 0 | K34: 499.97065 | L34: 603.76323 | M34: 673.27548 | N34: 5514.199 | O34: 8000 | P34: 500 | Q34: 11659.555 | R34: 4800 | S34: 26500 | T34: 5000 | U34: 7000 | V34: 5000 | W34: 500 | X34: 1000 | Y34: 5500 | Z34: 70.054839 | AA34: 89.451613 | AB34: 3500 | AC34: 1300 | AD34: 2900 | AE34: 5000 | AF34: 2020.8603 | AG34: 800 | AH34: 7200 | AI34: 3499.8768 | AJ34: 2043.2745 | AK34: 1999.5303 | AL34: 1000 | AM34: 11007.047 | AN34: 1519.5448 | AO34: 3999.6742 | AP34: 9000.0571 | AQ34: 6500 | AR34: 3500 | AS34: 726.81516 | AT34: 3018.0416 | AU34: 2044.9997 | AV34: 369.61071 | AW34: 5000 | AX34: 1121.9003 | AY34: 1800 | AZ34: 2499.7026 | BA34: 0 | BB34: 0 | BC34: 0
B35: =B34+1 -> 46136 | C35: =TEXT(B35,"ddd") -> Jum | D35: =SUM(E35:BC35) -> 174037.05 | E35: 1199.5729 | F35: 1500 | G35: 1129.7313 | H35: 3282.5161 | I35: 644.02065 | J35: 0 | K35: 499.97065 | L35: 603.76323 | M35: 673.27548 | N35: 5514.199 | O35: 8000 | P35: 500 | Q35: 11659.555 | R35: 4800 | S35: 26500 | T35: 5000 | U35: 7000 | V35: 5000 | W35: 500 | X35: 1000 | Y35: 5500 | Z35: 70.054839 | AA35: 89.451613 | AB35: 3500 | AC35: 1300 | AD35: 2900 | AE35: 5000 | AF35: 2020.8603 | AG35: 800 | AH35: 7200 | AI35: 3499.8768 | AJ35: 2043.2745 | AK35: 1999.5303 | AL35: 1000 | AM35: 11007.047 | AN35: 1519.5448 | AO35: 3999.6742 | AP35: 9000.0571 | AQ35: 6500 | AR35: 3500 | AS35: 726.81516 | AT35: 3018.0416 | AU35: 2044.9997 | AV35: 369.61071 | AW35: 5000 | AX35: 1121.9003 | AY35: 1800 | AZ35: 2499.7026 | BA35: 0 | BB35: 0 | BC35: 0
B36: =B35+1 -> 46137 | C36: =TEXT(B36,"ddd") -> Sab | D36: =SUM(E36:BC36) -> 160321.17 | E36: 733.5729 | F36: 1500 | G36: 1129.7313 | H36: 3282.5161 | I36: 644.02065 | J36: 0 | K36: 499.97065 | L36: 603.76323 | M36: 673.27548 | N36: 4514.199 | O36: 8000 | P36: 250 | Q36: 11659.555 | R36: 4800 | S36: 26500 | T36: 5000 | U36: 0 | V36: 5000 | W36: 500 | X36: 1000 | Y36: 5500 | Z36: 70.054839 | AA36: 89.451613 | AB36: 3500 | AC36: 1300 | AD36: 2900 | AE36: 5000 | AF36: 2020.8603 | AG36: 800 | AH36: 7200 | AI36: 0 | AJ36: 2043.2745 | AK36: 1999.5303 | AL36: 1000 | AM36: 11007.047 | AN36: 1519.5448 | AO36: 3999.6742 | AP36: 9000.0571 | AQ36: 5000 | AR36: 3500 | AS36: 726.81516 | AT36: 3018.0416 | AU36: 2044.9997 | AV36: 369.61071 | AW36: 5000 | AX36: 1121.9003 | AY36: 1800 | AZ36: 2499.7026 | BA36: 0 | BB36: 0 | BC36: 0
B37: =B36+1 -> 46138 | C37: =TEXT(B37,"ddd") -> Mgg | D37: =SUM(E37:BC37) -> 145501.95 | E37: 733.5729 | F37: 1000 | G37: 1129.7313 | H37: 999.51613 | I37: 644.02065 | J37: 0 | K37: 0 | L37: 603.76323 | M37: 673.27548 | N37: 0 | O37: 8000 | P37: 250 | Q37: 6659.5545 | R37: 4800 | S37: 48000 | T37: 5000 | U37: 0 | V37: 5000 | W37: 500 | X37: 0 | Y37: 2500 | Z37: 70.054839 | AA37: 89.451613 | AB37: 1000 | AC37: 1300 | AD37: 0 | AE37: 5000 | AF37: 2020.8603 | AG37: 0 | AH37: 2999.8519 | AI37: 0 | AJ37: 2043.2745 | AK37: 1999.5303 | AL37: 0 | AM37: 11007.047 | AN37: 1519.5448 | AO37: 3999.6742 | AP37: 6000.0571 | AQ37: 5000 | AR37: 3500 | AS37: 726.81516 | AT37: 3018.0416 | AU37: 2044.9997 | AV37: 369.61071 | AW37: 1000 | AX37: 0 | AY37: 1800 | AZ37: 2499.7026 | BA37: 0 | BB37: 0 | BC37: 0
B38: Sub Total | D38: =SUM(D31:D37) -> 1176008.3 | E38: =SUM(E31:E37) -> 7465.0103 | F38: =SUM(F31:F37) -> 10000 | G38: =SUM(G31:G37) -> 7908.119 | H38: =SUM(H31:H37) -> 20694.613 | I38: =SUM(I31:I37) -> 4508.1445 | J38: =SUM(J31:J37) -> 0 | K38: =SUM(K31:K37) -> 2999.8239 | ... BC38: =SUM(BC31:BC37) -> 0
A40: =WEEKNUM(B40) -> 18 | B40: =B37+1 -> 46139 | C40: =TEXT(B40,"ddd") -> Sen | D40: =SUM(E40:BC40) -> 178537.05 | E40: 1199.5729 | F40: 1500 | G40: 1129.7313 | H40: 3282.5161 | I40: 644.02065 | J40: 0 | K40: 499.97065 | L40: 603.76323 | M40: 673.27548 | N40: 5514.199 | O40: 8000 | P40: 500 | Q40: 11659.555 | R40: 4800 | S40: 26500 | T40: 5000 | U40: 7000 | V40: 5000 | W40: 500 | X40: 1000 | Y40: 5500 | Z40: 70.054839 | AA40: 89.451613 | AB40: 3500 | AC40: 1300 | AD40: 2900 | AE40: 5000 | AF40: 2020.8603 | AG40: 800 | AH40: 7200 | AI40: 3499.8768 | AJ40: 2043.2745 | AK40: 1999.5303 | AL40: 1000 | AM40: 11007.047 | AN40: 1519.5448 | AO40: 3999.6742 | AP40: 9000.0571 | AQ40: 6500 | AR40: 3500 | AS40: 726.81516 | AT40: 3018.0416 | AU40: 2044.9997 | AV40: 369.61071 | AW40: 5000 | AX40: 1121.9003 | AY40: 1800 | AZ40: 2499.7026 | BA40: 0 | BB40: 0 | BC40: 4500
B41: =B40+1 -> 46140 | C41: =TEXT(B41,"ddd") -> Sel | D41: =SUM(E41:BC41) -> 178537.05 | E41: 1199.5729 | F41: 1500 | G41: 1129.7313 | H41: 3282.5161 | I41: 644.02065 | J41: 0 | K41: 499.97065 | L41: 603.76323 | M41: 673.27548 | N41: 5514.199 | O41: 8000 | P41: 500 | Q41: 11659.555 | R41: 4800 | S41: 26500 | T41: 5000 | U41: 7000 | V41: 5000 | W41: 500 | X41: 1000 | Y41: 5500 | Z41: 70.054839 | AA41: 89.451613 | AB41: 3500 | AC41: 1300 | AD41: 2900 | AE41: 5000 | AF41: 2020.8603 | AG41: 800 | AH41: 7200 | AI41: 3499.8768 | AJ41: 2043.2745 | AK41: 1999.5303 | AL41: 1000 | AM41: 11007.047 | AN41: 1519.5448 | AO41: 3999.6742 | AP41: 9000.0571 | AQ41: 6500 | AR41: 3500 | AS41: 726.81516 | AT41: 3018.0416 | AU41: 2044.9997 | AV41: 369.61071 | AW41: 5000 | AX41: 1121.9003 | AY41: 1800 | AZ41: 2499.7026 | BA41: 0 | BB41: 0 | BC41: 4500
B42: =B41+1 -> 46141 | C42: =TEXT(B42,"ddd") -> Rab | D42: =SUM(E42:BC42) -> 178537.05 | E42: 1199.5729 | F42: 1500 | G42: 1129.7313 | H42: 3282.5161 | I42: 644.02065 | J42: 0 | K42: 499.97065 | L42: 603.76323 | M42: 673.27548 | N42: 5514.199 | O42: 8000 | P42: 500 | Q42: 11659.555 | R42: 4800 | S42: 26500 | T42: 5000 | U42: 7000 | V42: 5000 | W42: 500 | X42: 1000 | Y42: 5500 | Z42: 70.054839 | AA42: 89.451613 | AB42: 3500 | AC42: 1300 | AD42: 2900 | AE42: 5000 | AF42: 2020.8603 | AG42: 800 | AH42: 7200 | AI42: 3499.8768 | AJ42: 2043.2745 | AK42: 1999.5303 | AL42: 1000 | AM42: 11007.047 | AN42: 1519.5448 | AO42: 3999.6742 | AP42: 9000.0571 | AQ42: 6500 | AR42: 3500 | AS42: 726.81516 | AT42: 3018.0416 | AU42: 2044.9997 | AV42: 369.61071 | AW42: 5000 | AX42: 1121.9003 | AY42: 1800 | AZ42: 2499.7026 | BA42: 0 | BB42: 0 | BC42: 4500
B43: =B42+1 -> 46142 | C43: =TEXT(B43,"ddd") -> Kam | D43: =SUM(E43:BC43) -> 178537.05 | E43: 1199.5729 | F43: 1500 | G43: 1129.7313 | H43: 3282.5161 | I43: 644.02065 | J43: 0 | K43: 499.97065 | L43: 603.76323 | M43: 673.27548 | N43: 5514.199 | O43: 8000 | P43: 500 | Q43: 11659.555 | R43: 4800 | S43: 26500 | T43: 5000 | U43: 7000 | V43: 5000 | W43: 500 | X43: 1000 | Y43: 5500 | Z43: 70.054839 | AA43: 89.451613 | AB43: 3500 | AC43: 1300 | AD43: 2900 | AE43: 5000 | AF43: 2020.8603 | AG43: 800 | AH43: 7200 | AI43: 3499.8768 | AJ43: 2043.2745 | AK43: 1999.5303 | AL43: 1000 | AM43: 11007.047 | AN43: 1519.5448 | AO43: 3999.6742 | AP43: 9000.0571 | AQ43: 6500 | AR43: 3500 | AS43: 726.81516 | AT43: 3018.0416 | AU43: 2044.9997 | AV43: 369.61071 | AW43: 5000 | AX43: 1121.9003 | AY43: 1800 | AZ43: 2499.7026 | BA43: 0 | BB43: 0 | BC43: 4500
B44: Sub Total | D44: =SUM(D40:D43) -> 714148.18 | E44: =SUM(E40:E43) -> 4798.2916 | F44: =SUM(F40:F43) -> 6000 | G44: =SUM(G40:G43) -> 4518.9252 | H44: =SUM(H40:H43) -> 13130.065 | I44: =SUM(I40:I43) -> 2576.0826 | J44: =SUM(J40:J43) -> 0 | K44: =SUM(K40:K43) -> 1999.8826 | ... BC44: =SUM(BC40:BC43) -> 18000
B46: Sub Total | D46: =SUM(D20,D11,D29,D38,D44) -> 5201351.6 | E46: =SUM(E20,E11,E29,E38,E44) -> 32259.187 | F46: =SUM(F20,F11,F29,F38,F44) -> 43000 | G46: =SUM(G20,G11,G29,G38,G44) -> 33891.939 | H46: =SUM(H20,H11,H29,H38,H44) -> 89343.484 | I46: =SUM(I20,I11,I29,I38,I44) -> 19320.619 | J46: =SUM(J20,J11,J29,J38,J44) -> 0 | K46: =SUM(K20,K11,K29,K38,K44) -> 12999.237 | ... BC46: =SUM(BC20,BC11,BC29,BC38,BC44) -> 18000
B47: Total | D47: =SUM(D13:D19,D6:D10,D31:D37,D22:D28,D40:D43) -> 5201351.6 | E47: =SUM(E13:E19,E6:E10,E31:E37,E22:E28,E40:E43) -> 32259.187 | F47: =SUM(F13:F19,F6:F10,F31:F37,F22:F28,F40:F43) -> 43000 | G47: =SUM(G13:G19,G6:G10,G31:G37,G22:G28,G40:G43) -> 33891.939 | H47: =SUM(H13:H19,H6:H10,H31:H37,H22:H28,H40:H43) -> 89343.484 | I47: =SUM(I13:I19,I6:I10,I31:I37,I22:I28,I40:I43) -> 19320.619 | J47: =SUM(J13:J19,J6:J10,J31:J37,J22:J28,J40:J43) -> 0 | K47: =SUM(K13:K19,K6:K10,K31:K37,K22:K28,K40:K43) -> 12999.237 | ... BC47: =SUM(BC13:BC19,BC6:BC10,BC31:BC37,BC22:BC28,BC40:BC43) -> 18000
B48: Note Rev.1:
B49: Note Rev.1:
B50: Note Rev.1:
B51: Note Rev.1:
B52: Note Rev.1:
B53: Note Rev.1:
B54: Note Rev.1:
B55: Note Rev.1:
B56: Note Rev.1:
B57: Note Rev.1:
B58: Note Rev.1:
B59: Note Rev.1:
... B79: 6. Pengurangan volume MS SETU PT Ceres, customer off mulai 22 April 2025

Sheet KEBUTUHAN GAS
A1: KEBUTUHAN GAS
A4: ='SO APRIL 2026 Rev2'!A3 -> 46113 | E4: KEBUTUHAN GAS | I4: KUOTA GAS
A5: Week | B5: DATE | D5: SELISIH GAS | E5: JABAR | F5: JATENG | G5: JATIM | H5: TOTAL | I5: MS SETU | J5: MS KHT | K5: MS BLORA | L5: MS BITUNG | M5: MS ZEBRA | N5: MS TAMBAKLOROK | O5: MS WUNUT | P5: MS SADANG | Q5: TOTAL
A6: =WEEKNUM(B6) -> 14 | B6: =A4 -> 46113 | C6: =TEXT(B6,"ddd") -> Rab | D6: =Q6-H6 -> -42689.534 | E6: =SUM('SO APRIL 2026 Rev2'!E6:AR6) -> 169730.36 | F6: =SUM('SO APRIL 2026 Rev2'!AS6:AZ6) -> 16581.07 | G6: =SUM('SO APRIL 2026 Rev2'!BA6:BC6) -> 0 | H6: =SUM(E6:G6) -> 186311.43 | I6: ='SO MS'!E6 -> 84000 | J6: ='SO MS'!F6 -> 33600 | K6: ='SO MS'!G6 -> 9600 | L6: =2*5000 -> 10000 | M6: ='SO APRIL 2026 Rev2'!AY6 -> 1800 | N6: ='SO APRIL 2026 Rev2'!AR6 -> 3500 | O6: ='SO APRIL 2026 Rev2'!AX6 -> 1121.9003 | Q6: =SUM(I6:P6) -> 143621.9
B7: =B6+1 -> 46114 | C7: =TEXT(B7,"ddd") -> Kam | D7: =Q7-H7 -> -42689.534 | E7: =SUM('SO APRIL 2026 Rev2'!E7:AR7) -> 169730.36 | F7: =SUM('SO APRIL 2026 Rev2'!AS7:AZ7) -> 16581.07 | G7: =SUM('SO APRIL 2026 Rev2'!BA7:BC7) -> 0 | H7: =SUM(E7:G7) -> 186311.43 | I7: ='SO MS'!E7 -> 84000 | J7: ='SO MS'!F7 -> 33600 | K7: ='SO MS'!G7 -> 9600 | L7: =2*5000 -> 10000 | M7: ='SO APRIL 2026 Rev2'!AY7 -> 1800 | N7: ='SO APRIL 2026 Rev2'!AR7 -> 3500 | O7: ='SO APRIL 2026 Rev2'!AX7 -> 1121.9003 | Q7: =SUM(I7:P7) -> 143621.9
B8: =B7+1 -> 46115 | C8: =TEXT(B8,"ddd") -> Jum | D8: =Q8-H8 -> -42689.534 | E8: =SUM('SO APRIL 2026 Rev2'!E8:AR8) -> 166230.36 | F8: =SUM('SO APRIL 2026 Rev2'!AS8:AZ8) -> 16581.07 | G8: =SUM('SO APRIL 2026 Rev2'!BA8:BC8) -> 0 | H8: =SUM(E8:G8) -> 182811.43 | I8: ='SO MS'!E8 -> 84000 | J8: ='SO MS'!F8 -> 33600 | K8: ='SO MS'!G8 -> 9600 | L8: =2*5000 -> 10000 | M8: ='SO APRIL 2026 Rev2'!AY8 -> 1800 | N8: ='SO APRIL 2026 Rev2'!AR8 -> 0 | O8: ='SO APRIL 2026 Rev2'!AX8 -> 1121.9003 | Q8: =SUM(I8:P8) -> 140121.9
B9: =B8+1 -> 46116 | C9: =TEXT(B9,"ddd") -> Sab | D9: =Q9-H9 -> -37723.658 | E9: =SUM('SO APRIL 2026 Rev2'!E9:AR9) -> 161264.49 | F9: =SUM('SO APRIL 2026 Rev2'!AS9:AZ9) -> 16581.07 | G9: =SUM('SO APRIL 2026 Rev2'!BA9:BC9) -> 0 | H9: =SUM(E9:G9) -> 177845.56 | I9: ='SO MS'!E9 -> 84000 | J9: ='SO MS'!F9 -> 33600 | K9: ='SO MS'!G9 -> 9600 | L9: =2*5000 -> 10000 | M9: ='SO APRIL 2026 Rev2'!AY9 -> 1800 | N9: ='SO APRIL 2026 Rev2'!AR9 -> 0 | O9: ='SO APRIL 2026 Rev2'!AX9 -> 1121.9003 | Q9: =SUM(I9:P9) -> 140121.9
B10: =B9+1 -> 46117 | C10: =TEXT(B10,"ddd") -> Mgg | D10: =Q10-H10 -> -28452.013 | E10: =SUM('SO APRIL 2026 Rev2'!E10:AR10) -> 155992.84 | F10: =SUM('SO APRIL 2026 Rev2'!AS10:AZ10) -> 11459.17 | G10: =SUM('SO APRIL 2026 Rev2'!BA10:BC10) -> 0 | H10: =SUM(E10:G10) -> 167452.01 | I10: ='SO MS'!E10 -> 84000 | J10: ='SO MS'!F10 -> 33600 | K10: ='SO MS'!G10 -> 9600 | L10: =2*5000 -> 10000 | M10: ='SO APRIL 2026 Rev2'!AY10 -> 1800 | N10: ='SO APRIL 2026 Rev2'!AR10 -> 0 | O10: ='SO APRIL 2026 Rev2'!AX10 -> 0 | Q10: =SUM(I10:P10) -> 139000
B11: Sub Total | D11: =SUM(D6:D10) -> -194244.27 | E11: =SUM(E6:E10) -> 822948.42 | F11: =SUM(F6:F10) -> 77783.45 | G11: =SUM(G6:G10) -> 0 | H11: =SUM(H6:H10) -> 900731.88 | I11: =SUM(I6:I10) -> 420000 | J11: =SUM(J6:J10) -> 168000 | K11: =SUM(K6:K10) -> 48000 | ... O11: =SUM(O6:O10) -> 4487.6013 | Q11: =SUM(Q6:Q10) -> 706487.6
A13: =WEEKNUM(B13) -> 15 | B13: =B10+1 -> 46118 | C13: =TEXT(B13,"ddd") -> Sen | D13: =Q13-H13 -> -35889.534 | E13: =SUM('SO APRIL 2026 Rev2'!E13:AR13) -> 162930.36 | F13: =SUM('SO APRIL 2026 Rev2'!AS13:AZ13) -> 16581.07 | G13: =SUM('SO APRIL 2026 Rev2'!BA13:BC13) -> 0 | H13: =SUM(E13:G13) -> 179511.43 | I13: ='SO MS'!E13 -> 84000 | J13: ='SO MS'!F13 -> 33600 | K13: ='SO MS'!G13 -> 9600 | L13: =2*5000 -> 10000 | M13: ='SO APRIL 2026 Rev2'!AY13 -> 1800 | N13: ='SO APRIL 2026 Rev2'!AR13 -> 3500 | O13: ='SO APRIL 2026 Rev2'!AX13 -> 1121.9003 | Q13: =SUM(I13:P13) -> 143621.9
B14: =B13+1 -> 46119 | C14: =TEXT(B14,"ddd") -> Sel | D14: =Q14-H14 -> -35889.534 | E14: =SUM('SO APRIL 2026 Rev2'!E14:AR14) -> 162930.36 | F14: =SUM('SO APRIL 2026 Rev2'!AS14:AZ14) -> 16581.07 | G14: =SUM('SO APRIL 2026 Rev2'!BA14:BC14) -> 0 | H14: =SUM(E14:G14) -> 179511.43 | I14: ='SO MS'!E14 -> 84000 | J14: ='SO MS'!F14 -> 33600 | K14: ='SO MS'!G14 -> 9600 | L14: =2*5000 -> 10000 | M14: ='SO APRIL 2026 Rev2'!AY14 -> 1800 | N14: ='SO APRIL 2026 Rev2'!AR14 -> 3500 | O14: ='SO APRIL 2026 Rev2'!AX14 -> 1121.9003 | Q14: =SUM(I14:P14) -> 143621.9
B15: =B14+1 -> 46120 | C15: =TEXT(B15,"ddd") -> Rab | D15: =Q15-H15 -> -35889.534 | E15: =SUM('SO APRIL 2026 Rev2'!E15:AR15) -> 162930.36 | F15: =SUM('SO APRIL 2026 Rev2'!AS15:AZ15) -> 16581.07 | G15: =SUM('SO APRIL 2026 Rev2'!BA15:BC15) -> 0 | H15: =SUM(E15:G15) -> 179511.43 | I15: ='SO MS'!E15 -> 84000 | J15: ='SO MS'!F15 -> 33600 | K15: ='SO MS'!G15 -> 9600 | L15: =2*5000 -> 10000 | M15: ='SO APRIL 2026 Rev2'!AY15 -> 1800 | N15: ='SO APRIL 2026 Rev2'!AR15 -> 3500 | O15: ='SO APRIL 2026 Rev2'!AX15 -> 1121.9003 | Q15: =SUM(I15:P15) -> 143621.9
B16: =B15+1 -> 46121 | C16: =TEXT(B16,"ddd") -> Kam | D16: =Q16-H16 -> -33889.534 | E16: =SUM('SO APRIL 2026 Rev2'!E16:AR16) -> 160930.36 | F16: =SUM('SO APRIL 2026 Rev2'!AS16:AZ16) -> 16581.07 | G16: =SUM('SO APRIL 2026 Rev2'!BA16:BC16) -> 0 | H16: =SUM(E16:G16) -> 177511.43 | I16: ='SO MS'!E16 -> 84000 | J16: ='SO MS'!F16 -> 33600 | K16: ='SO MS'!G16 -> 9600 | L16: =2*5000 -> 10000 | M16: ='SO APRIL 2026 Rev2'!AY16 -> 1800 | N16: ='SO APRIL 2026 Rev2'!AR16 -> 3500 | O16: ='SO APRIL 2026 Rev2'!AX16 -> 1121.9003 | Q16: =SUM(I16:P16) -> 143621.9
B17: =B16+1 -> 46122 | C17: =TEXT(B17,"ddd") -> Jum | D17: =Q17-H17 -> -33889.534 | E17: =SUM('SO APRIL 2026 Rev2'!E17:AR17) -> 160930.36 | F17: =SUM('SO APRIL 2026 Rev2'!AS17:AZ17) -> 16581.07 | G17: =SUM('SO APRIL 2026 Rev2'!BA17:BC17) -> 0 | H17: =SUM(E17:G17) -> 177511.43 | I17: ='SO MS'!E17 -> 84000 | J17: ='SO MS'!F17 -> 33600 | K17: ='SO MS'!G17 -> 9600 | L17: =2*5000 -> 10000 | M17: ='SO APRIL 2026 Rev2'!AY17 -> 1800 | N17: ='SO APRIL 2026 Rev2'!AR17 -> 3500 | O17: ='SO APRIL 2026 Rev2'!AX17 -> 1121.9003 | Q17: =SUM(I17:P17) -> 143621.9
B18: =B17+1 -> 46123 | C18: =TEXT(B18,"ddd") -> Sab | D18: =Q18-H18 -> -28923.658 | E18: =SUM('SO APRIL 2026 Rev2'!E18:AR18) -> 155964.49 | F18: =SUM('SO APRIL 2026 Rev2'!AS18:AZ18) -> 16581.07 | G18: =SUM('SO APRIL 2026 Rev2'!BA18:BC18) -> 0 | H18: =SUM(E18:G18) -> 172545.56 | I18: ='SO MS'!E18 -> 84000 | J18: ='SO MS'!F18 -> 33600 | K18: ='SO MS'!G18 -> 9600 | L18: =2*5000 -> 10000 | M18: ='SO APRIL 2026 Rev2'!AY18 -> 1800 | N18: ='SO APRIL 2026 Rev2'!AR18 -> 3500 | O18: ='SO APRIL 2026 Rev2'!AX18 -> 1121.9003 | Q18: =SUM(I18:P18) -> 143621.9
B19: =B18+1 -> 46124 | C19: =TEXT(B19,"ddd") -> Mgg | D19: =Q19-H19 -> -19652.013 | E19: =SUM('SO APRIL 2026 Rev2'!E19:AR19) -> 150692.84 | F19: =SUM('SO APRIL 2026 Rev2'!AS19:AZ19) -> 11459.17 | G19: =SUM('SO APRIL 2026 Rev2'!BA19:BC19) -> 0 | H19: =SUM(E19:G19) -> 162152.01 | I19: ='SO MS'!E19 -> 84000 | J19: ='SO MS'!F19 -> 33600 | K19: ='SO MS'!G19 -> 9600 | L19: =2*5000 -> 10000 | M19: ='SO APRIL 2026 Rev2'!AY19 -> 1800 | N19: ='SO APRIL 2026 Rev2'!AR19 -> 3500 | O19: ='SO APRIL 2026 Rev2'!AX19 -> 0 | Q19: =SUM(I19:P19) -> 142500
B20: Sub Total | D20: =SUM(D13:D19) -> -224023.34 | E20: =SUM(E13:E19) -> 1117309.2 | F20: =SUM(F13:F19) -> 110945.59 | G20: =SUM(G13:G19) -> 0 | H20: =SUM(H13:H19) -> 1228254.7 | I20: =SUM(I13:I19) -> 588000 | J20: =SUM(J13:J19) -> 235200 | K20: =SUM(K13:K19) -> 67200 | ... O20: =SUM(O13:O19) -> 6731.4019 | Q20: =SUM(Q13:Q19) -> 1004231.4
A22: =WEEKNUM(B22) -> 16 | B22: =B19+1 -> 46125 | C22: =TEXT(B22,"ddd") -> Sen | D22: =Q22-H22 -> -32015.208 | E22: =SUM('SO APRIL 2026 Rev2'!E22:AR22) -> 159056.04 | F22: =SUM('SO APRIL 2026 Rev2'!AS22:AZ22) -> 16581.07 | G22: =SUM('SO APRIL 2026 Rev2'!BA22:BC22) -> 0 | H22: =SUM(E22:G22) -> 175637.11 | I22: ='SO MS'!E22 -> 84000 | J22: ='SO MS'!F22 -> 33600 | K22: ='SO MS'!G22 -> 9600 | L22: =2*5000 -> 10000 | M22: ='SO APRIL 2026 Rev2'!AY22 -> 1800 | N22: ='SO APRIL 2026 Rev2'!AR22 -> 3500 | O22: ='SO APRIL 2026 Rev2'!AX22 -> 1121.9003 | Q22: =SUM(I22:P22) -> 143621.9
B23: =B22+1 -> 46126 | C23: =TEXT(B23,"ddd") -> Sel | D23: =Q23-H23 -> -32015.208 | E23: =SUM('SO APRIL 2026 Rev2'!E23:AR23) -> 159056.04 | F23: =SUM('SO APRIL 2026 Rev2'!AS23:AZ23) -> 16581.07 | G23: =SUM('SO APRIL 2026 Rev2'!BA23:BC23) -> 0 | H23: =SUM(E23:G23) -> 175637.11 | I23: ='SO MS'!E23 -> 84000 | J23: ='SO MS'!F23 -> 33600 | K23: ='SO MS'!G23 -> 9600 | L23: =2*5000 -> 10000 | M23: ='SO APRIL 2026 Rev2'!AY23 -> 1800 | N23: ='SO APRIL 2026 Rev2'!AR23 -> 3500 | O23: ='SO APRIL 2026 Rev2'!AX23 -> 1121.9003 | Q23: =SUM(I23:P23) -> 143621.9
B24: =B23+1 -> 46127 | C24: =TEXT(B24,"ddd") -> Rab | D24: =Q24-H24 -> -33415.146 | E24: =SUM('SO APRIL 2026 Rev2'!E24:AR24) -> 160455.98 | F24: =SUM('SO APRIL 2026 Rev2'!AS24:AZ24) -> 16581.07 | G24: =SUM('SO APRIL 2026 Rev2'!BA24:BC24) -> 0 | H24: =SUM(E24:G24) -> 177037.05 | I24: ='SO MS'!E24 -> 84000 | J24: ='SO MS'!F24 -> 33600 | K24: ='SO MS'!G24 -> 9600 | L24: =2*5000 -> 10000 | M24: ='SO APRIL 2026 Rev2'!AY24 -> 1800 | N24: ='SO APRIL 2026 Rev2'!AR24 -> 3500 | O24: ='SO APRIL 2026 Rev2'!AX24 -> 1121.9003 | Q24: =SUM(I24:P24) -> 143621.9
B25: =B24+1 -> 46128 | C25: =TEXT(B25,"ddd") -> Kam | D25: =Q25-H25 -> -30415.146 | E25: =SUM('SO APRIL 2026 Rev2'!E25:AR25) -> 157455.98 | F25: =SUM('SO APRIL 2026 Rev2'!AS25:AZ25) -> 16581.07 | G25: =SUM('SO APRIL 2026 Rev2'!BA25:BC25) -> 0 | H25: =SUM(E25:G25) -> 174037.05 | I25: ='SO MS'!E25 -> 84000 | J25: ='SO MS'!F25 -> 33600 | K25: ='SO MS'!G25 -> 9600 | L25: =2*5000 -> 10000 | M25: ='SO APRIL 2026 Rev2'!AY25 -> 1800 | N25: ='SO APRIL 2026 Rev2'!AR25 -> 3500 | O25: ='SO APRIL 2026 Rev2'!AX25 -> 1121.9003 | Q25: =SUM(I25:P25) -> 143621.9
B26: =B25+1 -> 46129 | C26: =TEXT(B26,"ddd") -> Jum | D26: =Q26-H26 -> -30415.146 | E26: =SUM('SO APRIL 2026 Rev2'!E26:AR26) -> 157455.98 | F26: =SUM('SO APRIL 2026 Rev2'!AS26:AZ26) -> 16581.07 | G26: =SUM('SO APRIL 2026 Rev2'!BA26:BC26) -> 0 | H26: =SUM(E26:G26) -> 174037.05 | I26: ='SO MS'!E26 -> 84000 | J26: ='SO MS'!F26 -> 33600 | K26: ='SO MS'!G26 -> 9600 | L26: =2*5000 -> 10000 | M26: ='SO APRIL 2026 Rev2'!AY26 -> 1800 | N26: ='SO APRIL 2026 Rev2'!AR26 -> 3500 | O26: ='SO APRIL 2026 Rev2'!AX26 -> 1121.9003 | Q26: =SUM(I26:P26) -> 143621.9
B27: =B26+1 -> 46130 | C27: =TEXT(B27,"ddd") -> Sab | D27: =Q27-H27 -> -16699.269 | E27: =SUM('SO APRIL 2026 Rev2'!E27:AR27) -> 143740.1 | F27: =SUM('SO APRIL 2026 Rev2'!AS27:AZ27) -> 16581.07 | G27: =SUM('SO APRIL 2026 Rev2'!BA27:BC27) -> 0 | H27: =SUM(E27:G27) -> 160321.17 | I27: ='SO MS'!E27 -> 84000 | J27: ='SO MS'!F27 -> 33600 | K27: ='SO MS'!G27 -> 9600 | L27: =2*5000 -> 10000 | M27: ='SO APRIL 2026 Rev2'!AY27 -> 1800 | N27: ='SO APRIL 2026 Rev2'!AR27 -> 3500 | O27: ='SO APRIL 2026 Rev2'!AX27 -> 1121.9003 | Q27: =SUM(I27:P27) -> 143621.9
B28: =B27+1 -> 46131 | C28: =TEXT(B28,"ddd") -> Mgg | D28: =Q28-H28 -> -3001.9511 | E28: =SUM('SO APRIL 2026 Rev2'!E28:AR28) -> 134042.78 | F28: =SUM('SO APRIL 2026 Rev2'!AS28:AZ28) -> 11459.17 | G28: =SUM('SO APRIL 2026 Rev2'!BA28:BC28) -> 0 | H28: =SUM(E28:G28) -> 145501.95 | I28: ='SO MS'!E28 -> 84000 | J28: ='SO MS'!F28 -> 33600 | K28: ='SO MS'!G28 -> 9600 | L28: =2*5000 -> 10000 | M28: ='SO APRIL 2026 Rev2'!AY28 -> 1800 | N28: ='SO APRIL 2026 Rev2'!AR28 -> 3500 | O28: ='SO APRIL 2026 Rev2'!AX28 -> 0 | Q28: =SUM(I28:P28) -> 142500
B29: Sub Total | D29: =SUM(D22:D28) -> -177977.07 | E29: =SUM(E22:E28) -> 1071262.9 | F29: =SUM(F22:F28) -> 110945.59 | G29: =SUM(G22:G28) -> 0 | H29: =SUM(H22:H28) -> 1182208.5 | I29: =SUM(I22:I28) -> 588000 | J29: =SUM(J22:J28) -> 235200 | K29: =SUM(K22:K28) -> 67200 | ... O29: =SUM(O22:O28) -> 6731.4019 | Q29: =SUM(Q22:Q28) -> 1004231.4
A31: =WEEKNUM(B31) -> 17 | B31: =B28+1 -> 46132 | C31: =TEXT(B31,"ddd") -> Sen | D31: =Q31-H31 -> -30415.146 | E31: =SUM('SO APRIL 2026 Rev2'!E31:AR31) -> 157455.98 | F31: =SUM('SO APRIL 2026 Rev2'!AS31:AZ31) -> 16581.07 | G31: =SUM('SO APRIL 2026 Rev2'!BA31:BC31) -> 0 | H31: =SUM(E31:G31) -> 174037.05 | I31: ='SO MS'!E31 -> 84000 | J31: ='SO MS'!F31 -> 33600 | K31: ='SO MS'!G31 -> 9600 | L31: =2*5000 -> 10000 | M31: ='SO APRIL 2026 Rev2'!AY31 -> 1800 | N31: ='SO APRIL 2026 Rev2'!AR31 -> 3500 | O31: ='SO APRIL 2026 Rev2'!AX31 -> 1121.9003 | Q31: =SUM(I31:P31) -> 143621.9
B32: =B31+1 -> 46133 | C32: =TEXT(B32,"ddd") -> Sel | D32: =Q32-H32 -> -30415.146 | E32: =SUM('SO APRIL 2026 Rev2'!E32:AR32) -> 157455.98 | F32: =SUM('SO APRIL 2026 Rev2'!AS32:AZ32) -> 16581.07 | G32: =SUM('SO APRIL 2026 Rev2'!BA32:BC32) -> 0 | H32: =SUM(E32:G32) -> 174037.05 | I32: ='SO MS'!E32 -> 84000 | J32: ='SO MS'!F32 -> 33600 | K32: ='SO MS'!G32 -> 9600 | L32: =2*5000 -> 10000 | M32: ='SO APRIL 2026 Rev2'!AY32 -> 1800 | N32: ='SO APRIL 2026 Rev2'!AR32 -> 3500 | O32: ='SO APRIL 2026 Rev2'!AX32 -> 1121.9003 | Q32: =SUM(I32:P32) -> 143621.9
B33: =B32+1 -> 46134 | C33: =TEXT(B33,"ddd") -> Rab | D33: =Q33-H33 -> -30415.146 | E33: =SUM('SO APRIL 2026 Rev2'!E33:AR33) -> 157455.98 | F33: =SUM('SO APRIL 2026 Rev2'!AS33:AZ33) -> 16581.07 | G33: =SUM('SO APRIL 2026 Rev2'!BA33:BC33) -> 0 | H33: =SUM(E33:G33) -> 174037.05 | I33: ='SO MS'!E33 -> 84000 | J33: ='SO MS'!F33 -> 33600 | K33: ='SO MS'!G33 -> 9600 | L33: =2*5000 -> 10000 | M33: ='SO APRIL 2026 Rev2'!AY33 -> 1800 | N33: ='SO APRIL 2026 Rev2'!AR33 -> 3500 | O33: ='SO APRIL 2026 Rev2'!AX33 -> 1121.9003 | Q33: =SUM(I33:P33) -> 143621.9
B34: =B33+1 -> 46135 | C34: =TEXT(B34,"ddd") -> Kam | D34: =Q34-H34 -> -30415.146 | E34: =SUM('SO APRIL 2026 Rev2'!E34:AR34) -> 157455.98 | F34: =SUM('SO APRIL 2026 Rev2'!AS34:AZ34) -> 16581.07 | G34: =SUM('SO APRIL 2026 Rev2'!BA34:BC34) -> 0 | H34: =SUM(E34:G34) -> 174037.05 | I34: ='SO MS'!E34 -> 84000 | J34: ='SO MS'!F34 -> 33600 | K34: ='SO MS'!G34 -> 9600 | L34: =2*5000 -> 10000 | M34: ='SO APRIL 2026 Rev2'!AY34 -> 1800 | N34: ='SO APRIL 2026 Rev2'!AR34 -> 3500 | O34: ='SO APRIL 2026 Rev2'!AX34 -> 1121.9003 | Q34: =SUM(I34:P34) -> 143621.9
B35: =B34+1 -> 46136 | C35: =TEXT(B35,"ddd") -> Jum | D35: =Q35-H35 -> -30415.146 | E35: =SUM('SO APRIL 2026 Rev2'!E35:AR35) -> 157455.98 | F35: =SUM('SO APRIL 2026 Rev2'!AS35:AZ35) -> 16581.07 | G35: =SUM('SO APRIL 2026 Rev2'!BA35:BC35) -> 0 | H35: =SUM(E35:G35) -> 174037.05 | I35: ='SO MS'!E35 -> 84000 | J35: ='SO MS'!F35 -> 33600 | K35: ='SO MS'!G35 -> 9600 | L35: =2*5000 -> 10000 | M35: ='SO APRIL 2026 Rev2'!AY35 -> 1800 | N35: ='SO APRIL 2026 Rev2'!AR35 -> 3500 | O35: ='SO APRIL 2026 Rev2'!AX35 -> 1121.9003 | Q35: =SUM(I35:P35) -> 143621.9
B36: =B35+1 -> 46137 | C36: =TEXT(B36,"ddd") -> Sab | D36: =Q36-H36 -> -16699.269 | E36: =SUM('SO APRIL 2026 Rev2'!E36:AR36) -> 143740.1 | F36: =SUM('SO APRIL 2026 Rev2'!AS36:AZ36) -> 16581.07 | G36: =SUM('SO APRIL 2026 Rev2'!BA36:BC36) -> 0 | H36: =SUM(E36:G36) -> 160321.17 | I36: ='SO MS'!E36 -> 84000 | J36: ='SO MS'!F36 -> 33600 | K36: ='SO MS'!G36 -> 9600 | L36: =2*5000 -> 10000 | M36: ='SO APRIL 2026 Rev2'!AY36 -> 1800 | N36: ='SO APRIL 2026 Rev2'!AR36 -> 3500 | O36: ='SO APRIL 2026 Rev2'!AX36 -> 1121.9003 | Q36: =SUM(I36:P36) -> 143621.9
B37: =B36+1 -> 46138 | C37: =TEXT(B37,"ddd") -> Mgg | D37: =Q37-H37 -> -3001.9511 | E37: =SUM('SO APRIL 2026 Rev2'!E37:AR37) -> 134042.78 | F37: =SUM('SO APRIL 2026 Rev2'!AS37:AZ37) -> 11459.17 | G37: =SUM('SO APRIL 2026 Rev2'!BA37:BC37) -> 0 | H37: =SUM(E37:G37) -> 145501.95 | I37: ='SO MS'!E37 -> 84000 | J37: ='SO MS'!F37 -> 33600 | K37: ='SO MS'!G37 -> 9600 | L37: =2*5000 -> 10000 | M37: ='SO APRIL 2026 Rev2'!AY37 -> 1800 | N37: ='SO APRIL 2026 Rev2'!AR37 -> 3500 | O37: ='SO APRIL 2026 Rev2'!AX37 -> 0 | Q37: =SUM(I37:P37) -> 142500
B38: Sub Total | D38: =SUM(D31:D37) -> -171776.95 | E38: =SUM(E31:E37) -> 1065062.8 | F38: =SUM(F31:F37) -> 110945.59 | G38: =SUM(G31:G37) -> 0 | H38: =SUM(H31:H37) -> 1176008.3 | I38: =SUM(I31:I37) -> 588000 | J38: =SUM(J31:J37) -> 235200 | K38: =SUM(K31:K37) -> 67200 | ... O38: =SUM(O31:O37) -> 6731.4019 | Q38: =SUM(Q31:Q37) -> 1004231.4
A40: =WEEKNUM(B40) -> 18 | B40: =B37+1 -> 46139 | C40: =TEXT(B40,"ddd") -> Sen | D40: =Q40-H40 -> -17925.28 | E40: =SUM('SO APRIL 2026 Rev2'!E40:AR40) -> 157455.98 | F40: =SUM('SO APRIL 2026 Rev2'!AS40:AZ40) -> 16581.07 | G40: =SUM('SO APRIL 2026 Rev2'!BA40:BC40) -> 4500 | H40: =SUM(E40:G40) -> 178537.05 | I40: ='SO MS'!E40 -> 84000 | J40: =SUM('SO APRIL 2026 Rev2'!AF40:AQ40) -> 50589.865 | K40: ='SO MS'!G40 -> 9600 | L40: =2*5000 -> 10000 | M40: ='SO APRIL 2026 Rev2'!AY40 -> 1800 | N40: ='SO APRIL 2026 Rev2'!AR40 -> 3500 | O40: ='SO APRIL 2026 Rev2'!AX40 -> 1121.9003 | Q40: =SUM(I40:P40) -> 160611.77
B41: =B40+1 -> 46140 | C41: =TEXT(B41,"ddd") -> Sel | D41: =Q41-H41 -> -17925.28 | E41: =SUM('SO APRIL 2026 Rev2'!E41:AR41) -> 157455.98 | F41: =SUM('SO APRIL 2026 Rev2'!AS41:AZ41) -> 16581.07 | G41: =SUM('SO APRIL 2026 Rev2'!BA41:BC41) -> 4500 | H41: =SUM(E41:G41) -> 178537.05 | I41: ='SO MS'!E41 -> 84000 | J41: =SUM('SO APRIL 2026 Rev2'!AF41:AQ41) -> 50589.865 | K41: ='SO MS'!G41 -> 9600 | L41: =2*5000 -> 10000 | M41: ='SO APRIL 2026 Rev2'!AY41 -> 1800 | N41: ='SO APRIL 2026 Rev2'!AR41 -> 3500 | O41: ='SO APRIL 2026 Rev2'!AX41 -> 1121.9003 | Q41: =SUM(I41:P41) -> 160611.77
B42: =B41+1 -> 46141 | C42: =TEXT(B42,"ddd") -> Rab | D42: =Q42-H42 -> -17925.28 | E42: =SUM('SO APRIL 2026 Rev2'!E42:AR42) -> 157455.98 | F42: =SUM('SO APRIL 2026 Rev2'!AS42:AZ42) -> 16581.07 | G42: =SUM('SO APRIL 2026 Rev2'!BA42:BC42) -> 4500 | H42: =SUM(E42:G42) -> 178537.05 | I42: ='SO MS'!E42 -> 84000 | J42: =SUM('SO APRIL 2026 Rev2'!AF42:AQ42) -> 50589.865 | K42: ='SO MS'!G42 -> 9600 | L42: =2*5000 -> 10000 | M42: ='SO APRIL 2026 Rev2'!AY42 -> 1800 | N42: ='SO APRIL 2026 Rev2'!AR42 -> 3500 | O42: ='SO APRIL 2026 Rev2'!AX42 -> 1121.9003 | Q42: =SUM(I42:P42) -> 160611.77
B43: =B42+1 -> 46142 | C43: =TEXT(B43,"ddd") -> Kam | D43: =SUM(D40:D42) -> -53775.84 | E43: =SUM(E40:E42) -> 472367.93 | F43: =SUM(F40:F42) -> 49743.21 | G43: =SUM(G40:G42) -> 13500 | H43: =SUM(H40:H42) -> 535611.14 | I43: =SUM(I40:I42) -> 252000 | J43: =SUM(J40:J42) -> 151769.6 | K43: =SUM(K40:K42) -> 28800 | ... O43: =SUM(O40:O42) -> 3365.701 | Q43: =SUM(Q40:Q42) -> 481835.3
B44: Sub Total
B46: Sub Total | D46: =SUM(D43,D38,D29,D20,D11) -> -821797.48 | E46: =SUM(E43,E38,E29,E20,E11) -> 4548951.2 | F46: =SUM(F43,F38,F29,F20,F11) -> 460363.43 | G46: =SUM(G43,G38,G29,G20,G11) -> 13500 | H46: =SUM(H43,H38,H29,H20,H11) -> 5022814.6 | I46: =SUM(I43,I38,I29,I20,I11) -> 2436000 | J46: =SUM(J43,J38,J29,J20,J11) -> 1025369.6 | K46: =SUM(K43,K38,K29,K20,K11) -> 278400 | ... Q46: =SUM(Q43,Q38,Q29,Q20,Q11) -> 4201017.1
B47: Total | D47: =SUM(D40:D42,D31:D37,D22:D28,D13:D19,D6:D10) -> -821797.48 | E47: =SUM(E40:E42,E31:E37,E22:E28,E13:E19,E6:E10) -> 4548951.2 | F47: =SUM(F40:F42,F31:F37,F22:F28,F13:F19,F6:F10) -> 460363.43 | G47: =SUM(G40:G42,G31:G37,G22:G28,G13:G19,G6:G10) -> 13500 | H47: =SUM(H40:H42,H31:H37,H22:H28,H13:H19,H6:H10) -> 5022814.6 | I47: =SUM(I40:I42,I31:I37,I22:I28,I13:I19,I6:I10) -> 2436000 | J47: =SUM(J40:J42,J31:J37,J22:J28,J13:J19,J6:J10) -> 1025369.6 | K47: =SUM(K40:K42,K31:K37,K22:K28,K13:K19,K6:K10) -> 278400 | ... Q47: =SUM(Q40:Q42,Q31:Q37,Q22:Q28,Q13:Q19,Q6:Q10) -> 4201017.1

Sheet Daily serapan Gas
A1: KEBUTUHAN GAS
A4: ='SO APRIL 2026 Rev2'!A3 -> 46113 | E4: KEBUTUHAN GAS (SO) | I4: KUOTA GAS
A5: Week | B5: DATE | D5: Sales Order vs Kuota Gas | E5: JABAR | F5: JATENG | G5: JATIM | H5: TOTAL | I5: MS SETU | J5: MS KHT | K5: MS BLORA | L5: MS BITUNG | M5: MS ZEBRA | N5: MS TAMBAKLOROK | O5: MS WUNUT | P5: MS SADANG | Q5: TOTAL
A6: =WEEKNUM(B6) -> 14 | B6: =A4 -> 46113 | C6: =TEXT(B6,"ddd") -> Rab | D6: =Q6-H6 -> -14962.445 | E6: =SUM('SO APRIL 2026 Rev2'!E6:AR6) -> 169730.36 | F6: =SUM('SO APRIL 2026 Rev2'!AS6:BC6) -> 16581.07 | G6: =SUM('SO APRIL 2026 Rev2'!AX6:AY6) -> 2921.9003 | H6: =SUM(E6:G6) -> 189233.33 | I6: ='Summary sales'!D8 -> 100928.31 | J6: ='Summary sales'!E8 -> 42523.65 | K6: ='Summary sales'!F8 -> 18037.29 | L6: ='Summary sales'!G8 -> 4177.39 | N6: ='Summary sales'!I8 -> 8604.25 | Q6: =SUM(I6:P6) -> 174270.89
B7: =B6+1 -> 46114 | C7: =TEXT(B7,"ddd") -> Kam | D7: =Q7-H7 -> -39515.105 | E7: =SUM('SO APRIL 2026 Rev2'!E7:AR7) -> 169730.36 | F7: =SUM('SO APRIL 2026 Rev2'!AS7:BC7) -> 16581.07 | G7: =SUM('SO APRIL 2026 Rev2'!AX7:AY7) -> 2921.9003 | H7: =SUM(E7:G7) -> 189233.33 | I7: ='Summary sales'!D9 -> 78845.78 | J7: ='Summary sales'!E9 -> 44578.75 | K7: ='Summary sales'!F9 -> 16718.5 | L7: ='Summary sales'!G9 -> 9575.2 | N7: ='Summary sales'!I9 -> 0 | Q7: =SUM(I7:P7) -> 149718.23
B8: =B7+1 -> 46115 | C8: =TEXT(B8,"ddd") -> Jum | D8: =Q8-H8 -> -21885.455 | E8: =SUM('SO APRIL 2026 Rev2'!E8:AR8) -> 166230.36 | F8: =SUM('SO APRIL 2026 Rev2'!AS8:BC8) -> 16581.07 | G8: =SUM('SO APRIL 2026 Rev2'!AX8:AY8) -> 2921.9003 | H8: =SUM(E8:G8) -> 185733.33 | I8: ='Summary sales'!D10 -> 105631.06 | J8: ='Summary sales'!E10 -> 40111.83 | K8: ='Summary sales'!F10 -> 13672.35 | L8: ='Summary sales'!G10 -> 0 | N8: ='Summary sales'!I10 -> 4432.64 | Q8: =SUM(I8:P8) -> 163847.88
B9: =B8+1 -> 46116 | C9: =TEXT(B9,"ddd") -> Sab | D9: =Q9-H9 -> 7351.1418 | E9: =SUM('SO APRIL 2026 Rev2'!E9:AR9) -> 161264.49 | F9: =SUM('SO APRIL 2026 Rev2'!AS9:BC9) -> 16581.07 | G9: =SUM('SO APRIL 2026 Rev2'!AX9:AY9) -> 2921.9003 | H9: =SUM(E9:G9) -> 180767.46 | I9: ='Summary sales'!D11 -> 116238.76 | J9: ='Summary sales'!E11 -> 46923.09 | K9: ='Summary sales'!F11 -> 13011.65 | L9: ='Summary sales'!G11 -> 11945.1 | N9: ='Summary sales'!I11 -> 0 | Q9: =SUM(I9:P9) -> 188118.6
B10: =B9+1 -> 46117 | C10: =TEXT(B10,"ddd") -> Mgg | D10: =Q10-H10 -> 470.54668 | E10: =SUM('SO APRIL 2026 Rev2'!E10:AR10) -> 155992.84 | F10: =SUM('SO APRIL 2026 Rev2'!AS10:BC10) -> 11459.17 | G10: =SUM('SO APRIL 2026 Rev2'!AX10:AY10) -> 1800 | H10: =SUM(E10:G10) -> 169252.01 | I10: ='Summary sales'!D12 -> 101567.04 | J10: ='Summary sales'!E12 -> 48679.31 | K10: ='Summary sales'!F12 -> 14923.66 | L10: ='Summary sales'!G12 -> 4552.55 | N10: ='Summary sales'!I12 -> 0 | Q10: =SUM(I10:P10) -> 169722.56
B11: Sub Total | D11: =SUM(D6:D10) -> -68541.316 | E11: =SUM(E6:E10) -> 822948.42 | F11: =SUM(F6:F10) -> 77783.45 | G11: =SUM(G6:G10) -> 13487.601 | H11: =SUM(H6:H10) -> 914219.48 | I11: =SUM(I6:I10) -> 503210.95 | J11: =SUM(J6:J10) -> 222816.63 | K11: =SUM(K6:K10) -> 76363.45 | ... O11: =SUM(O6:O10) -> 0 | Q11: =SUM(Q6:Q10) -> 845678.16
A13: =WEEKNUM(B13) -> 15 | B13: =B10+1 -> 46118 | C13: =TEXT(B13,"ddd") -> Sen | D13: =Q13-H13 -> -9391.3949 | E13: =SUM('SO APRIL 2026 Rev2'!E13:AR13) -> 162930.36 | F13: =SUM('SO APRIL 2026 Rev2'!AS13:BC13) -> 16581.07 | G13: =SUM('SO APRIL 2026 Rev2'!AX13:AY13) -> 2921.9003 | H13: =SUM(E13:G13) -> 182433.33 | I13: ='Summary sales'!D13 -> 101450.25 | J13: ='Summary sales'!E13 -> 47032.04 | K13: ='Summary sales'!F13 -> 13171.59 | L13: ='Summary sales'!G13 -> 7328.12 | N13: ='Summary sales'!I13 -> 4059.94 | Q13: =SUM(I13:P13) -> 173041.94
B14: =B13+1 -> 46119 | C14: =TEXT(B14,"ddd") -> Sel | D14: =Q14-H14 -> 12567.735 | E14: =SUM('SO APRIL 2026 Rev2'!E14:AR14) -> 162930.36 | F14: =SUM('SO APRIL 2026 Rev2'!AS14:BC14) -> 16581.07 | G14: =SUM('SO APRIL 2026 Rev2'!AX14:AY14) -> 2921.9003 | H14: =SUM(E14:G14) -> 182433.33 | I14: ='Summary sales'!D14 -> 110281.66 | J14: ='Summary sales'!E14 -> 47943.57 | K14: ='Summary sales'!F14 -> 18857.27 | L14: ='Summary sales'!G14 -> 13891.13 | N14: ='Summary sales'!I14 -> 4027.44 | Q14: =SUM(I14:P14) -> 195001.07
B15: =B14+1 -> 46120 | C15: =TEXT(B15,"ddd") -> Rab | D15: =Q15-H15 -> -3658.6249 | E15: =SUM('SO APRIL 2026 Rev2'!E15:AR15) -> 162930.36 | F15: =SUM('SO APRIL 2026 Rev2'!AS15:BC15) -> 16581.07 | G15: =SUM('SO APRIL 2026 Rev2'!AX15:AY15) -> 2921.9003 | H15: =SUM(E15:G15) -> 182433.33 | I15: ='Summary sales'!D15 -> 102703.51 | J15: ='Summary sales'!E15 -> 49471.31 | K15: ='Summary sales'!F15 -> 17319.8 | L15: ='Summary sales'!G15 -> 5278.75 | N15: ='Summary sales'!I15 -> 4001.34 | Q15: =SUM(I15:P15) -> 178774.71
B16: =B15+1 -> 46121 | C16: =TEXT(B16,"ddd") -> Kam | D16: =Q16-H16 -> -21833.085 | E16: =SUM('SO APRIL 2026 Rev2'!E16:AR16) -> 160930.36 | F16: =SUM('SO APRIL 2026 Rev2'!AS16:BC16) -> 16581.07 | G16: =SUM('SO APRIL 2026 Rev2'!AX16:AY16) -> 2921.9003 | H16: =SUM(E16:G16) -> 180433.33 | I16: ='Summary sales'!D16 -> 97551.65 | J16: ='Summary sales'!E16 -> 42173.36 | K16: ='Summary sales'!F16 -> 13291.76 | L16: ='Summary sales'!G16 -> 5583.48 | N16: ='Summary sales'!I16 -> 0 | Q16: =SUM(I16:P16) -> 158600.25
B17: =B16+1 -> 46122 | C17: =TEXT(B17,"ddd") -> Jum | D17: =Q17-H17 -> -8233.4949 | E17: =SUM('SO APRIL 2026 Rev2'!E17:AR17) -> 160930.36 | F17: =SUM('SO APRIL 2026 Rev2'!AS17:BC17) -> 16581.07 | G17: =SUM('SO APRIL 2026 Rev2'!AX17:AY17) -> 2921.9003 | H17: =SUM(E17:G17) -> 180433.33 | I17: ='Summary sales'!D17 -> 97398.1 | J17: ='Summary sales'!E17 -> 42410.79 | K17: ='Summary sales'!F17 -> 23124 | L17: ='Summary sales'!G17 -> 5126.19 | N17: ='Summary sales'!I17 -> 4140.76 | Q17: =SUM(I17:P17) -> 172199.84
B18: =B17+1 -> 46123 | C18: =TEXT(B18,"ddd") -> Sab | D18: =Q18-H18 -> 7220.7218 | E18: =SUM('SO APRIL 2026 Rev2'!E18:AR18) -> 155964.49 | F18: =SUM('SO APRIL 2026 Rev2'!AS18:BC18) -> 16581.07 | G18: =SUM('SO APRIL 2026 Rev2'!AX18:AY18) -> 2921.9003 | H18: =SUM(E18:G18) -> 175467.46 | I18: ='Summary sales'!D18 -> 100310.68 | J18: ='Summary sales'!E18 -> 50442.79 | K18: ='Summary sales'!F18 -> 22294.95 | L18: ='Summary sales'!G18 -> 5385.79 | N18: ='Summary sales'!I18 -> 4253.97 | Q18: =SUM(I18:P18) -> 182688.18
B19: =B18+1 -> 46124 | C19: =TEXT(B19,"ddd") -> Mgg | D19: =Q19-H19 -> 3619.2067 | E19: =SUM('SO APRIL 2026 Rev2'!E19:AR19) -> 150692.84 | F19: =SUM('SO APRIL 2026 Rev2'!AS19:BC19) -> 11459.17 | G19: =SUM('SO APRIL 2026 Rev2'!AX19:AY19) -> 1800 | H19: =SUM(E19:G19) -> 163952.01 | I19: ='Summary sales'!D19 -> 99786.09 | J19: ='Summary sales'!E19 -> 37464.35 | K19: ='Summary sales'!F19 -> 21534 | L19: ='Summary sales'!G19 -> 4201.42 | N19: ='Summary sales'!I19 -> 4585.36 | Q19: =SUM(I19:P19) -> 167571.22
B20: Sub Total | D20: =SUM(D13:D19) -> -19708.936 | E20: =SUM(E13:E19) -> 1117309.2 | F20: =SUM(F13:F19) -> 110945.59 | G20: =SUM(G13:G19) -> 19331.402 | H20: =SUM(H13:H19) -> 1247586.1 | I20: =SUM(I13:I19) -> 709481.94 | J20: =SUM(J13:J19) -> 316938.21 | K20: =SUM(K13:K19) -> 129593.37 | ... O20: =SUM(O13:O19) -> 0 | Q20: =SUM(Q13:Q19) -> 1227877.2
A22: =WEEKNUM(B22) -> 16 | B22: =B19+1 -> 46125 | C22: =TEXT(B22,"ddd") -> Sen | D22: =Q22-H22 -> -10578.218 | E22: =SUM('SO APRIL 2026 Rev2'!E22:AR22) -> 159056.04 | F22: =SUM('SO APRIL 2026 Rev2'!AS22:BC22) -> 16581.07 | G22: =SUM('SO APRIL 2026 Rev2'!AX22:AY22) -> 2921.9003 | H22: =SUM(E22:G22) -> 178559.01 | I22: ='Summary sales'!D20 -> 96651.08 | J22: ='Summary sales'!E20 -> 39592.39 | K22: ='Summary sales'!F20 -> 21876.28 | L22: ='Summary sales'!G20 -> 5515.69 | N22: ='Summary sales'!I20 -> 4345.35 | Q22: =SUM(I22:P22) -> 167980.79
B23: =B22+1 -> 46126 | C23: =TEXT(B23,"ddd") -> Sel | D23: =Q23-H23 -> -10619.088 | E23: =SUM('SO APRIL 2026 Rev2'!E23:AR23) -> 159056.04 | F23: =SUM('SO APRIL 2026 Rev2'!AS23:BC23) -> 16581.07 | G23: =SUM('SO APRIL 2026 Rev2'!AX23:AY23) -> 2921.9003 | H23: =SUM(E23:G23) -> 178559.01 | I23: ='Summary sales'!D21 -> 103628.61 | J23: ='Summary sales'!E21 -> 43687.96 | K23: ='Summary sales'!F21 -> 16442.93 | L23: ='Summary sales'!G21 -> 0 | N23: ='Summary sales'!I21 -> 4180.42 | Q23: =SUM(I23:P23) -> 167939.92
B24: =B23+1 -> 46127 | C24: =TEXT(B24,"ddd") -> Rab | D24: =Q24-H24 -> 5982.4938 | E24: =SUM('SO APRIL 2026 Rev2'!E24:AR24) -> 160455.98 | F24: =SUM('SO APRIL 2026 Rev2'!AS24:BC24) -> 16581.07 | G24: =SUM('SO APRIL 2026 Rev2'!AX24:AY24) -> 2921.9003 | H24: =SUM(E24:G24) -> 179958.95 | I24: ='Summary sales'!D22 -> 108635.65 | J24: ='Summary sales'!E22 -> 51750.7 | K24: ='Summary sales'!F22 -> 16865.67 | L24: ='Summary sales'!G22 -> 4818.12 | N24: ='Summary sales'!I22 -> 3871.3 | Q24: =SUM(I24:P24) -> 185941.44
B25: =B24+1 -> 46128 | C25: =TEXT(B25,"ddd") -> Kam | D25: =Q25-H25 -> 1816.1238 | E25: =SUM('SO APRIL 2026 Rev2'!E25:AR25) -> 157455.98 | F25: =SUM('SO APRIL 2026 Rev2'!AS25:BC25) -> 16581.07 | G25: =SUM('SO APRIL 2026 Rev2'!AX25:AY25) -> 2921.9003 | H25: =SUM(E25:G25) -> 176958.95 | I25: ='Summary sales'!D23 -> 104676.46 | J25: ='Summary sales'!E23 -> 43682.68 | K25: ='Summary sales'!F23 -> 20901.12 | L25: ='Summary sales'!G23 -> 5197.6 | N25: ='Summary sales'!I23 -> 4317.21 | Q25: =SUM(I25:P25) -> 178775.07
B26: =B25+1 -> 46129 | C26: =TEXT(B26,"ddd") -> Jum | D26: =Q26-H26 -> -537.36623 | E26: =SUM('SO APRIL 2026 Rev2'!E26:AR26) -> 157455.98 | F26: =SUM('SO APRIL 2026 Rev2'!AS26:BC26) -> 16581.07 | G26: =SUM('SO APRIL 2026 Rev2'!AX26:AY26) -> 2921.9003 | H26: =SUM(E26:G26) -> 176958.95 | I26: ='Summary sales'!D24 -> 103424.7 | J26: ='Summary sales'!E24 -> 45057.78 | K26: ='Summary sales'!F24 -> 15669.73 | L26: ='Summary sales'!G24 -> 8154.8 | N26: ='Summary sales'!I24 -> 4114.57 | Q26: =SUM(I26:P26) -> 176421.58
B27: =B26+1 -> 46130 | C27: =TEXT(B27,"ddd") -> Sab | D27: =Q27-H27 -> -2809.6795 | E27: =SUM('SO APRIL 2026 Rev2'!E27:AR27) -> 143740.1 | F27: =SUM('SO APRIL 2026 Rev2'!AS27:BC27) -> 16581.07 | G27: =SUM('SO APRIL 2026 Rev2'!AX27:AY27) -> 2921.9003 | H27: =SUM(E27:G27) -> 163243.07 | I27: ='Summary sales'!D25 -> 95235.31 | J27: ='Summary sales'!E25 -> 43895.5 | K27: ='Summary sales'!F25 -> 16164.65 | L27: ='Summary sales'!G25 -> 5137.93 | N27: ='Summary sales'!I25 -> 0 | Q27: =SUM(I27:P27) -> 160433.39
B28: =B27+1 -> 46131 | C28: =TEXT(B28,"ddd") -> Mgg | D28: =Q28-H28 -> 34510.669 | E28: =SUM('SO APRIL 2026 Rev2'!E28:AR28) -> 134042.78 | F28: =SUM('SO APRIL 2026 Rev2'!AS28:BC28) -> 11459.17 | G28: =SUM('SO APRIL 2026 Rev2'!AX28:AY28) -> 1800 | H28: =SUM(E28:G28) -> 147301.95 | I28: ='Summary sales'!D26 -> 98590.65 | J28: ='Summary sales'!E26 -> 48717.44 | K28: ='Summary sales'!F26 -> 22980.89 | L28: ='Summary sales'!G26 -> 3184.95 | N28: ='Summary sales'!I26 -> 8338.69 | Q28: =SUM(I28:P28) -> 181812.62
B29: Sub Total | D29: =SUM(D22:D28) -> 17764.934 | E29: =SUM(E22:E28) -> 1071262.9 | F29: =SUM(F22:F28) -> 110945.59 | G29: =SUM(G22:G28) -> 19331.402 | H29: =SUM(H22:H28) -> 1201539.9 | I29: =SUM(I22:I28) -> 710842.46 | J29: =SUM(J22:J28) -> 316384.45 | K29: =SUM(K22:K28) -> 130901.27 | ... O29: =SUM(O22:O28) -> 0 | Q29: =SUM(Q22:Q28) -> 1219304.8
A31: =WEEKNUM(B31) -> 17 | B31: =B28+1 -> 46132 | C31: =TEXT(B31,"ddd") -> Sen | D31: =Q31-H31 -> -13077.696 | E31: =SUM('SO APRIL 2026 Rev2'!E31:AR31) -> 157455.98 | F31: =SUM('SO APRIL 2026 Rev2'!AS31:BC31) -> 16581.07 | G31: =SUM('SO APRIL 2026 Rev2'!AX31:AY31) -> 2921.9003 | H31: =SUM(E31:G31) -> 176958.95 | I31: ='Summary sales'!D27 -> 96022.17 | J31: ='Summary sales'!E27 -> 48806.15 | K31: ='Summary sales'!F27 -> 11612.66 | L31: ='Summary sales'!G27 -> 7440.27 | N31: ='Summary sales'!I27 -> 0 | Q31: =SUM(I31:P31) -> 163881.25
B32: =B31+1 -> 46133 | C32: =TEXT(B32,"ddd") -> Sel | D32: =Q32-H32 -> -15151.956 | E32: =SUM('SO APRIL 2026 Rev2'!E32:AR32) -> 157455.98 | F32: =SUM('SO APRIL 2026 Rev2'!AS32:BC32) -> 16581.07 | G32: =SUM('SO APRIL 2026 Rev2'!AX32:AY32) -> 2921.9003 | H32: =SUM(E32:G32) -> 176958.95 | I32: ='Summary sales'!D28 -> 94311.94 | J32: ='Summary sales'!E28 -> 44816.9 | K32: ='Summary sales'!F28 -> 13492.35 | L32: ='Summary sales'!G28 -> 9185.8 | N32: ='Summary sales'!I28 -> 0 | Q32: =SUM(I32:P32) -> 161806.99
B33: =B32+1 -> 46134 | C33: =TEXT(B33,"ddd") -> Rab | D33: =Q33-H33 -> 12599.384 | E33: =SUM('SO APRIL 2026 Rev2'!E33:AR33) -> 157455.98 | F33: =SUM('SO APRIL 2026 Rev2'!AS33:BC33) -> 16581.07 | G33: =SUM('SO APRIL 2026 Rev2'!AX33:AY33) -> 2921.9003 | H33: =SUM(E33:G33) -> 176958.95 | I33: ='Summary sales'!D29 -> 105005.39 | J33: ='Summary sales'!E29 -> 49034.78 | K33: ='Summary sales'!F29 -> 21949.16 | L33: ='Summary sales'!G29 -> 9365.79 | N33: ='Summary sales'!I29 -> 4203.21 | Q33: =SUM(I33:P33) -> 189558.33
B34: =B33+1 -> 46135 | C34: =TEXT(B34,"ddd") -> Kam | D34: =Q34-H34 -> -923.02623 | E34: =SUM('SO APRIL 2026 Rev2'!E34:AR34) -> 157455.98 | F34: =SUM('SO APRIL 2026 Rev2'!AS34:BC34) -> 16581.07 | G34: =SUM('SO APRIL 2026 Rev2'!AX34:AY34) -> 2921.9003 | H34: =SUM(E34:G34) -> 176958.95 | I34: ='Summary sales'!D30 -> 101883.71 | J34: ='Summary sales'!E30 -> 45389.18 | K34: ='Summary sales'!F30 -> 20729.42 | L34: ='Summary sales'!G30 -> 3842 | N34: ='Summary sales'!I30 -> 4191.61 | Q34: =SUM(I34:P34) -> 176035.92
B35: =B34+1 -> 46136 | C35: =TEXT(B35,"ddd") -> Jum | D35: =Q35-H35 -> -21102.676 | E35: =SUM('SO APRIL 2026 Rev2'!E35:AR35) -> 157455.98 | F35: =SUM('SO APRIL 2026 Rev2'!AS35:BC35) -> 16581.07 | G35: =SUM('SO APRIL 2026 Rev2'!AX35:AY35) -> 2921.9003 | H35: =SUM(E35:G35) -> 176958.95 | I35: ='Summary sales'!D31 -> 96790.67 | J35: ='Summary sales'!E31 -> 43062.17 | K35: ='Summary sales'!F31 -> 10578.98 | L35: ='Summary sales'!G31 -> 5424.45 | N35: ='Summary sales'!I31 -> 0 | Q35: =SUM(I35:P35) -> 155856.27
B36: =B35+1 -> 46137 | C36: =TEXT(B36,"ddd") -> Sab | D36: =Q36-H36 -> 19707.361 | E36: =SUM('SO APRIL 2026 Rev2'!E36:AR36) -> 143740.1 | F36: =SUM('SO APRIL 2026 Rev2'!AS36:BC36) -> 16581.07 | G36: =SUM('SO APRIL 2026 Rev2'!AX36:AY36) -> 2921.9003 | H36: =SUM(E36:G36) -> 163243.07 | I36: ='Summary sales'!D32 -> 101020.89 | J36: ='Summary sales'!E32 -> 47025.3 | K36: ='Summary sales'!F32 -> 20135.82 | L36: ='Summary sales'!G32 -> 10442.18 | N36: ='Summary sales'!I32 -> 4326.24 | Q36: =SUM(I36:P36) -> 182950.43
B37: =B36+1 -> 46138 | C37: =TEXT(B37,"ddd") -> Mgg | D37: =Q37-H37 -> 26721.499 | E37: =SUM('SO APRIL 2026 Rev2'!E37:AR37) -> 134042.78 | F37: =SUM('SO APRIL 2026 Rev2'!AS37:BC37) -> 11459.17 | G37: =SUM('SO APRIL 2026 Rev2'!AX37:AY37) -> 1800 | H37: =SUM(E37:G37) -> 147301.95 | I37: ='Summary sales'!D33 -> 115492.56 | J37: ='Summary sales'!E33 -> 44317.91 | K37: ='Summary sales'!F33 -> 14212.98 | L37: ='Summary sales'!G33 -> 0 | N37: ='Summary sales'!I33 -> 0 | Q37: =SUM(I37:P37) -> 174023.45
B38: Sub Total | D38: =SUM(D31:D37) -> 8772.8884 | E38: =SUM(E31:E37) -> 1065062.8 | F38: =SUM(F31:F37) -> 110945.59 | G38: =SUM(G31:G37) -> 19331.402 | H38: =SUM(H31:H37) -> 1195339.8 | I38: =SUM(I31:I37) -> 710527.33 | J38: =SUM(J31:J37) -> 322452.39 | K38: =SUM(K31:K37) -> 112711.37 | ... O38: =SUM(O31:O37) -> 0 | Q38: =SUM(Q31:Q37) -> 1204112.6
A40: =WEEKNUM(B40) -> 18 | B40: =B37+1 -> 46139 | C40: =TEXT(B40,"ddd") -> Sen | D40: =Q40-H40 -> -7275.3562 | E40: =SUM('SO APRIL 2026 Rev2'!E40:AR40) -> 157455.98 | F40: =SUM('SO APRIL 2026 Rev2'!AS40:BC40) -> 21081.07 | G40: =SUM('SO APRIL 2026 Rev2'!AX40:AY40) -> 2921.9003 | H40: =SUM(E40:G40) -> 181458.95 | I40: ='Summary sales'!D34 -> 103733.35 | J40: ='Summary sales'!E34 -> 45796.89 | K40: ='Summary sales'!F34 -> 20823.68 | L40: ='Summary sales'!G34 -> 0 | N40: ='Summary sales'!I34 -> 3829.67 | Q40: =SUM(I40:P40) -> 174183.59
B41: =B40+1 -> 46140 | C41: =TEXT(B41,"ddd") -> Sel | D41: =Q41-H41 -> 8190.6538 | E41: =SUM('SO APRIL 2026 Rev2'!E41:AR41) -> 157455.98 | F41: =SUM('SO APRIL 2026 Rev2'!AS41:BC41) -> 21081.07 | G41: =SUM('SO APRIL 2026 Rev2'!AX41:AY41) -> 2921.9003 | H41: =SUM(E41:G41) -> 181458.95 | I41: ='Summary sales'!D35 -> 128732.27 | J41: ='Summary sales'!E35 -> 42621.78 | K41: ='Summary sales'!F35 -> 13714.18 | L41: ='Summary sales'!G35 -> 0 | N41: ='Summary sales'!I35 -> 4581.37 | Q41: =SUM(I41:P41) -> 189649.6
B42: =B41+1 -> 46141 | C42: =TEXT(B42,"ddd") -> Rab | D42: =Q42-H42 -> 9979.5638 | E42: =SUM('SO APRIL 2026 Rev2'!E42:AR42) -> 157455.98 | F42: =SUM('SO APRIL 2026 Rev2'!AS42:BC42) -> 21081.07 | G42: =SUM('SO APRIL 2026 Rev2'!AX42:AY42) -> 2921.9003 | H42: =SUM(E42:G42) -> 181458.95 | I42: ='Summary sales'!D36 -> 125408.46 | J42: ='Summary sales'!E36 -> 45666.19 | K42: ='Summary sales'!F36 -> 16115.04 | L42: ='Summary sales'!G36 -> 0 | N42: ='Summary sales'!I36 -> 4248.82 | Q42: =SUM(I42:P42) -> 191438.51
B43: =B42+1 -> 46142 | C43: =TEXT(B43,"ddd") -> Kam | D43: =SUM(D40:D42) -> 10894.861 | E43: =SUM(E40:E42) -> 472367.93 | F43: =SUM(F40:F42) -> 63243.21 | G43: =SUM(G40:G42) -> 8765.701 | H43: =SUM(H40:H42) -> 544376.84 | I43: =SUM(I40:I42) -> 357874.08 | J43: =SUM(J40:J42) -> 134084.86 | K43: =SUM(K40:K42) -> 50652.9 | ... O43: =SUM(O40:O42) -> 0 | Q43: =SUM(Q40:Q42) -> 555271.7
B44: Sub Total
B46: Sub Total | D46: =SUM(D43,D38,D29,D20,D11) -> -50817.569 | E46: =SUM(E43,E38,E29,E20,E11) -> 4548951.2 | F46: =SUM(F43,F38,F29,F20,F11) -> 473863.43 | G46: =SUM(G43,G38,G29,G20,G11) -> 80247.508 | H46: =SUM(H43,H38,H29,H20,H11) -> 5103062.1 | I46: =SUM(I43,I38,I29,I20,I11) -> 2991936.8 | J46: =SUM(J43,J38,J29,J20,J11) -> 1312676.5 | K46: =SUM(K43,K38,K29,K20,K11) -> 500222.36 | ... Q46: =SUM(Q43,Q38,Q29,Q20,Q11) -> 5052244.5
B47: Total | D47: =SUM(D40:D42,D31:D37,D22:D28,D13:D19,D6:D10) -> -50817.569 | E47: =SUM(E40:E42,E31:E37,E22:E28,E13:E19,E6:E10) -> 4548951.2 | F47: =SUM(F40:F42,F31:F37,F22:F28,F13:F19,F6:F10) -> 473863.43 | G47: =SUM(G40:G42,G31:G37,G22:G28,G13:G19,G6:G10) -> 80247.508 | H47: =SUM(H40:H42,H31:H37,H22:H28,H13:H19,H6:H10) -> 5103062.1 | I47: =SUM(I40:I42,I31:I37,I22:I28,I13:I19,I6:I10) -> 2991936.8 | J47: =SUM(J40:J42,J31:J37,J22:J28,J13:J19,J6:J10) -> 1312676.5 | K47: =SUM(K40:K42,K31:K37,K22:K28,K13:K19,K6:K10) -> 500222.36 | ... Q47: =SUM(Q40:Q42,Q31:Q37,Q22:Q28,Q13:Q19,Q6:Q10) -> 5052244.5

Sheet SO MS
A1: SALES ORDER GAS
A4: ='KEBUTUHAN GAS'!A4 -> 46113
A5: Week | B5: DATE | D5: TOTAL | E5: MS SETU | F5: MS KHT | G5: MS BLORA | H5: MS BITUNG | I5: MS ZEBRA | J5: MS TAMBAKLOROK | K5: MS WUNUT | L5: MS SADANG
A6: =WEEKNUM(B6) -> 14 | B6: =A4 -> 46113 | C6: =TEXT(B6,"ddd") -> Rab | D6: =SUM(E6:L6) -> 140700 | E6: =3.5*24000 -> 84000 | F6: =1.4*24000 -> 33600 | G6: =0.4*24000 -> 9600 | H6: =2*5000 -> 10000 | I6: ='SO APRIL 2026 Rev2'!BC6 -> 0 | J6: ='SO APRIL 2026 Rev2'!AR6 -> 3500 | K6: ='SO APRIL 2026 Rev2'!BA6+'SO APRIL 2026 Rev2'!BB6 -> 0 | L6: 0
B7: =B6+1 -> 46114 | C7: =TEXT(B7,"ddd") -> Kam | D7: =SUM(E7:L7) -> 140700 | E7: =3.5*24000 -> 84000 | F7: =1.4*24000 -> 33600 | G7: =0.4*24000 -> 9600 | H7: =2*5000 -> 10000 | I7: ='SO APRIL 2026 Rev2'!BC7 -> 0 | J7: ='SO APRIL 2026 Rev2'!AR7 -> 3500 | K7: ='SO APRIL 2026 Rev2'!BA7+'SO APRIL 2026 Rev2'!BB7 -> 0 | L7: 0
B8: =B7+1 -> 46115 | C8: =TEXT(B8,"ddd") -> Jum | D8: =SUM(E8:L8) -> 137200 | E8: =3.5*24000 -> 84000 | F8: =1.4*24000 -> 33600 | G8: =0.4*24000 -> 9600 | H8: =2*5000 -> 10000 | I8: ='SO APRIL 2026 Rev2'!BC8 -> 0 | J8: ='SO APRIL 2026 Rev2'!AR8 -> 0 | K8: ='SO APRIL 2026 Rev2'!BA8+'SO APRIL 2026 Rev2'!BB8 -> 0 | L8: 0
B9: =B8+1 -> 46116 | C9: =TEXT(B9,"ddd") -> Sab | D9: =SUM(E9:L9) -> 137200 | E9: =3.5*24000 -> 84000 | F9: =1.4*24000 -> 33600 | G9: =0.4*24000 -> 9600 | H9: =2*5000 -> 10000 | I9: ='SO APRIL 2026 Rev2'!BC9 -> 0 | J9: ='SO APRIL 2026 Rev2'!AR9 -> 0 | K9: ='SO APRIL 2026 Rev2'!BA9+'SO APRIL 2026 Rev2'!BB9 -> 0 | L9: 0
B10: =B9+1 -> 46117 | C10: =TEXT(B10,"ddd") -> Mgg | D10: =SUM(E10:L10) -> 137200 | E10: =3.5*24000 -> 84000 | F10: =1.4*24000 -> 33600 | G10: =0.4*24000 -> 9600 | H10: =2*5000 -> 10000 | I10: ='SO APRIL 2026 Rev2'!BC10 -> 0 | J10: ='SO APRIL 2026 Rev2'!AR10 -> 0 | K10: ='SO APRIL 2026 Rev2'!BA10+'SO APRIL 2026 Rev2'!BB10 -> 0 | L10: 0
B11: Sub Total | D11: =SUM(D6:D10) -> 693000 | E11: =SUM(E6:E10) -> 420000 | F11: =SUM(F6:F10) -> 168000 | G11: =SUM(G6:G10) -> 48000 | H11: =SUM(H6:H10) -> 50000 | I11: =SUM(I6:I10) -> 0 | J11: =SUM(J6:J10) -> 7000 | K11: =SUM(K6:K10) -> 0 | L11: =SUM(L6:L10) -> 0
A13: =WEEKNUM(B13) -> 15 | B13: =B10+1 -> 46118 | C13: =TEXT(B13,"ddd") -> Sen | D13: =SUM(E13:L13) -> 140700 | E13: =3.5*24000 -> 84000 | F13: =1.4*24000 -> 33600 | G13: =0.4*24000 -> 9600 | H13: =2*5000 -> 10000 | I13: ='SO APRIL 2026 Rev2'!BC13 -> 0 | J13: ='SO APRIL 2026 Rev2'!AR13 -> 3500 | K13: ='SO APRIL 2026 Rev2'!BA13+'SO APRIL 2026 Rev2'!BB13 -> 0 | L13: 0
B14: =B13+1 -> 46119 | C14: =TEXT(B14,"ddd") -> Sel | D14: =SUM(E14:L14) -> 140700 | E14: =3.5*24000 -> 84000 | F14: =1.4*24000 -> 33600 | G14: =0.4*24000 -> 9600 | H14: =2*5000 -> 10000 | I14: ='SO APRIL 2026 Rev2'!BC14 -> 0 | J14: ='SO APRIL 2026 Rev2'!AR14 -> 3500 | K14: ='SO APRIL 2026 Rev2'!BA14+'SO APRIL 2026 Rev2'!BB14 -> 0 | L14: 0
B15: =B14+1 -> 46120 | C15: =TEXT(B15,"ddd") -> Rab | D15: =SUM(E15:L15) -> 140700 | E15: =3.5*24000 -> 84000 | F15: =1.4*24000 -> 33600 | G15: =0.4*24000 -> 9600 | H15: =2*5000 -> 10000 | I15: ='SO APRIL 2026 Rev2'!BC15 -> 0 | J15: ='SO APRIL 2026 Rev2'!AR15 -> 3500 | K15: ='SO APRIL 2026 Rev2'!BA15+'SO APRIL 2026 Rev2'!BB15 -> 0 | L15: 0
B16: =B15+1 -> 46121 | C16: =TEXT(B16,"ddd") -> Kam | D16: =SUM(E16:L16) -> 140700 | E16: =3.5*24000 -> 84000 | F16: =1.4*24000 -> 33600 | G16: =0.4*24000 -> 9600 | H16: =2*5000 -> 10000 | I16: ='SO APRIL 2026 Rev2'!BC16 -> 0 | J16: ='SO APRIL 2026 Rev2'!AR16 -> 3500 | K16: ='SO APRIL 2026 Rev2'!BA16+'SO APRIL 2026 Rev2'!BB16 -> 0 | L16: 0
B17: =B16+1 -> 46122 | C17: =TEXT(B17,"ddd") -> Jum | D17: =SUM(E17:L17) -> 140700 | E17: =3.5*24000 -> 84000 | F17: =1.4*24000 -> 33600 | G17: =0.4*24000 -> 9600 | H17: =2*5000 -> 10000 | I17: ='SO APRIL 2026 Rev2'!BC17 -> 0 | J17: ='SO APRIL 2026 Rev2'!AR17 -> 3500 | K17: ='SO APRIL 2026 Rev2'!BA17+'SO APRIL 2026 Rev2'!BB17 -> 0 | L17: 0
B18: =B17+1 -> 46123 | C18: =TEXT(B18,"ddd") -> Sab | D18: =SUM(E18:L18) -> 140700 | E18: =3.5*24000 -> 84000 | F18: =1.4*24000 -> 33600 | G18: =0.4*24000 -> 9600 | H18: =2*5000 -> 10000 | I18: ='SO APRIL 2026 Rev2'!BC18 -> 0 | J18: ='SO APRIL 2026 Rev2'!AR18 -> 3500 | K18: ='SO APRIL 2026 Rev2'!BA18+'SO APRIL 2026 Rev2'!BB18 -> 0 | L18: 0
B19: =B18+1 -> 46124 | C19: =TEXT(B19,"ddd") -> Mgg | D19: =SUM(E19:L19) -> 140700 | E19: =3.5*24000 -> 84000 | F19: =1.4*24000 -> 33600 | G19: =0.4*24000 -> 9600 | H19: =2*5000 -> 10000 | I19: ='SO APRIL 2026 Rev2'!BC19 -> 0 | J19: ='SO APRIL 2026 Rev2'!AR19 -> 3500 | K19: ='SO APRIL 2026 Rev2'!AX19 -> 0 | L19: 0
B20: Sub Total | D20: =SUM(D13:D19) -> 984900 | E20: =SUM(E13:E19) -> 588000 | F20: =SUM(F13:F19) -> 235200 | G20: =SUM(G13:G19) -> 67200 | H20: =SUM(H13:H19) -> 70000 | I20: =SUM(I13:I19) -> 0 | J20: =SUM(J13:J19) -> 24500 | K20: =SUM(K13:K19) -> 0 | L20: =SUM(L13:L19) -> 0
A22: =WEEKNUM(B22) -> 16 | B22: =B19+1 -> 46125 | C22: =TEXT(B22,"ddd") -> Sen | D22: =SUM(E22:L22) -> 140700 | E22: =3.5*24000 -> 84000 | F22: =1.4*24000 -> 33600 | G22: =0.4*24000 -> 9600 | H22: =2*5000 -> 10000 | I22: ='SO APRIL 2026 Rev2'!BC22 -> 0 | J22: ='SO APRIL 2026 Rev2'!AR22 -> 3500 | K22: ='SO APRIL 2026 Rev2'!BA22+'SO APRIL 2026 Rev2'!BB22 -> 0 | L22: 0
B23: =B22+1 -> 46126 | C23: =TEXT(B23,"ddd") -> Sel | D23: =SUM(E23:L23) -> 140700 | E23: =3.5*24000 -> 84000 | F23: =1.4*24000 -> 33600 | G23: =0.4*24000 -> 9600 | H23: =2*5000 -> 10000 | I23: ='SO APRIL 2026 Rev2'!BC23 -> 0 | J23: ='SO APRIL 2026 Rev2'!AR23 -> 3500 | K23: ='SO APRIL 2026 Rev2'!BA23+'SO APRIL 2026 Rev2'!BB23 -> 0 | L23: 0
B24: =B23+1 -> 46127 | C24: =TEXT(B24,"ddd") -> Rab | D24: =SUM(E24:L24) -> 140700 | E24: =3.5*24000 -> 84000 | F24: =1.4*24000 -> 33600 | G24: =0.4*24000 -> 9600 | H24: =2*5000 -> 10000 | I24: ='SO APRIL 2026 Rev2'!BC24 -> 0 | J24: ='SO APRIL 2026 Rev2'!AR24 -> 3500 | K24: ='SO APRIL 2026 Rev2'!BA24+'SO APRIL 2026 Rev2'!BB24 -> 0 | L24: 0
B25: =B24+1 -> 46128 | C25: =TEXT(B25,"ddd") -> Kam | D25: =SUM(E25:L25) -> 140700 | E25: =3.5*24000 -> 84000 | F25: =1.4*24000 -> 33600 | G25: =0.4*24000 -> 9600 | H25: =2*5000 -> 10000 | I25: ='SO APRIL 2026 Rev2'!BC25 -> 0 | J25: ='SO APRIL 2026 Rev2'!AR25 -> 3500 | K25: ='SO APRIL 2026 Rev2'!BA25+'SO APRIL 2026 Rev2'!BB25 -> 0 | L25: 0
B26: =B25+1 -> 46129 | C26: =TEXT(B26,"ddd") -> Jum | D26: =SUM(E26:L26) -> 140700 | E26: =3.5*24000 -> 84000 | F26: =1.4*24000 -> 33600 | G26: =0.4*24000 -> 9600 | H26: =2*5000 -> 10000 | I26: ='SO APRIL 2026 Rev2'!BC26 -> 0 | J26: ='SO APRIL 2026 Rev2'!AR26 -> 3500 | K26: ='SO APRIL 2026 Rev2'!BA26+'SO APRIL 2026 Rev2'!BB26 -> 0 | L26: 0
B27: =B26+1 -> 46130 | C27: =TEXT(B27,"ddd") -> Sab | D27: =SUM(E27:L27) -> 140700 | E27: =3.5*24000 -> 84000 | F27: =1.4*24000 -> 33600 | G27: =0.4*24000 -> 9600 | H27: =2*5000 -> 10000 | I27: ='SO APRIL 2026 Rev2'!BC27 -> 0 | J27: ='SO APRIL 2026 Rev2'!AR27 -> 3500 | K27: ='SO APRIL 2026 Rev2'!BA27+'SO APRIL 2026 Rev2'!BB27 -> 0 | L27: 0
B28: =B27+1 -> 46131 | C28: =TEXT(B28,"ddd") -> Mgg | D28: =SUM(E28:L28) -> 140700 | E28: =3.5*24000 -> 84000 | F28: =1.4*24000 -> 33600 | G28: =0.4*24000 -> 9600 | H28: =2*5000 -> 10000 | I28: ='SO APRIL 2026 Rev2'!BC28 -> 0 | J28: ='SO APRIL 2026 Rev2'!AR28 -> 3500 | K28: ='SO APRIL 2026 Rev2'!BA28+'SO APRIL 2026 Rev2'!BB28 -> 0 | L28: 0
B29: Sub Total | D29: =SUM(D22:D28) -> 984900 | E29: =SUM(E22:E28) -> 588000 | F29: =SUM(F22:F28) -> 235200 | G29: =SUM(G22:G28) -> 67200 | H29: =SUM(H22:H28) -> 70000 | I29: =SUM(I22:I28) -> 0 | J29: =SUM(J22:J28) -> 24500 | K29: =SUM(K22:K28) -> 0 | L29: =SUM(L22:L28) -> 0
A31: =WEEKNUM(B31) -> 17 | B31: =B28+1 -> 46132 | C31: =TEXT(B31,"ddd") -> Sen | D31: =SUM(E31:L31) -> 140700 | E31: =3.5*24000 -> 84000 | F31: =1.4*24000 -> 33600 | G31: =0.4*24000 -> 9600 | H31: =2*5000 -> 10000 | I31: ='SO APRIL 2026 Rev2'!BC31 -> 0 | J31: ='SO APRIL 2026 Rev2'!AR31 -> 3500 | K31: ='SO APRIL 2026 Rev2'!BA31+'SO APRIL 2026 Rev2'!BB31 -> 0 | L31: 0
B32: =B31+1 -> 46133 | C32: =TEXT(B32,"ddd") -> Sel | D32: =SUM(E32:L32) -> 140700 | E32: =3.5*24000 -> 84000 | F32: =1.4*24000 -> 33600 | G32: =0.4*24000 -> 9600 | H32: =2*5000 -> 10000 | I32: ='SO APRIL 2026 Rev2'!BC32 -> 0 | J32: ='SO APRIL 2026 Rev2'!AR32 -> 3500 | K32: ='SO APRIL 2026 Rev2'!BA32+'SO APRIL 2026 Rev2'!BB32 -> 0 | L32: 0
B33: =B32+1 -> 46134 | C33: =TEXT(B33,"ddd") -> Rab | D33: =SUM(E33:L33) -> 140700 | E33: =3.5*24000 -> 84000 | F33: =1.4*24000 -> 33600 | G33: =0.4*24000 -> 9600 | H33: =2*5000 -> 10000 | I33: ='SO APRIL 2026 Rev2'!BC33 -> 0 | J33: ='SO APRIL 2026 Rev2'!AR33 -> 3500 | K33: ='SO APRIL 2026 Rev2'!BA33+'SO APRIL 2026 Rev2'!BB33 -> 0 | L33: 0
B34: =B33+1 -> 46135 | C34: =TEXT(B34,"ddd") -> Kam | D34: =SUM(E34:L34) -> 140700 | E34: =3.5*24000 -> 84000 | F34: =1.4*24000 -> 33600 | G34: =0.4*24000 -> 9600 | H34: =2*5000 -> 10000 | I34: ='SO APRIL 2026 Rev2'!BC34 -> 0 | J34: ='SO APRIL 2026 Rev2'!AR34 -> 3500 | K34: ='SO APRIL 2026 Rev2'!BA34+'SO APRIL 2026 Rev2'!BB34 -> 0 | L34: 0
B35: =B34+1 -> 46136 | C35: =TEXT(B35,"ddd") -> Jum | D35: =SUM(E35:L35) -> 140700 | E35: =3.5*24000 -> 84000 | F35: =1.4*24000 -> 33600 | G35: =0.4*24000 -> 9600 | H35: =2*5000 -> 10000 | I35: ='SO APRIL 2026 Rev2'!BC35 -> 0 | J35: ='SO APRIL 2026 Rev2'!AR35 -> 3500 | K35: ='SO APRIL 2026 Rev2'!BA35+'SO APRIL 2026 Rev2'!BB35 -> 0 | L35: 0
B36: =B35+1 -> 46137 | C36: =TEXT(B36,"ddd") -> Sab | D36: =SUM(E36:L36) -> 140700 | E36: =3.5*24000 -> 84000 | F36: =1.4*24000 -> 33600 | G36: =0.4*24000 -> 9600 | H36: =2*5000 -> 10000 | I36: ='SO APRIL 2026 Rev2'!BC36 -> 0 | J36: ='SO APRIL 2026 Rev2'!AR36 -> 3500 | K36: ='SO APRIL 2026 Rev2'!BA36+'SO APRIL 2026 Rev2'!BB36 -> 0 | L36: 0
B37: =B36+1 -> 46138 | C37: =TEXT(B37,"ddd") -> Mgg | D37: =SUM(E37:L37) -> 140700 | E37: =3.5*24000 -> 84000 | F37: =1.4*24000 -> 33600 | G37: =0.4*24000 -> 9600 | H37: =2*5000 -> 10000 | I37: ='SO APRIL 2026 Rev2'!BC37 -> 0 | J37: ='SO APRIL 2026 Rev2'!AR37 -> 3500 | K37: ='SO APRIL 2026 Rev2'!BA37+'SO APRIL 2026 Rev2'!BB37 -> 0 | L37: 0
B38: Sub Total | D38: =SUM(D31:D37) -> 984900 | E38: =SUM(E31:E37) -> 588000 | F38: =SUM(F31:F37) -> 235200 | G38: =SUM(G31:G37) -> 67200 | H38: =SUM(H31:H37) -> 70000 | I38: =SUM(I31:I37) -> 0 | J38: =SUM(J31:J37) -> 24500 | K38: =SUM(K31:K37) -> 0 | L38: =SUM(L31:L37) -> 0
A40: =WEEKNUM(B40) -> 18 | B40: =B37+1 -> 46139 | C40: =TEXT(B40,"ddd") -> Sen | D40: =SUM(E40:L40) -> 145200 | E40: =3.5*24000 -> 84000 | F40: =1.4*24000 -> 33600 | G40: =0.4*24000 -> 9600 | H40: =2*5000 -> 10000 | I40: ='SO APRIL 2026 Rev2'!BC40 -> 4500 | J40: ='SO APRIL 2026 Rev2'!AR40 -> 3500 | K40: ='SO APRIL 2026 Rev2'!BA40+'SO APRIL 2026 Rev2'!BB40 -> 0 | L40: 0
B41: =B40+1 -> 46140 | C41: =TEXT(B41,"ddd") -> Sel | D41: =SUM(E41:L41) -> 145200 | E41: =3.5*24000 -> 84000 | F41: =1.4*24000 -> 33600 | G41: =0.4*24000 -> 9600 | H41: =2*5000 -> 10000 | I41: ='SO APRIL 2026 Rev2'!BC41 -> 4500 | J41: ='SO APRIL 2026 Rev2'!AR41 -> 3500 | K41: ='SO APRIL 2026 Rev2'!BA41+'SO APRIL 2026 Rev2'!BB41 -> 0 | L41: 0
B42: =B41+1 -> 46141 | C42: =TEXT(B42,"ddd") -> Rab | D42: =SUM(E42:L42) -> 145200 | E42: =3.5*24000 -> 84000 | F42: =1.4*24000 -> 33600 | G42: =0.4*24000 -> 9600 | H42: =2*5000 -> 10000 | I42: ='SO APRIL 2026 Rev2'!BC42 -> 4500 | J42: ='SO APRIL 2026 Rev2'!AR42 -> 3500 | K42: ='SO APRIL 2026 Rev2'!BA42+'SO APRIL 2026 Rev2'!BB42 -> 0 | L42: 0
B43: =B42+1 -> 46142 | C43: =TEXT(B43,"ddd") -> Kam | D43: =SUM(E43:L43) -> 145200 | E43: =3.5*24000 -> 84000 | F43: =1.4*24000 -> 33600 | G43: =0.4*24000 -> 9600 | H43: =2*5000 -> 10000 | I43: ='SO APRIL 2026 Rev2'!BC43 -> 4500 | J43: ='SO APRIL 2026 Rev2'!AR43 -> 3500 | K43: ='SO APRIL 2026 Rev2'!BA43+'SO APRIL 2026 Rev2'!BB43 -> 0 | L43: 0
B44: Sub Total | D44: =SUM(D40:D43) -> 580800 | E44: =SUM(E40:E43) -> 336000 | F44: =SUM(F40:F43) -> 134400 | G44: =SUM(G40:G43) -> 38400 | H44: =SUM(H40:H43) -> 40000 | I44: =SUM(I40:I43) -> 18000 | J44: =SUM(J40:J43) -> 14000 | K44: =SUM(K40:K43) -> 0 | L44: =SUM(L40:L43) -> 0
B46: Sub Total | D46: =D11+D20+D29+D38+D44 -> 4228500 | E46: =E11+E20+E29+E38+E44 -> 2520000 | F46: =F11+F20+F29+F38+F44 -> 1008000 | G46: =G11+G20+G29+G38+G44 -> 288000 | H46: =H11+H20+H29+H38+H44 -> 300000 | I46: =I11+I20+I29+I38+I44 -> 18000 | J46: =J11+J20+J29+J38+J44 -> 94500 | K46: =K11+K20+K29+K38+K44 -> 0 | L46: =L11+L20+L29+L38+L44 -> 0
B47: Total | D47: =SUM(D40:D43,D31:D37,D22:D28,D13:D19,D6:D10) -> 4228500 | E47: =SUM(E40:E43,E31:E37,E22:E28,E13:E19,E6:E10) -> 2520000 | F47: =SUM(F40:F43,F31:F37,F22:F28,F13:F19,F6:F10) -> 1008000 | G47: =SUM(G40:G43,G31:G37,G22:G28,G13:G19,G6:G10) -> 288000 | H47: =SUM(H40:H43,H31:H37,H22:H28,H13:H19,H6:H10) -> 300000 | I47: =SUM(I40:I43,I31:I37,I22:I28,I13:I19,I6:I10) -> 18000 | J47: =SUM(J40:J43,J31:J37,J22:J28,J13:J19,J6:J10) -> 94500 | K47: =SUM(K40:K43,K31:K37,K22:K28,K13:K19,K6:K10) -> 0 | L47: =SUM(L40:L43,L31:L37,L22:L28,L13:L19,L6:L10) -> 0

Sheet Summary Gas
A1: Summary Gas
L3: SO MS | AI3: SUMMARY FOB | AK3: SUMMARY SALES
A6: ='Daily Sales'!A2 -> 46113
A7: SERAPAN GAS MS | AE7: SALES
A8: Week | B8: DATE | D8: Total Serapan Gas | G8: MS SETU | J8: MS KHT | M8: MS BLORA | P8: MS BITUNG | S8: MS ZEBRA | V8: MS TAMBAKLOROK | Y8: MS WUNUT | AB8: MS SADANG | AE8: Total sales | AH8: SALES FOB | AK8: SALES NON FOB
D9: TARGET | E9: ACTUAL | F9: SELISIH | G9: TARGET | H9: ACTUAL | I9: SELISIH | J9: TARGET | K9: ACTUAL | L9: SELISIH | M9: TARGET | N9: ACTUAL | O9: SELISIH | P9: TARGET | Q9: ACTUAL | R9: SELISIH | S9: TARGET | T9: ACTUAL | U9: SELISIH | V9: TARGET | W9: ACTUAL | X9: SELISIH | Y9: TARGET | Z9: ACTUAL | AA9: SELISIH | AB9: TARGET | AC9: ACTUAL | AD9: SELISIH | AE9: TARGET | AF9: ACTUAL | AG9: SELISIH | AH9: TARGET | AI9: ACTUAL | AJ9: SELISIH | AK9: TARGET | AL9: ACTUAL | AM9: SELISIH
A10: =WEEKNUM(B10) -> 14 | B10: =A6 -> 46113 | C10: =TEXT(B10,"ddd") -> Rab | D10: =SUMIF($G$9:$AD$9,$D$9,G10:AD10) -> 140700 | E10: =SUMIF($G$9:$AD$9,$E$9,G10:AD10) -> 174270.89 | F10: =E10-D10 -> 33570.89 | G10: =VLOOKUP($B$10:$B$55,'SO MS'!$B$6:$L$47,4,TRUE) -> 84000 | H10: ='Summary sales'!D8 -> 100928.31 | I10: =H10-G10 -> 16928.31 | J10: =VLOOKUP($B$10:$B$55,'SO MS'!$B$6:$L$47,5,TRUE) -> 33600 | K10: ='Summary sales'!E8 -> 42523.65 | L10: =K10-J10 -> 8923.65 | M10: =VLOOKUP($B$10:$B$55,'SO MS'!$B$6:$L$47,6,TRUE) -> 9600 | N10: ='Summary sales'!F8 -> 18037.29 | O10: =N10-M10 -> 8437.29 | P10: =VLOOKUP($B$10:$B$55,'SO MS'!$B$6:$AS$47,7,TRUE) -> 10000 | Q10: ='Summary sales'!G8 -> 4177.39 | R10: =Q10-P10 -> -5822.61 | S10: =VLOOKUP($B$10:$B$55,'SO MS'!$B$6:$AS$47,8,TRUE) -> 0 | T10: ='Summary sales'!H8 -> 0 | U10: =T10-S10 -> 0 | V10: =VLOOKUP($B$10:$B$55,'SO MS'!$B$6:$AS$47,9,TRUE) -> 3500 | W10: ='Summary sales'!I8 -> 8604.25 | X10: =W10-V10 -> 5104.25 | Y10: =VLOOKUP($B$10:$B$55,'SO MS'!$B$6:$AS$47,10,TRUE) -> 0 | Z10: ='Summary sales'!K8 -> 0 | AA10: =Z10-Y10 -> 0 | AB10: =VLOOKUP($B$10:$B$55,'SO MS'!$B$6:$AS$47,11,TRUE) -> 0 | AD10: =AC10-AB10 -> 0 | AE10: ='Daily Sales'!D5 -> 186311.43 | AF10: ='Daily Sales'!E5 -> 185993 | AG10: =AF10-AE10 -> -318.43661 | AH10: 0 | AI10: 0 | AJ10: =AI10-AH10 -> 0 | AK10: =VLOOKUP($B$10:$B$52,'Daily Sales'!$B$5:$F$44,3,TRUE) -> 186311.43 | AL10: =VLOOKUP($B$10:$B$52,'Daily Sales'!$B$5:$F$44,4,TRUE) -> 185993 | AM10: =AL10-AK10 -> -318.43661
B11: =B10+1 -> 46114 | C11: =TEXT(B11,"ddd") -> Kam | D11: =SUMIF($G$9:$AD$9,$D$9,G11:AD11) -> 140700 | E11: =SUMIF($G$9:$AD$9,$E$9,G11:AD11) -> 149718.23 | F11: =E11-D11 -> 9018.23 | G11: =VLOOKUP($B$10:$B$55,'SO MS'!$B$6:$L$47,4,TRUE) -> 84000 | H11: ='Summary sales'!D9 -> 78845.78 | I11: =H11-G11 -> -5154.22 | J11: =VLOOKUP($B$10:$B$55,'SO MS'!$B$6:$L$47,5,TRUE) -> 33600 | K11: ='Summary sales'!E9 -> 44578.75 | L11: =K11-J11 -> 10978.75 | M11: =VLOOKUP($B$10:$B$55,'SO MS'!$B$6:$L$47,6,TRUE) -> 9600 | N11: ='Summary sales'!F9 -> 16718.5 | O11: =N11-M11 -> 7118.5 | P11: =VLOOKUP($B$10:$B$55,'SO MS'!$B$6:$AS$47,7,TRUE) -> 10000 | Q11: ='Summary sales'!G9 -> 9575.2 | R11: =Q11-P11 -> -424.8 | S11: =VLOOKUP($B$10:$B$55,'SO MS'!$B$6:$AS$47,8,TRUE) -> 0 | T11: ='Summary sales'!H9 -> 0 | U11: =T11-S11 -> 0 | V11: =VLOOKUP($B$10:$B$55,'SO MS'!$B$6:$AS$47,9,TRUE) -> 3500 | W11: ='Summary sales'!I9 -> 0 | X11: =W11-V11 -> -3500 | Y11: =VLOOKUP($B$10:$B$55,'SO MS'!$B$6:$AS$47,10,TRUE) -> 0 | Z11: ='Summary sales'!K9 -> 0 | AA11: =Z11-Y11 -> 0 | AB11: =VLOOKUP($B$10:$B$55,'SO MS'!$B$6:$AS$47,11,TRUE) -> 0 | AD11: =AC11-AB11 -> 0 | AE11: ='Daily Sales'!D6 -> 186311.43 | AF11: ='Daily Sales'!E6 -> 175615.56 | AG11: =AF11-AE11 -> -10695.876 | AH11: 0 | AI11: 0 | AJ11: =AI11-AH11 -> 0 | AK11: =VLOOKUP($B$10:$B$52,'Daily Sales'!$B$5:$F$44,3,TRUE) -> 186311.43 | AL11: =VLOOKUP($B$10:$B$52,'Daily Sales'!$B$5:$F$44,4,TRUE) -> 175615.56 | AM11: =AL11-AK11 -> -10695.876
B12: =B11+1 -> 46115 | C12: =TEXT(B12,"ddd") -> Jum | D12: =SUMIF($G$9:$AD$9,$D$9,G12:AD12) -> 137200 | E12: =SUMIF($G$9:$AD$9,$E$9,G12:AD12) -> 163847.88 | F12: =E12-D12 -> 26647.88 | G12: =VLOOKUP($B$10:$B$55,'SO MS'!$B$6:$L$47,4,TRUE) -> 84000 | H12: ='Summary sales'!D10 -> 105631.06 | I12: =H12-G12 -> 21631.06 | J12: =VLOOKUP($B$10:$B$55,'SO MS'!$B$6:$L$47,5,TRUE) -> 33600 | K12: ='Summary sales'!E10 -> 40111.83 | L12: =K12-J12 -> 6511.83 | M12: =VLOOKUP($B$10:$B$55,'SO MS'!$B$6:$L$47,6,TRUE) -> 9600 | N12: ='Summary sales'!F10 -> 13672.35 | O12: =N12-M12 -> 4072.35 | P12: =VLOOKUP($B$10:$B$55,'SO MS'!$B$6:$AS$47,7,TRUE) -> 10000 | Q12: ='Summary sales'!G10 -> 0 | R12: =Q12-P12 -> -10000 | S12: =VLOOKUP($B$10:$B$55,'SO MS'!$B$6:$AS$47,8,TRUE) -> 0 | T12: ='Summary sales'!H10 -> 0 | U12: =T12-S12 -> 0 | V12: =VLOOKUP($B$10:$B$55,'SO MS'!$B$6:$AS$47,9,TRUE) -> 0 | W12: ='Summary sales'!I10 -> 4432.64 | X12: =W12-V12 -> 4432.64 | Y12: =VLOOKUP($B$10:$B$55,'SO MS'!$B$6:$AS$47,10,TRUE) -> 0 | Z12: ='Summary sales'!K10 -> 0 | AA12: =Z12-Y12 -> 0 | AB12: =VLOOKUP($B$10:$B$55,'SO MS'!$B$6:$AS$47,11,TRUE) -> 0 | AD12: =AC12-AB12 -> 0 | AE12: ='Daily Sales'!D7 -> 182811.43 | AF12: ='Daily Sales'!E7 -> 146303.56 | AG12: =AF12-AE12 -> -36507.877 | AH12: 0 | AI12: 0 | AJ12: =AI12-AH12 -> 0 | AK12: =VLOOKUP($B$10:$B$52,'Daily Sales'!$B$5:$F$44,3,TRUE) -> 182811.43 | AL12: =VLOOKUP($B$10:$B$52,'Daily Sales'!$B$5:$F$44,4,TRUE) -> 146303.56 | AM12: =AL12-AK12 -> -36507.877
B13: =B12+1 -> 46116 | C13: =TEXT(B13,"ddd") -> Sab | D13: =SUMIF($G$9:$AD$9,$D$9,G13:AD13) -> 137200 | E13: =SUMIF($G$9:$AD$9,$E$9,G13:AD13) -> 188118.6 | F13: =E13-D13 -> 50918.6 | G13: =VLOOKUP($B$10:$B$55,'SO MS'!$B$6:$L$47,4,TRUE) -> 84000 | H13: ='Summary sales'!D11 -> 116238.76 | I13: =H13-G13 -> 32238.76 | J13: =VLOOKUP($B$10:$B$55,'SO MS'!$B$6:$L$47,5,TRUE) -> 33600 | K13: ='Summary sales'!E11 -> 46923.09 | L13: =K13-J13 -> 13323.09 | M13: =VLOOKUP($B$10:$B$55,'SO MS'!$B$6:$L$47,6,TRUE) -> 9600 | N13: ='Summary sales'!F11 -> 13011.65 | O13: =N13-M13 -> 3411.65 | P13: =VLOOKUP($B$10:$B$55,'SO MS'!$B$6:$AS$47,7,TRUE) -> 10000 | Q13: ='Summary sales'!G11 -> 11945.1 | R13: =Q13-P13 -> 1945.1 | S13: =VLOOKUP($B$10:$B$55,'SO MS'!$B$6:$AS$47,8,TRUE) -> 0 | T13: ='Summary sales'!H11 -> 0 | U13: =T13-S13 -> 0 | V13: =VLOOKUP($B$10:$B$55,'SO MS'!$B$6:$AS$47,9,TRUE) -> 0 | W13: ='Summary sales'!I11 -> 0 | X13: =W13-V13 -> 0 | Y13: =VLOOKUP($B$10:$B$55,'SO MS'!$B$6:$AS$47,10,TRUE) -> 0 | Z13: ='Summary sales'!K11 -> 0 | AA13: =Z13-Y13 -> 0 | AB13: =VLOOKUP($B$10:$B$55,'SO MS'!$B$6:$AS$47,11,TRUE) -> 0 | AD13: =AC13-AB13 -> 0 | AE13: ='Daily Sales'!D8 -> 177845.56 | AF13: ='Daily Sales'!E8 -> 134523.28 | AG13: =AF13-AE13 -> -43322.277 | AH13: 0 | AI13: 0 | AJ13: =AI13-AH13 -> 0 | AK13: =VLOOKUP($B$10:$B$52,'Daily Sales'!$B$5:$F$44,3,TRUE) -> 177845.56 | AL13: =VLOOKUP($B$10:$B$52,'Daily Sales'!$B$5:$F$44,4,TRUE) -> 134523.28 | AM13: =AL13-AK13 -> -43322.277
B14: =B13+1 -> 46117 | C14: =TEXT(B14,"ddd") -> Mgg | D14: =SUMIF($G$9:$AD$9,$D$9,G14:AD14) -> 137200 | E14: =SUMIF($G$9:$AD$9,$E$9,G14:AD14) -> 169722.56 | F14: =E14-D14 -> 32522.56 | G14: =VLOOKUP($B$10:$B$55,'SO MS'!$B$6:$L$47,4,TRUE) -> 84000 | H14: ='Summary sales'!D12 -> 101567.04 | I14: =H14-G14 -> 17567.04 | J14: =VLOOKUP($B$10:$B$55,'SO MS'!$B$6:$L$47,5,TRUE) -> 33600 | K14: ='Summary sales'!E12 -> 48679.31 | L14: =K14-J14 -> 15079.31 | M14: =VLOOKUP($B$10:$B$55,'SO MS'!$B$6:$L$47,6,TRUE) -> 9600 | N14: ='Summary sales'!F12 -> 14923.66 | O14: =N14-M14 -> 5323.66 | P14: =VLOOKUP($B$10:$B$55,'SO MS'!$B$6:$AS$47,7,TRUE) -> 10000 | Q14: ='Summary sales'!G12 -> 4552.55 | R14: =Q14-P14 -> -5447.45 | S14: =VLOOKUP($B$10:$B$55,'SO MS'!$B$6:$AS$47,8,TRUE) -> 0 | T14: ='Summary sales'!H12 -> 0 | U14: =T14-S14 -> 0 | V14: =VLOOKUP($B$10:$B$55,'SO MS'!$B$6:$AS$47,9,TRUE) -> 0 | W14: ='Summary sales'!I12 -> 0 | X14: =W14-V14 -> 0 | Y14: =VLOOKUP($B$10:$B$55,'SO MS'!$B$6:$AS$47,10,TRUE) -> 0 | Z14: ='Summary sales'!K12 -> 0 | AA14: =Z14-Y14 -> 0 | AB14: =VLOOKUP($B$10:$B$55,'SO MS'!$B$6:$AS$47,11,TRUE) -> 0 | AD14: =AC14-AB14 -> 0 | AE14: ='Daily Sales'!D9 -> 167452.01 | AF14: ='Daily Sales'!E9 -> 135553.98 | AG14: =AF14-AE14 -> -31898.028 | AH14: 0 | AI14: 0 | AJ14: =AI14-AH14 -> 0 | AK14: =VLOOKUP($B$10:$B$52,'Daily Sales'!$B$5:$F$44,3,TRUE) -> 167452.01 | AL14: =VLOOKUP($B$10:$B$52,'Daily Sales'!$B$5:$F$44,4,TRUE) -> 135553.98 | AM14: =AL14-AK14 -> -31898.028
B15: Sub Total | D15: =SUM(D10:D14) -> 693000 | E15: =SUM(E10:E14) -> 845678.16 | F15: =SUM(F10:F14) -> 152678.16 | G15: =SUM(G10:G14) -> 420000 | H15: =SUM(H10:H14) -> 503210.95 | I15: =SUM(I10:I14) -> 83210.95 | J15: =SUM(J10:J14) -> 168000 | K15: =SUM(K10:K14) -> 222816.63 | ... AM15: =SUM(AM10:AM14) -> -122742.49
A17: =WEEKNUM(B17) -> 15 | B17: =B14+1 -> 46118 | C17: =TEXT(B17,"ddd") -> Sen | D17: =SUMIF($G$9:$AD$9,$D$9,G17:AD17) -> 140700 | E17: =SUMIF($G$9:$AD$9,$E$9,G17:AD17) -> 173041.94 | F17: =E17-D17 -> 32341.94 | G17: =VLOOKUP($B$10:$B$55,'SO MS'!$B$6:$L$47,4,TRUE) -> 84000 | H17: ='Summary sales'!D13 -> 101450.25 | I17: =H17-G17 -> 17450.25 | J17: =VLOOKUP($B$10:$B$55,'SO MS'!$B$6:$L$47,5,TRUE) -> 33600 | K17: ='Summary sales'!E13 -> 47032.04 | L17: =K17-J17 -> 13432.04 | M17: =VLOOKUP($B$10:$B$55,'SO MS'!$B$6:$L$47,6,TRUE) -> 9600 | N17: ='Summary sales'!F13 -> 13171.59 | O17: =N17-M17 -> 3571.59 | P17: =VLOOKUP($B$10:$B$55,'SO MS'!$B$6:$AS$47,7,TRUE) -> 10000 | Q17: ='Summary sales'!G13 -> 7328.12 | R17: =Q17-P17 -> -2671.88 | S17: =VLOOKUP($B$10:$B$55,'SO MS'!$B$6:$AS$47,8,TRUE) -> 0 | T17: ='Summary sales'!H13 -> 0 | U17: =T17-S17 -> 0 | V17: =VLOOKUP($B$10:$B$55,'SO MS'!$B$6:$AS$47,9,TRUE) -> 3500 | W17: ='Summary sales'!I13 -> 4059.94 | X17: =W17-V17 -> 559.94 | Y17: =VLOOKUP($B$10:$B$55,'SO MS'!$B$6:$AS$47,10,TRUE) -> 0 | Z17: ='Summary sales'!K13 -> 0 | AA17: =Z17-Y17 -> 0 | AB17: =VLOOKUP($B$10:$B$55,'SO MS'!$B$6:$AS$47,11,TRUE) -> 0 | AD17: =AC17-AB17 -> 0 | AE17: ='Daily Sales'!D12 -> 179511.43 | AF17: ='Daily Sales'!E12 -> 216461.32 | AG17: =AF17-AE17 -> 36949.881 | AH17: 0 | AI17: 0 | AJ17: =AI17-AH17 -> 0 | AK17: =VLOOKUP($B$10:$B$52,'Daily Sales'!$B$5:$F$44,3,TRUE) -> 179511.43 | AL17: =VLOOKUP($B$10:$B$52,'Daily Sales'!$B$5:$F$44,4,TRUE) -> 216461.32 | AM17: =AL17-AK17 -> 36949.881
B18: =B17+1 -> 46119 | C18: =TEXT(B18,"ddd") -> Sel | D18: =SUMIF($G$9:$AD$9,$D$9,G18:AD18) -> 140700 | E18: =SUMIF($G$9:$AD$9,$E$9,G18:AD18) -> 195001.07 | F18: =E18-D18 -> 54301.07 | G18: =VLOOKUP($B$10:$B$55,'SO MS'!$B$6:$L$47,4,TRUE) -> 84000 | H18: ='Summary sales'!D14 -> 110281.66 | I18: =H18-G18 -> 26281.66 | J18: =VLOOKUP($B$10:$B$55,'SO MS'!$B$6:$L$47,5,TRUE) -> 33600 | K18: ='Summary sales'!E14 -> 47943.57 | L18: =K18-J18 -> 14343.57 | M18: =VLOOKUP($B$10:$B$55,'SO MS'!$B$6:$L$47,6,TRUE) -> 9600 | N18: ='Summary sales'!F14 -> 18857.27 | O18: =N18-M18 -> 9257.27 | P18: =VLOOKUP($B$10:$B$55,'SO MS'!$B$6:$AS$47,7,TRUE) -> 10000 | Q18: ='Summary sales'!G14 -> 13891.13 | R18: =Q18-P18 -> 3891.13 | S18: =VLOOKUP($B$10:$B$55,'SO MS'!$B$6:$AS$47,8,TRUE) -> 0 | T18: ='Summary sales'!H14 -> 0 | U18: =T18-S18 -> 0 | V18: =VLOOKUP($B$10:$B$55,'SO MS'!$B$6:$AS$47,9,TRUE) -> 3500 | W18: ='Summary sales'!I14 -> 4027.44 | X18: =W18-V18 -> 527.44 | Y18: =VLOOKUP($B$10:$B$55,'SO MS'!$B$6:$AS$47,10,TRUE) -> 0 | Z18: ='Summary sales'!K14 -> 0 | AA18: =Z18-Y18 -> 0 | AB18: =VLOOKUP($B$10:$B$55,'SO MS'!$B$6:$AS$47,11,TRUE) -> 0 | AD18: =AC18-AB18 -> 0 | AE18: ='Daily Sales'!D13 -> 179511.43 | AF18: ='Daily Sales'!E13 -> 208891.98 | AG18: =AF18-AE18 -> 29380.542 | AH18: 0 | AI18: 0 | AJ18: =AI18-AH18 -> 0 | AK18: =VLOOKUP($B$10:$B$52,'Daily Sales'!$B$5:$F$44,3,TRUE) -> 179511.43 | AL18: =VLOOKUP($B$10:$B$52,'Daily Sales'!$B$5:$F$44,4,TRUE) -> 208891.98 | AM18: =AL18-AK18 -> 29380.542
B19: =B18+1 -> 46120 | C19: =TEXT(B19,"ddd") -> Rab | D19: =SUMIF($G$9:$AD$9,$D$9,G19:AD19) -> 140700 | E19: =SUMIF($G$9:$AD$9,$E$9,G19:AD19) -> 178774.71 | F19: =E19-D19 -> 38074.71 | G19: =VLOOKUP($B$10:$B$55,'SO MS'!$B$6:$L$47,4,TRUE) -> 84000 | H19: ='Summary sales'!D15 -> 102703.51 | I19: =H19-G19 -> 18703.51 | J19: =VLOOKUP($B$10:$B$55,'SO MS'!$B$6:$L$47,5,TRUE) -> 33600 | K19: ='Summary sales'!E15 -> 49471.31 | L19: =K19-J19 -> 15871.31 | M19: =VLOOKUP($B$10:$B$55,'SO MS'!$B$6:$L$47,6,TRUE) -> 9600 | N19: ='Summary sales'!F15 -> 17319.8 | O19: =N19-M19 -> 7719.8 | P19: =VLOOKUP($B$10:$B$55,'SO MS'!$B$6:$AS$47,7,TRUE) -> 10000 | Q19: ='Summary sales'!G15 -> 5278.75 | R19: =Q19-P19 -> -4721.25 | S19: =VLOOKUP($B$10:$B$55,'SO MS'!$B$6:$AS$47,8,TRUE) -> 0 | T19: ='Summary sales'!H15 -> 0 | U19: =T19-S19 -> 0 | V19: =VLOOKUP($B$10:$B$55,'SO MS'!$B$6:$AS$47,9,TRUE) -> 3500 | W19: ='Summary sales'!I15 -> 4001.34 | X19: =W19-V19 -> 501.34 | Y19: =VLOOKUP($B$10:$B$55,'SO MS'!$B$6:$AS$47,10,TRUE) -> 0 | Z19: ='Summary sales'!K15 -> 0 | AA19: =Z19-Y19 -> 0 | AB19: =VLOOKUP($B$10:$B$55,'SO MS'!$B$6:$AS$47,11,TRUE) -> 0 | AD19: =AC19-AB19 -> 0 | AE19: ='Daily Sales'!D14 -> 179511.43 | AF19: ='Daily Sales'!E14 -> 191488.96 | AG19: =AF19-AE19 -> 11977.525 | AH19: 0 | AI19: 0 | AJ19: =AI19-AH19 -> 0 | AK19: =VLOOKUP($B$10:$B$52,'Daily Sales'!$B$5:$F$44,3,TRUE) -> 179511.43 | AL19: =VLOOKUP($B$10:$B$52,'Daily Sales'!$B$5:$F$44,4,TRUE) -> 191488.96 | AM19: =AL19-AK19 -> 11977.525
B20: =B19+1 -> 46121 | C20: =TEXT(B20,"ddd") -> Kam | D20: =SUMIF($G$9:$AD$9,$D$9,G20:AD20) -> 140700 | E20: =SUMIF($G$9:$AD$9,$E$9,G20:AD20) -> 158600.25 | F20: =E20-D20 -> 17900.25 | G20: =VLOOKUP($B$10:$B$55,'SO MS'!$B$6:$L$47,4,TRUE) -> 84000 | H20: ='Summary sales'!D16 -> 97551.65 | I20: =H20-G20 -> 13551.65 | J20: =VLOOKUP($B$10:$B$55,'SO MS'!$B$6:$L$47,5,TRUE) -> 33600 | K20: ='Summary sales'!E16 -> 42173.36 | L20: =K20-J20 -> 8573.36 | M20: =VLOOKUP($B$10:$B$55,'SO MS'!$B$6:$L$47,6,TRUE) -> 9600 | N20: ='Summary sales'!F16 -> 13291.76 | O20: =N20-M20 -> 3691.76 | P20: =VLOOKUP($B$10:$B$55,'SO MS'!$B$6:$AS$47,7,TRUE) -> 10000 | Q20: ='Summary sales'!G16 -> 5583.48 | R20: =Q20-P20 -> -4416.52 | S20: =VLOOKUP($B$10:$B$55,'SO MS'!$B$6:$AS$47,8,TRUE) -> 0 | T20: ='Summary sales'!H16 -> 0 | U20: =T20-S20 -> 0 | V20: =VLOOKUP($B$10:$B$55,'SO MS'!$B$6:$AS$47,9,TRUE) -> 3500 | W20: ='Summary sales'!I16 -> 0 | X20: =W20-V20 -> -3500 | Y20: =VLOOKUP($B$10:$B$55,'SO MS'!$B$6:$AS$47,10,TRUE) -> 0 | Z20: ='Summary sales'!K16 -> 0 | AA20: =Z20-Y20 -> 0 | AB20: =VLOOKUP($B$10:$B$55,'SO MS'!$B$6:$AS$47,11,TRUE) -> 0 | AD20: =AC20-AB20 -> 0 | AE20: ='Daily Sales'!D15 -> 177511.43 | AF20: ='Daily Sales'!E15 -> 187453.08 | AG20: =AF20-AE20 -> 9941.6484 | AH20: 0 | AI20: 0 | AJ20: =AI20-AH20 -> 0 | AK20: =VLOOKUP($B$10:$B$52,'Daily Sales'!$B$5:$F$44,3,TRUE) -> 177511.43 | AL20: =VLOOKUP($B$10:$B$52,'Daily Sales'!$B$5:$F$44,4,TRUE) -> 187453.08 | AM20: =AL20-AK20 -> 9941.6484
B21: =B20+1 -> 46122 | C21: =TEXT(B21,"ddd") -> Jum | D21: =SUMIF($G$9:$AD$9,$D$9,G21:AD21) -> 140700 | E21: =SUMIF($G$9:$AD$9,$E$9,G21:AD21) -> 172199.84 | F21: =E21-D21 -> 31499.84 | G21: =VLOOKUP($B$10:$B$55,'SO MS'!$B$6:$L$47,4,TRUE) -> 84000 | H21: ='Summary sales'!D17 -> 97398.1 | I21: =H21-G21 -> 13398.1 | J21: =VLOOKUP($B$10:$B$55,'SO MS'!$B$6:$L$47,5,TRUE) -> 33600 | K21: ='Summary sales'!E17 -> 42410.79 | L21: =K21-J21 -> 8810.79 | M21: =VLOOKUP($B$10:$B$55,'SO MS'!$B$6:$L$47,6,TRUE) -> 9600 | N21: ='Summary sales'!F17 -> 23124 | O21: =N21-M21 -> 13524 | P21: =VLOOKUP($B$10:$B$55,'SO MS'!$B$6:$AS$47,7,TRUE) -> 10000 | Q21: ='Summary sales'!G17 -> 5126.19 | R21: =Q21-P21 -> -4873.81 | S21: =VLOOKUP($B$10:$B$55,'SO MS'!$B$6:$AS$47,8,TRUE) -> 0 | T21: ='Summary sales'!H17 -> 0 | U21: =T21-S21 -> 0 | V21: =VLOOKUP($B$10:$B$55,'SO MS'!$B$6:$AS$47,9,TRUE) -> 3500 | W21: ='Summary sales'!I17 -> 4140.76 | X21: =W21-V21 -> 640.76 | Y21: =VLOOKUP($B$10:$B$55,'SO MS'!$B$6:$AS$47,10,TRUE) -> 0 | Z21: ='Summary sales'!K17 -> 0 | AA21: =Z21-Y21 -> 0 | AB21: =VLOOKUP($B$10:$B$55,'SO MS'!$B$6:$AS$47,11,TRUE) -> 0 | AD21: =AC21-AB21 -> 0 | AE21: ='Daily Sales'!D16 -> 177511.43 | AF21: ='Daily Sales'!E16 -> 175434.17 | AG21: =AF21-AE21 -> -2077.2626 | AH21: 0 | AI21: 0 | AJ21: =AI21-AH21 -> 0 | AK21: =VLOOKUP($B$10:$B$52,'Daily Sales'!$B$5:$F$44,3,TRUE) -> 177511.43 | AL21: =VLOOKUP($B$10:$B$52,'Daily Sales'!$B$5:$F$44,4,TRUE) -> 175434.17 | AM21: =AL21-AK21 -> -2077.2626
B22: =B21+1 -> 46123 | C22: =TEXT(B22,"ddd") -> Sab | D22: =SUMIF($G$9:$AD$9,$D$9,G22:AD22) -> 140700 | E22: =SUMIF($G$9:$AD$9,$E$9,G22:AD22) -> 182688.18 | F22: =E22-D22 -> 41988.18 | G22: =VLOOKUP($B$10:$B$55,'SO MS'!$B$6:$L$47,4,TRUE) -> 84000 | H22: ='Summary sales'!D18 -> 100310.68 | I22: =H22-G22 -> 16310.68 | J22: =VLOOKUP($B$10:$B$55,'SO MS'!$B$6:$L$47,5,TRUE) -> 33600 | K22: ='Summary sales'!E18 -> 50442.79 | L22: =K22-J22 -> 16842.79 | M22: =VLOOKUP($B$10:$B$55,'SO MS'!$B$6:$L$47,6,TRUE) -> 9600 | N22: ='Summary sales'!F18 -> 22294.95 | O22: =N22-M22 -> 12694.95 | P22: =VLOOKUP($B$10:$B$55,'SO MS'!$B$6:$AS$47,7,TRUE) -> 10000 | Q22: ='Summary sales'!G18 -> 5385.79 | R22: =Q22-P22 -> -4614.21 | S22: =VLOOKUP($B$10:$B$55,'SO MS'!$B$6:$AS$47,8,TRUE) -> 0 | T22: ='Summary sales'!H18 -> 0 | U22: =T22-S22 -> 0 | V22: =VLOOKUP($B$10:$B$55,'SO MS'!$B$6:$AS$47,9,TRUE) -> 3500 | W22: ='Summary sales'!I18 -> 4253.97 | X22: =W22-V22 -> 753.97 | Y22: =VLOOKUP($B$10:$B$55,'SO MS'!$B$6:$AS$47,10,TRUE) -> 0 | Z22: ='Summary sales'!K18 -> 0 | AA22: =Z22-Y22 -> 0 | AB22: =VLOOKUP($B$10:$B$55,'SO MS'!$B$6:$AS$47,11,TRUE) -> 0 | AD22: =AC22-AB22 -> 0 | AE22: ='Daily Sales'!D17 -> 172545.56 | AF22: ='Daily Sales'!E17 -> 151865.66 | AG22: =AF22-AE22 -> -20679.899 | AH22: 0 | AI22: 0 | AJ22: =AI22-AH22 -> 0 | AK22: =VLOOKUP($B$10:$B$52,'Daily Sales'!$B$5:$F$44,3,TRUE) -> 172545.56 | AL22: =VLOOKUP($B$10:$B$52,'Daily Sales'!$B$5:$F$44,4,TRUE) -> 151865.66 | AM22: =AL22-AK22 -> -20679.899
B23: =B22+1 -> 46124 | C23: =TEXT(B23,"ddd") -> Mgg | D23: =SUMIF($G$9:$AD$9,$D$9,G23:AD23) -> 140700 | E23: =SUMIF($G$9:$AD$9,$E$9,G23:AD23) -> 167571.22 | F23: =E23-D23 -> 26871.22 | G23: =VLOOKUP($B$10:$B$55,'SO MS'!$B$6:$L$47,4,TRUE) -> 84000 | H23: ='Summary sales'!D19 -> 99786.09 | I23: =H23-G23 -> 15786.09 | J23: =VLOOKUP($B$10:$B$55,'SO MS'!$B$6:$L$47,5,TRUE) -> 33600 | K23: ='Summary sales'!E19 -> 37464.35 | L23: =K23-J23 -> 3864.35 | M23: =VLOOKUP($B$10:$B$55,'SO MS'!$B$6:$L$47,6,TRUE) -> 9600 | N23: ='Summary sales'!F19 -> 21534 | O23: =N23-M23 -> 11934 | P23: =VLOOKUP($B$10:$B$55,'SO MS'!$B$6:$AS$47,7,TRUE) -> 10000 | Q23: ='Summary sales'!G19 -> 4201.42 | R23: =Q23-P23 -> -5798.58 | S23: =VLOOKUP($B$10:$B$55,'SO MS'!$B$6:$AS$47,8,TRUE) -> 0 | T23: ='Summary sales'!H19 -> 0 | U23: =T23-S23 -> 0 | V23: =VLOOKUP($B$10:$B$55,'SO MS'!$B$6:$AS$47,9,TRUE) -> 3500 | W23: ='Summary sales'!I19 -> 4585.36 | X23: =W23-V23 -> 1085.36 | Y23: =VLOOKUP($B$10:$B$55,'SO MS'!$B$6:$AS$47,10,TRUE) -> 0 | Z23: ='Summary sales'!K19 -> 0 | AA23: =Z23-Y23 -> 0 | AB23: =VLOOKUP($B$10:$B$55,'SO MS'!$B$6:$AS$47,11,TRUE) -> 0 | AD23: =AC23-AB23 -> 0 | AE23: ='Daily Sales'!D18 -> 162152.01 | AF23: ='Daily Sales'!E18 -> 135762.97 | AG23: =AF23-AE23 -> -26389.043 | AH23: 0 | AI23: 0 | AJ23: =AI23-AH23 -> 0 | AK23: =VLOOKUP($B$10:$B$52,'Daily Sales'!$B$5:$F$44,3,TRUE) -> 162152.01 | AL23: =VLOOKUP($B$10:$B$52,'Daily Sales'!$B$5:$F$44,4,TRUE) -> 135762.97 | AM23: =AL23-AK23 -> -26389.043
B24: Sub Total | D24: =SUM(D17:D23) -> 984900 | E24: =SUM(E17:E23) -> 1227877.2 | F24: =SUM(F17:F23) -> 242977.21 | G24: =SUM(G17:G23) -> 588000 | H24: =SUM(H17:H23) -> 709481.94 | I24: =SUM(I17:I23) -> 121481.94 | J24: =SUM(J17:J23) -> 235200 | K24: =SUM(K17:K23) -> 316938.21 | ... AM24: =SUM(AM17:AM23) -> 39103.392
A26: =WEEKNUM(B26) -> 16 | B26: =B23+1 -> 46125 | C26: =TEXT(B26,"ddd") -> Sen | D26: =SUMIF($G$9:$AD$9,$D$9,G26:AD26) -> 140700 | E26: =SUMIF($G$9:$AD$9,$E$9,G26:AD26) -> 167980.79 | F26: =E26-D26 -> 27280.79 | G26: =VLOOKUP($B$10:$B$55,'SO MS'!$B$6:$L$47,4,TRUE) -> 84000 | H26: ='Summary sales'!D20 -> 96651.08 | I26: =H26-G26 -> 12651.08 | J26: =VLOOKUP($B$10:$B$55,'SO MS'!$B$6:$L$47,5,TRUE) -> 33600 | K26: ='Summary sales'!E20 -> 39592.39 | L26: =K26-J26 -> 5992.39 | M26: =VLOOKUP($B$10:$B$55,'SO MS'!$B$6:$L$47,6,TRUE) -> 9600 | N26: ='Summary sales'!F20 -> 21876.28 | O26: =N26-M26 -> 12276.28 | P26: =VLOOKUP($B$10:$B$55,'SO MS'!$B$6:$AS$47,7,TRUE) -> 10000 | Q26: ='Summary sales'!G20 -> 5515.69 | R26: =Q26-P26 -> -4484.31 | S26: =VLOOKUP($B$10:$B$55,'SO MS'!$B$6:$AS$47,8,TRUE) -> 0 | T26: ='Summary sales'!H20 -> 0 | U26: =T26-S26 -> 0 | V26: =VLOOKUP($B$10:$B$55,'SO MS'!$B$6:$AS$47,9,TRUE) -> 3500 | W26: ='Summary sales'!I20 -> 4345.35 | X26: =W26-V26 -> 845.35 | Y26: =VLOOKUP($B$10:$B$55,'SO MS'!$B$6:$AS$47,10,TRUE) -> 0 | Z26: ='Summary sales'!K20 -> 0 | AA26: =Z26-Y26 -> 0 | AB26: =VLOOKUP($B$10:$B$55,'SO MS'!$B$6:$AS$47,11,TRUE) -> 0 | AD26: =AC26-AB26 -> 0 | AE26: ='Daily Sales'!D21 -> 175637.11 | AF26: ='Daily Sales'!E21 -> 191764.52 | AG26: =AF26-AE26 -> 16127.414 | AH26: 0 | AI26: 0 | AJ26: =AI26-AH26 -> 0 | AK26: =VLOOKUP($B$10:$B$52,'Daily Sales'!$B$5:$F$44,3,TRUE) -> 175637.11 | AL26: =VLOOKUP($B$10:$B$52,'Daily Sales'!$B$5:$F$44,4,TRUE) -> 191764.52 | AM26: =AL26-AK26 -> 16127.414
B27: =B26+1 -> 46126 | C27: =TEXT(B27,"ddd") -> Sel | D27: =SUMIF($G$9:$AD$9,$D$9,G27:AD27) -> 140700 | E27: =SUMIF($G$9:$AD$9,$E$9,G27:AD27) -> 167939.92 | F27: =E27-D27 -> 27239.92 | G27: =VLOOKUP($B$10:$B$55,'SO MS'!$B$6:$L$47,4,TRUE) -> 84000 | H27: ='Summary sales'!D21 -> 103628.61 | I27: =H27-G27 -> 19628.61 | J27: =VLOOKUP($B$10:$B$55,'SO MS'!$B$6:$L$47,5,TRUE) -> 33600 | K27: ='Summary sales'!E21 -> 43687.96 | L27: =K27-J27 -> 10087.96 | M27: =VLOOKUP($B$10:$B$55,'SO MS'!$B$6:$L$47,6,TRUE) -> 9600 | N27: ='Summary sales'!F21 -> 16442.93 | O27: =N27-M27 -> 6842.93 | P27: =VLOOKUP($B$10:$B$55,'SO MS'!$B$6:$AS$47,7,TRUE) -> 10000 | Q27: ='Summary sales'!G21 -> 0 | R27: =Q27-P27 -> -10000 | S27: =VLOOKUP($B$10:$B$55,'SO MS'!$B$6:$AS$47,8,TRUE) -> 0 | T27: ='Summary sales'!H21 -> 0 | U27: =T27-S27 -> 0 | V27: =VLOOKUP($B$10:$B$55,'SO MS'!$B$6:$AS$47,9,TRUE) -> 3500 | W27: ='Summary sales'!I21 -> 4180.42 | X27: =W27-V27 -> 680.42 | Y27: =VLOOKUP($B$10:$B$55,'SO MS'!$B$6:$AS$47,10,TRUE) -> 0 | Z27: ='Summary sales'!K21 -> 0 | AA27: =Z27-Y27 -> 0 | AB27: =VLOOKUP($B$10:$B$55,'SO MS'!$B$6:$AS$47,11,TRUE) -> 0 | AD27: =AC27-AB27 -> 0 | AE27: ='Daily Sales'!D22 -> 175637.11 | AF27: ='Daily Sales'!E22 -> 199488.18 | AG27: =AF27-AE27 -> 23851.068 | AH27: 0 | AI27: 0 | AJ27: =AI27-AH27 -> 0 | AK27: =VLOOKUP($B$10:$B$52,'Daily Sales'!$B$5:$F$44,3,TRUE) -> 175637.11 | AL27: =VLOOKUP($B$10:$B$52,'Daily Sales'!$B$5:$F$44,4,TRUE) -> 199488.18 | AM27: =AL27-AK27 -> 23851.068
B28: =B27+1 -> 46127 | C28: =TEXT(B28,"ddd") -> Rab | D28: =SUMIF($G$9:$AD$9,$D$9,G28:AD28) -> 140700 | E28: =SUMIF($G$9:$AD$9,$E$9,G28:AD28) -> 185941.44 | F28: =E28-D28 -> 45241.44 | G28: =VLOOKUP($B$10:$B$55,'SO MS'!$B$6:$L$47,4,TRUE) -> 84000 | H28: ='Summary sales'!D22 -> 108635.65 | I28: =H28-G28 -> 24635.65 | J28: =VLOOKUP($B$10:$B$55,'SO MS'!$B$6:$L$47,5,TRUE) -> 33600 | K28: ='Summary sales'!E22 -> 51750.7 | L28: =K28-J28 -> 18150.7 | M28: =VLOOKUP($B$10:$B$55,'SO MS'!$B$6:$L$47,6,TRUE) -> 9600 | N28: ='Summary sales'!F22 -> 16865.67 | O28: =N28-M28 -> 7265.67 | P28: =VLOOKUP($B$10:$B$55,'SO MS'!$B$6:$AS$47,7,TRUE) -> 10000 | Q28: ='Summary sales'!G22 -> 4818.12 | R28: =Q28-P28 -> -5181.88 | S28: =VLOOKUP($B$10:$B$55,'SO MS'!$B$6:$AS$47,8,TRUE) -> 0 | T28: ='Summary sales'!H22 -> 0 | U28: =T28-S28 -> 0 | V28: =VLOOKUP($B$10:$B$55,'SO MS'!$B$6:$AS$47,9,TRUE) -> 3500 | W28: ='Summary sales'!I22 -> 3871.3 | X28: =W28-V28 -> 371.3 | Y28: =VLOOKUP($B$10:$B$55,'SO MS'!$B$6:$AS$47,10,TRUE) -> 0 | Z28: ='Summary sales'!K22 -> 0 | AA28: =Z28-Y28 -> 0 | AB28: =VLOOKUP($B$10:$B$55,'SO MS'!$B$6:$AS$47,11,TRUE) -> 0 | AD28: =AC28-AB28 -> 0 | AE28: ='Daily Sales'!D23 -> 177037.05 | AF28: ='Daily Sales'!E23 -> 210624.5 | AG28: =AF28-AE28 -> 33587.458 | AH28: 0 | AI28: 0 | AJ28: =AI28-AH28 -> 0 | AK28: =VLOOKUP($B$10:$B$52,'Daily Sales'!$B$5:$F$44,3,TRUE) -> 177037.05 | AL28: =VLOOKUP($B$10:$B$52,'Daily Sales'!$B$5:$F$44,4,TRUE) -> 210624.5 | AM28: =AL28-AK28 -> 33587.458
B29: =B28+1 -> 46128 | C29: =TEXT(B29,"ddd") -> Kam | D29: =SUMIF($G$9:$AD$9,$D$9,G29:AD29) -> 140700 | E29: =SUMIF($G$9:$AD$9,$E$9,G29:AD29) -> 178775.07 | F29: =E29-D29 -> 38075.07 | G29: =VLOOKUP($B$10:$B$55,'SO MS'!$B$6:$L$47,4,TRUE) -> 84000 | H29: ='Summary sales'!D23 -> 104676.46 | I29: =H29-G29 -> 20676.46 | J29: =VLOOKUP($B$10:$B$55,'SO MS'!$B$6:$L$47,5,TRUE) -> 33600 | K29: ='Summary sales'!E23 -> 43682.68 | L29: =K29-J29 -> 10082.68 | M29: =VLOOKUP($B$10:$B$55,'SO MS'!$B$6:$L$47,6,TRUE) -> 9600 | N29: ='Summary sales'!F23 -> 20901.12 | O29: =N29-M29 -> 11301.12 | P29: =VLOOKUP($B$10:$B$55,'SO MS'!$B$6:$AS$47,7,TRUE) -> 10000 | Q29: ='Summary sales'!G23 -> 5197.6 | R29: =Q29-P29 -> -4802.4 | S29: =VLOOKUP($B$10:$B$55,'SO MS'!$B$6:$AS$47,8,TRUE) -> 0 | T29: ='Summary sales'!H23 -> 0 | U29: =T29-S29 -> 0 | V29: =VLOOKUP($B$10:$B$55,'SO MS'!$B$6:$AS$47,9,TRUE) -> 3500 | W29: ='Summary sales'!I23 -> 4317.21 | X29: =W29-V29 -> 817.21 | Y29: =VLOOKUP($B$10:$B$55,'SO MS'!$B$6:$AS$47,10,TRUE) -> 0 | Z29: ='Summary sales'!K23 -> 0 | AA29: =Z29-Y29 -> 0 | AB29: =VLOOKUP($B$10:$B$55,'SO MS'!$B$6:$AS$47,11,TRUE) -> 0 | AD29: =AC29-AB29 -> 0 | AE29: ='Daily Sales'!D24 -> 174037.05 | AF29: ='Daily Sales'!E24 -> 203876.52 | AG29: =AF29-AE29 -> 29839.473 | AH29: 0 | AI29: 0 | AJ29: =AI29-AH29 -> 0 | AK29: =VLOOKUP($B$10:$B$52,'Daily Sales'!$B$5:$F$44,3,TRUE) -> 174037.05 | AL29: =VLOOKUP($B$10:$B$52,'Daily Sales'!$B$5:$F$44,4,TRUE) -> 203876.52 | AM29: =AL29-AK29 -> 29839.473
B30: =B29+1 -> 46129 | C30: =TEXT(B30,"ddd") -> Jum | D30: =SUMIF($G$9:$AD$9,$D$9,G30:AD30) -> 140700 | E30: =SUMIF($G$9:$AD$9,$E$9,G30:AD30) -> 182892.04 | F30: =E30-D30 -> 42192.04 | G30: =VLOOKUP($B$10:$B$55,'SO MS'!$B$6:$L$47,4,TRUE) -> 84000 | H30: ='Summary sales'!D24 -> 103424.7 | I30: =H30-G30 -> 19424.7 | J30: =VLOOKUP($B$10:$B$55,'SO MS'!$B$6:$L$47,5,TRUE) -> 33600 | K30: ='Summary sales'!E24 -> 45057.78 | L30: =K30-J30 -> 11457.78 | M30: =VLOOKUP($B$10:$B$55,'SO MS'!$B$6:$L$47,6,TRUE) -> 9600 | N30: ='Summary sales'!F24 -> 15669.73 | O30: =N30-M30 -> 6069.73 | P30: =VLOOKUP($B$10:$B$55,'SO MS'!$B$6:$AS$47,7,TRUE) -> 10000 | Q30: ='Summary sales'!G24 -> 8154.8 | R30: =Q30-P30 -> -1845.2 | S30: =VLOOKUP($B$10:$B$55,'SO MS'!$B$6:$AS$47,8,TRUE) -> 0 | T30: ='Summary sales'!H24 -> 0 | U30: =T30-S30 -> 0 | V30: =VLOOKUP($B$10:$B$55,'SO MS'!$B$6:$AS$47,9,TRUE) -> 3500 | W30: ='Summary sales'!I24 -> 4114.57 | X30: =W30-V30 -> 614.57 | Y30: =VLOOKUP($B$10:$B$55,'SO MS'!$B$6:$AS$47,10,TRUE) -> 0 | Z30: ='Summary sales'!K24 -> 6470.46 | AA30: =Z30-Y30 -> 6470.46 | AB30: =VLOOKUP($B$10:$B$55,'SO MS'!$B$6:$AS$47,11,TRUE) -> 0 | AD30: =AC30-AB30 -> 0 | AE30: ='Daily Sales'!D25 -> 174037.05 | AF30: ='Daily Sales'!E25 -> 169586.16 | AG30: =AF30-AE30 -> -4450.8839 | AH30: 0 | AI30: 0 | AJ30: =AI30-AH30 -> 0 | AK30: =VLOOKUP($B$10:$B$52,'Daily Sales'!$B$5:$F$44,3,TRUE) -> 174037.05 | AL30: =VLOOKUP($B$10:$B$52,'Daily Sales'!$B$5:$F$44,4,TRUE) -> 169586.16 | AM30: =AL30-AK30 -> -4450.8839
B31: =B30+1 -> 46130 | C31: =TEXT(B31,"ddd") -> Sab | D31: =SUMIF($G$9:$AD$9,$D$9,G31:AD31) -> 140700 | E31: =SUMIF($G$9:$AD$9,$E$9,G31:AD31) -> 165434.39 | F31: =E31-D31 -> 24734.39 | G31: =VLOOKUP($B$10:$B$55,'SO MS'!$B$6:$L$47,4,TRUE) -> 84000 | H31: ='Summary sales'!D25 -> 95235.31 | I31: =H31-G31 -> 11235.31 | J31: =VLOOKUP($B$10:$B$55,'SO MS'!$B$6:$L$47,5,TRUE) -> 33600 | K31: ='Summary sales'!E25 -> 43895.5 | L31: =K31-J31 -> 10295.5 | M31: =VLOOKUP($B$10:$B$55,'SO MS'!$B$6:$L$47,6,TRUE) -> 9600 | N31: ='Summary sales'!F25 -> 16164.65 | O31: =N31-M31 -> 6564.65 | P31: =VLOOKUP($B$10:$B$55,'SO MS'!$B$6:$AS$47,7,TRUE) -> 10000 | Q31: ='Summary sales'!G25 -> 5137.93 | R31: =Q31-P31 -> -4862.07 | S31: =VLOOKUP($B$10:$B$55,'SO MS'!$B$6:$AS$47,8,TRUE) -> 0 | T31: ='Summary sales'!H25 -> 0 | U31: =T31-S31 -> 0 | V31: =VLOOKUP($B$10:$B$55,'SO MS'!$B$6:$AS$47,9,TRUE) -> 3500 | W31: ='Summary sales'!I25 -> 0 | X31: =W31-V31 -> -3500 | Y31: =VLOOKUP($B$10:$B$55,'SO MS'!$B$6:$AS$47,10,TRUE) -> 0 | Z31: ='Summary sales'!K25 -> 5001 | AA31: =Z31-Y31 -> 5001 | AB31: =VLOOKUP($B$10:$B$55,'SO MS'!$B$6:$AS$47,11,TRUE) -> 0 | AD31: =AC31-AB31 -> 0 | AE31: ='Daily Sales'!D26 -> 160321.17 | AF31: ='Daily Sales'!E26 -> 161299.31 | AG31: =AF31-AE31 -> 978.13887 | AH31: 0 | AI31: 0 | AJ31: =AI31-AH31 -> 0 | AK31: =VLOOKUP($B$10:$B$52,'Daily Sales'!$B$5:$F$44,3,TRUE) -> 160321.17 | AL31: =VLOOKUP($B$10:$B$52,'Daily Sales'!$B$5:$F$44,4,TRUE) -> 161299.31 | AM31: =AL31-AK31 -> 978.13887
B32: =B31+1 -> 46131 | C32: =TEXT(B32,"ddd") -> Mgg | D32: =SUMIF($G$9:$AD$9,$D$9,G32:AD32) -> 140700 | E32: =SUMIF($G$9:$AD$9,$E$9,G32:AD32) -> 181812.62 | F32: =E32-D32 -> 41112.62 | G32: =VLOOKUP($B$10:$B$55,'SO MS'!$B$6:$L$47,4,TRUE) -> 84000 | H32: ='Summary sales'!D26 -> 98590.65 | I32: =H32-G32 -> 14590.65 | J32: =VLOOKUP($B$10:$B$55,'SO MS'!$B$6:$L$47,5,TRUE) -> 33600 | K32: ='Summary sales'!E26 -> 48717.44 | L32: =K32-J32 -> 15117.44 | M32: =VLOOKUP($B$10:$B$55,'SO MS'!$B$6:$L$47,6,TRUE) -> 9600 | N32: ='Summary sales'!F26 -> 22980.89 | O32: =N32-M32 -> 13380.89 | P32: =VLOOKUP($B$10:$B$55,'SO MS'!$B$6:$AS$47,7,TRUE) -> 10000 | Q32: ='Summary sales'!G26 -> 3184.95 | R32: =Q32-P32 -> -6815.05 | S32: =VLOOKUP($B$10:$B$55,'SO MS'!$B$6:$AS$47,8,TRUE) -> 0 | T32: ='Summary sales'!H26 -> 0 | U32: =T32-S32 -> 0 | V32: =VLOOKUP($B$10:$B$55,'SO MS'!$B$6:$AS$47,9,TRUE) -> 3500 | W32: ='Summary sales'!I26 -> 8338.69 | X32: =W32-V32 -> 4838.69 | Y32: =VLOOKUP($B$10:$B$55,'SO MS'!$B$6:$AS$47,10,TRUE) -> 0 | Z32: ='Summary sales'!K26 -> 0 | AA32: =Z32-Y32 -> 0 | AB32: =VLOOKUP($B$10:$B$55,'SO MS'!$B$6:$AS$47,11,TRUE) -> 0 | AD32: =AC32-AB32 -> 0 | AE32: ='Daily Sales'!D27 -> 145501.95 | AF32: ='Daily Sales'!E27 -> 137344.38 | AG32: =AF32-AE32 -> -8157.5701 | AH32: 0 | AI32: 0 | AJ32: =AI32-AH32 -> 0 | AK32: =VLOOKUP($B$10:$B$52,'Daily Sales'!$B$5:$F$44,3,TRUE) -> 145501.95 | AL32: =VLOOKUP($B$10:$B$52,'Daily Sales'!$B$5:$F$44,4,TRUE) -> 137344.38 | AM32: =AL32-AK32 -> -8157.5701
B33: Sub Total | D33: =SUM(D26:D32) -> 984900 | E33: =SUM(E26:E32) -> 1230776.3 | F33: =SUM(F26:F32) -> 245876.27 | G33: =SUM(G26:G32) -> 588000 | H33: =SUM(H26:H32) -> 710842.46 | I33: =SUM(I26:I32) -> 122842.46 | J33: =SUM(J26:J32) -> 235200 | K33: =SUM(K26:K32) -> 316384.45 | ... AM33: =SUM(AM26:AM32) -> 91775.098
A35: =WEEKNUM(B35) -> 17 | B35: =B32+1 -> 46132 | C35: =TEXT(B35,"ddd") -> Sen | D35: =SUMIF($G$9:$AD$9,$D$9,G35:AD35) -> 140700 | E35: =SUMIF($G$9:$AD$9,$E$9,G35:AD35) -> 163881.25 | F35: =E35-D35 -> 23181.25 | G35: =VLOOKUP($B$10:$B$55,'SO MS'!$B$6:$L$47,4,TRUE) -> 84000 | H35: ='Summary sales'!D27 -> 96022.17 | I35: =H35-G35 -> 12022.17 | J35: =VLOOKUP($B$10:$B$55,'SO MS'!$B$6:$L$47,5,TRUE) -> 33600 | K35: ='Summary sales'!E27 -> 48806.15 | L35: =K35-J35 -> 15206.15 | M35: =VLOOKUP($B$10:$B$55,'SO MS'!$B$6:$L$47,6,TRUE) -> 9600 | N35: ='Summary sales'!F27 -> 11612.66 | O35: =N35-M35 -> 2012.66 | P35: =VLOOKUP($B$10:$B$55,'SO MS'!$B$6:$AS$47,7,TRUE) -> 10000 | Q35: ='Summary sales'!G27 -> 7440.27 | R35: =Q35-P35 -> -2559.73 | S35: =VLOOKUP($B$10:$B$55,'SO MS'!$B$6:$AS$47,8,TRUE) -> 0 | T35: ='Summary sales'!H27 -> 0 | U35: =T35-S35 -> 0 | V35: =VLOOKUP($B$10:$B$55,'SO MS'!$B$6:$AS$47,9,TRUE) -> 3500 | W35: ='Summary sales'!I27 -> 0 | X35: =W35-V35 -> -3500 | Y35: =VLOOKUP($B$10:$B$55,'SO MS'!$B$6:$AS$47,10,TRUE) -> 0 | Z35: ='Summary sales'!K27 -> 0 | AA35: =Z35-Y35 -> 0 | AB35: =VLOOKUP($B$10:$B$55,'SO MS'!$B$6:$AS$47,11,TRUE) -> 0 | AD35: =AC35-AB35 -> 0 | AE35: ='Daily Sales'!D30 -> 174037.05 | AF35: ='Daily Sales'!E30 -> 193773.97 | AG35: =AF35-AE35 -> 19736.926 | AH35: 0 | AI35: 0 | AJ35: =AI35-AH35 -> 0 | AK35: =VLOOKUP($B$10:$B$52,'Daily Sales'!$B$5:$F$44,3,TRUE) -> 174037.05 | AL35: =VLOOKUP($B$10:$B$52,'Daily Sales'!$B$5:$F$44,4,TRUE) -> 193773.97 | AM35: =AL35-AK35 -> 19736.926
B36: =B35+1 -> 46133 | C36: =TEXT(B36,"ddd") -> Sel | D36: =SUMIF($G$9:$AD$9,$D$9,G36:AD36) -> 140700 | E36: =SUMIF($G$9:$AD$9,$E$9,G36:AD36) -> 161806.99 | F36: =E36-D36 -> 21106.99 | G36: =VLOOKUP($B$10:$B$55,'SO MS'!$B$6:$L$47,4,TRUE) -> 84000 | H36: ='Summary sales'!D28 -> 94311.94 | I36: =H36-G36 -> 10311.94 | J36: =VLOOKUP($B$10:$B$55,'SO MS'!$B$6:$L$47,5,TRUE) -> 33600 | K36: ='Summary sales'!E28 -> 44816.9 | L36: =K36-J36 -> 11216.9 | M36: =VLOOKUP($B$10:$B$55,'SO MS'!$B$6:$L$47,6,TRUE) -> 9600 | N36: ='Summary sales'!F28 -> 13492.35 | O36: =N36-M36 -> 3892.35 | P36: =VLOOKUP($B$10:$B$55,'SO MS'!$B$6:$AS$47,7,TRUE) -> 10000 | Q36: ='Summary sales'!G28 -> 9185.8 | R36: =Q36-P36 -> -814.2 | S36: =VLOOKUP($B$10:$B$55,'SO MS'!$B$6:$AS$47,8,TRUE) -> 0 | T36: ='Summary sales'!H28 -> 0 | U36: =T36-S36 -> 0 | V36: =VLOOKUP($B$10:$B$55,'SO MS'!$B$6:$AS$47,9,TRUE) -> 3500 | W36: ='Summary sales'!I28 -> 0 | X36: =W36-V36 -> -3500 | Y36: =VLOOKUP($B$10:$B$55,'SO MS'!$B$6:$AS$47,10,TRUE) -> 0 | Z36: ='Summary sales'!K28 -> 0 | AA36: =Z36-Y36 -> 0 | AB36: =VLOOKUP($B$10:$B$55,'SO MS'!$B$6:$AS$47,11,TRUE) -> 0 | AD36: =AC36-AB36 -> 0 | AE36: ='Daily Sales'!D31 -> 174037.05 | AF36: ='Daily Sales'!E31 -> 202342.59 | AG36: =AF36-AE36 -> 28305.548 | AH36: 0 | AI36: 0 | AJ36: =AI36-AH36 -> 0 | AK36: =VLOOKUP($B$10:$B$52,'Daily Sales'!$B$5:$F$44,3,TRUE) -> 174037.05 | AL36: =VLOOKUP($B$10:$B$52,'Daily Sales'!$B$5:$F$44,4,TRUE) -> 202342.59 | AM36: =AL36-AK36 -> 28305.548
B37: =B36+1 -> 46134 | C37: =TEXT(B37,"ddd") -> Rab | D37: =SUMIF($G$9:$AD$9,$D$9,G37:AD37) -> 140700 | E37: =SUMIF($G$9:$AD$9,$E$9,G37:AD37) -> 189558.33 | F37: =E37-D37 -> 48858.33 | G37: =VLOOKUP($B$10:$B$55,'SO MS'!$B$6:$L$47,4,TRUE) -> 84000 | H37: ='Summary sales'!D29 -> 105005.39 | I37: =H37-G37 -> 21005.39 | J37: =VLOOKUP($B$10:$B$55,'SO MS'!$B$6:$L$47,5,TRUE) -> 33600 | K37: ='Summary sales'!E29 -> 49034.78 | L37: =K37-J37 -> 15434.78 | M37: =VLOOKUP($B$10:$B$55,'SO MS'!$B$6:$L$47,6,TRUE) -> 9600 | N37: ='Summary sales'!F29 -> 21949.16 | O37: =N37-M37 -> 12349.16 | P37: =VLOOKUP($B$10:$B$55,'SO MS'!$B$6:$AS$47,7,TRUE) -> 10000 | Q37: ='Summary sales'!G29 -> 9365.79 | R37: =Q37-P37 -> -634.21 | S37: =VLOOKUP($B$10:$B$55,'SO MS'!$B$6:$AS$47,8,TRUE) -> 0 | T37: ='Summary sales'!H29 -> 0 | U37: =T37-S37 -> 0 | V37: =VLOOKUP($B$10:$B$55,'SO MS'!$B$6:$AS$47,9,TRUE) -> 3500 | W37: ='Summary sales'!I29 -> 4203.21 | X37: =W37-V37 -> 703.21 | Y37: =VLOOKUP($B$10:$B$55,'SO MS'!$B$6:$AS$47,10,TRUE) -> 0 | Z37: ='Summary sales'!K29 -> 0 | AA37: =Z37-Y37 -> 0 | AB37: =VLOOKUP($B$10:$B$55,'SO MS'!$B$6:$AS$47,11,TRUE) -> 0 | AD37: =AC37-AB37 -> 0 | AE37: ='Daily Sales'!D32 -> 174037.05 | AF37: ='Daily Sales'!E32 -> 202509.11 | AG37: =AF37-AE37 -> 28472.069 | AH37: 0 | AI37: 0 | AJ37: =AI37-AH37 -> 0 | AK37: =VLOOKUP($B$10:$B$52,'Daily Sales'!$B$5:$F$44,3,TRUE) -> 174037.05 | AL37: =VLOOKUP($B$10:$B$52,'Daily Sales'!$B$5:$F$44,4,TRUE) -> 202509.11 | AM37: =AL37-AK37 -> 28472.069
B38: =B37+1 -> 46135 | C38: =TEXT(B38,"ddd") -> Kam | D38: =SUMIF($G$9:$AD$9,$D$9,G38:AD38) -> 140700 | E38: =SUMIF($G$9:$AD$9,$E$9,G38:AD38) -> 176035.92 | F38: =E38-D38 -> 35335.92 | G38: =VLOOKUP($B$10:$B$55,'SO MS'!$B$6:$L$47,4,TRUE) -> 84000 | H38: ='Summary sales'!D30 -> 101883.71 | I38: =H38-G38 -> 17883.71 | J38: =VLOOKUP($B$10:$B$55,'SO MS'!$B$6:$L$47,5,TRUE) -> 33600 | K38: ='Summary sales'!E30 -> 45389.18 | L38: =K38-J38 -> 11789.18 | M38: =VLOOKUP($B$10:$B$55,'SO MS'!$B$6:$L$47,6,TRUE) -> 9600 | N38: ='Summary sales'!F30 -> 20729.42 | O38: =N38-M38 -> 11129.42 | P38: =VLOOKUP($B$10:$B$55,'SO MS'!$B$6:$AS$47,7,TRUE) -> 10000 | Q38: ='Summary sales'!G30 -> 3842 | R38: =Q38-P38 -> -6158 | S38: =VLOOKUP($B$10:$B$55,'SO MS'!$B$6:$AS$47,8,TRUE) -> 0 | T38: ='Summary sales'!H30 -> 0 | U38: =T38-S38 -> 0 | V38: =VLOOKUP($B$10:$B$55,'SO MS'!$B$6:$AS$47,9,TRUE) -> 3500 | W38: ='Summary sales'!I30 -> 4191.61 | X38: =W38-V38 -> 691.61 | Y38: =VLOOKUP($B$10:$B$55,'SO MS'!$B$6:$AS$47,10,TRUE) -> 0 | Z38: ='Summary sales'!K30 -> 0 | AA38: =Z38-Y38 -> 0 | AB38: =VLOOKUP($B$10:$B$55,'SO MS'!$B$6:$AS$47,11,TRUE) -> 0 | AD38: =AC38-AB38 -> 0 | AE38: ='Daily Sales'!D33 -> 174037.05 | AF38: ='Daily Sales'!E33 -> 190978.47 | AG38: =AF38-AE38 -> 16941.428 | AH38: 0 | AI38: 0 | AJ38: =AI38-AH38 -> 0 | AK38: =VLOOKUP($B$10:$B$52,'Daily Sales'!$B$5:$F$44,3,TRUE) -> 174037.05 | AL38: =VLOOKUP($B$10:$B$52,'Daily Sales'!$B$5:$F$44,4,TRUE) -> 190978.47 | AM38: =AL38-AK38 -> 16941.428
B39: =B38+1 -> 46136 | C39: =TEXT(B39,"ddd") -> Jum | D39: =SUMIF($G$9:$AD$9,$D$9,G39:AD39) -> 140700 | E39: =SUMIF($G$9:$AD$9,$E$9,G39:AD39) -> 155856.27 | F39: =E39-D39 -> 15156.27 | G39: =VLOOKUP($B$10:$B$55,'SO MS'!$B$6:$L$47,4,TRUE) -> 84000 | H39: ='Summary sales'!D31 -> 96790.67 | I39: =H39-G39 -> 12790.67 | J39: =VLOOKUP($B$10:$B$55,'SO MS'!$B$6:$L$47,5,TRUE) -> 33600 | K39: ='Summary sales'!E31 -> 43062.17 | L39: =K39-J39 -> 9462.17 | M39: =VLOOKUP($B$10:$B$55,'SO MS'!$B$6:$L$47,6,TRUE) -> 9600 | N39: ='Summary sales'!F31 -> 10578.98 | O39: =N39-M39 -> 978.98 | P39: =VLOOKUP($B$10:$B$55,'SO MS'!$B$6:$AS$47,7,TRUE) -> 10000 | Q39: ='Summary sales'!G31 -> 5424.45 | R39: =Q39-P39 -> -4575.55 | S39: =VLOOKUP($B$10:$B$55,'SO MS'!$B$6:$AS$47,8,TRUE) -> 0 | T39: ='Summary sales'!H31 -> 0 | U39: =T39-S39 -> 0 | V39: =VLOOKUP($B$10:$B$55,'SO MS'!$B$6:$AS$47,9,TRUE) -> 3500 | W39: ='Summary sales'!I31 -> 0 | X39: =W39-V39 -> -3500 | Y39: =VLOOKUP($B$10:$B$55,'SO MS'!$B$6:$AS$47,10,TRUE) -> 0 | Z39: ='Summary sales'!K31 -> 0 | AA39: =Z39-Y39 -> 0 | AB39: =VLOOKUP($B$10:$B$55,'SO MS'!$B$6:$AS$47,11,TRUE) -> 0 | AD39: =AC39-AB39 -> 0 | AE39: ='Daily Sales'!D34 -> 174037.05 | AF39: ='Daily Sales'!E34 -> 183420.66 | AG39: =AF39-AE39 -> 9383.6151 | AH39: 0 | AI39: 0 | AJ39: =AI39-AH39 -> 0 | AK39: =VLOOKUP($B$10:$B$52,'Daily Sales'!$B$5:$F$44,3,TRUE) -> 174037.05 | AL39: =VLOOKUP($B$10:$B$52,'Daily Sales'!$B$5:$F$44,4,TRUE) -> 183420.66 | AM39: =AL39-AK39 -> 9383.6151
B40: =B39+1 -> 46137 | C40: =TEXT(B40,"ddd") -> Sab | D40: =SUMIF($G$9:$AD$9,$D$9,G40:AD40) -> 140700 | E40: =SUMIF($G$9:$AD$9,$E$9,G40:AD40) -> 182950.43 | F40: =E40-D40 -> 42250.43 | G40: =VLOOKUP($B$10:$B$55,'SO MS'!$B$6:$L$47,4,TRUE) -> 84000 | H40: ='Summary sales'!D32 -> 101020.89 | I40: =H40-G40 -> 17020.89 | J40: =VLOOKUP($B$10:$B$55,'SO MS'!$B$6:$L$47,5,TRUE) -> 33600 | K40: ='Summary sales'!E32 -> 47025.3 | L40: =K40-J40 -> 13425.3 | M40: =VLOOKUP($B$10:$B$55,'SO MS'!$B$6:$L$47,6,TRUE) -> 9600 | N40: ='Summary sales'!F32 -> 20135.82 | O40: =N40-M40 -> 10535.82 | P40: =VLOOKUP($B$10:$B$55,'SO MS'!$B$6:$AS$47,7,TRUE) -> 10000 | Q40: ='Summary sales'!G32 -> 10442.18 | R40: =Q40-P40 -> 442.18 | S40: =VLOOKUP($B$10:$B$55,'SO MS'!$B$6:$AS$47,8,TRUE) -> 0 | T40: ='Summary sales'!H32 -> 0 | U40: =T40-S40 -> 0 | V40: =VLOOKUP($B$10:$B$55,'SO MS'!$B$6:$AS$47,9,TRUE) -> 3500 | W40: ='Summary sales'!I32 -> 4326.24 | X40: =W40-V40 -> 826.24 | Y40: =VLOOKUP($B$10:$B$55,'SO MS'!$B$6:$AS$47,10,TRUE) -> 0 | Z40: ='Summary sales'!K32 -> 0 | AA40: =Z40-Y40 -> 0 | AB40: =VLOOKUP($B$10:$B$55,'SO MS'!$B$6:$AS$47,11,TRUE) -> 0 | AD40: =AC40-AB40 -> 0 | AE40: ='Daily Sales'!D35 -> 160321.17 | AF40: ='Daily Sales'!E35 -> 162081.36 | AG40: =AF40-AE40 -> 1760.1929 | AH40: 0 | AI40: 0 | AJ40: =AI40-AH40 -> 0 | AK40: =VLOOKUP($B$10:$B$52,'Daily Sales'!$B$5:$F$44,3,TRUE) -> 160321.17 | AL40: =VLOOKUP($B$10:$B$52,'Daily Sales'!$B$5:$F$44,4,TRUE) -> 162081.36 | AM40: =AL40-AK40 -> 1760.1929
B41: =B40+1 -> 46138 | C41: =TEXT(B41,"ddd") -> Mgg | D41: =SUMIF($G$9:$AD$9,$D$9,G41:AD41) -> 140700 | E41: =SUMIF($G$9:$AD$9,$E$9,G41:AD41) -> 174023.45 | F41: =E41-D41 -> 33323.45 | G41: =VLOOKUP($B$10:$B$55,'SO MS'!$B$6:$L$47,4,TRUE) -> 84000 | H41: ='Summary sales'!D33 -> 115492.56 | I41: =H41-G41 -> 31492.56 | J41: =VLOOKUP($B$10:$B$55,'SO MS'!$B$6:$L$47,5,TRUE) -> 33600 | K41: ='Summary sales'!E33 -> 44317.91 | L41: =K41-J41 -> 10717.91 | M41: =VLOOKUP($B$10:$B$55,'SO MS'!$B$6:$L$47,6,TRUE) -> 9600 | N41: ='Summary sales'!F33 -> 14212.98 | O41: =N41-M41 -> 4612.98 | P41: =VLOOKUP($B$10:$B$55,'SO MS'!$B$6:$AS$47,7,TRUE) -> 10000 | Q41: ='Summary sales'!G33 -> 0 | R41: =Q41-P41 -> -10000 | S41: =VLOOKUP($B$10:$B$55,'SO MS'!$B$6:$AS$47,8,TRUE) -> 0 | T41: ='Summary sales'!H33 -> 0 | U41: =T41-S41 -> 0 | V41: =VLOOKUP($B$10:$B$55,'SO MS'!$B$6:$AS$47,9,TRUE) -> 3500 | W41: ='Summary sales'!I33 -> 0 | X41: =W41-V41 -> -3500 | Y41: =VLOOKUP($B$10:$B$55,'SO MS'!$B$6:$AS$47,10,TRUE) -> 0 | Z41: ='Summary sales'!K33 -> 0 | AA41: =Z41-Y41 -> 0 | AB41: =VLOOKUP($B$10:$B$55,'SO MS'!$B$6:$AS$47,11,TRUE) -> 0 | AD41: =AC41-AB41 -> 0 | AE41: ='Daily Sales'!D36 -> 145501.95 | AF41: ='Daily Sales'!E36 -> 143438.15 | AG41: =AF41-AE41 -> -2063.8001 | AH41: 0 | AI41: 0 | AJ41: =AI41-AH41 -> 0 | AK41: =VLOOKUP($B$10:$B$52,'Daily Sales'!$B$5:$F$44,3,TRUE) -> 145501.95 | AL41: =VLOOKUP($B$10:$B$52,'Daily Sales'!$B$5:$F$44,4,TRUE) -> 143438.15 | AM41: =AL41-AK41 -> -2063.8001
B42: Sub Total | D42: =SUM(D35:D41) -> 984900 | E42: =SUM(E35:E41) -> 1204112.6 | F42: =SUM(F35:F41) -> 219212.64 | G42: =SUM(G35:G41) -> 588000 | H42: =SUM(H35:H41) -> 710527.33 | I42: =SUM(I35:I41) -> 122527.33 | J42: =SUM(J35:J41) -> 235200 | K42: =SUM(K35:K41) -> 322452.39 | ... AM42: =SUM(AM35:AM41) -> 102535.98
A44: =WEEKNUM(B44) -> 18 | B44: =B41+1 -> 46139 | C44: =TEXT(B44,"ddd") -> Sen | D44: =SUMIF($G$9:$AD$9,$D$9,G44:AD44) -> 145200 | E44: =SUMIF($G$9:$AD$9,$E$9,G44:AD44) -> 179122.78 | F44: =E44-D44 -> 33922.78 | G44: =VLOOKUP($B$10:$B$55,'SO MS'!$B$6:$L$47,4,TRUE) -> 84000 | H44: ='Summary sales'!D34 -> 103733.35 | I44: =H44-G44 -> 19733.35 | J44: =VLOOKUP($B$10:$B$55,'SO MS'!$B$6:$L$47,5,TRUE) -> 33600 | K44: ='Summary sales'!E34 -> 45796.89 | L44: =K44-J44 -> 12196.89 | M44: =VLOOKUP($B$10:$B$55,'SO MS'!$B$6:$L$47,6,TRUE) -> 9600 | N44: ='Summary sales'!F34 -> 20823.68 | O44: =N44-M44 -> 11223.68 | P44: =VLOOKUP($B$10:$B$55,'SO MS'!$B$6:$AS$47,7,TRUE) -> 10000 | Q44: ='Summary sales'!G34 -> 0 | R44: =Q44-P44 -> -10000 | S44: =VLOOKUP($B$10:$B$55,'SO MS'!$B$6:$AS$47,8,TRUE) -> 4500 | T44: ='Summary sales'!H34 -> 4939.19 | U44: =T44-S44 -> 439.19 | V44: =VLOOKUP($B$10:$B$55,'SO MS'!$B$6:$AS$47,9,TRUE) -> 3500 | W44: ='Summary sales'!I34 -> 3829.67 | X44: =W44-V44 -> 329.67 | Y44: =VLOOKUP($B$10:$B$55,'SO MS'!$B$6:$AS$47,10,TRUE) -> 0 | Z44: ='Summary sales'!K34 -> 0 | AA44: =Z44-Y44 -> 0 | AB44: =VLOOKUP($B$10:$B$55,'SO MS'!$B$6:$AS$47,11,TRUE) -> 0 | AD44: =AC44-AB44 -> 0 | AE44: ='Daily Sales'!D39 -> 178537.05 | AF44: ='Daily Sales'!E39 -> 189504.87 | AG44: =AF44-AE44 -> 10967.821 | AH44: 0 | AI44: 0 | AJ44: =AI44-AH44 -> 0 | AK44: =VLOOKUP($B$10:$B$52,'Daily Sales'!$B$5:$F$44,3,TRUE) -> 178537.05 | AL44: =VLOOKUP($B$10:$B$52,'Daily Sales'!$B$5:$F$44,4,TRUE) -> 189504.87 | AM44: =AL44-AK44 -> 10967.821
B45: =B44+1 -> 46140 | C45: =TEXT(B45,"ddd") -> Sel | D45: =SUMIF($G$9:$AD$9,$D$9,G45:AD45) -> 145200 | E45: =SUMIF($G$9:$AD$9,$E$9,G45:AD45) -> 194712.07 | F45: =E45-D45 -> 49512.07 | G45: =VLOOKUP($B$10:$B$55,'SO MS'!$B$6:$L$47,4,TRUE) -> 84000 | H45: ='Summary sales'!D35 -> 128732.27 | I45: =H45-G45 -> 44732.27 | J45: =VLOOKUP($B$10:$B$55,'SO MS'!$B$6:$L$47,5,TRUE) -> 33600 | K45: ='Summary sales'!E35 -> 42621.78 | L45: =K45-J45 -> 9021.78 | M45: =VLOOKUP($B$10:$B$55,'SO MS'!$B$6:$L$47,6,TRUE) -> 9600 | N45: ='Summary sales'!F35 -> 13714.18 | O45: =N45-M45 -> 4114.18 | P45: =VLOOKUP($B$10:$B$55,'SO MS'!$B$6:$AS$47,7,TRUE) -> 10000 | Q45: ='Summary sales'!G35 -> 0 | R45: =Q45-P45 -> -10000 | S45: =VLOOKUP($B$10:$B$55,'SO MS'!$B$6:$AS$47,8,TRUE) -> 4500 | T45: ='Summary sales'!H35 -> 5062.47 | U45: =T45-S45 -> 562.47 | V45: =VLOOKUP($B$10:$B$55,'SO MS'!$B$6:$AS$47,9,TRUE) -> 3500 | W45: ='Summary sales'!I35 -> 4581.37 | X45: =W45-V45 -> 1081.37 | Y45: =VLOOKUP($B$10:$B$55,'SO MS'!$B$6:$AS$47,10,TRUE) -> 0 | Z45: ='Summary sales'!K35 -> 0 | AA45: =Z45-Y45 -> 0 | AB45: =VLOOKUP($B$10:$B$55,'SO MS'!$B$6:$AS$47,11,TRUE) -> 0 | AD45: =AC45-AB45 -> 0 | AE45: ='Daily Sales'!D40 -> 178537.05 | AF45: ='Daily Sales'!E40 -> 202234.4 | AG45: =AF45-AE45 -> 23697.354 | AH45: 0 | AI45: 0 | AJ45: =AI45-AH45 -> 0 | AK45: =VLOOKUP($B$10:$B$52,'Daily Sales'!$B$5:$F$44,3,TRUE) -> 178537.05 | AL45: =VLOOKUP($B$10:$B$52,'Daily Sales'!$B$5:$F$44,4,TRUE) -> 202234.4 | AM45: =AL45-AK45 -> 23697.354
B46: =B45+1 -> 46141 | C46: =TEXT(B46,"ddd") -> Rab | D46: =SUMIF($G$9:$AD$9,$D$9,G46:AD46) -> 145200 | E46: =SUMIF($G$9:$AD$9,$E$9,G46:AD46) -> 195998.5 | F46: =E46-D46 -> 50798.5 | G46: =VLOOKUP($B$10:$B$55,'SO MS'!$B$6:$L$47,4,TRUE) -> 84000 | H46: ='Summary sales'!D36 -> 125408.46 | I46: =H46-G46 -> 41408.46 | J46: =VLOOKUP($B$10:$B$55,'SO MS'!$B$6:$L$47,5,TRUE) -> 33600 | K46: ='Summary sales'!E36 -> 45666.19 | L46: =K46-J46 -> 12066.19 | M46: =VLOOKUP($B$10:$B$55,'SO MS'!$B$6:$L$47,6,TRUE) -> 9600 | N46: ='Summary sales'!F36 -> 16115.04 | O46: =N46-M46 -> 6515.04 | P46: =VLOOKUP($B$10:$B$55,'SO MS'!$B$6:$AS$47,7,TRUE) -> 10000 | Q46: ='Summary sales'!G36 -> 0 | R46: =Q46-P46 -> -10000 | S46: =VLOOKUP($B$10:$B$55,'SO MS'!$B$6:$AS$47,8,TRUE) -> 4500 | T46: ='Summary sales'!H36 -> 4559.99 | U46: =T46-S46 -> 59.99 | V46: =VLOOKUP($B$10:$B$55,'SO MS'!$B$6:$AS$47,9,TRUE) -> 3500 | W46: ='Summary sales'!I36 -> 4248.82 | X46: =W46-V46 -> 748.82 | Y46: =VLOOKUP($B$10:$B$55,'SO MS'!$B$6:$AS$47,10,TRUE) -> 0 | Z46: ='Summary sales'!K36 -> 0 | AA46: =Z46-Y46 -> 0 | AB46: =VLOOKUP($B$10:$B$55,'SO MS'!$B$6:$AS$47,11,TRUE) -> 0 | AD46: =AC46-AB46 -> 0 | AE46: ='Daily Sales'!D41 -> 178537.05 | AF46: ='Daily Sales'!E41 -> 180158.81 | AG46: =AF46-AE46 -> 1621.7631 | AH46: 0 | AI46: 0 | AJ46: =AI46-AH46 -> 0 | AK46: =VLOOKUP($B$10:$B$52,'Daily Sales'!$B$5:$F$44,3,TRUE) -> 178537.05 | AL46: =VLOOKUP($B$10:$B$52,'Daily Sales'!$B$5:$F$44,4,TRUE) -> 180158.81 | AM46: =AL46-AK46 -> 1621.7631
B47: =B46+1 -> 46142 | C47: =TEXT(B47,"ddd") -> Kam | D47: =SUMIF($G$9:$AD$9,$D$9,G47:AD47) -> 145200 | E47: =SUMIF($G$9:$AD$9,$E$9,G47:AD47) -> 182418.48 | F47: =E47-D47 -> 37218.48 | G47: =VLOOKUP($B$10:$B$55,'SO MS'!$B$6:$L$47,4,TRUE) -> 84000 | H47: ='Summary sales'!D37 -> 111999.35 | I47: =H47-G47 -> 27999.35 | J47: =VLOOKUP($B$10:$B$55,'SO MS'!$B$6:$L$47,5,TRUE) -> 33600 | K47: ='Summary sales'!E37 -> 47444.78 | L47: =K47-J47 -> 13844.78 | M47: =VLOOKUP($B$10:$B$55,'SO MS'!$B$6:$L$47,6,TRUE) -> 9600 | N47: ='Summary sales'!F37 -> 18035.16 | O47: =N47-M47 -> 8435.16 | P47: =VLOOKUP($B$10:$B$55,'SO MS'!$B$6:$AS$47,7,TRUE) -> 10000 | Q47: ='Summary sales'!G37 -> 0 | R47: =Q47-P47 -> -10000 | S47: =VLOOKUP($B$10:$B$55,'SO MS'!$B$6:$AS$47,8,TRUE) -> 4500 | T47: ='Summary sales'!H37 -> 4939.19 | U47: =T47-S47 -> 439.19 | V47: =VLOOKUP($B$10:$B$55,'SO MS'!$B$6:$AS$47,9,TRUE) -> 3500 | W47: ='Summary sales'!I37 -> 0 | X47: =W47-V47 -> -3500 | Y47: =VLOOKUP($B$10:$B$55,'SO MS'!$B$6:$AS$47,10,TRUE) -> 0 | Z47: ='Summary sales'!K37 -> 0 | AA47: =Z47-Y47 -> 0 | AB47: =VLOOKUP($B$10:$B$55,'SO MS'!$B$6:$AS$47,11,TRUE) -> 0 | AD47: =AC47-AB47 -> 0 | AE47: ='Daily Sales'!D42 -> 178537.05 | AF47: ='Daily Sales'!E42 -> 162944.16 | AG47: =AF47-AE47 -> -15592.889 | AH47: 0 | AI47: 0 | AJ47: =AI47-AH47 -> 0 | AK47: =VLOOKUP($B$10:$B$52,'Daily Sales'!$B$5:$F$44,3,TRUE) -> 178537.05 | AL47: =VLOOKUP($B$10:$B$52,'Daily Sales'!$B$5:$F$44,4,TRUE) -> 162944.16 | AM47: =AL47-AK47 -> -15592.889
B48: Sub Total | D48: =SUM(D44:D47) -> 580800 | E48: =SUM(E44:E47) -> 752251.83 | F48: =SUM(F44:F47) -> 171451.83 | G48: =SUM(G44:G47) -> 336000 | H48: =SUM(H44:H47) -> 469873.43 | I48: =SUM(I44:I47) -> 133873.43 | J48: =SUM(J44:J47) -> 134400 | K48: =SUM(K44:K47) -> 181529.64 | ... AM48: =SUM(AM44:AM47) -> 20694.049
B50: Sub Total | D50: =D15+D24+D33+D42+D48 -> 4228500 | E50: =E15+E24+E33+E42+E48 -> 5260696.1 | F50: =F15+F24+F33+F42+F48 -> 1032196.1 | G50: =G15+G24+G33+G42+G48 -> 2520000 | H50: =H15+H24+H33+H42+H48 -> 3103936.1 | I50: =I15+I24+I33+I42+I48 -> 583936.11 | J50: =J15+J24+J33+J42+J48 -> 1008000 | K50: =K15+K24+K33+K42+K48 -> 1360121.3 | ... AM50: =AM15+AM24+AM33+AM42+AM48 -> 131366.02
B51: Total | D51: =SUM(D44:D47,D35:D41,D26:D32,D17:D23,D10:D14) -> 4228500 | E51: =SUM(E44:E47,E35:E41,E26:E32,E17:E23,E10:E14) -> 5260696.1 | F51: =SUM(F44:F47,F35:F41,F26:F32,F17:F23,F10:F14) -> 1032196.1 | G51: =SUM(G44:G47,G35:G41,G26:G32,G17:G23,G10:G14) -> 2520000 | H51: =SUM(H44:H47,H35:H41,H26:H32,H17:H23,H10:H14) -> 3103936.1 | I51: =SUM(I44:I47,I35:I41,I26:I32,I17:I23,I10:I14) -> 583936.11 | J51: =SUM(J44:J47,J35:J41,J26:J32,J17:J23,J10:J14) -> 1008000 | K51: =SUM(K44:K47,K35:K41,K26:K32,K17:K23,K10:K14) -> 1360121.3 | ... AM51: =SUM(AM44:AM47,AM35:AM41,AM26:AM32,AM17:AM23,AM10:AM14) -> 131366.02

Sheet Daily Sales
A1: Daily Sales
A2: ='SO MS'!A4 -> 46113 | H2: =H17/24 -> 30.565538 | L2: =L17/24 -> 62.5 | P2: =P17/24 -> 47.072137 | T2: =T17/24 -> 136.77151 | X2: =X17/24 -> 26.834194 | AB2: =AB17/24 -> 0 | AF2: =AF17/24 -> 20.83211 | AJ2: =AJ17/24 -> 25.156801 | AN2: =AN17/24 -> 28.053145 | AR2: =AR17/24 -> 188.09163 | AV2: =AV17/24 -> 275.00259 | AZ2: =AZ17/24 -> 119.7636 | BD2: =BD17/24 -> 20.833333 | BH2: =BH17/24 -> 200 | BL2: =BL17/24 -> 375.00238 | BT2: =BT17/24 -> 41.666667 | BX2: =BX17/24 -> 229.16667 | CB2: =CB17/24 -> 2.9189516 | CJ2: =CJ17/24 -> 145.83333 | CN2: =CN17/12 -> 241.66667 | CR2: =CR17/24 -> 208.33333 | CZ2: =CZ17/24 -> 485.81477 | DD2: =DD17/24 -> 84.202513 | DH2: =DH17/24 -> 33.333333 | DL2: =DL17/24 -> 300 | DP2: =DP17/17 -> 0 | DT2: =DT17/24 -> 85.136438 | DX2: =DX17/24 -> 83.313763 | EB2: =EB17/24 -> 41.666667 | EF2: =EF17/24 -> 458.62698 | EJ2: =EJ17/24 -> 63.314368 | EN2: =EN17/24 -> 166.65309 | ER2: =ER17/24 -> 291.66667 | EV2: =EV17/24 -> 208.33333 | EZ2: =EZ17/24 -> 1104.1667 | FD2: =FD17/16 -> 375 | FH2: =FH17/24 -> 145.83333 | FP2: =FP17/24 -> 125.75173 | FT2: =FT17/24 -> 85.20832 | FX2: =FX17/24 -> 15.400446 | GB2: =GB17/24 -> 0 | GF2: =GF17/24 -> 208.33333 | GJ2: =GJ17/24 -> 46.745847 | GR2: =GR17/24 -> 104.15427 | GV2: =GV17/24 -> 0 | GZ2: =GZ17/24 -> 0
A3: Week | B3: DATE | C3: DAY | D3: Total | H3: CLIN | L3: BI | P3: MKG | T3: STM | X3: OAJ | AB3: NNI | AF3: SHB | AJ3: GTL | AN3: TWK | AR3: BYC | AV3: GF RANCA | AZ3: SMA | BD3: ADP | BH3: HLI | BL3: CERES | BP3: KGM | BT3: ALT (KSO MASAMI) | BX3: IDP (KSO AAE) | CB3: FJI (KSO SALMAH) | CF3: WINGLOK (KSO EBM) | CJ3: CISF (KSO RRS) | CN3: PUJ - LUBRICANT | CR3: KSN | CV3: CALBEE (KSO BMI) | CZ3: UMI | DD3: IP | DH3: BEM | DL3: AMI | DP3: KA | DT3: KTN | DX3: TOMIMOTO | EB3: NIAGA GARAM | EF3: PCI 84 | EJ3: PCI MENGGER | EN3: INDOFOOD | ER3: HCI | EV3: DIC | EZ3: ASAHIMAS | FD3: ABC KOGEN | FH3: TONGJI | FL3: PA | FP3: RB | FT3: GF ATOM | FX3: GF KULIT | GB3: SP JES | GF3: HSK (KSO GAS) | GJ3: SDM | GN3: JARGAS | GR3: SBI | GV3: JIUQI | GZ3: SP GLOBAL
D4: TARGET | E4: ACTUAL | F4: SELISIH | G4: PERSENTASE | H4: TARGET | I4: ACTUAL | J4: SELISIH | K4: PERSENTASE | L4: TARGET | M4: ACTUAL | N4: SELISIH | O4: PERSENTASE | P4: TARGET | Q4: ACTUAL | R4: SELISIH | S4: PERSENTASE | T4: TARGET | U4: ACTUAL | V4: SELISIH | W4: PERSENTASE | X4: TARGET | Y4: ACTUAL | Z4: SELISIH | AA4: PERSENTASE | AB4: TARGET | AC4: ACTUAL | AD4: SELISIH | AE4: PERSENTASE | AF4: TARGET | AG4: ACTUAL | AH4: SELISIH | AI4: PERSENTASE | AJ4: TARGET | AK4: ACTUAL | AL4: SELISIH | AM4: PERSENTASE | AN4: TARGET | AO4: ACTUAL | AP4: SELISIH | AQ4: PERSENTASE | AR4: TARGET | AS4: ACTUAL | AT4: SELISIH | AU4: PERSENTASE | AV4: TARGET | AW4: ACTUAL | AX4: SELISIH | AY4: PERSENTASE | AZ4: TARGET | BA4: ACTUAL | BB4: SELISIH | BC4: PERSENTASE | BD4: TARGET | BE4: ACTUAL | BF4: SELISIH | BG4: PERSENTASE | BH4: TARGET | BI4: ACTUAL | BJ4: SELISIH | BK4: PERSENTASE | BL4: TARGET | BM4: ACTUAL | BN4: SELISIH | BO4: PERSENTASE | BP4: TARGET | BQ4: ACTUAL | BR4: SELISIH | BS4: PERSENTASE | BT4: TARGET | BU4: ACTUAL | BV4: SELISIH | BW4: PERSENTASE | BX4: TARGET | BY4: ACTUAL | BZ4: SELISIH | CA4: PERSENTASE | CB4: TARGET | CC4: ACTUAL | CD4: SELISIH | CE4: PERSENTASE | CF4: TARGET | CG4: ACTUAL | CH4: SELISIH | CI4: PERSENTASE | CJ4: TARGET | CK4: ACTUAL | CL4: SELISIH | CM4: PERSENTASE | CN4: TARGET | CO4: ACTUAL | CP4: SELISIH | CQ4: PERSENTASE | CR4: TARGET | CS4: ACTUAL | CT4: SELISIH | CU4: PERSENTASE | CV4: TARGET | CW4: ACTUAL | CX4: SELISIH | CY4: PERSENTASE | CZ4: TARGET | DA4: ACTUAL | DB4: SELISIH | DC4: PERSENTASE | DD4: TARGET | DE4: ACTUAL | DF4: SELISIH | DG4: PERSENTASE | DH4: TARGET | DI4: ACTUAL | DJ4: SELISIH | DK4: PERSENTASE | DL4: TARGET | DM4: ACTUAL | DN4: SELISIH | DO4: PERSENTASE | DP4: TARGET | DQ4: ACTUAL | DR4: SELISIH | DS4: PERSENTASE | DT4: TARGET | DU4: ACTUAL | DV4: SELISIH | DW4: PERSENTASE | DX4: TARGET | DY4: ACTUAL | DZ4: SELISIH | EA4: PERSENTASE | EB4: TARGET | EC4: ACTUAL | ED4: SELISIH | EE4: PERSENTASE | EF4: TARGET | EG4: ACTUAL | EH4: SELISIH | EI4: PERSENTASE | EJ4: TARGET | EK4: ACTUAL | EL4: SELISIH | EM4: PERSENTASE | EN4: TARGET | EO4: ACTUAL | EP4: SELISIH | EQ4: PERSENTASE | ER4: TARGET | ES4: ACTUAL | ET4: SELISIH | EU4: PERSENTASE | EV4: TARGET | EW4: ACTUAL | EX4: SELISIH | EY4: PERSENTASE | EZ4: TARGET | FA4: ACTUAL | FB4: SELISIH | FC4: PERSENTASE | FD4: TARGET | FE4: ACTUAL | FF4: SELISIH | FG4: PERSENTASE | FH4: TARGET | FI4: ACTUAL | FJ4: SELISIH | FK4: PERSENTASE | FL4: TARGET | FM4: ACTUAL | FN4: SELISIH | FO4: PERSENTASE | FP4: TARGET | FQ4: ACTUAL | FR4: SELISIH | FS4: PERSENTASE | FT4: TARGET | FU4: ACTUAL | FV4: SELISIH | FW4: PERSENTASE | FX4: TARGET | FY4: ACTUAL | FZ4: SELISIH | GA4: PERSENTASE | GB4: TARGET | GC4: ACTUAL | GD4: SELISIH | GE4: PERSENTASE | GF4: TARGET | GG4: ACTUAL | GH4: SELISIH | GI4: PERSENTASE | GJ4: TARGET | GK4: ACTUAL | GL4: SELISIH | GM4: PERSENTASE | GN4: TARGET | GO4: ACTUAL | GP4: SELISIH | GQ4: PERSENTASE | GR4: TARGET | GS4: ACTUAL | GT4: SELISIH | GU4: PERSENTASE | GV4: TARGET | GW4: ACTUAL | GX4: SELISIH | GY4: PERSENTASE | GZ4: TARGET | HA4: ACTUAL | HB4: SELISIH | HC4: PERSENTASE
A5: =WEEKNUM(B5) -> 14 | B5: =A2 -> 46113 | C5: =TEXT(B5,"ddd") -> Rab | D5: =SUMIF($H$4:$HC$4,$D$4,H5:HC5) -> 186311.43 | E5: =SUMIF($H$4:$HC$4,$E$4,H5:HC5) -> 185993 | F5: =E5-D5 -> -318.43661 | G5: =E5/D5 -> 0.99829084 | H5: =INDEX('SO APRIL 2026 Rev2'!$B$6:$BG$51,MATCH(B5,'SO APRIL 2026 Rev2'!$B$6:$B$51,0),MATCH($H$3,'SO APRIL 2026 Rev2'!$B$5:$XG$5,0)) -> 1199.5729 | I5: =INDEX('Summary sales'!$A$6:$BX$50,MATCH(B5,'Summary sales'!$A$6:$A$50,0),MATCH($H$3,'Summary sales'!$A$7:$BX$7,0)) -> 673.53 | J5: =I5-H5 -> -526.0429 | K5: =I5/H5 -> 0.56147484 | L5: =INDEX('SO APRIL 2026 Rev2'!$B$6:$BG$51,MATCH(B5,'SO APRIL 2026 Rev2'!$B$6:$B$51,0),MATCH($L$3,'SO APRIL 2026 Rev2'!$B$5:$XG$5,0)) -> 1500 | M5: =INDEX('Summary sales'!$A$6:$BX$50,MATCH($B5,'Summary sales'!$A$6:$A$50,0),MATCH($L$3,'Summary sales'!$A$7:$BX$7,0)) -> 1881.74 | N5: =M5-L5 -> 381.74 | O5: =M5/L5 -> 1.2544933 | P5: =INDEX('SO APRIL 2026 Rev2'!$B$6:$BG$51,MATCH(B5,'SO APRIL 2026 Rev2'!$B$6:$B$51,0),MATCH($P$3,'SO APRIL 2026 Rev2'!$B$5:$XG$5,0)) -> 1129.7313 | Q5: =INDEX('Summary sales'!$A$6:$BX$50,MATCH($B5,'Summary sales'!$A$6:$A$50,0),MATCH($P$3,'Summary sales'!$A$7:$BX$7,0)) -> 1151.78 | R5: =Q5-P5 -> 22.04871 | S5: =Q5/P5 -> 1.0195168 | T5: =INDEX('SO APRIL 2026 Rev2'!$B$6:$BG$51,MATCH(B5,'SO APRIL 2026 Rev2'!$B$6:$B$51,0),MATCH($T$3,'SO APRIL 2026 Rev2'!$B$5:$XG$5,0)) -> 3282.5161 | U5: =INDEX('Summary sales'!$A$6:$BX$50,MATCH($B5,'Summary sales'!$A$6:$A$50,0),MATCH($T$3,'Summary sales'!$A$7:$BX$7,0)) -> 1426.92 | V5: =U5-T5 -> -1855.5961 | W5: =U5/T5 -> 0.43470312 | X5: =INDEX('SO APRIL 2026 Rev2'!$B$6:$BG$51,MATCH(B5,'SO APRIL 2026 Rev2'!$B$6:$B$51,0),MATCH($X$3,'SO APRIL 2026 Rev2'!$B$5:$XG$5,0)) -> 644.02065 | Y5: =INDEX('Summary sales'!$A$6:$BX$50,MATCH($B5,'Summary sales'!$A$6:$A$50,0),MATCH($X$3,'Summary sales'!$A$7:$BX$7,0)) -> 649.77 | Z5: =Y5-X5 -> 5.7493548 | AA5: =Y5/X5 -> 1.0089273 | AB5: =INDEX('SO APRIL 2026 Rev2'!$B$6:$BG$51,MATCH(B5,'SO APRIL 2026 Rev2'!$B$6:$B$51,0),MATCH($AB$3,'SO APRIL 2026 Rev2'!$B$5:$XG$5,0)) -> 0 | AC5: =INDEX('Summary sales'!$A$6:$BX$50,MATCH($B5,'Summary sales'!$A$6:$A$50,0),MATCH($AB$3,'Summary sales'!$A$7:$BX$7,0)) -> 0 | AD5: =AC5-AB5 -> 0 | AE5: =AC5/AB5 -> #DIV/0! | AF5: =INDEX('SO APRIL 2026 Rev2'!$B$6:$BG$51,MATCH(B5,'SO APRIL 2026 Rev2'!$B$6:$B$51,0),MATCH($AF$3,'SO APRIL 2026 Rev2'!$B$5:$XG$5,0)) -> 499.97065 | AG5: =INDEX('Summary sales'!$A$6:$BX$50,MATCH($B5,'Summary sales'!$A$6:$A$50,0),MATCH($AF$3,'Summary sales'!$A$7:$BX$7,0)) -> 359.53 | AH5: =AG5-AF5 -> -140.44065 | AI5: =AG5/AF5 -> 0.71910222 | AJ5: =INDEX('SO APRIL 2026 Rev2'!$B$6:$BG$51,MATCH(B5,'SO APRIL 2026 Rev2'!$B$6:$B$51,0),MATCH($AJ$3,'SO APRIL 2026 Rev2'!$B$5:$XG$5,0)) -> 603.76323 | AK5: =INDEX('Summary sales'!$A$6:$BX$50,MATCH($B5,'Summary sales'!$A$6:$A$50,0),MATCH($AJ$3,'Summary sales'!$A$7:$BX$7,0)) -> 988.1 | AL5: =AK5-AJ5 -> 384.33677 | AM5: =AK5/AJ5 -> 1.6365687 | AN5: =INDEX('SO APRIL 2026 Rev2'!$B$6:$BG$51,MATCH(B5,'SO APRIL 2026 Rev2'!$B$6:$B$51,0),MATCH($AN$3,'SO APRIL 2026 Rev2'!$B$5:$XG$5,0)) -> 673.27548 | AO5: =INDEX('Summary sales'!$A$6:$BX$50,MATCH($B5,'Summary sales'!$A$6:$A$50,0),MATCH($AN$3,'Summary sales'!$A$7:$BX$7,0)) -> 708.87 | AP5: =AO5-AN5 -> 35.594516 | AQ5: =AO5/AN5 -> 1.0528677 | AR5: =INDEX('SO APRIL 2026 Rev2'!$B$6:$BG$51,MATCH(B5,'SO APRIL 2026 Rev2'!$B$6:$B$51,0),MATCH($AR$3,'SO APRIL 2026 Rev2'!$B$5:$XG$5,0)) -> 5514.199 | AS5: =INDEX('Summary sales'!$A$6:$BX$50,MATCH($B5,'Summary sales'!$A$6:$A$50,0),MATCH($AR$3,'Summary sales'!$A$7:$BX$7,0)) -> 4174.38 | AT5: =AS5-AR5 -> -1339.819 | AU5: =AS5/AR5 -> 0.75702382 | AV5: =INDEX('SO APRIL 2026 Rev2'!$B$6:$BG$51,MATCH(B5,'SO APRIL 2026 Rev2'!$B$6:$B$51,0),MATCH($AV$3,'SO APRIL 2026 Rev2'!$B$5:$XG$5,0)) -> 6600.0623 | AW5: =INDEX('Summary sales'!$A$6:$BX$50,MATCH($B5,'Summary sales'!$A$6:$A$50,0),MATCH($AV$3,'Summary sales'!$A$7:$BX$7,0)) -> 3813.71 | AX5: =AW5-AV5 -> -2786.3523 | AY5: =AW5/AV5 -> 0.5778294 | AZ5: =INDEX('SO APRIL 2026 Rev2'!$B$6:$BG$51,MATCH(B5,'SO APRIL 2026 Rev2'!$B$6:$B$51,0),MATCH($AZ$3,'SO APRIL 2026 Rev2'!$B$5:$XG$5,0)) -> 2874.3265 | BA5: =INDEX('Summary sales'!$A$6:$BX$50,MATCH($B5,'Summary sales'!$A$6:$A$50,0),MATCH($AZ$3,'Summary sales'!$A$7:$BX$7,0)) -> 700.35 | BB5: =BA5-AZ5 -> -2173.9765 | BC5: =BA5/AZ5 -> 0.24365708 | BD5: =INDEX('SO APRIL 2026 Rev2'!$B$6:$BG$51,MATCH(B5,'SO APRIL 2026 Rev2'!$B$6:$B$51,0),MATCH($BD$3,'SO APRIL 2026 Rev2'!$B$5:$XG$5,0)) -> 500 | BE5: =INDEX('Summary sales'!$A$6:$BX$50,MATCH($B5,'Summary sales'!$A$6:$A$50,0),MATCH($BD$3,'Summary sales'!$A$7:$BX$7,0)) -> 5.85 | BF5: =BE5-BD5 -> -494.15 | BG5: =BE5/BD5 -> 0.0117 | BH5: =INDEX('SO APRIL 2026 Rev2'!$B$6:$BG$51,MATCH(B5,'SO APRIL 2026 Rev2'!$B$6:$B$51,0),MATCH($BH$3,'SO APRIL 2026 Rev2'!$B$5:$XG$5,0)) -> 9600 | BI5: =INDEX('Summary sales'!$A$6:$BX$50,MATCH($B5,'Summary sales'!$A$6:$A$50,0),MATCH($BH$3,'Summary sales'!$A$7:$BX$7,0)) -> 9638.52 | BJ5: =BI5-BH5 -> 38.52 | BK5: =BI5/BH5 -> 1.0040125 | BL5: =INDEX('SO APRIL 2026 Rev2'!$B$6:$BG$51,MATCH(B5,'SO APRIL 2026 Rev2'!$B$6:$B$51,0),MATCH($BL$3,'SO APRIL 2026 Rev2'!$B$5:$XG$5,0)) -> 9000.0571 | BM5: =INDEX('Summary sales'!$A$6:$BX$50,MATCH($B5,'Summary sales'!$A$6:$A$50,0),MATCH($BL$3,'Summary sales'!$A$7:$BX$7,0)) -> 11039.42 | BN5: =BM5-BL5 -> 2039.3629 | BO5: =BM5/BL5 -> 1.2265944 | BP5: =INDEX('SO APRIL 2026 Rev2'!$B$6:$BG$51,MATCH(B5,'SO APRIL 2026 Rev2'!$B$6:$B$51,0),MATCH($BP$3,'SO APRIL 2026 Rev2'!$B$5:$XG$5,0)) -> 1300 | BQ5: =INDEX('Summary sales'!$A$6:$BX$50,MATCH($B5,'Summary sales'!$A$6:$A$50,0),MATCH($BP$3,'Summary sales'!$A$7:$BX$7,0)) -> 868.19 | BR5: =BQ5-BP5 -> -431.81 | BS5: =BQ5/BP5 -> 0.66783846 | BT5: =INDEX('SO APRIL 2026 Rev2'!$B$6:$BG$51,MATCH(B5,'SO APRIL 2026 Rev2'!$B$6:$B$51,0),MATCH($BT$3,'SO APRIL 2026 Rev2'!$B$5:$XG$5,0)) -> 1000 | BU5: =INDEX('Summary sales'!$A$6:$BX$50,MATCH($B5,'Summary sales'!$A$6:$A$50,0),MATCH($BT$3,'Summary sales'!$A$7:$BX$7,0)) -> 684.614 | BV5: =BU5-BT5 -> -315.386 | BW5: =BU5/BT5 -> 0.684614 | BX5: =INDEX('SO APRIL 2026 Rev2'!$B$6:$BG$51,MATCH(B5,'SO APRIL 2026 Rev2'!$B$6:$B$51,0),MATCH($BX$3,'SO APRIL 2026 Rev2'!$B$5:$XG$5,0)) -> 5500 | BY5: =INDEX('Summary sales'!$A$6:$BX$50,MATCH($B5,'Summary sales'!$A$6:$A$50,0),MATCH($BX$3,'Summary sales'!$A$7:$BX$7,0)) -> 5952.73 | BZ5: =BY5-BX5 -> 452.73 | CA5: =BY5/BX5 -> 1.0823145 | CB5: =INDEX('SO APRIL 2026 Rev2'!$B$6:$BG$51,MATCH(B5,'SO APRIL 2026 Rev2'!$B$6:$B$51,0),MATCH($CB$3,'SO APRIL 2026 Rev2'!$B$5:$XG$5,0)) -> 70.054839 | CC5: =INDEX('Summary sales'!$A$6:$BX$50,MATCH($B5,'Summary sales'!$A$6:$A$50,0),MATCH($CB$3,'Summary sales'!$A$7:$BX$7,0)) -> 171.5 | CD5: =CC5-CB5 -> 101.44516 | CE5: =CC5/CB5 -> 2.4480821 | CF5: =INDEX('SO APRIL 2026 Rev2'!$B$6:$BG$51,MATCH(B5,'SO APRIL 2026 Rev2'!$B$6:$B$51,0),MATCH($CF$3,'SO APRIL 2026 Rev2'!$B$5:$XG$5,0)) -> 89.451613 | CG5: =INDEX('Summary sales'!$A$6:$BX$50,MATCH($B5,'Summary sales'!$A$6:$A$50,0),MATCH($CF$3,'Summary sales'!$A$7:$BX$7,0)) -> 49.68 | CH5: =CG5-CF5 -> -39.771613 | CI5: =CG5/CF5 -> 0.55538406 | CJ5: =INDEX('SO APRIL 2026 Rev2'!$B$6:$BG$51,MATCH(B5,'SO APRIL 2026 Rev2'!$B$6:$B$51,0),MATCH($CJ$3,'SO APRIL 2026 Rev2'!$B$5:$XG$5,0)) -> 3500 | CK5: =INDEX('Summary sales'!$A$6:$BX$50,MATCH($B5,'Summary sales'!$A$6:$A$50,0),MATCH($CJ$3,'Summary sales'!$A$7:$BX$7,0)) -> 3736.7 | CL5: =CK5-CJ5 -> 236.7 | CM5: =CK5/CJ5 -> 1.0676286 | CN5: =INDEX('SO APRIL 2026 Rev2'!$B$6:$BG$51,MATCH(B5,'SO APRIL 2026 Rev2'!$B$6:$B$51,0),MATCH($CN$3,'SO APRIL 2026 Rev2'!$B$5:$XG$5,0)) -> 2900 | CO5: =INDEX('Summary sales'!$A$6:$BX$50,MATCH($B5,'Summary sales'!$A$6:$A$50,0),MATCH($CN$3,'Summary sales'!$A$7:$BX$7,0)) -> 4280.1 | CP5: =CO5-CN5 -> 1380.1 | CQ5: =CO5/CN5 -> 1.4758966 | CR5: =INDEX('SO APRIL 2026 Rev2'!$B$6:$BG$51,MATCH(B5,'SO APRIL 2026 Rev2'!$B$6:$B$51,0),MATCH($CR$3,'SO APRIL 2026 Rev2'!$B$5:$XG$5,0)) -> 5000 | CS5: =INDEX('Summary sales'!$A$6:$BX$50,MATCH($B5,'Summary sales'!$A$6:$A$50,0),MATCH($CR$3,'Summary sales'!$A$7:$BX$7,0)) -> 3653.8 | CT5: =CS5-CR5 -> -1346.2 | CU5: =CS5/CR5 -> 0.73076 | CV5: =INDEX('SO APRIL 2026 Rev2'!$B$6:$BG$51,MATCH(B5,'SO APRIL 2026 Rev2'!$B$6:$B$51,0),MATCH($CV$3,'SO APRIL 2026 Rev2'!$B$5:$XG$5,0)) -> 8000 | CW5: =INDEX('Summary sales'!$A$6:$BX$50,MATCH($B5,'Summary sales'!$A$6:$A$50,0),MATCH($CV$3,'Summary sales'!$A$7:$BX$7,0)) -> 10072.8 | CX5: =CW5-CV5 -> 2072.8 | CY5: =CW5/CV5 -> 1.2591 | CZ5: =INDEX('SO APRIL 2026 Rev2'!$B$6:$BG$51,MATCH(B5,'SO APRIL 2026 Rev2'!$B$6:$B$51,0),MATCH($CZ$3,'SO APRIL 2026 Rev2'!$B$5:$XG$5,0)) -> 11659.555 | DA5: =INDEX('Summary sales'!$A$6:$BX$50,MATCH($B5,'Summary sales'!$A$6:$A$50,0),MATCH($CZ$3,'Summary sales'!$A$7:$BX$7,0)) -> 17625.256 | DB5: =DA5-CZ5 -> 5965.7015 | DC5: =DA5/CZ5 -> 1.5116578 | DD5: =INDEX('SO APRIL 2026 Rev2'!$B$6:$BG$51,MATCH(B5,'SO APRIL 2026 Rev2'!$B$6:$B$51,0),MATCH($DD$3,'SO APRIL 2026 Rev2'!$B$5:$XG$5,0)) -> 2020.8603 | DE5: =INDEX('Summary sales'!$A$6:$BX$50,MATCH($B5,'Summary sales'!$A$6:$A$50,0),MATCH($DD$3,'Summary sales'!$A$7:$BX$7,0)) -> 2250.65 | DF5: =DE5-DD5 -> 229.78968 | DG5: =DE5/DD5 -> 1.1137088 | DH5: =INDEX('SO APRIL 2026 Rev2'!$B$6:$BG$51,MATCH(B5,'SO APRIL 2026 Rev2'!$B$6:$B$51,0),MATCH($DH$3,'SO APRIL 2026 Rev2'!$B$5:$XG$5,0)) -> 800 | DI5: =INDEX('Summary sales'!$A$6:$BX$50,MATCH($B5,'Summary sales'!$A$6:$A$50,0),MATCH($DH$3,'Summary sales'!$A$7:$BX$7,0)) -> 934.58 | DJ5: =DI5-DH5 -> 134.58 | DK5: =DI5/DH5 -> 1.168225 | DL5: =INDEX('SO APRIL 2026 Rev2'!$B$6:$BG$51,MATCH(B5,'SO APRIL 2026 Rev2'!$B$6:$B$51,0),MATCH($DL$3,'SO APRIL 2026 Rev2'!$B$5:$XG$5,0)) -> 7200 | DM5: =INDEX('Summary sales'!$A$6:$BX$50,MATCH($B5,'Summary sales'!$A$6:$A$50,0),MATCH($DL$3,'Summary sales'!$A$7:$BX$7,0)) -> 9450.32 | DN5: =DM5-DL5 -> 2250.32 | DO5: =DM5/DL5 -> 1.3125444 | DP5: =INDEX('SO APRIL 2026 Rev2'!$B$6:$BG$51,MATCH(B5,'SO APRIL 2026 Rev2'!$B$6:$B$51,0),MATCH($DP$3,'SO APRIL 2026 Rev2'!$B$5:$XG$5,0)) -> 3499.8768 | DQ5: =INDEX('Summary sales'!$A$6:$BX$50,MATCH($B5,'Summary sales'!$A$6:$A$50,0),MATCH($DP$3,'Summary sales'!$A$7:$BX$7,0)) -> 4771.28 | DR5: =DQ5-DP5 -> 1271.4032 | DS5: =DQ5/DP5 -> 1.3632709 | DT5: =INDEX('SO APRIL 2026 Rev2'!$B$6:$BG$51,MATCH(B5,'SO APRIL 2026 Rev2'!$B$6:$B$51,0),MATCH($DT$3,'SO APRIL 2026 Rev2'!$B$5:$XG$5,0)) -> 2043.2745 | DU5: =INDEX('Summary sales'!$A$6:$BX$50,MATCH($B5,'Summary sales'!$A$6:$A$50,0),MATCH($DT$3,'Summary sales'!$A$7:$BX$7,0)) -> 1239.25 | DV5: =DU5-DT5 -> -804.02452 | DW5: =DU5/DT5 -> 0.60650196 | DX5: =INDEX('SO APRIL 2026 Rev2'!$B$6:$BG$51,MATCH(B5,'SO APRIL 2026 Rev2'!$B$6:$B$51,0),MATCH($DX$3,'SO APRIL 2026 Rev2'!$B$5:$XG$5,0)) -> 1999.5303 | DY5: =INDEX('Summary sales'!$A$6:$BX$50,MATCH($B5,'Summary sales'!$A$6:$A$50,0),MATCH($DX$3,'Summary sales'!$A$7:$BX$7,0)) -> 2274.7 | DZ5: =DY5-DX5 -> 275.16968 | EA5: =DY5/DX5 -> 1.1376172 | EB5: =INDEX('SO APRIL 2026 Rev2'!$B$6:$BG$51,MATCH(B5,'SO APRIL 2026 Rev2'!$B$6:$B$51,0),MATCH($EB$3,'SO APRIL 2026 Rev2'!$B$5:$XG$5,0)) -> 1000 | EC5: =INDEX('Summary sales'!$A$6:$BX$50,MATCH($B5,'Summary sales'!$A$6:$A$50,0),MATCH($EB$3,'Summary sales'!$A$7:$BX$7,0)) -> 1085.38 | ED5: =EC5-EB5 -> 85.38 | EE5: =EC5/EB5 -> 1.08538 | EF5: =INDEX('SO APRIL 2026 Rev2'!$B$6:$BG$51,MATCH(B5,'SO APRIL 2026 Rev2'!$B$6:$B$51,0),MATCH($EF$3,'SO APRIL 2026 Rev2'!$B$5:$XG$5,0)) -> 11007.047 | EG5: =INDEX('Summary sales'!$A$6:$BX$50,MATCH($B5,'Summary sales'!$A$6:$A$50,0),MATCH($EF$3,'Summary sales'!$A$7:$BX$7,0)) -> 10600.3 | EH5: =EG5-EF5 -> -406.74742 | EI5: =EG5/EF5 -> 0.96304664 | EJ5: =INDEX('SO APRIL 2026 Rev2'!$B$6:$BG$51,MATCH(B5,'SO APRIL 2026 Rev2'!$B$6:$B$51,0),MATCH($EJ$3,'SO APRIL 2026 Rev2'!$B$5:$XG$5,0)) -> 1519.5448 | EK5: =INDEX('Summary sales'!$A$6:$BX$50,MATCH($B5,'Summary sales'!$A$6:$A$50,0),MATCH($EJ$3,'Summary sales'!$A$7:$BX$7,0)) -> 1890.04 | EL5: =EK5-EJ5 -> 370.49516 | EM5: =EK5/EJ5 -> 1.2438198 | EN5: =INDEX('SO APRIL 2026 Rev2'!$B$6:$BG$51,MATCH(B5,'SO APRIL 2026 Rev2'!$B$6:$B$51,0),MATCH($EN$3,'SO APRIL 2026 Rev2'!$B$5:$XG$5,0)) -> 3999.6742 | EO5: =INDEX('Summary sales'!$A$6:$BX$50,MATCH($B5,'Summary sales'!$A$6:$A$50,0),MATCH($EN$3,'Summary sales'!$A$7:$BX$7,0)) -> 5665.38 | EP5: =EO5-EN5 -> 1665.7058 | EQ5: =EO5/EN5 -> 1.4164604 | ER5: =INDEX('SO APRIL 2026 Rev2'!$B$6:$BG$51,MATCH(B5,'SO APRIL 2026 Rev2'!$B$6:$B$51,0),MATCH($ER$3,'SO APRIL 2026 Rev2'!$B$5:$XG$5,0)) -> 7000 | ES5: =INDEX('Summary sales'!$A$6:$BX$50,MATCH(B5,'Summary sales'!$A$6:$A$50,0),MATCH($ER$3,'Summary sales'!$A$7:$BX$7,0)) -> 7568.76 | ET5: =ES5-ER5 -> 568.76 | EU5: =ES5/ER5 -> 1.0812514 | EV5: =INDEX('SO APRIL 2026 Rev2'!$B$6:$BG$51,MATCH(B5,'SO APRIL 2026 Rev2'!$B$6:$B$51,0),MATCH($EV$3,'SO APRIL 2026 Rev2'!$B$5:$XG$5,0)) -> 7000 | EW5: =INDEX('Summary sales'!$A$6:$BX$50,MATCH($B5,'Summary sales'!$A$6:$A$50,0),MATCH($EV$3,'Summary sales'!$A$7:$BX$7,0)) -> 9724.73 | EX5: =EW5-EV5 -> 2724.73 | EY5: =EW5/EV5 -> 1.3892471 | EZ5: =INDEX('SO APRIL 2026 Rev2'!$B$6:$BG$51,MATCH(B5,'SO APRIL 2026 Rev2'!$B$6:$B$51,0),MATCH($EZ$3,'SO APRIL 2026 Rev2'!$B$5:$XG$5,0)) -> 26500 | FA5: =INDEX('Summary sales'!$A$6:$BX$50,MATCH($B5,'Summary sales'!$A$6:$A$50,0),MATCH($EZ$3,'Summary sales'!$A$7:$BX$7,0)) -> 19191.26 | FB5: =FA5-EZ5 -> -7308.74 | FC5: =FA5/EZ5 -> 0.72419849 | FD5: =INDEX('SO APRIL 2026 Rev2'!$B$6:$BG$51,MATCH(B5,'SO APRIL 2026 Rev2'!$B$6:$B$51,0),MATCH($FD$3,'SO APRIL 2026 Rev2'!$B$5:$XG$5,0)) -> 8000 | FE5: =INDEX('Summary sales'!$A$6:$BX$50,MATCH(B5,'Summary sales'!$A$6:$A$50,0),MATCH($FD$3,'Summary sales'!$A$7:$BX$7,0)) -> 6032.27 | FF5: =FE5-FD5 -> -1967.73 | FG5: =FE5/FD5 -> 0.75403375 | FH5: =INDEX('SO APRIL 2026 Rev2'!$B$6:$BG$51,MATCH(B5,'SO APRIL 2026 Rev2'!$B$6:$B$51,0),MATCH($FH$3,'SO APRIL 2026 Rev2'!$B$5:$XG$5,0)) -> 3500 | FI5: =INDEX('Summary sales'!$A$6:$BX$50,MATCH(B5,'Summary sales'!$A$6:$A$50,0),MATCH($FH$3,'Summary sales'!$A$7:$BX$7,0)) -> 2573.8 | FJ5: =FI5-FH5 -> -926.2 | FK5: =FI5/FH5 -> 0.73537143 | FL5: =INDEX('SO APRIL 2026 Rev2'!$B$6:$BG$51,MATCH(B5,'SO APRIL 2026 Rev2'!$B$6:$B$51,0),MATCH($FL$3,'SO APRIL 2026 Rev2'!$B$5:$XG$5,0)) -> 726.81516 | FM5: =INDEX('Summary sales'!$A$6:$BX$50,MATCH(B5,'Summary sales'!$A$6:$A$50,0),MATCH($FL$3,'Summary sales'!$A$7:$BX$7,0)) -> 449.13 | FN5: =FM5-FL5 -> -277.68516 | FO5: =FM5/FL5 -> 0.61794253 | FP5: =INDEX('SO APRIL 2026 Rev2'!$B$6:$BG$51,MATCH(B5,'SO APRIL 2026 Rev2'!$B$6:$B$51,0),MATCH($FP$3,'SO APRIL 2026 Rev2'!$B$5:$XG$5,0)) -> 3018.0416 | FQ5: =INDEX('Summary sales'!$A$6:$BX$50,MATCH(B5,'Summary sales'!$A$6:$A$50,0),MATCH($FP$3,'Summary sales'!$A$7:$BX$7,0)) -> 2807.35 | FR5: =FQ5-FP5 -> -210.69161 | FS5: =FQ5/FP5 -> 0.93018929 | FT5: =INDEX('SO APRIL 2026 Rev2'!$B$6:$BG$51,MATCH(B5,'SO APRIL 2026 Rev2'!$B$6:$B$51,0),MATCH($FT$3,'SO APRIL 2026 Rev2'!$B$5:$XG$5,0)) -> 2044.9997 | FU5: =INDEX('Summary sales'!$A$6:$BX$50,MATCH(B5,'Summary sales'!$A$6:$A$50,0),MATCH($FT$3,'Summary sales'!$A$7:$BX$7,0)) -> 2993.11 | FV5: =FU5-FT5 -> 948.11032 | FW5: =FU5/FT5 -> 1.4636237 | FX5: =INDEX('SO APRIL 2026 Rev2'!$B$6:$BG$51,MATCH(B5,'SO APRIL 2026 Rev2'!$B$6:$B$51,0),MATCH($FX$3,'SO APRIL 2026 Rev2'!$B$5:$XG$5,0)) -> 369.61071 | FY5: =INDEX('Summary sales'!$A$6:$BX$50,MATCH(B5,'Summary sales'!$A$6:$A$50,0),MATCH($FX$3,'Summary sales'!$A$7:$BX$7,0)) -> 0 | FZ5: =FY5-FX5 -> -369.61071 | GA5: =FY5/FX5 -> 0 | GB5: =INDEX('SO APRIL 2026 Rev2'!$B$6:$BG$51,MATCH(B5,'SO APRIL 2026 Rev2'!$B$6:$B$51,0),MATCH($GB$3,'SO APRIL 2026 Rev2'!$B$5:$XG$5,0)) -> 0 | GC5: =INDEX('Summary sales'!$A$6:$BX$50,MATCH(B5,'Summary sales'!$A$6:$A$50,0),MATCH($GB$3,'Summary sales'!$A$7:$BX$7,0)) -> 0 | GD5: =GC5-GB5 -> 0 | GE5: =GC5/GB5 -> #DIV/0! | GF5: =INDEX('SO APRIL 2026 Rev2'!$B$6:$BG$51,MATCH(B5,'SO APRIL 2026 Rev2'!$B$6:$B$51,0),MATCH($GF$3,'SO APRIL 2026 Rev2'!$B$5:$XG$5,0)) -> 5000 | GG5: =INDEX('Summary sales'!$A$6:$BX$50,MATCH($B5,'Summary sales'!$A$6:$A$50,0),MATCH($GF$3,'Summary sales'!$A$7:$BX$7,0)) -> 6855.381 | GH5: =GG5-GF5 -> 1855.381 | GI5: =GG5/GF5 -> 1.3710762 | GJ5: =INDEX('SO APRIL 2026 Rev2'!$B$6:$BG$51,MATCH(B5,'SO APRIL 2026 Rev2'!$B$6:$B$51,0),MATCH($GJ$3,'SO APRIL 2026 Rev2'!$B$5:$XG$5,0)) -> 1121.9003 | GK5: =INDEX('Summary sales'!$A$6:$BX$50,MATCH($B5,'Summary sales'!$A$6:$A$50,0),MATCH($GJ$3,'Summary sales'!$A$7:$BX$7,0)) -> 1576.29 | GL5: =GK5-GJ5 -> 454.38968 | GM5: =GK5/GJ5 -> 1.4050179 | GN5: =INDEX('SO APRIL 2026 Rev2'!$B$6:$BG$51,MATCH(B5,'SO APRIL 2026 Rev2'!$B$6:$B$51,0),MATCH($GN$3,'SO APRIL 2026 Rev2'!$B$5:$XG$5,0)) -> 1800 | GO5: =INDEX('Summary sales'!$A$6:$BX$50,MATCH(B5,'Summary sales'!$A$6:$A$50,0),MATCH($GN$3,'Summary sales'!$A$7:$BX$7,0)) -> 1659.637 | GP5: =GO5-GN5 -> -140.363 | GQ5: =GO5/GN5 -> 0.92202056 | GR5: =INDEX('SO APRIL 2026 Rev2'!$B$6:$BG$51,MATCH(B5,'SO APRIL 2026 Rev2'!$B$6:$B$51,0),MATCH($GR$3,'SO APRIL 2026 Rev2'!$B$5:$XG$5,0)) -> 2499.7026 | GS5: =INDEX('Summary sales'!$A$6:$BX$50,MATCH(B5,'Summary sales'!$A$6:$A$50,0),MATCH($GR$3,'Summary sales'!$A$7:$BX$7,0)) -> 91.56 | GT5: =GS5-GR5 -> -2408.1426 | GU5: =GS5/GR5 -> 0.036628358 | GV5: =INDEX('SO APRIL 2026 Rev2'!$B$6:$BG$51,MATCH(B5,'SO APRIL 2026 Rev2'!$B$6:$B$51,0),MATCH($GV$3,'SO APRIL 2026 Rev2'!$B$5:$XG$5,0)) -> 0 | GW5: =INDEX('Summary sales'!$A$6:$BX$50,MATCH(B5,'Summary sales'!$A$6:$A$50,0),MATCH($GV$3,'Summary sales'!$A$7:$BX$7,0)) -> 0 | GX5: =GW5-GV5 -> 0 | GY5: =GW5/GV5 -> #DIV/0! | GZ5: =INDEX('SO APRIL 2026 Rev2'!$B$6:$BG$51,MATCH(B5,'SO APRIL 2026 Rev2'!$B$6:$B$51,0),MATCH($GZ$3,'SO APRIL 2026 Rev2'!$B$5:$XG$5,0)) -> 0 | HA5: =INDEX('Summary sales'!$A$6:$BX$50,MATCH(B5,'Summary sales'!$A$6:$A$50,0),MATCH($GZ$3,'Summary sales'!$A$7:$BX$7,0)) -> 0 | HB5: =HA5-GZ5 -> 0 | HC5: =HA5/GZ5 -> #DIV/0!
B6: =B5+1 -> 46114 | C6: =TEXT(B6,"ddd") -> Kam | D6: =SUMIF($H$4:$HB$4,$D$4,H6:HB6) -> 186311.43 | E6: =SUMIF($H$4:$HB$4,$E$4,H6:HB6) -> 175615.56 | F6: =E6-D6 -> -10695.876 | G6: =E6/D6 -> 0.94259142 | H6: =INDEX('SO APRIL 2026 Rev2'!$B$6:$BG$51,MATCH(B6,'SO APRIL 2026 Rev2'!$B$6:$B$51,0),MATCH($H$3,'SO APRIL 2026 Rev2'!$B$5:$XG$5,0)) -> 1199.5729 | I6: =INDEX('Summary sales'!$A$6:$BX$50,MATCH(B6,'Summary sales'!$A$6:$A$50,0),MATCH($H$3,'Summary sales'!$A$7:$BX$7,0)) -> 1147.34 | J6: =I6-H6 -> -52.232903 | K6: =I6/H6 -> 0.95645708 | L6: =INDEX('SO APRIL 2026 Rev2'!$B$6:$BG$51,MATCH(B6,'SO APRIL 2026 Rev2'!$B$6:$B$51,0),MATCH($L$3,'SO APRIL 2026 Rev2'!$B$5:$XG$5,0)) -> 1500 | M6: =INDEX('Summary sales'!$A$6:$BX$50,MATCH($B6,'Summary sales'!$A$6:$A$50,0),MATCH($L$3,'Summary sales'!$A$7:$BX$7,0)) -> 1097.8 | N6: =M6-L6 -> -402.2 | O6: =M6/L6 -> 0.73186667 | P6: =INDEX('SO APRIL 2026 Rev2'!$B$6:$BG$51,MATCH(B6,'SO APRIL 2026 Rev2'!$B$6:$B$51,0),MATCH($P$3,'SO APRIL 2026 Rev2'!$B$5:$XG$5,0)) -> 1129.7313 | Q6: =INDEX('Summary sales'!$A$6:$BX$50,MATCH($B6,'Summary sales'!$A$6:$A$50,0),MATCH($P$3,'Summary sales'!$A$7:$BX$7,0)) -> 1177.13 | R6: =Q6-P6 -> 47.39871 | S6: =Q6/P6 -> 1.0419557 | T6: =INDEX('SO APRIL 2026 Rev2'!$B$6:$BG$51,MATCH(B6,'SO APRIL 2026 Rev2'!$B$6:$B$51,0),MATCH($T$3,'SO APRIL 2026 Rev2'!$B$5:$XG$5,0)) -> 3282.5161 | U6: =INDEX('Summary sales'!$A$6:$BX$50,MATCH($B6,'Summary sales'!$A$6:$A$50,0),MATCH($T$3,'Summary sales'!$A$7:$BX$7,0)) -> 3052.6 | V6: =U6-T6 -> -229.91613 | W6: =U6/T6 -> 0.92995735 | X6: =INDEX('SO APRIL 2026 Rev2'!$B$6:$BG$51,MATCH(B6,'SO APRIL 2026 Rev2'!$B$6:$B$51,0),MATCH($X$3,'SO APRIL 2026 Rev2'!$B$5:$XG$5,0)) -> 644.02065 | Y6: =INDEX('Summary sales'!$A$6:$BX$50,MATCH($B6,'Summary sales'!$A$6:$A$50,0),MATCH($X$3,'Summary sales'!$A$7:$BX$7,0)) -> 778.56 | Z6: =Y6-X6 -> 134.53935 | AA6: =Y6/X6 -> 1.2089053 | AB6: =INDEX('SO APRIL 2026 Rev2'!$B$6:$BG$51,MATCH(B6,'SO APRIL 2026 Rev2'!$B$6:$B$51,0),MATCH($AB$3,'SO APRIL 2026 Rev2'!$B$5:$XG$5,0)) -> 0 | AC6: =INDEX('Summary sales'!$A$6:$BX$50,MATCH($B6,'Summary sales'!$A$6:$A$50,0),MATCH($AB$3,'Summary sales'!$A$7:$BX$7,0)) -> 0 | AD6: =AC6-AB6 -> 0 | AE6: =AC6/AB6 -> #DIV/0! | AF6: =INDEX('SO APRIL 2026 Rev2'!$B$6:$BG$51,MATCH(B6,'SO APRIL 2026 Rev2'!$B$6:$B$51,0),MATCH($AF$3,'SO APRIL 2026 Rev2'!$B$5:$XG$5,0)) -> 499.97065 | AG6: =INDEX('Summary sales'!$A$6:$BX$50,MATCH($B6,'Summary sales'!$A$6:$A$50,0),MATCH($AF$3,'Summary sales'!$A$7:$BX$7,0)) -> 93.95 | AH6: =AG6-AF6 -> -406.02065 | AI6: =AG6/AF6 -> 0.18791103 | AJ6: =INDEX('SO APRIL 2026 Rev2'!$B$6:$BG$51,MATCH(B6,'SO APRIL 2026 Rev2'!$B$6:$B$51,0),MATCH($AJ$3,'SO APRIL 2026 Rev2'!$B$5:$XG$5,0)) -> 603.76323 | AK6: =INDEX('Summary sales'!$A$6:$BX$50,MATCH($B6,'Summary sales'!$A$6:$A$50,0),MATCH($AJ$3,'Summary sales'!$A$7:$BX$7,0)) -> 911.29 | AL6: =AK6-AJ6 -> 307.52677 | AM6: =AK6/AJ6 -> 1.50935 | AN6: =INDEX('SO APRIL 2026 Rev2'!$B$6:$BG$51,MATCH(B6,'SO APRIL 2026 Rev2'!$B$6:$B$51,0),MATCH($AN$3,'SO APRIL 2026 Rev2'!$B$5:$XG$5,0)) -> 673.27548 | AO6: =INDEX('Summary sales'!$A$6:$BX$50,MATCH($B6,'Summary sales'!$A$6:$A$50,0),MATCH($AN$3,'Summary sales'!$A$7:$BX$7,0)) -> 570.57 | AP6: =AO6-AN6 -> -102.70548 | AQ6: =AO6/AN6 -> 0.847454 | AR6: =INDEX('SO APRIL 2026 Rev2'!$B$6:$BG$51,MATCH(B6,'SO APRIL 2026 Rev2'!$B$6:$B$51,0),MATCH($AR$3,'SO APRIL 2026 Rev2'!$B$5:$XG$5,0)) -> 5514.199 | AS6: =INDEX('Summary sales'!$A$6:$BX$50,MATCH($B6,'Summary sales'!$A$6:$A$50,0),MATCH($AR$3,'Summary sales'!$A$7:$BX$7,0)) -> 4114.47 | AT6: =AS6-AR6 -> -1399.729 | AU6: =AS6/AR6 -> 0.74615914 | AV6: =INDEX('SO APRIL 2026 Rev2'!$B$6:$BG$51,MATCH(B6,'SO APRIL 2026 Rev2'!$B$6:$B$51,0),MATCH($AV$3,'SO APRIL 2026 Rev2'!$B$5:$XG$5,0)) -> 6600.0623 | AW6: =INDEX('Summary sales'!$A$6:$BX$50,MATCH($B6,'Summary sales'!$A$6:$A$50,0),MATCH($AV$3,'Summary sales'!$A$7:$BX$7,0)) -> 2335.16 | AX6: =AW6-AV6 -> -4264.9023 | AY6: =AW6/AV6 -> 0.35380878 | AZ6: =INDEX('SO APRIL 2026 Rev2'!$B$6:$BG$51,MATCH(B6,'SO APRIL 2026 Rev2'!$B$6:$B$51,0),MATCH($AZ$3,'SO APRIL 2026 Rev2'!$B$5:$XG$5,0)) -> 2874.3265 | BA6: =INDEX('Summary sales'!$A$6:$BX$50,MATCH($B6,'Summary sales'!$A$6:$A$50,0),MATCH($AZ$3,'Summary sales'!$A$7:$BX$7,0)) -> 1417.9 | BB6: =BA6-AZ6 -> -1456.4265 | BC6: =BA6/AZ6 -> 0.49329818 | BD6: =INDEX('SO APRIL 2026 Rev2'!$B$6:$BG$51,MATCH(B6,'SO APRIL 2026 Rev2'!$B$6:$B$51,0),MATCH($BD$3,'SO APRIL 2026 Rev2'!$B$5:$XG$5,0)) -> 500 | BE6: =INDEX('Summary sales'!$A$6:$BX$50,MATCH($B6,'Summary sales'!$A$6:$A$50,0),MATCH($BD$3,'Summary sales'!$A$7:$BX$7,0)) -> 149.29 | BF6: =BE6-BD6 -> -350.71 | BG6: =BE6/BD6 -> 0.29858 | BH6: =INDEX('SO APRIL 2026 Rev2'!$B$6:$BG$51,MATCH(B6,'SO APRIL 2026 Rev2'!$B$6:$B$51,0),MATCH($BH$3,'SO APRIL 2026 Rev2'!$B$5:$XG$5,0)) -> 9600 | BI6: =INDEX('Summary sales'!$A$6:$BX$50,MATCH($B6,'Summary sales'!$A$6:$A$50,0),MATCH($BH$3,'Summary sales'!$A$7:$BX$7,0)) -> 10076.34 | BJ6: =BI6-BH6 -> 476.34 | BK6: =BI6/BH6 -> 1.0496188 | BL6: =INDEX('SO APRIL 2026 Rev2'!$B$6:$BG$51,MATCH(B6,'SO APRIL 2026 Rev2'!$B$6:$B$51,0),MATCH($BL$3,'SO APRIL 2026 Rev2'!$B$5:$XG$5,0)) -> 9000.0571 | BM6: =INDEX('Summary sales'!$A$6:$BX$50,MATCH($B6,'Summary sales'!$A$6:$A$50,0),MATCH($BL$3,'Summary sales'!$A$7:$BX$7,0)) -> 10373.96 | BN6: =BM6-BL6 -> 1373.9029 | BO6: =BM6/BL6 -> 1.1526549 | BP6: =INDEX('SO APRIL 2026 Rev2'!$B$6:$BG$51,MATCH(B6,'SO APRIL 2026 Rev2'!$B$6:$B$51,0),MATCH($BP$3,'SO APRIL 2026 Rev2'!$B$5:$XG$5,0)) -> 1300 | BQ6: =INDEX('Summary sales'!$A$6:$BX$50,MATCH($B6,'Summary sales'!$A$6:$A$50,0),MATCH($BP$3,'Summary sales'!$A$7:$BX$7,0)) -> 879.37 | BR6: =BQ6-BP6 -> -420.63 | BS6: =BQ6/BP6 -> 0.67643846 | BT6: =INDEX('SO APRIL 2026 Rev2'!$B$6:$BG$51,MATCH(B6,'SO APRIL 2026 Rev2'!$B$6:$B$51,0),MATCH($BT$3,'SO APRIL 2026 Rev2'!$B$5:$XG$5,0)) -> 1000 | BU6: =INDEX('Summary sales'!$A$6:$BX$50,MATCH($B6,'Summary sales'!$A$6:$A$50,0),MATCH($BT$3,'Summary sales'!$A$7:$BX$7,0)) -> 810.873 | BV6: =BU6-BT6 -> -189.127 | BW6: =BU6/BT6 -> 0.810873 | BX6: =INDEX('SO APRIL 2026 Rev2'!$B$6:$BG$51,MATCH(B6,'SO APRIL 2026 Rev2'!$B$6:$B$51,0),MATCH($BX$3,'SO APRIL 2026 Rev2'!$B$5:$XG$5,0)) -> 5500 | BY6: =INDEX('Summary sales'!$A$6:$BX$50,MATCH($B6,'Summary sales'!$A$6:$A$50,0),MATCH($BX$3,'Summary sales'!$A$7:$BX$7,0)) -> 3061.44 | BZ6: =BY6-BX6 -> -2438.56 | CA6: =BY6/BX6 -> 0.55662545 | CB6: =INDEX('SO APRIL 2026 Rev2'!$B$6:$BG$51,MATCH(B6,'SO APRIL 2026 Rev2'!$B$6:$B$51,0),MATCH($CB$3,'SO APRIL 2026 Rev2'!$B$5:$XG$5,0)) -> 70.054839 | CC6: =INDEX('Summary sales'!$A$6:$BX$50,MATCH($B6,'Summary sales'!$A$6:$A$50,0),MATCH($CB$3,'Summary sales'!$A$7:$BX$7,0)) -> 165.6 | CD6: =CC6-CB6 -> 95.545161 | CE6: =CC6/CB6 -> 2.3638624 | CF6: =INDEX('SO APRIL 2026 Rev2'!$B$6:$BG$51,MATCH(B6,'SO APRIL 2026 Rev2'!$B$6:$B$51,0),MATCH($CF$3,'SO APRIL 2026 Rev2'!$B$5:$XG$5,0)) -> 89.451613 | CG6: =INDEX('Summary sales'!$A$6:$BX$50,MATCH($B6,'Summary sales'!$A$6:$A$50,0),MATCH($CF$3,'Summary sales'!$A$7:$BX$7,0)) -> 49.22 | CH6: =CG6-CF6 -> -40.231613 | CI6: =CG6/CF6 -> 0.55024162 | CJ6: =INDEX('SO APRIL 2026 Rev2'!$B$6:$BG$51,MATCH(B6,'SO APRIL 2026 Rev2'!$B$6:$B$51,0),MATCH($CJ$3,'SO APRIL 2026 Rev2'!$B$5:$XG$5,0)) -> 3500 | CK6: =INDEX('Summary sales'!$A$6:$BX$50,MATCH($B6,'Summary sales'!$A$6:$A$50,0),MATCH($CJ$3,'Summary sales'!$A$7:$BX$7,0)) -> 3460.6 | CL6: =CK6-CJ6 -> -39.4 | CM6: =CK6/CJ6 -> 0.98874286 | CN6: =INDEX('SO APRIL 2026 Rev2'!$B$6:$BG$51,MATCH(B6,'SO APRIL 2026 Rev2'!$B$6:$B$51,0),MATCH($CN$3,'SO APRIL 2026 Rev2'!$B$5:$XG$5,0)) -> 2900 | CO6: =INDEX('Summary sales'!$A$6:$BX$50,MATCH($B6,'Summary sales'!$A$6:$A$50,0),MATCH($CN$3,'Summary sales'!$A$7:$BX$7,0)) -> 4992.4 | CP6: =CO6-CN6 -> 2092.4 | CQ6: =CO6/CN6 -> 1.7215172 | CR6: =INDEX('SO APRIL 2026 Rev2'!$B$6:$BG$51,MATCH(B6,'SO APRIL 2026 Rev2'!$B$6:$B$51,0),MATCH($CR$3,'SO APRIL 2026 Rev2'!$B$5:$XG$5,0)) -> 5000 | CS6: =INDEX('Summary sales'!$A$6:$BX$50,MATCH($B6,'Summary sales'!$A$6:$A$50,0),MATCH($CR$3,'Summary sales'!$A$7:$BX$7,0)) -> 4192.98 | CT6: =CS6-CR6 -> -807.02 | CU6: =CS6/CR6 -> 0.838596 | CV6: =INDEX('SO APRIL 2026 Rev2'!$B$6:$BG$51,MATCH(B6,'SO APRIL 2026 Rev2'!$B$6:$B$51,0),MATCH($CV$3,'SO APRIL 2026 Rev2'!$B$5:$XG$5,0)) -> 8000 | CW6: =INDEX('Summary sales'!$A$6:$BX$50,MATCH($B6,'Summary sales'!$A$6:$A$50,0),MATCH($CV$3,'Summary sales'!$A$7:$BX$7,0)) -> 7399.1 | CX6: =CW6-CV6 -> -600.9 | CY6: =CW6/CV6 -> 0.9248875 | CZ6: =INDEX('SO APRIL 2026 Rev2'!$B$6:$BG$51,MATCH(B6,'SO APRIL 2026 Rev2'!$B$6:$B$51,0),MATCH($CZ$3,'SO APRIL 2026 Rev2'!$B$5:$XG$5,0)) -> 11659.555 | DA6: =INDEX('Summary sales'!$A$6:$BX$50,MATCH($B6,'Summary sales'!$A$6:$A$50,0),MATCH($CZ$3,'Summary sales'!$A$7:$BX$7,0)) -> 16219.787 | DB6: =DA6-CZ6 -> 4560.2325 | DC6: =DA6/CZ6 -> 1.3911155 | DD6: =INDEX('SO APRIL 2026 Rev2'!$B$6:$BG$51,MATCH(B6,'SO APRIL 2026 Rev2'!$B$6:$B$51,0),MATCH($DD$3,'SO APRIL 2026 Rev2'!$B$5:$XG$5,0)) -> 2020.8603 | DE6: =INDEX('Summary sales'!$A$6:$BX$50,MATCH($B6,'Summary sales'!$A$6:$A$50,0),MATCH($DD$3,'Summary sales'!$A$7:$BX$7,0)) -> 2955.19 | DF6: =DE6-DD6 -> 934.32968 | DG6: =DE6/DD6 -> 1.4623425 | DH6: =INDEX('SO APRIL 2026 Rev2'!$B$6:$BG$51,MATCH(B6,'SO APRIL 2026 Rev2'!$B$6:$B$51,0),MATCH($DH$3,'SO APRIL 2026 Rev2'!$B$5:$XG$5,0)) -> 800 | DI6: =INDEX('Summary sales'!$A$6:$BX$50,MATCH($B6,'Summary sales'!$A$6:$A$50,0),MATCH($DH$3,'Summary sales'!$A$7:$BX$7,0)) -> 988.9 | DJ6: =DI6-DH6 -> 188.9 | DK6: =DI6/DH6 -> 1.236125 | DL6: =INDEX('SO APRIL 2026 Rev2'!$B$6:$BG$51,MATCH(B6,'SO APRIL 2026 Rev2'!$B$6:$B$51,0),MATCH($DL$3,'SO APRIL 2026 Rev2'!$B$5:$XG$5,0)) -> 7200 | DM6: =INDEX('Summary sales'!$A$6:$BX$50,MATCH($B6,'Summary sales'!$A$6:$A$50,0),MATCH($DL$3,'Summary sales'!$A$7:$BX$7,0)) -> 8036.55 | DN6: =DM6-DL6 -> 836.55 | DO6: =DM6/DL6 -> 1.1161875 | DP6: =INDEX('SO APRIL 2026 Rev2'!$B$6:$BG$51,MATCH(B6,'SO APRIL 2026 Rev2'!$B$6:$B$51,0),MATCH($DP$3,'SO APRIL 2026 Rev2'!$B$5:$XG$5,0)) -> 3499.8768 | DQ6: =INDEX('Summary sales'!$A$6:$BX$50,MATCH($B6,'Summary sales'!$A$6:$A$50,0),MATCH($DP$3,'Summary sales'!$A$7:$BX$7,0)) -> 4635.43 | DR6: =DQ6-DP6 -> 1135.5532 | DS6: =DQ6/DP6 -> 1.3244552 | DT6: =INDEX('SO APRIL 2026 Rev2'!$B$6:$BG$51,MATCH(B6,'SO APRIL 2026 Rev2'!$B$6:$B$51,0),MATCH($DT$3,'SO APRIL 2026 Rev2'!$B$5:$XG$5,0)) -> 2043.2745 | DU6: =INDEX('Summary sales'!$A$6:$BX$50,MATCH($B6,'Summary sales'!$A$6:$A$50,0),MATCH($DT$3,'Summary sales'!$A$7:$BX$7,0)) -> 1208.3 | DV6: =DU6-DT6 -> -834.97452 | DW6: =DU6/DT6 -> 0.59135471 | DX6: =INDEX('SO APRIL 2026 Rev2'!$B$6:$BG$51,MATCH(B6,'SO APRIL 2026 Rev2'!$B$6:$B$51,0),MATCH($DX$3,'SO APRIL 2026 Rev2'!$B$5:$XG$5,0)) -> 1999.5303 | DY6: =INDEX('Summary sales'!$A$6:$BX$50,MATCH($B6,'Summary sales'!$A$6:$A$50,0),MATCH($DX$3,'Summary sales'!$A$7:$BX$7,0)) -> 2264.77 | DZ6: =DY6-DX6 -> 265.23968 | EA6: =DY6/DX6 -> 1.132651 | EB6: =INDEX('SO APRIL 2026 Rev2'!$B$6:$BG$51,MATCH(B6,'SO APRIL 2026 Rev2'!$B$6:$B$51,0),MATCH($EB$3,'SO APRIL 2026 Rev2'!$B$5:$XG$5,0)) -> 1000 | EC6: =INDEX('Summary sales'!$A$6:$BX$50,MATCH($B6,'Summary sales'!$A$6:$A$50,0),MATCH($EB$3,'Summary sales'!$A$7:$BX$7,0)) -> 500.45 | ED6: =EC6-EB6 -> -499.55 | EE6: =EC6/EB6 -> 0.50045 | EF6: =INDEX('SO APRIL 2026 Rev2'!$B$6:$BG$51,MATCH(B6,'SO APRIL 2026 Rev2'!$B$6:$B$51,0),MATCH($EF$3,'SO APRIL 2026 Rev2'!$B$5:$XG$5,0)) -> 11007.047 | EG6: =INDEX('Summary sales'!$A$6:$BX$50,MATCH($B6,'Summary sales'!$A$6:$A$50,0),MATCH($EF$3,'Summary sales'!$A$7:$BX$7,0)) -> 8993.75 | EH6: =EG6-EF6 -> -2013.2974 | EI6: =EG6/EF6 -> 0.81709015 | EJ6: =INDEX('SO APRIL 2026 Rev2'!$B$6:$BG$51,MATCH(B6,'SO APRIL 2026 Rev2'!$B$6:$B$51,0),MATCH($EJ$3,'SO APRIL 2026 Rev2'!$B$5:$XG$5,0)) -> 1519.5448 | EK6: =INDEX('Summary sales'!$A$6:$BX$50,MATCH($B6,'Summary sales'!$A$6:$A$50,0),MATCH($EJ$3,'Summary sales'!$A$7:$BX$7,0)) -> 2025.65 | EL6: =EK6-EJ6 -> 506.10516 | EM6: =EK6/EJ6 -> 1.3330637 | EN6: =INDEX('SO APRIL 2026 Rev2'!$B$6:$BG$51,MATCH(B6,'SO APRIL 2026 Rev2'!$B$6:$B$51,0),MATCH($EN$3,'SO APRIL 2026 Rev2'!$B$5:$XG$5,0)) -> 3999.6742 | EO6: =INDEX('Summary sales'!$A$6:$BX$50,MATCH($B6,'Summary sales'!$A$6:$A$50,0),MATCH($EN$3,'Summary sales'!$A$7:$BX$7,0)) -> 5332.38 | EP6: =EO6-EN6 -> 1332.7058 | EQ6: =EO6/EN6 -> 1.3332036 | ER6: =INDEX('SO APRIL 2026 Rev2'!$B$6:$BG$51,MATCH(B6,'SO APRIL 2026 Rev2'!$B$6:$B$51,0),MATCH($ER$3,'SO APRIL 2026 Rev2'!$B$5:$XG$5,0)) -> 7000 | ES6: =INDEX('Summary sales'!$A$6:$BX$50,MATCH(B6,'Summary sales'!$A$6:$A$50,0),MATCH($ER$3,'Summary sales'!$A$7:$BX$7,0)) -> 8045.44 | ET6: =ES6-ER6 -> 1045.44 | EU6: =ES6/ER6 -> 1.1493486 | EV6: =INDEX('SO APRIL 2026 Rev2'!$B$6:$BG$51,MATCH(B6,'SO APRIL 2026 Rev2'!$B$6:$B$51,0),MATCH($EV$3,'SO APRIL 2026 Rev2'!$B$5:$XG$5,0)) -> 7000 | EW6: =INDEX('Summary sales'!$A$6:$BX$50,MATCH($B6,'Summary sales'!$A$6:$A$50,0),MATCH($EV$3,'Summary sales'!$A$7:$BX$7,0)) -> 10472.65 | EX6: =EW6-EV6 -> 3472.65 | EY6: =EW6/EV6 -> 1.4960929 | EZ6: =INDEX('SO APRIL 2026 Rev2'!$B$6:$BG$51,MATCH(B6,'SO APRIL 2026 Rev2'!$B$6:$B$51,0),MATCH($EZ$3,'SO APRIL 2026 Rev2'!$B$5:$XG$5,0)) -> 26500 | FA6: =INDEX('Summary sales'!$A$6:$BX$50,MATCH($B6,'Summary sales'!$A$6:$A$50,0),MATCH($EZ$3,'Summary sales'!$A$7:$BX$7,0)) -> 17634.18 | FB6: =FA6-EZ6 -> -8865.82 | FC6: =FA6/EZ6 -> 0.66544075 | FD6: =INDEX('SO APRIL 2026 Rev2'!$B$6:$BG$51,MATCH(B6,'SO APRIL 2026 Rev2'!$B$6:$B$51,0),MATCH($FD$3,'SO APRIL 2026 Rev2'!$B$5:$XG$5,0)) -> 8000 | FE6: =INDEX('Summary sales'!$A$6:$BX$50,MATCH(B6,'Summary sales'!$A$6:$A$50,0),MATCH($FD$3,'Summary sales'!$A$7:$BX$7,0)) -> 5506.79 | FF6: =FE6-FD6 -> -2493.21 | FG6: =FE6/FD6 -> 0.68834875 | FH6: =INDEX('SO APRIL 2026 Rev2'!$B$6:$BG$51,MATCH(B6,'SO APRIL 2026 Rev2'!$B$6:$B$51,0),MATCH($FH$3,'SO APRIL 2026 Rev2'!$B$5:$XG$5,0)) -> 3500 | FI6: =INDEX('Summary sales'!$A$6:$BX$50,MATCH(B6,'Summary sales'!$A$6:$A$50,0),MATCH($FH$3,'Summary sales'!$A$7:$BX$7,0)) -> 3743.1 | FJ6: =FI6-FH6 -> 243.1 | FK6: =FI6/FH6 -> 1.0694571 | FL6: =INDEX('SO APRIL 2026 Rev2'!$B$6:$BG$51,MATCH(B6,'SO APRIL 2026 Rev2'!$B$6:$B$51,0),MATCH($FL$3,'SO APRIL 2026 Rev2'!$B$5:$XG$5,0)) -> 726.81516 | FM6: =INDEX('Summary sales'!$A$6:$BX$50,MATCH(B6,'Summary sales'!$A$6:$A$50,0),MATCH($FL$3,'Summary sales'!$A$7:$BX$7,0)) -> 958.97 | FN6: =FM6-FL6 -> 232.15484 | FO6: =FM6/FL6 -> 1.3194139 | FP6: =INDEX('SO APRIL 2026 Rev2'!$B$6:$BG$51,MATCH(B6,'SO APRIL 2026 Rev2'!$B$6:$B$51,0),MATCH($FP$3,'SO APRIL 2026 Rev2'!$B$5:$XG$5,0)) -> 3018.0416 | FQ6: =INDEX('Summary sales'!$A$6:$BX$50,MATCH(B6,'Summary sales'!$A$6:$A$50,0),MATCH($FP$3,'Summary sales'!$A$7:$BX$7,0)) -> 3328.67 | FR6: =FQ6-FP6 -> 310.62839 | FS6: =FQ6/FP6 -> 1.1029238 | FT6: =INDEX('SO APRIL 2026 Rev2'!$B$6:$BG$51,MATCH(B6,'SO APRIL 2026 Rev2'!$B$6:$B$51,0),MATCH($FT$3,'SO APRIL 2026 Rev2'!$B$5:$XG$5,0)) -> 2044.9997 | FU6: =INDEX('Summary sales'!$A$6:$BX$50,MATCH(B6,'Summary sales'!$A$6:$A$50,0),MATCH($FT$3,'Summary sales'!$A$7:$BX$7,0)) -> 162.36 | FV6: =FU6-FT6 -> -1882.6397 | FW6: =FU6/FT6 -> 0.079393656 | FX6: =INDEX('SO APRIL 2026 Rev2'!$B$6:$BG$51,MATCH(B6,'SO APRIL 2026 Rev2'!$B$6:$B$51,0),MATCH($FX$3,'SO APRIL 2026 Rev2'!$B$5:$XG$5,0)) -> 369.61071 | FY6: =INDEX('Summary sales'!$A$6:$BX$50,MATCH(B6,'Summary sales'!$A$6:$A$50,0),MATCH($FX$3,'Summary sales'!$A$7:$BX$7,0)) -> 25.467 | FZ6: =FY6-FX6 -> -344.14371 | GA6: =FY6/FX6 -> 0.068902224 | GB6: =INDEX('SO APRIL 2026 Rev2'!$B$6:$BG$51,MATCH(B6,'SO APRIL 2026 Rev2'!$B$6:$B$51,0),MATCH($GB$3,'SO APRIL 2026 Rev2'!$B$5:$XG$5,0)) -> 0 | GC6: =INDEX('Summary sales'!$A$6:$BX$50,MATCH(B6,'Summary sales'!$A$6:$A$50,0),MATCH($GB$3,'Summary sales'!$A$7:$BX$7,0)) -> 0 | GD6: =GC6-GB6 -> 0 | GE6: =GC6/GB6 -> #DIV/0! | GF6: =INDEX('SO APRIL 2026 Rev2'!$B$6:$BG$51,MATCH(B6,'SO APRIL 2026 Rev2'!$B$6:$B$51,0),MATCH($GF$3,'SO APRIL 2026 Rev2'!$B$5:$XG$5,0)) -> 5000 | GG6: =INDEX('Summary sales'!$A$6:$BX$50,MATCH($B6,'Summary sales'!$A$6:$A$50,0),MATCH($GF$3,'Summary sales'!$A$7:$BX$7,0)) -> 6919.651 | GH6: =GG6-GF6 -> 1919.651 | GI6: =GG6/GF6 -> 1.3839302 | GJ6: =INDEX('SO APRIL 2026 Rev2'!$B$6:$BG$51,MATCH(B6,'SO APRIL 2026 Rev2'!$B$6:$B$51,0),MATCH($GJ$3,'SO APRIL 2026 Rev2'!$B$5:$XG$5,0)) -> 1121.9003 | GK6: =INDEX('Summary sales'!$A$6:$BX$50,MATCH($B6,'Summary sales'!$A$6:$A$50,0),MATCH($GJ$3,'Summary sales'!$A$7:$BX$7,0)) -> 1582.46 | GL6: =GK6-GJ6 -> 460.55968 | GM6: =GK6/GJ6 -> 1.4105175 | GN6: =INDEX('SO APRIL 2026 Rev2'!$B$6:$BG$51,MATCH(B6,'SO APRIL 2026 Rev2'!$B$6:$B$51,0),MATCH($GN$3,'SO APRIL 2026 Rev2'!$B$5:$XG$5,0)) -> 1800 | GO6: =INDEX('Summary sales'!$A$6:$BX$50,MATCH(B6,'Summary sales'!$A$6:$A$50,0),MATCH($GN$3,'Summary sales'!$A$7:$BX$7,0)) -> 1449.091 | GP6: =GO6-GN6 -> -350.909 | GQ6: =GO6/GN6 -> 0.80505056 | GR6: =INDEX('SO APRIL 2026 Rev2'!$B$6:$BG$51,MATCH(B6,'SO APRIL 2026 Rev2'!$B$6:$B$51,0),MATCH($GR$3,'SO APRIL 2026 Rev2'!$B$5:$XG$5,0)) -> 2499.7026 | GS6: =INDEX('Summary sales'!$A$6:$BX$50,MATCH(B6,'Summary sales'!$A$6:$A$50,0),MATCH($GR$3,'Summary sales'!$A$7:$BX$7,0)) -> 317.63 | GT6: =GS6-GR6 -> -2182.0726 | GU6: =GS6/GR6 -> 0.12706712 | GV6: =INDEX('SO APRIL 2026 Rev2'!$B$6:$BG$51,MATCH(B6,'SO APRIL 2026 Rev2'!$B$6:$B$51,0),MATCH($GV$3,'SO APRIL 2026 Rev2'!$B$5:$XG$5,0)) -> 0 | GW6: =INDEX('Summary sales'!$A$6:$BX$50,MATCH(B6,'Summary sales'!$A$6:$A$50,0),MATCH($GV$3,'Summary sales'!$A$7:$BX$7,0)) -> 0 | GX6: =GW6-GV6 -> 0 | GY6: =GW6/GV6 -> #DIV/0! | GZ6: =INDEX('SO APRIL 2026 Rev2'!$B$6:$BG$51,MATCH(B6,'SO APRIL 2026 Rev2'!$B$6:$B$51,0),MATCH($GZ$3,'SO APRIL 2026 Rev2'!$B$5:$XG$5,0)) -> 0 | HA6: =INDEX('Summary sales'!$A$6:$BX$50,MATCH(B6,'Summary sales'!$A$6:$A$50,0),MATCH($GZ$3,'Summary sales'!$A$7:$BX$7,0)) -> 0 | HB6: =HA6-GZ6 -> 0 | HC6: =HA6/GZ6 -> #DIV/0!
B7: =B6+1 -> 46115 | C7: =TEXT(B7,"ddd") -> Jum | D7: =SUMIF($H$4:$HB$4,$D$4,H7:HB7) -> 182811.43 | E7: =SUMIF($H$4:$HB$4,$E$4,H7:HB7) -> 146303.56 | F7: =E7-D7 -> -36507.877 | G7: =E7/D7 -> 0.80029763 | H7: =INDEX('SO APRIL 2026 Rev2'!$B$6:$BG$51,MATCH(B7,'SO APRIL 2026 Rev2'!$B$6:$B$51,0),MATCH($H$3,'SO APRIL 2026 Rev2'!$B$5:$XG$5,0)) -> 1199.5729 | I7: =INDEX('Summary sales'!$A$6:$BX$50,MATCH(B7,'Summary sales'!$A$6:$A$50,0),MATCH($H$3,'Summary sales'!$A$7:$BX$7,0)) -> 1093.45 | J7: =I7-H7 -> -106.1229 | K7: =I7/H7 -> 0.91153276 | L7: =INDEX('SO APRIL 2026 Rev2'!$B$6:$BG$51,MATCH(B7,'SO APRIL 2026 Rev2'!$B$6:$B$51,0),MATCH($L$3,'SO APRIL 2026 Rev2'!$B$5:$XG$5,0)) -> 1500 | M7: =INDEX('Summary sales'!$A$6:$BX$50,MATCH($B7,'Summary sales'!$A$6:$A$50,0),MATCH($L$3,'Summary sales'!$A$7:$BX$7,0)) -> 1241.1 | N7: =M7-L7 -> -258.9 | O7: =M7/L7 -> 0.8274 | P7: =INDEX('SO APRIL 2026 Rev2'!$B$6:$BG$51,MATCH(B7,'SO APRIL 2026 Rev2'!$B$6:$B$51,0),MATCH($P$3,'SO APRIL 2026 Rev2'!$B$5:$XG$5,0)) -> 1129.7313 | Q7: =INDEX('Summary sales'!$A$6:$BX$50,MATCH($B7,'Summary sales'!$A$6:$A$50,0),MATCH($P$3,'Summary sales'!$A$7:$BX$7,0)) -> 526.36 | R7: =Q7-P7 -> -603.37129 | S7: =Q7/P7 -> 0.4659161 | T7: =INDEX('SO APRIL 2026 Rev2'!$B$6:$BG$51,MATCH(B7,'SO APRIL 2026 Rev2'!$B$6:$B$51,0),MATCH($T$3,'SO APRIL 2026 Rev2'!$B$5:$XG$5,0)) -> 3282.5161 | U7: =INDEX('Summary sales'!$A$6:$BX$50,MATCH($B7,'Summary sales'!$A$6:$A$50,0),MATCH($T$3,'Summary sales'!$A$7:$BX$7,0)) -> 3334.6 | V7: =U7-T7 -> 52.083871 | W7: =U7/T7 -> 1.0158671 | X7: =INDEX('SO APRIL 2026 Rev2'!$B$6:$BG$51,MATCH(B7,'SO APRIL 2026 Rev2'!$B$6:$B$51,0),MATCH($X$3,'SO APRIL 2026 Rev2'!$B$5:$XG$5,0)) -> 644.02065 | Y7: =INDEX('Summary sales'!$A$6:$BX$50,MATCH($B7,'Summary sales'!$A$6:$A$50,0),MATCH($X$3,'Summary sales'!$A$7:$BX$7,0)) -> 435.9 | Z7: =Y7-X7 -> -208.12065 | AA7: =Y7/X7 -> 0.67684166 | AB7: =INDEX('SO APRIL 2026 Rev2'!$B$6:$BG$51,MATCH(B7,'SO APRIL 2026 Rev2'!$B$6:$B$51,0),MATCH($AB$3,'SO APRIL 2026 Rev2'!$B$5:$XG$5,0)) -> 0 | AC7: =INDEX('Summary sales'!$A$6:$BX$50,MATCH($B7,'Summary sales'!$A$6:$A$50,0),MATCH($AB$3,'Summary sales'!$A$7:$BX$7,0)) -> 0 | AD7: =AC7-AB7 -> 0 | AE7: =AC7/AB7 -> #DIV/0! | AF7: =INDEX('SO APRIL 2026 Rev2'!$B$6:$BG$51,MATCH(B7,'SO APRIL 2026 Rev2'!$B$6:$B$51,0),MATCH($AF$3,'SO APRIL 2026 Rev2'!$B$5:$XG$5,0)) -> 499.97065 | AG7: =INDEX('Summary sales'!$A$6:$BX$50,MATCH($B7,'Summary sales'!$A$6:$A$50,0),MATCH($AF$3,'Summary sales'!$A$7:$BX$7,0)) -> 0 | AH7: =AG7-AF7 -> -499.97065 | AI7: =AG7/AF7 -> 0 | AJ7: =INDEX('SO APRIL 2026 Rev2'!$B$6:$BG$51,MATCH(B7,'SO APRIL 2026 Rev2'!$B$6:$B$51,0),MATCH($AJ$3,'SO APRIL 2026 Rev2'!$B$5:$XG$5,0)) -> 603.76323 | AK7: =INDEX('Summary sales'!$A$6:$BX$50,MATCH($B7,'Summary sales'!$A$6:$A$50,0),MATCH($AJ$3,'Summary sales'!$A$7:$BX$7,0)) -> 503.25 | AL7: =AK7-AJ7 -> -100.51323 | AM7: =AK7/AJ7 -> 0.83352211 | AN7: =INDEX('SO APRIL 2026 Rev2'!$B$6:$BG$51,MATCH(B7,'SO APRIL 2026 Rev2'!$B$6:$B$51,0),MATCH($AN$3,'SO APRIL 2026 Rev2'!$B$5:$XG$5,0)) -> 673.27548 | AO7: =INDEX('Summary sales'!$A$6:$BX$50,MATCH($B7,'Summary sales'!$A$6:$A$50,0),MATCH($AN$3,'Summary sales'!$A$7:$BX$7,0)) -> 334.36 | AP7: =AO7-AN7 -> -338.91548 | AQ7: =AO7/AN7 -> 0.49661692 | AR7: =INDEX('SO APRIL 2026 Rev2'!$B$6:$BG$51,MATCH(B7,'SO APRIL 2026 Rev2'!$B$6:$B$51,0),MATCH($AR$3,'SO APRIL 2026 Rev2'!$B$5:$XG$5,0)) -> 5514.199 | AS7: =INDEX('Summary sales'!$A$6:$BX$50,MATCH($B7,'Summary sales'!$A$6:$A$50,0),MATCH($AR$3,'Summary sales'!$A$7:$BX$7,0)) -> 0 | AT7: =AS7-AR7 -> -5514.199 | AU7: =AS7/AR7 -> 0 | AV7: =INDEX('SO APRIL 2026 Rev2'!$B$6:$BG$51,MATCH(B7,'SO APRIL 2026 Rev2'!$B$6:$B$51,0),MATCH($AV$3,'SO APRIL 2026 Rev2'!$B$5:$XG$5,0)) -> 6600.0623 | AW7: =INDEX('Summary sales'!$A$6:$BX$50,MATCH($B7,'Summary sales'!$A$6:$A$50,0),MATCH($AV$3,'Summary sales'!$A$7:$BX$7,0)) -> 0 | AX7: =AW7-AV7 -> -6600.0623 | AY7: =AW7/AV7 -> 0 | AZ7: =INDEX('SO APRIL 2026 Rev2'!$B$6:$BG$51,MATCH(B7,'SO APRIL 2026 Rev2'!$B$6:$B$51,0),MATCH($AZ$3,'SO APRIL 2026 Rev2'!$B$5:$XG$5,0)) -> 2874.3265 | BA7: =INDEX('Summary sales'!$A$6:$BX$50,MATCH($B7,'Summary sales'!$A$6:$A$50,0),MATCH($AZ$3,'Summary sales'!$A$7:$BX$7,0)) -> 187.16 | BB7: =BA7-AZ7 -> -2687.1665 | BC7: =BA7/AZ7 -> 0.065114385 | BD7: =INDEX('SO APRIL 2026 Rev2'!$B$6:$BG$51,MATCH(B7,'SO APRIL 2026 Rev2'!$B$6:$B$51,0),MATCH($BD$3,'SO APRIL 2026 Rev2'!$B$5:$XG$5,0)) -> 500 | BE7: =INDEX('Summary sales'!$A$6:$BX$50,MATCH($B7,'Summary sales'!$A$6:$A$50,0),MATCH($BD$3,'Summary sales'!$A$7:$BX$7,0)) -> 20.14 | BF7: =BE7-BD7 -> -479.86 | BG7: =BE7/BD7 -> 0.04028 | BH7: =INDEX('SO APRIL 2026 Rev2'!$B$6:$BG$51,MATCH(B7,'SO APRIL 2026 Rev2'!$B$6:$B$51,0),MATCH($BH$3,'SO APRIL 2026 Rev2'!$B$5:$XG$5,0)) -> 9600 | BI7: =INDEX('Summary sales'!$A$6:$BX$50,MATCH($B7,'Summary sales'!$A$6:$A$50,0),MATCH($BH$3,'Summary sales'!$A$7:$BX$7,0)) -> 10113.32 | BJ7: =BI7-BH7 -> 513.32 | BK7: =BI7/BH7 -> 1.0534708 | BL7: =INDEX('SO APRIL 2026 Rev2'!$B$6:$BG$51,MATCH(B7,'SO APRIL 2026 Rev2'!$B$6:$B$51,0),MATCH($BL$3,'SO APRIL 2026 Rev2'!$B$5:$XG$5,0)) -> 9000.0571 | BM7: =INDEX('Summary sales'!$A$6:$BX$50,MATCH($B7,'Summary sales'!$A$6:$A$50,0),MATCH($BL$3,'Summary sales'!$A$7:$BX$7,0)) -> 5059.7 | BN7: =BM7-BL7 -> -3940.3571 | BO7: =BM7/BL7 -> 0.56218532 | BP7: =INDEX('SO APRIL 2026 Rev2'!$B$6:$BG$51,MATCH(B7,'SO APRIL 2026 Rev2'!$B$6:$B$51,0),MATCH($BP$3,'SO APRIL 2026 Rev2'!$B$5:$XG$5,0)) -> 1300 | BQ7: =INDEX('Summary sales'!$A$6:$BX$50,MATCH($B7,'Summary sales'!$A$6:$A$50,0),MATCH($BP$3,'Summary sales'!$A$7:$BX$7,0)) -> 802 | BR7: =BQ7-BP7 -> -498 | BS7: =BQ7/BP7 -> 0.61692308 | BT7: =INDEX('SO APRIL 2026 Rev2'!$B$6:$BG$51,MATCH(B7,'SO APRIL 2026 Rev2'!$B$6:$B$51,0),MATCH($BT$3,'SO APRIL 2026 Rev2'!$B$5:$XG$5,0)) -> 1000 | BU7: =INDEX('Summary sales'!$A$6:$BX$50,MATCH($B7,'Summary sales'!$A$6:$A$50,0),MATCH($BT$3,'Summary sales'!$A$7:$BX$7,0)) -> 683.699 | BV7: =BU7-BT7 -> -316.301 | BW7: =BU7/BT7 -> 0.683699 | BX7: =INDEX('SO APRIL 2026 Rev2'!$B$6:$BG$51,MATCH(B7,'SO APRIL 2026 Rev2'!$B$6:$B$51,0),MATCH($BX$3,'SO APRIL 2026 Rev2'!$B$5:$XG$5,0)) -> 5500 | BY7: =INDEX('Summary sales'!$A$6:$BX$50,MATCH($B7,'Summary sales'!$A$6:$A$50,0),MATCH($BX$3,'Summary sales'!$A$7:$BX$7,0)) -> 5902.44 | BZ7: =BY7-BX7 -> 402.44 | CA7: =BY7/BX7 -> 1.0731709 | CB7: =INDEX('SO APRIL 2026 Rev2'!$B$6:$BG$51,MATCH(B7,'SO APRIL 2026 Rev2'!$B$6:$B$51,0),MATCH($CB$3,'SO APRIL 2026 Rev2'!$B$5:$XG$5,0)) -> 70.054839 | CC7: =INDEX('Summary sales'!$A$6:$BX$50,MATCH($B7,'Summary sales'!$A$6:$A$50,0),MATCH($CB$3,'Summary sales'!$A$7:$BX$7,0)) -> 0 | CD7: =CC7-CB7 -> -70.054839 | CE7: =CC7/CB7 -> 0 | CF7: =INDEX('SO APRIL 2026 Rev2'!$B$6:$BG$51,MATCH(B7,'SO APRIL 2026 Rev2'!$B$6:$B$51,0),MATCH($CF$3,'SO APRIL 2026 Rev2'!$B$5:$XG$5,0)) -> 89.451613 | CG7: =INDEX('Summary sales'!$A$6:$BX$50,MATCH($B7,'Summary sales'!$A$6:$A$50,0),MATCH($CF$3,'Summary sales'!$A$7:$BX$7,0)) -> 77.991 | CH7: =CG7-CF7 -> -11.460613 | CI7: =CG7/CF7 -> 0.87187919 | CJ7: =INDEX('SO APRIL 2026 Rev2'!$B$6:$BG$51,MATCH(B7,'SO APRIL 2026 Rev2'!$B$6:$B$51,0),MATCH($CJ$3,'SO APRIL 2026 Rev2'!$B$5:$XG$5,0)) -> 3500 | CK7: =INDEX('Summary sales'!$A$6:$BX$50,MATCH($B7,'Summary sales'!$A$6:$A$50,0),MATCH($CJ$3,'Summary sales'!$A$7:$BX$7,0)) -> 2706.5 | CL7: =CK7-CJ7 -> -793.5 | CM7: =CK7/CJ7 -> 0.77328571 | CN7: =INDEX('SO APRIL 2026 Rev2'!$B$6:$BG$51,MATCH(B7,'SO APRIL 2026 Rev2'!$B$6:$B$51,0),MATCH($CN$3,'SO APRIL 2026 Rev2'!$B$5:$XG$5,0)) -> 2900 | CO7: =INDEX('Summary sales'!$A$6:$BX$50,MATCH($B7,'Summary sales'!$A$6:$A$50,0),MATCH($CN$3,'Summary sales'!$A$7:$BX$7,0)) -> 0 | CP7: =CO7-CN7 -> -2900 | CQ7: =CO7/CN7 -> 0 | CR7: =INDEX('SO APRIL 2026 Rev2'!$B$6:$BG$51,MATCH(B7,'SO APRIL 2026 Rev2'!$B$6:$B$51,0),MATCH($CR$3,'SO APRIL 2026 Rev2'!$B$5:$XG$5,0)) -> 5000 | CS7: =INDEX('Summary sales'!$A$6:$BX$50,MATCH($B7,'Summary sales'!$A$6:$A$50,0),MATCH($CR$3,'Summary sales'!$A$7:$BX$7,0)) -> 3118.79 | CT7: =CS7-CR7 -> -1881.21 | CU7: =CS7/CR7 -> 0.623758 | CV7: =INDEX('SO APRIL 2026 Rev2'!$B$6:$BG$51,MATCH(B7,'SO APRIL 2026 Rev2'!$B$6:$B$51,0),MATCH($CV$3,'SO APRIL 2026 Rev2'!$B$5:$XG$5,0)) -> 8000 | CW7: =INDEX('Summary sales'!$A$6:$BX$50,MATCH($B7,'Summary sales'!$A$6:$A$50,0),MATCH($CV$3,'Summary sales'!$A$7:$BX$7,0)) -> 7767.1 | CX7: =CW7-CV7 -> -232.9 | CY7: =CW7/CV7 -> 0.9708875 | CZ7: =INDEX('SO APRIL 2026 Rev2'!$B$6:$BG$51,MATCH(B7,'SO APRIL 2026 Rev2'!$B$6:$B$51,0),MATCH($CZ$3,'SO APRIL 2026 Rev2'!$B$5:$XG$5,0)) -> 11659.555 | DA7: =INDEX('Summary sales'!$A$6:$BX$50,MATCH($B7,'Summary sales'!$A$6:$A$50,0),MATCH($CZ$3,'Summary sales'!$A$7:$BX$7,0)) -> 13527.781 | DB7: =DA7-CZ7 -> 1868.2265 | DC7: =DA7/CZ7 -> 1.1602314 | DD7: =INDEX('SO APRIL 2026 Rev2'!$B$6:$BG$51,MATCH(B7,'SO APRIL 2026 Rev2'!$B$6:$B$51,0),MATCH($DD$3,'SO APRIL 2026 Rev2'!$B$5:$XG$5,0)) -> 2020.8603 | DE7: =INDEX('Summary sales'!$A$6:$BX$50,MATCH($B7,'Summary sales'!$A$6:$A$50,0),MATCH($DD$3,'Summary sales'!$A$7:$BX$7,0)) -> 2257.72 | DF7: =DE7-DD7 -> 236.85968 | DG7: =DE7/DD7 -> 1.1172073 | DH7: =INDEX('SO APRIL 2026 Rev2'!$B$6:$BG$51,MATCH(B7,'SO APRIL 2026 Rev2'!$B$6:$B$51,0),MATCH($DH$3,'SO APRIL 2026 Rev2'!$B$5:$XG$5,0)) -> 800 | DI7: =INDEX('Summary sales'!$A$6:$BX$50,MATCH($B7,'Summary sales'!$A$6:$A$50,0),MATCH($DH$3,'Summary sales'!$A$7:$BX$7,0)) -> 0 | DJ7: =DI7-DH7 -> -800 | DK7: =DI7/DH7 -> 0 | DL7: =INDEX('SO APRIL 2026 Rev2'!$B$6:$BG$51,MATCH(B7,'SO APRIL 2026 Rev2'!$B$6:$B$51,0),MATCH($DL$3,'SO APRIL 2026 Rev2'!$B$5:$XG$5,0)) -> 7200 | DM7: =INDEX('Summary sales'!$A$6:$BX$50,MATCH($B7,'Summary sales'!$A$6:$A$50,0),MATCH($DL$3,'Summary sales'!$A$7:$BX$7,0)) -> 6433.52 | DN7: =DM7-DL7 -> -766.48 | DO7: =DM7/DL7 -> 0.89354444 | DP7: =INDEX('SO APRIL 2026 Rev2'!$B$6:$BG$51,MATCH(B7,'SO APRIL 2026 Rev2'!$B$6:$B$51,0),MATCH($DP$3,'SO APRIL 2026 Rev2'!$B$5:$XG$5,0)) -> 3499.8768 | DQ7: =INDEX('Summary sales'!$A$6:$BX$50,MATCH($B7,'Summary sales'!$A$6:$A$50,0),MATCH($DP$3,'Summary sales'!$A$7:$BX$7,0)) -> 0 | DR7: =DQ7-DP7 -> -3499.8768 | DS7: =DQ7/DP7 -> 0 | DT7: =INDEX('SO APRIL 2026 Rev2'!$B$6:$BG$51,MATCH(B7,'SO APRIL 2026 Rev2'!$B$6:$B$51,0),MATCH($DT$3,'SO APRIL 2026 Rev2'!$B$5:$XG$5,0)) -> 2043.2745 | DU7: =INDEX('Summary sales'!$A$6:$BX$50,MATCH($B7,'Summary sales'!$A$6:$A$50,0),MATCH($DT$3,'Summary sales'!$A$7:$BX$7,0)) -> 970.27 | DV7: =DU7-DT7 -> -1073.0045 | DW7: =DU7/DT7 -> 0.47486032 | DX7: =INDEX('SO APRIL 2026 Rev2'!$B$6:$BG$51,MATCH(B7,'SO APRIL 2026 Rev2'!$B$6:$B$51,0),MATCH($DX$3,'SO APRIL 2026 Rev2'!$B$5:$XG$5,0)) -> 1999.5303 | DY7: =INDEX('Summary sales'!$A$6:$BX$50,MATCH($B7,'Summary sales'!$A$6:$A$50,0),MATCH($DX$3,'Summary sales'!$A$7:$BX$7,0)) -> 2223.49 | DZ7: =DY7-DX7 -> 223.95968 | EA7: =DY7/DX7 -> 1.1120061 | EB7: =INDEX('SO APRIL 2026 Rev2'!$B$6:$BG$51,MATCH(B7,'SO APRIL 2026 Rev2'!$B$6:$B$51,0),MATCH($EB$3,'SO APRIL 2026 Rev2'!$B$5:$XG$5,0)) -> 1000 | EC7: =INDEX('Summary sales'!$A$6:$BX$50,MATCH($B7,'Summary sales'!$A$6:$A$50,0),MATCH($EB$3,'Summary sales'!$A$7:$BX$7,0)) -> 144.73 | ED7: =EC7-EB7 -> -855.27 | EE7: =EC7/EB7 -> 0.14473 | EF7: =INDEX('SO APRIL 2026 Rev2'!$B$6:$BG$51,MATCH(B7,'SO APRIL 2026 Rev2'!$B$6:$B$51,0),MATCH($EF$3,'SO APRIL 2026 Rev2'!$B$5:$XG$5,0)) -> 11007.047 | EG7: =INDEX('Summary sales'!$A$6:$BX$50,MATCH($B7,'Summary sales'!$A$6:$A$50,0),MATCH($EF$3,'Summary sales'!$A$7:$BX$7,0)) -> 9294.05 | EH7: =EG7-EF7 -> -1712.9974 | EI7: =EG7/EF7 -> 0.84437267 | EJ7: =INDEX('SO APRIL 2026 Rev2'!$B$6:$BG$51,MATCH(B7,'SO APRIL 2026 Rev2'!$B$6:$B$51,0),MATCH($EJ$3,'SO APRIL 2026 Rev2'!$B$5:$XG$5,0)) -> 1519.5448 | EK7: =INDEX('Summary sales'!$A$6:$BX$50,MATCH($B7,'Summary sales'!$A$6:$A$50,0),MATCH($EJ$3,'Summary sales'!$A$7:$BX$7,0)) -> 1946.58 | EL7: =EK7-EJ7 -> 427.03516 | EM7: =EK7/EJ7 -> 1.2810283 | EN7: =INDEX('SO APRIL 2026 Rev2'!$B$6:$BG$51,MATCH(B7,'SO APRIL 2026 Rev2'!$B$6:$B$51,0),MATCH($EN$3,'SO APRIL 2026 Rev2'!$B$5:$XG$5,0)) -> 3999.6742 | EO7: =INDEX('Summary sales'!$A$6:$BX$50,MATCH($B7,'Summary sales'!$A$6:$A$50,0),MATCH($EN$3,'Summary sales'!$A$7:$BX$7,0)) -> 9559.79 | EP7: =EO7-EN7 -> 5560.1158 | EQ7: =EO7/EN7 -> 2.3901422 | ER7: =INDEX('SO APRIL 2026 Rev2'!$B$6:$BG$51,MATCH(B7,'SO APRIL 2026 Rev2'!$B$6:$B$51,0),MATCH($ER$3,'SO APRIL 2026 Rev2'!$B$5:$XG$5,0)) -> 7000 | ES7: =INDEX('Summary sales'!$A$6:$BX$50,MATCH(B7,'Summary sales'!$A$6:$A$50,0),MATCH($ER$3,'Summary sales'!$A$7:$BX$7,0)) -> 3211.47 | ET7: =ES7-ER7 -> -3788.53 | EU7: =ES7/ER7 -> 0.45878143 | EV7: =INDEX('SO APRIL 2026 Rev2'!$B$6:$BG$51,MATCH(B7,'SO APRIL 2026 Rev2'!$B$6:$B$51,0),MATCH($EV$3,'SO APRIL 2026 Rev2'!$B$5:$XG$5,0)) -> 7000 | EW7: =INDEX('Summary sales'!$A$6:$BX$50,MATCH($B7,'Summary sales'!$A$6:$A$50,0),MATCH($EV$3,'Summary sales'!$A$7:$BX$7,0)) -> 10820.74 | EX7: =EW7-EV7 -> 3820.74 | EY7: =EW7/EV7 -> 1.54582 | EZ7: =INDEX('SO APRIL 2026 Rev2'!$B$6:$BG$51,MATCH(B7,'SO APRIL 2026 Rev2'!$B$6:$B$51,0),MATCH($EZ$3,'SO APRIL 2026 Rev2'!$B$5:$XG$5,0)) -> 26500 | FA7: =INDEX('Summary sales'!$A$6:$BX$50,MATCH($B7,'Summary sales'!$A$6:$A$50,0),MATCH($EZ$3,'Summary sales'!$A$7:$BX$7,0)) -> 17427.19 | FB7: =FA7-EZ7 -> -9072.81 | FC7: =FA7/EZ7 -> 0.65762981 | FD7: =INDEX('SO APRIL 2026 Rev2'!$B$6:$BG$51,MATCH(B7,'SO APRIL 2026 Rev2'!$B$6:$B$51,0),MATCH($FD$3,'SO APRIL 2026 Rev2'!$B$5:$XG$5,0)) -> 8000 | FE7: =INDEX('Summary sales'!$A$6:$BX$50,MATCH(B7,'Summary sales'!$A$6:$A$50,0),MATCH($FD$3,'Summary sales'!$A$7:$BX$7,0)) -> 6828.04 | FF7: =FE7-FD7 -> -1171.96 | FG7: =FE7/FD7 -> 0.853505 | FH7: =INDEX('SO APRIL 2026 Rev2'!$B$6:$BG$51,MATCH(B7,'SO APRIL 2026 Rev2'!$B$6:$B$51,0),MATCH($FH$3,'SO APRIL 2026 Rev2'!$B$5:$XG$5,0)) -> 0 | FI7: =INDEX('Summary sales'!$A$6:$BX$50,MATCH(B7,'Summary sales'!$A$6:$A$50,0),MATCH($FH$3,'Summary sales'!$A$7:$BX$7,0)) -> 675.6 | FJ7: =FI7-FH7 -> 675.6 | FK7: =FI7/FH7 -> #DIV/0! | FL7: =INDEX('SO APRIL 2026 Rev2'!$B$6:$BG$51,MATCH(B7,'SO APRIL 2026 Rev2'!$B$6:$B$51,0),MATCH($FL$3,'SO APRIL 2026 Rev2'!$B$5:$XG$5,0)) -> 726.81516 | FM7: =INDEX('Summary sales'!$A$6:$BX$50,MATCH(B7,'Summary sales'!$A$6:$A$50,0),MATCH($FL$3,'Summary sales'!$A$7:$BX$7,0)) -> 751.89 | FN7: =FM7-FL7 -> 25.074839 | FO7: =FM7/FL7 -> 1.0344996 | FP7: =INDEX('SO APRIL 2026 Rev2'!$B$6:$BG$51,MATCH(B7,'SO APRIL 2026 Rev2'!$B$6:$B$51,0),MATCH($FP$3,'SO APRIL 2026 Rev2'!$B$5:$XG$5,0)) -> 3018.0416 | FQ7: =INDEX('Summary sales'!$A$6:$BX$50,MATCH(B7,'Summary sales'!$A$6:$A$50,0),MATCH($FP$3,'Summary sales'!$A$7:$BX$7,0)) -> 4113.99 | FR7: =FQ7-FP7 -> 1095.9484 | FS7: =FQ7/FP7 -> 1.3631323 | FT7: =INDEX('SO APRIL 2026 Rev2'!$B$6:$BG$51,MATCH(B7,'SO APRIL 2026 Rev2'!$B$6:$B$51,0),MATCH($FT$3,'SO APRIL 2026 Rev2'!$B$5:$XG$5,0)) -> 2044.9997 | FU7: =INDEX('Summary sales'!$A$6:$BX$50,MATCH(B7,'Summary sales'!$A$6:$A$50,0),MATCH($FT$3,'Summary sales'!$A$7:$BX$7,0)) -> 0 | FV7: =FU7-FT7 -> -2044.9997 | FW7: =FU7/FT7 -> 0 | FX7: =INDEX('SO APRIL 2026 Rev2'!$B$6:$BG$51,MATCH(B7,'SO APRIL 2026 Rev2'!$B$6:$B$51,0),MATCH($FX$3,'SO APRIL 2026 Rev2'!$B$5:$XG$5,0)) -> 369.61071 | FY7: =INDEX('Summary sales'!$A$6:$BX$50,MATCH(B7,'Summary sales'!$A$6:$A$50,0),MATCH($FX$3,'Summary sales'!$A$7:$BX$7,0)) -> 0 | FZ7: =FY7-FX7 -> -369.61071 | GA7: =FY7/FX7 -> 0 | GB7: =INDEX('SO APRIL 2026 Rev2'!$B$6:$BG$51,MATCH(B7,'SO APRIL 2026 Rev2'!$B$6:$B$51,0),MATCH($GB$3,'SO APRIL 2026 Rev2'!$B$5:$XG$5,0)) -> 0 | GC7: =INDEX('Summary sales'!$A$6:$BX$50,MATCH(B7,'Summary sales'!$A$6:$A$50,0),MATCH($GB$3,'Summary sales'!$A$7:$BX$7,0)) -> 0 | GD7: =GC7-GB7 -> 0 | GE7: =GC7/GB7 -> #DIV/0! | GF7: =INDEX('SO APRIL 2026 Rev2'!$B$6:$BG$51,MATCH(B7,'SO APRIL 2026 Rev2'!$B$6:$B$51,0),MATCH($GF$3,'SO APRIL 2026 Rev2'!$B$5:$XG$5,0)) -> 5000 | GG7: =INDEX('Summary sales'!$A$6:$BX$50,MATCH($B7,'Summary sales'!$A$6:$A$50,0),MATCH($GF$3,'Summary sales'!$A$7:$BX$7,0)) -> 6728.538 | GH7: =GG7-GF7 -> 1728.538 | GI7: =GG7/GF7 -> 1.3457076 | GJ7: =INDEX('SO APRIL 2026 Rev2'!$B$6:$BG$51,MATCH(B7,'SO APRIL 2026 Rev2'!$B$6:$B$51,0),MATCH($GJ$3,'SO APRIL 2026 Rev2'!$B$5:$XG$5,0)) -> 1121.9003 | GK7: =INDEX('Summary sales'!$A$6:$BX$50,MATCH($B7,'Summary sales'!$A$6:$A$50,0),MATCH($GJ$3,'Summary sales'!$A$7:$BX$7,0)) -> 0 | GL7: =GK7-GJ7 -> -1121.9003 | GM7: =GK7/GJ7 -> 0 | GN7: =INDEX('SO APRIL 2026 Rev2'!$B$6:$BG$51,MATCH(B7,'SO APRIL 2026 Rev2'!$B$6:$B$51,0),MATCH($GN$3,'SO APRIL 2026 Rev2'!$B$5:$XG$5,0)) -> 1800 | GO7: =INDEX('Summary sales'!$A$6:$BX$50,MATCH(B7,'Summary sales'!$A$6:$A$50,0),MATCH($GN$3,'Summary sales'!$A$7:$BX$7,0)) -> 1669.279 | GP7: =GO7-GN7 -> -130.721 | GQ7: =GO7/GN7 -> 0.92737722 | GR7: =INDEX('SO APRIL 2026 Rev2'!$B$6:$BG$51,MATCH(B7,'SO APRIL 2026 Rev2'!$B$6:$B$51,0),MATCH($GR$3,'SO APRIL 2026 Rev2'!$B$5:$XG$5,0)) -> 2499.7026 | GS7: =INDEX('Summary sales'!$A$6:$BX$50,MATCH(B7,'Summary sales'!$A$6:$A$50,0),MATCH($GR$3,'Summary sales'!$A$7:$BX$7,0)) -> 3811.03 | GT7: =GS7-GR7 -> 1311.3274 | GU7: =GS7/GR7 -> 1.5245934 | GV7: =INDEX('SO APRIL 2026 Rev2'!$B$6:$BG$51,MATCH(B7,'SO APRIL 2026 Rev2'!$B$6:$B$51,0),MATCH($GV$3,'SO APRIL 2026 Rev2'!$B$5:$XG$5,0)) -> 0 | GW7: =INDEX('Summary sales'!$A$6:$BX$50,MATCH(B7,'Summary sales'!$A$6:$A$50,0),MATCH($GV$3,'Summary sales'!$A$7:$BX$7,0)) -> 0 | GX7: =GW7-GV7 -> 0 | GY7: =GW7/GV7 -> #DIV/0! | GZ7: =INDEX('SO APRIL 2026 Rev2'!$B$6:$BG$51,MATCH(B7,'SO APRIL 2026 Rev2'!$B$6:$B$51,0),MATCH($GZ$3,'SO APRIL 2026 Rev2'!$B$5:$XG$5,0)) -> 0 | HA7: =INDEX('Summary sales'!$A$6:$BX$50,MATCH(B7,'Summary sales'!$A$6:$A$50,0),MATCH($GZ$3,'Summary sales'!$A$7:$BX$7,0)) -> 0 | HB7: =HA7-GZ7 -> 0 | HC7: =HA7/GZ7 -> #DIV/0!
