Workbook
Name ___xlnm._FilterDatabase_2: #REF!
Name ___xlnm._FilterDatabase_2: #REF!
Name ___xlnm._FilterDatabase_2: #REF!
Name ___xlnm._FilterDatabase_2: #REF!
Name ___xlnm._FilterDatabase_2: #REF!
Name ___xlnm._FilterDatabase_2: #REF!
Name ___xlnm._FilterDatabase_2: #REF!
Name ___xlnm._FilterDatabase_2: #REF!
Name ___xlnm._FilterDatabase_2: #REF!
Name ___xlnm._FilterDatabase_2: #REF!
Name ___xlnm._FilterDatabase_2: #REF!
Name __xlnm._FilterDatabase_2: #REF!
Name __xlnm._FilterDatabase_2: #REF!
Name __xlnm._FilterDatabase_2: #REF!
Name __xlnm._FilterDatabase_2: #REF!
Name __xlnm._FilterDatabase_2: #REF!
Name __xlnm._FilterDatabase_2: #REF!
Name __xlnm._FilterDatabase_2: #REF!
Name __xlnm._FilterDatabase_2: #REF!
Name __xlnm._FilterDatabase_2: #REF!
Name __xlnm._FilterDatabase_2: #REF!
Name __xlnm._FilterDatabase_2: #REF!
Name _TES46: #N/A
Name AAAA: #N/A
Name ati: #N/A
Name BS: #N/A
Name CCC: #N/A
Name depr9200: #N/A
Name dfsfd: #N/A
Name Excel_BuiltIn__FilterDatabase_1: #REF!
Name Excel_BuiltIn__FilterDatabase_1: #REF!
Name Excel_BuiltIn__FilterDatabase_1: #REF!
Name Excel_BuiltIn__FilterDatabase_1: #REF!
Name Excel_BuiltIn__FilterDatabase_1: #REF!
Name Excel_BuiltIn__FilterDatabase_1: #REF!
Name Excel_BuiltIn__FilterDatabase_1: #REF!
Name Excel_BuiltIn__FilterDatabase_1: #REF!
Name Excel_BuiltIn__FilterDatabase_1: #REF!
Name Excel_BuiltIn__FilterDatabase_1: #REF!
Name Excel_BuiltIn__FilterDatabase_1: #REF!
Name Excel_BuiltIn_Print_Titles: NA()
Name Export_3: #REF!
Name Export_3: #REF!
Name Export_3: #REF!
Name Export_3: #REF!
Name Export_3: #REF!
Name Export_3: #REF!
Name Export_3: #REF!
Name Export_3: #REF!
Name FOB: 'Summary FOB'!#REF!
Name FOB: 'Summary FOB'!#REF!
Name FOB: 'Summary FOB'!#REF!
Name FOB: 'Summary FOB'!#REF!
Name FOB: 'Summary FOB'!#REF!
Name FOB: 'Summary FOB'!#REF!
Name FOB: 'Summary FOB'!#REF!
Name FOB: 'Summary FOB'!#REF!
Name partt: #N/A
Name PRINT_TITLES_MI: #N/A
Name project: #N/A

Sheet SO MEI 2026 REV 4
AG1: SMS | AH1: BMT
A2: SALES ORDER | U2: gf ranca
A3: 46143 | U3: =10500-6600 -> 3900
AT4: FOB PTGN
A5: Week | B5: DATE | D5: TOTAL | E5: CLIN | F5: BI | G5: MKG | H5: STM | I5: OAJ | J5: NNI | K5: SHB | L5: GTL | M5: TWK | N5: BYC | O5: GF RANCA | P5: SMA | Q5: UMI | R5: HLI | S5: ASAHIMAS | T5: DIC | U5: HCI | V5: HANKOOK | W5: KSN | X5: ADP | Y5: ALT (KSO MASAMI) | Z5: IDP (KSO AAE) | AA5: FJI (KSO SALMAH) | AB5: WINGLOK (KSO EBM) | AC5: CISF (KSO RRS) | AD5: KGM | AE5: PUJ - LUBRICANT | AF5: CALBEE (KSO BMI) | AG5: IP | AH5: BEM | AI5: AMI | AJ5: KA | AK5: KTN | AL5: TOMIMOTO | AM5: NIAGA GARAM | AN5: PCI 84 | AO5: PCI MENGGER | AP5: INDOFOOD | AQ5: CERES | AR5: ABC KOGEN | AS5: TONGJI | AT5: PA | AU5: RB | AV5: GF ATOM | AW5: GF KULIT | AX5: HSK (KSO GAS) | AY5: SDM | AZ5: JARGAS | BA5: SBI | BB5: SP JES | BC5: SP GLOBAL | BD5: JIUQI
A6: =WEEKNUM(B6) -> 18 | B6: =A3 -> 46143 | C6: =TEXT(B6,"ddd") -> Jum | D6: =SUM(E6:BD6) -> 109615.85 | E6: 0 | F6: 1000 | G6: 500 | H6: 0 | I6: 644.02065 | J6: 0 | K6: 0 | L6: 603.76323 | M6: 673.27548 | N6: 2500 | O6: 0 | P6: 300 | Q6: 4000 | R6: 4000 | S6: 48000 | T6: 5000 | U6: 0 | V6: 0 | W6: 0 | X6: 0 | Y6: 0 | Z6: 0 | AA6: 70.054839 | AB6: 89.451613 | AC6: 1000 | AD6: 1300 | AE6: 0 | AF6: 3000 | AG6: 2020.8603 | AH6: 800 | AI6: 1000 | AJ6: 0 | AK6: 2043.2745 | AL6: 0 | AM6: 1000 | AN6: 11007.047 | AO6: 1519.5448 | AP6: 1000 | AQ6: 0 | AR6: 8000 | AS6: 500 | AT6: 726.81516 | AU6: 3018.0416 | AV6: 0 | AW6: 0 | AX6: 0 | AY6: 0 | AZ6: 1800 | BA6: 2499.7026 | BB6: 0 | BC6: 0 | BD6: 0
B7: =B6+1 -> 46144 | C7: =TEXT(B7,"ddd") -> Sab | D7: =SUM(E7:BD7) -> 169830.56 | E7: 0 | F7: 3000 | G7: 1129.7313 | H7: 3282.5161 | I7: 644.02065 | J7: 0 | K7: 0 | L7: 603.76323 | M7: 673.27548 | N7: 4514.199 | O7: 6600.0623 | P7: 2874.3265 | Q7: 16000 | R7: 4000 | S7: 40000 | T7: 5000 | U7: 0 | V7: 0 | W7: 2000 | X7: 500 | Y7: 1000 | Z7: 5500 | AA7: 70.054839 | AB7: 89.451613 | AC7: 3500 | AD7: 1300 | AE7: 3000 | AF7: 5000 | AG7: 2020.8603 | AH7: 800 | AI7: 7200 | AJ7: 0 | AK7: 2043.2745 | AL7: 1999.5303 | AM7: 1000 | AN7: 11007.047 | AO7: 1519.5448 | AP7: 3999.6742 | AQ7: 9000.0571 | AR7: 8000 | AS7: 500 | AT7: 726.81516 | AU7: 3018.0416 | AV7: 2044.9997 | AW7: 369.61071 | AX7: 0 | AY7: 0 | AZ7: 1800 | BA7: 2499.7026 | BB7: 0 | BC7: 0 | BD7: 0
B8: =B7+1 -> 46145 | C8: =TEXT(B8,"ddd") -> Mgg | D8: =SUM(E8:BD8) -> 148952.01 | E8: 733.5729 | F8: 1000 | G8: 1129.7313 | H8: 999.51613 | I8: 644.02065 | J8: 0 | K8: 0 | L8: 603.76323 | M8: 673.27548 | N8: 0 | O8: 6600.0623 | P8: 300 | Q8: 6659.5545 | R8: 4000 | S8: 48000 | T8: 5000 | U8: 0 | V8: 0 | W8: 2000 | X8: 500 | Y8: 0 | Z8: 2500 | AA8: 70.054839 | AB8: 89.451613 | AC8: 1000 | AD8: 1300 | AE8: 0 | AF8: 5000 | AG8: 2020.8603 | AH8: 0 | AI8: 2999.8519 | AJ8: 0 | AK8: 2043.2745 | AL8: 1999.5303 | AM8: 0 | AN8: 11007.047 | AO8: 1519.5448 | AP8: 3999.6742 | AQ8: 6000.0571 | AR8: 8000 | AS8: 3500 | AT8: 726.81516 | AU8: 3018.0416 | AV8: 2044.9997 | AW8: 369.61071 | AX8: 0 | AY8: 0 | AZ8: 1800 | BA8: 2499.7026 | BB8: 0 | BC8: 0 | BD8: 6600
B9: Sub Total | D9: =SUM(D6:D8) -> 428398.43 | E9: =SUM(E6:E8) -> 733.5729 | F9: =SUM(F6:F8) -> 5000 | G9: =SUM(G6:G8) -> 2759.4626 | H9: =SUM(H6:H8) -> 4282.0323 | I9: =SUM(I6:I8) -> 1932.0619 | J9: =SUM(J6:J8) -> 0 | K9: =SUM(K6:K8) -> 0 | ... BD9: =SUM(BD6:BD8) -> 6600
A11: =WEEKNUM(B11) -> 19 | B11: =B8+1 -> 46146 | C11: =TEXT(B11,"ddd") -> Sen | D11: =SUM(E11:BD11) -> 180251.94 | E11: 1199.5729 | F11: 3000 | G11: 1129.7313 | H11: 3282.5161 | I11: 644.02065 | J11: 0 | K11: 499.97065 | L11: 603.76323 | M11: 673.27548 | N11: 5514.199 | O11: 6600.0623 | P11: 2874.3265 | Q11: 16000 | R11: 4000 | S11: 26500 | T11: 5000 | U11: 7000 | V11: 0 | W11: 2000 | X11: 500 | Y11: 1000 | Z11: 5500 | AA11: 70.054839 | AB11: 89.451613 | AC11: 3500 | AD11: 1300 | AE11: 3000 | AF11: 5000 | AG11: 2020.8603 | AH11: 800 | AI11: 7200 | AJ11: 3499.8768 | AK11: 2043.2745 | AL11: 1999.5303 | AM11: 1000 | AN11: 11007.047 | AO11: 1519.5448 | AP11: 3999.6742 | AQ11: 9000.0571 | AR11: 8000 | AS11: 3500 | AT11: 726.81516 | AU11: 3018.0416 | AV11: 2044.9997 | AW11: 369.61071 | AX11: 0 | AY11: 1121.9003 | AZ11: 1800 | BA11: 2499.7026 | BB11: 0 | BC11: 0 | BD11: 6600.0623
B12: =B11+1 -> 46147 | C12: =TEXT(B12,"ddd") -> Sel | D12: =SUM(E12:BD12) -> 180251.94 | E12: 1199.5729 | F12: 3000 | G12: 1129.7313 | H12: 3282.5161 | I12: 644.02065 | J12: 0 | K12: 499.97065 | L12: 603.76323 | M12: 673.27548 | N12: 5514.199 | O12: 6600.0623 | P12: 2874.3265 | Q12: 16000 | R12: 4000 | S12: 26500 | T12: 5000 | U12: 7000 | V12: 0 | W12: 2000 | X12: 500 | Y12: 1000 | Z12: 5500 | AA12: 70.054839 | AB12: 89.451613 | AC12: 3500 | AD12: 1300 | AE12: 3000 | AF12: 5000 | AG12: 2020.8603 | AH12: 800 | AI12: 7200 | AJ12: 3499.8768 | AK12: 2043.2745 | AL12: 1999.5303 | AM12: 1000 | AN12: 11007.047 | AO12: 1519.5448 | AP12: 3999.6742 | AQ12: 9000.0571 | AR12: 8000 | AS12: 3500 | AT12: 726.81516 | AU12: 3018.0416 | AV12: 2044.9997 | AW12: 369.61071 | AX12: 0 | AY12: 1121.9003 | AZ12: 1800 | BA12: 2499.7026 | BB12: 0 | BC12: 0 | BD12: 6600.0623
B13: =B12+1 -> 46148 | C13: =TEXT(B13,"ddd") -> Rab | D13: =SUM(E13:BD13) -> 189751.94 | E13: 1199.5729 | F13: 3000 | G13: 1129.7313 | H13: 3282.5161 | I13: 644.02065 | J13: 0 | K13: 499.97065 | L13: 603.76323 | M13: 673.27548 | N13: 5514.199 | O13: 6600.0623 | P13: 2874.3265 | Q13: 16000 | R13: 4000 | S13: 36000 | T13: 5000 | U13: 7000 | V13: 0 | W13: 2000 | X13: 500 | Y13: 1000 | Z13: 5500 | AA13: 70.054839 | AB13: 89.451613 | AC13: 3500 | AD13: 1300 | AE13: 3000 | AF13: 5000 | AG13: 2020.8603 | AH13: 800 | AI13: 7200 | AJ13: 3499.8768 | AK13: 2043.2745 | AL13: 1999.5303 | AM13: 1000 | AN13: 11007.047 | AO13: 1519.5448 | AP13: 3999.6742 | AQ13: 9000.0571 | AR13: 8000 | AS13: 3500 | AT13: 726.81516 | AU13: 3018.0416 | AV13: 2044.9997 | AW13: 369.61071 | AX13: 0 | AY13: 1121.9003 | AZ13: 1800 | BA13: 2499.7026 | BB13: 0 | BC13: 0 | BD13: 6600.0623
B14: =B13+1 -> 46149 | C14: =TEXT(B14,"ddd") -> Kam | D14: =SUM(E14:BD14) -> 189751.94 | E14: 1199.5729 | F14: 3000 | G14: 1129.7313 | H14: 3282.5161 | I14: 644.02065 | J14: 0 | K14: 499.97065 | L14: 603.76323 | M14: 673.27548 | N14: 5514.199 | O14: 6600.0623 | P14: 2874.3265 | Q14: 16000 | R14: 4000 | S14: 36000 | T14: 5000 | U14: 7000 | V14: 0 | W14: 2000 | X14: 500 | Y14: 1000 | Z14: 5500 | AA14: 70.054839 | AB14: 89.451613 | AC14: 3500 | AD14: 1300 | AE14: 3000 | AF14: 5000 | AG14: 2020.8603 | AH14: 800 | AI14: 7200 | AJ14: 3499.8768 | AK14: 2043.2745 | AL14: 1999.5303 | AM14: 1000 | AN14: 11007.047 | AO14: 1519.5448 | AP14: 3999.6742 | AQ14: 9000.0571 | AR14: 8000 | AS14: 3500 | AT14: 726.81516 | AU14: 3018.0416 | AV14: 2044.9997 | AW14: 369.61071 | AX14: 0 | AY14: 1121.9003 | AZ14: 1800 | BA14: 2499.7026 | BB14: 0 | BC14: 0 | BD14: 6600.0623
B15: =B14+1 -> 46150 | C15: =TEXT(B15,"ddd") -> Jum | D15: =SUM(E15:BD15) -> 189751.94 | E15: 1199.5729 | F15: 3000 | G15: 1129.7313 | H15: 3282.5161 | I15: 644.02065 | J15: 0 | K15: 499.97065 | L15: 603.76323 | M15: 673.27548 | N15: 5514.199 | O15: 6600.0623 | P15: 2874.3265 | Q15: 16000 | R15: 4000 | S15: 36000 | T15: 5000 | U15: 7000 | V15: 0 | W15: 2000 | X15: 500 | Y15: 1000 | Z15: 5500 | AA15: 70.054839 | AB15: 89.451613 | AC15: 3500 | AD15: 1300 | AE15: 3000 | AF15: 5000 | AG15: 2020.8603 | AH15: 800 | AI15: 7200 | AJ15: 3499.8768 | AK15: 2043.2745 | AL15: 1999.5303 | AM15: 1000 | AN15: 11007.047 | AO15: 1519.5448 | AP15: 3999.6742 | AQ15: 9000.0571 | AR15: 8000 | AS15: 3500 | AT15: 726.81516 | AU15: 3018.0416 | AV15: 2044.9997 | AW15: 369.61071 | AX15: 0 | AY15: 1121.9003 | AZ15: 1800 | BA15: 2499.7026 | BB15: 0 | BC15: 0 | BD15: 6600.0623
B16: =B15+1 -> 46151 | C16: =TEXT(B16,"ddd") -> Sab | D16: =SUM(E16:BD16) -> 176664.17 | E16: 733.5729 | F16: 3000 | G16: 1129.7313 | H16: 3282.5161 | I16: 644.02065 | J16: 0 | K16: 499.97065 | L16: 603.76323 | M16: 673.27548 | N16: 4514.199 | O16: 6600.0623 | P16: 2874.3265 | Q16: 16000 | R16: 4000 | S16: 36000 | T16: 5000 | U16: 0 | V16: 0 | W16: 2000 | X16: 500 | Y16: 1000 | Z16: 5500 | AA16: 70.054839 | AB16: 89.451613 | AC16: 3500 | AD16: 1300 | AE16: 3000 | AF16: 5000 | AG16: 2020.8603 | AH16: 800 | AI16: 7200 | AJ16: 0 | AK16: 2043.2745 | AL16: 1999.5303 | AM16: 1000 | AN16: 11007.047 | AO16: 1519.5448 | AP16: 3999.6742 | AQ16: 9000.0571 | AR16: 8000 | AS16: 3500 | AT16: 726.81516 | AU16: 3018.0416 | AV16: 2044.9997 | AW16: 369.61071 | AX16: 0 | AY16: 0 | AZ16: 1800 | BA16: 2499.7026 | BB16: 0 | BC16: 0 | BD16: 6600.0623
B17: =B16+1 -> 46152 | C17: =TEXT(B17,"ddd") -> Mgg | D17: =SUM(E17:BD17) -> 128352.01 | E17: 733.5729 | F17: 1000 | G17: 1129.7313 | H17: 999.51613 | I17: 644.02065 | J17: 0 | K17: 0 | L17: 603.76323 | M17: 673.27548 | N17: 0 | O17: 6600.0623 | P17: 300 | Q17: 6659.5545 | R17: 4000 | S17: 36000 | T17: 5000 | U17: 0 | V17: 0 | W17: 2000 | X17: 500 | Y17: 0 | Z17: 2500 | AA17: 70.054839 | AB17: 89.451613 | AC17: 1000 | AD17: 1300 | AE17: 0 | AF17: 5000 | AG17: 2020.8603 | AH17: 0 | AI17: 2999.8519 | AJ17: 0 | AK17: 2043.2745 | AL17: 1999.5303 | AM17: 0 | AN17: 11007.047 | AO17: 1519.5448 | AP17: 3999.6742 | AQ17: 6000.0571 | AR17: 6000 | AS17: 3500 | AT17: 726.81516 | AU17: 3018.0416 | AV17: 2044.9997 | AW17: 369.61071 | AX17: 0 | AY17: 0 | AZ17: 1800 | BA17: 2499.7026 | BB17: 0 | BC17: 0 | BD17: 0
B18: Sub Total | D18: =SUM(D11:D17) -> 1234775.9 | E18: =SUM(E11:E17) -> 7465.0103 | F18: =SUM(F11:F17) -> 19000 | G18: =SUM(G11:G17) -> 7908.119 | H18: =SUM(H11:H17) -> 20694.613 | I18: =SUM(I11:I17) -> 4508.1445 | J18: =SUM(J11:J17) -> 0 | K18: =SUM(K11:K17) -> 2999.8239 | ... BD18: =SUM(BD11:BD17) -> 39600.374
A20: =WEEKNUM(B20) -> 20 | B20: =B17+1 -> 46153 | C20: =TEXT(B20,"ddd") -> Sen | D20: =SUM(E20:BD20) -> 186877.62 | E20: 1199.5729 | F20: 2000 | G20: 1129.7313 | H20: 3282.5161 | I20: 644.02065 | J20: 0 | K20: 499.97065 | L20: 603.76323 | M20: 673.27548 | N20: 5514.199 | O20: 6600.0623 | P20: 1000 | Q20: 16000 | R20: 4000 | S20: 36000 | T20: 5000 | U20: 7000 | V20: 0 | W20: 2000 | X20: 500 | Y20: 1000 | Z20: 5500 | AA20: 70.054839 | AB20: 89.451613 | AC20: 3500 | AD20: 1300 | AE20: 3000 | AF20: 5000 | AG20: 2020.8603 | AH20: 800 | AI20: 7200 | AJ20: 3499.8768 | AK20: 2043.2745 | AL20: 1999.5303 | AM20: 1000 | AN20: 11007.047 | AO20: 1519.5448 | AP20: 3999.6742 | AQ20: 9000.0571 | AR20: 8000 | AS20: 3500 | AT20: 726.81516 | AU20: 3018.0416 | AV20: 2044.9997 | AW20: 369.61071 | AX20: 0 | AY20: 1121.9003 | AZ20: 1800 | BA20: 2499.7026 | BB20: 0 | BC20: 0 | BD20: 6600.0623
B21: =B20+1 -> 46154 | C21: =TEXT(B21,"ddd") -> Sel | D21: =SUM(E21:BD21) -> 218877.62 | E21: 1199.5729 | F21: 2000 | G21: 1129.7313 | H21: 3282.5161 | I21: 644.02065 | J21: 0 | K21: 499.97065 | L21: 603.76323 | M21: 673.27548 | N21: 5514.199 | O21: 6600.0623 | P21: 1000 | Q21: 16000 | R21: 4000 | S21: 48000 | T21: 5000 | U21: 7000 | V21: 0 | W21: 2000 | X21: 500 | Y21: 1000 | Z21: 5500 | AA21: 70.054839 | AB21: 89.451613 | AC21: 3500 | AD21: 1300 | AE21: 3000 | AF21: 5000 | AG21: 2020.8603 | AH21: 800 | AI21: 7200 | AJ21: 3499.8768 | AK21: 2043.2745 | AL21: 1999.5303 | AM21: 1000 | AN21: 11007.047 | AO21: 1519.5448 | AP21: 3999.6742 | AQ21: 9000.0571 | AR21: 8000 | AS21: 3500 | AT21: 726.81516 | AU21: 3018.0416 | AV21: 2044.9997 | AW21: 369.61071 | AX21: 0 | AY21: 1121.9003 | AZ21: 1800 | BA21: 2499.7026 | BB21: 0 | BC21: 20000 | BD21: 6600.0623
B22: =B21+1 -> 46155 | C22: =TEXT(B22,"ddd") -> Rab | D22: =SUM(E22:BD22) -> 218877.62 | E22: 1199.5729 | F22: 2000 | G22: 1129.7313 | H22: 3282.5161 | I22: 644.02065 | J22: 0 | K22: 499.97065 | L22: 603.76323 | M22: 673.27548 | N22: 5514.199 | O22: 6600.0623 | P22: 1000 | Q22: 16000 | R22: 4000 | S22: 48000 | T22: 5000 | U22: 7000 | V22: 0 | W22: 2000 | X22: 500 | Y22: 1000 | Z22: 5500 | AA22: 70.054839 | AB22: 89.451613 | AC22: 3500 | AD22: 1300 | AE22: 3000 | AF22: 5000 | AG22: 2020.8603 | AH22: 800 | AI22: 7200 | AJ22: 3499.8768 | AK22: 2043.2745 | AL22: 1999.5303 | AM22: 1000 | AN22: 11007.047 | AO22: 1519.5448 | AP22: 3999.6742 | AQ22: 9000.0571 | AR22: 8000 | AS22: 3500 | AT22: 726.81516 | AU22: 3018.0416 | AV22: 2044.9997 | AW22: 369.61071 | AX22: 0 | AY22: 1121.9003 | AZ22: 1800 | BA22: 2499.7026 | BB22: 0 | BC22: 20000 | BD22: 6600.0623
B23: =B22+1 -> 46156 | C23: =TEXT(B23,"ddd") -> Kam | D23: =SUM(E23:BD23) -> 179649.02 | E23: 1199.5729 | F23: 2000 | G23: 1129.7313 | H23: 3282.5161 | I23: 644.02065 | J23: 0 | K23: 499.97065 | L23: 603.76323 | M23: 673.27548 | N23: 5514.199 | O23: 0 | P23: 1000 | Q23: 6000 | R23: 4000 | S23: 60000 | T23: 5000 | U23: 0 | V23: 0 | W23: 0 | X23: 0 | Y23: 0 | Z23: 5500 | AA23: 70.054839 | AB23: 89.451613 | AC23: 3500 | AD23: 1300 | AE23: 0 | AF23: 0 | AG23: 2020.8603 | AH23: 800 | AI23: 7200 | AJ23: 3499.8768 | AK23: 2043.2745 | AL23: 0 | AM23: 1000 | AN23: 5000 | AO23: 1519.5448 | AP23: 3999.6742 | AQ23: 2000 | AR23: 8000 | AS23: 3500 | AT23: 726.81516 | AU23: 3018.0416 | AV23: 2044.9997 | AW23: 369.61071 | AX23: 0 | AY23: 0 | AZ23: 1800 | BA23: 2499.7026 | BB23: 0 | BC23: 20000 | BD23: 6600.0623
B24: =B23+1 -> 46157 | C24: =TEXT(B24,"ddd") -> Jum | D24: =SUM(E24:BD24) -> 211877.62 | E24: 1199.5729 | F24: 2000 | G24: 1129.7313 | H24: 3282.5161 | I24: 644.02065 | J24: 0 | K24: 499.97065 | L24: 603.76323 | M24: 673.27548 | N24: 5514.199 | O24: 6600.0623 | P24: 1000 | Q24: 16000 | R24: 4000 | S24: 48000 | T24: 5000 | U24: 7000 | V24: 0 | W24: 0 | X24: 500 | Y24: 1000 | Z24: 5500 | AA24: 70.054839 | AB24: 89.451613 | AC24: 3500 | AD24: 1300 | AE24: 3000 | AF24: 0 | AG24: 2020.8603 | AH24: 800 | AI24: 7200 | AJ24: 3499.8768 | AK24: 2043.2745 | AL24: 1999.5303 | AM24: 1000 | AN24: 11007.047 | AO24: 1519.5448 | AP24: 3999.6742 | AQ24: 9000.0571 | AR24: 8000 | AS24: 3500 | AT24: 726.81516 | AU24: 3018.0416 | AV24: 2044.9997 | AW24: 369.61071 | AX24: 0 | AY24: 1121.9003 | AZ24: 1800 | BA24: 2499.7026 | BB24: 0 | BC24: 20000 | BD24: 6600.0623
B25: =B24+1 -> 46158 | C25: =TEXT(B25,"ddd") -> Sab | D25: =SUM(E25:BD25) -> 217789.84 | E25: 733.5729 | F25: 2000 | G25: 1129.7313 | H25: 3282.5161 | I25: 644.02065 | J25: 0 | K25: 499.97065 | L25: 603.76323 | M25: 673.27548 | N25: 4514.199 | O25: 6600.0623 | P25: 1000 | Q25: 16000 | R25: 4000 | S25: 60000 | T25: 5000 | U25: 0 | V25: 0 | W25: 2000 | X25: 500 | Y25: 1000 | Z25: 5500 | AA25: 70.054839 | AB25: 89.451613 | AC25: 3500 | AD25: 1300 | AE25: 3000 | AF25: 5000 | AG25: 2020.8603 | AH25: 800 | AI25: 7200 | AJ25: 0 | AK25: 2043.2745 | AL25: 1999.5303 | AM25: 1000 | AN25: 11007.047 | AO25: 1519.5448 | AP25: 3999.6742 | AQ25: 9000.0571 | AR25: 8000 | AS25: 3500 | AT25: 726.81516 | AU25: 3018.0416 | AV25: 2044.9997 | AW25: 369.61071 | AX25: 0 | AY25: 0 | AZ25: 1800 | BA25: 2499.7026 | BB25: 0 | BC25: 20000 | BD25: 6600.0623
B26: =B25+1 -> 46159 | C26: =TEXT(B26,"ddd") -> Mgg | D26: =SUM(E26:BD26) -> 172352.01 | E26: 733.5729 | F26: 1000 | G26: 1129.7313 | H26: 999.51613 | I26: 644.02065 | J26: 0 | K26: 0 | L26: 603.76323 | M26: 673.27548 | N26: 0 | O26: 6600.0623 | P26: 300 | Q26: 6659.5545 | R26: 4000 | S26: 60000 | T26: 5000 | U26: 0 | V26: 0 | W26: 2000 | X26: 500 | Y26: 0 | Z26: 2500 | AA26: 70.054839 | AB26: 89.451613 | AC26: 1000 | AD26: 1300 | AE26: 0 | AF26: 5000 | AG26: 2020.8603 | AH26: 0 | AI26: 2999.8519 | AJ26: 0 | AK26: 2043.2745 | AL26: 1999.5303 | AM26: 0 | AN26: 11007.047 | AO26: 1519.5448 | AP26: 3999.6742 | AQ26: 6000.0571 | AR26: 6000 | AS26: 3500 | AT26: 726.81516 | AU26: 3018.0416 | AV26: 2044.9997 | AW26: 369.61071 | AX26: 0 | AY26: 0 | AZ26: 1800 | BA26: 2499.7026 | BB26: 0 | BC26: 20000 | BD26: 0
B27: Sub Total | D27: =SUM(D20:D26) -> 1406301.3 | E27: =SUM(E20:E26) -> 7465.0103 | F27: =SUM(F20:F26) -> 13000 | G27: =SUM(G20:G26) -> 7908.119 | H27: =SUM(H20:H26) -> 20694.613 | I27: =SUM(I20:I26) -> 4508.1445 | J27: =SUM(J20:J26) -> 0 | K27: =SUM(K20:K26) -> 2999.8239 | ... BD27: =SUM(BD20:BD26) -> 39600.374
A29: =WEEKNUM(B29) -> 21 | B29: =B26+1 -> 46160 | C29: =TEXT(B29,"ddd") -> Sen | D29: =SUM(E29:BD29) -> 212877.62 | E29: 1199.5729 | F29: 2000 | G29: 1129.7313 | H29: 3282.5161 | I29: 644.02065 | J29: 0 | K29: 499.97065 | L29: 603.76323 | M29: 673.27548 | N29: 5514.199 | O29: 6600.0623 | P29: 1000 | Q29: 16000 | R29: 4000 | S29: 42000 | T29: 5000 | U29: 7000 | V29: 0 | W29: 2000 | X29: 500 | Y29: 1000 | Z29: 5500 | AA29: 70.054839 | AB29: 89.451613 | AC29: 3500 | AD29: 1300 | AE29: 3000 | AF29: 5000 | AG29: 2020.8603 | AH29: 800 | AI29: 7200 | AJ29: 3499.8768 | AK29: 2043.2745 | AL29: 1999.5303 | AM29: 1000 | AN29: 11007.047 | AO29: 1519.5448 | AP29: 3999.6742 | AQ29: 9000.0571 | AR29: 8000 | AS29: 3500 | AT29: 726.81516 | AU29: 3018.0416 | AV29: 2044.9997 | AW29: 369.61071 | AX29: 0 | AY29: 1121.9003 | AZ29: 1800 | BA29: 2499.7026 | BB29: 0 | BC29: 20000 | BD29: 6600.0623
B30: =B29+1 -> 46161 | C30: =TEXT(B30,"ddd") -> Sel | D30: =SUM(E30:BD30) -> 212877.62 | E30: 1199.5729 | F30: 2000 | G30: 1129.7313 | H30: 3282.5161 | I30: 644.02065 | J30: 0 | K30: 499.97065 | L30: 603.76323 | M30: 673.27548 | N30: 5514.199 | O30: 6600.0623 | P30: 1000 | Q30: 16000 | R30: 4000 | S30: 42000 | T30: 5000 | U30: 7000 | V30: 0 | W30: 2000 | X30: 500 | Y30: 1000 | Z30: 5500 | AA30: 70.054839 | AB30: 89.451613 | AC30: 3500 | AD30: 1300 | AE30: 3000 | AF30: 5000 | AG30: 2020.8603 | AH30: 800 | AI30: 7200 | AJ30: 3499.8768 | AK30: 2043.2745 | AL30: 1999.5303 | AM30: 1000 | AN30: 11007.047 | AO30: 1519.5448 | AP30: 3999.6742 | AQ30: 9000.0571 | AR30: 8000 | AS30: 3500 | AT30: 726.81516 | AU30: 3018.0416 | AV30: 2044.9997 | AW30: 369.61071 | AX30: 0 | AY30: 1121.9003 | AZ30: 1800 | BA30: 2499.7026 | BB30: 0 | BC30: 20000 | BD30: 6600.0623
B31: =B30+1 -> 46162 | C31: =TEXT(B31,"ddd") -> Rab | D31: =SUM(E31:BD31) -> 212877.62 | E31: 1199.5729 | F31: 2000 | G31: 1129.7313 | H31: 3282.5161 | I31: 644.02065 | J31: 0 | K31: 499.97065 | L31: 603.76323 | M31: 673.27548 | N31: 5514.199 | O31: 6600.0623 | P31: 1000 | Q31: 16000 | R31: 4000 | S31: 42000 | T31: 5000 | U31: 7000 | V31: 0 | W31: 2000 | X31: 500 | Y31: 1000 | Z31: 5500 | AA31: 70.054839 | AB31: 89.451613 | AC31: 3500 | AD31: 1300 | AE31: 3000 | AF31: 5000 | AG31: 2020.8603 | AH31: 800 | AI31: 7200 | AJ31: 3499.8768 | AK31: 2043.2745 | AL31: 1999.5303 | AM31: 1000 | AN31: 11007.047 | AO31: 1519.5448 | AP31: 3999.6742 | AQ31: 9000.0571 | AR31: 8000 | AS31: 3500 | AT31: 726.81516 | AU31: 3018.0416 | AV31: 2044.9997 | AW31: 369.61071 | AX31: 0 | AY31: 1121.9003 | AZ31: 1800 | BA31: 2499.7026 | BB31: 0 | BC31: 20000 | BD31: 6600.0623
B32: =B31+1 -> 46163 | C32: =TEXT(B32,"ddd") -> Kam | D32: =SUM(E32:BD32) -> 212877.62 | E32: 1199.5729 | F32: 2000 | G32: 1129.7313 | H32: 3282.5161 | I32: 644.02065 | J32: 0 | K32: 499.97065 | L32: 603.76323 | M32: 673.27548 | N32: 5514.199 | O32: 6600.0623 | P32: 1000 | Q32: 16000 | R32: 4000 | S32: 42000 | T32: 5000 | U32: 7000 | V32: 0 | W32: 2000 | X32: 500 | Y32: 1000 | Z32: 5500 | AA32: 70.054839 | AB32: 89.451613 | AC32: 3500 | AD32: 1300 | AE32: 3000 | AF32: 5000 | AG32: 2020.8603 | AH32: 800 | AI32: 7200 | AJ32: 3499.8768 | AK32: 2043.2745 | AL32: 1999.5303 | AM32: 1000 | AN32: 11007.047 | AO32: 1519.5448 | AP32: 3999.6742 | AQ32: 9000.0571 | AR32: 8000 | AS32: 3500 | AT32: 726.81516 | AU32: 3018.0416 | AV32: 2044.9997 | AW32: 369.61071 | AX32: 0 | AY32: 1121.9003 | AZ32: 1800 | BA32: 2499.7026 | BB32: 0 | BC32: 20000 | BD32: 6600.0623
B33: =B32+1 -> 46164 | C33: =TEXT(B33,"ddd") -> Jum | D33: =SUM(E33:BD33) -> 201277.55 | E33: 1199.5729 | F33: 2000 | G33: 1129.7313 | H33: 3282.5161 | I33: 644.02065 | J33: 0 | K33: 499.97065 | L33: 603.76323 | M33: 673.27548 | N33: 5514.199 | O33: 6600.0623 | P33: 1000 | Q33: 16000 | R33: 4000 | S33: 42000 | T33: 5000 | U33: 7000 | V33: 0 | W33: 2000 | X33: 500 | Y33: 1000 | Z33: 5500 | AA33: 70.054839 | AB33: 89.451613 | AC33: 3500 | AD33: 1300 | AE33: 3000 | AF33: 5000 | AG33: 2020.8603 | AH33: 800 | AI33: 7200 | AJ33: 3499.8768 | AK33: 2043.2745 | AL33: 1999.5303 | AM33: 1000 | AN33: 11007.047 | AO33: 1519.5448 | AP33: 3999.6742 | AQ33: 9000.0571 | AR33: 8000 | AS33: 3500 | AT33: 726.81516 | AU33: 3018.0416 | AV33: 2044.9997 | AW33: 369.61071 | AX33: 0 | AY33: 1121.9003 | AZ33: 1800 | BA33: 2499.7026 | BB33: 0 | BC33: 15000 | BD33: 0
B34: =B33+1 -> 46165 | C34: =TEXT(B34,"ddd") -> Sab | D34: =SUM(E34:BD34) -> 206189.78 | E34: 733.5729 | F34: 2000 | G34: 1129.7313 | H34: 3282.5161 | I34: 644.02065 | J34: 0 | K34: 499.97065 | L34: 603.76323 | M34: 673.27548 | N34: 4514.199 | O34: 6600.0623 | P34: 1000 | Q34: 16000 | R34: 4000 | S34: 60000 | T34: 5000 | U34: 0 | V34: 0 | W34: 2000 | X34: 500 | Y34: 1000 | Z34: 5500 | AA34: 70.054839 | AB34: 89.451613 | AC34: 3500 | AD34: 1300 | AE34: 3000 | AF34: 5000 | AG34: 2020.8603 | AH34: 800 | AI34: 7200 | AJ34: 0 | AK34: 2043.2745 | AL34: 1999.5303 | AM34: 1000 | AN34: 11007.047 | AO34: 1519.5448 | AP34: 3999.6742 | AQ34: 9000.0571 | AR34: 8000 | AS34: 3500 | AT34: 726.81516 | AU34: 3018.0416 | AV34: 2044.9997 | AW34: 369.61071 | AX34: 0 | AY34: 0 | AZ34: 1800 | BA34: 2499.7026 | BB34: 0 | BC34: 15000 | BD34: 0
B35: =B34+1 -> 46166 | C35: =TEXT(B35,"ddd") -> Mgg | D35: =SUM(E35:BD35) -> 167352.01 | E35: 733.5729 | F35: 1000 | G35: 1129.7313 | H35: 999.51613 | I35: 644.02065 | J35: 0 | K35: 0 | L35: 603.76323 | M35: 673.27548 | N35: 0 | O35: 6600.0623 | P35: 300 | Q35: 6659.5545 | R35: 4000 | S35: 60000 | T35: 5000 | U35: 0 | V35: 0 | W35: 2000 | X35: 500 | Y35: 0 | Z35: 2500 | AA35: 70.054839 | AB35: 89.451613 | AC35: 1000 | AD35: 1300 | AE35: 0 | AF35: 5000 | AG35: 2020.8603 | AH35: 0 | AI35: 2999.8519 | AJ35: 0 | AK35: 2043.2745 | AL35: 1999.5303 | AM35: 0 | AN35: 11007.047 | AO35: 1519.5448 | AP35: 3999.6742 | AQ35: 6000.0571 | AR35: 6000 | AS35: 3500 | AT35: 726.81516 | AU35: 3018.0416 | AV35: 2044.9997 | AW35: 369.61071 | AX35: 0 | AY35: 0 | AZ35: 1800 | BA35: 2499.7026 | BB35: 0 | BC35: 15000 | BD35: 0
B36: Sub Total | D36: =SUM(D29:D35) -> 1426329.8 | E36: =SUM(E29:E35) -> 7465.0103 | F36: =SUM(F29:F35) -> 13000 | G36: =SUM(G29:G35) -> 7908.119 | H36: =SUM(H29:H35) -> 20694.613 | I36: =SUM(I29:I35) -> 4508.1445 | J36: =SUM(J29:J35) -> 0 | K36: =SUM(K29:K35) -> 2999.8239 | ... BD36: =SUM(BD29:BD35) -> 26400.249
A38: =WEEKNUM(B38) -> 22 | B38: =B35+1 -> 46167 | C38: =TEXT(B38,"ddd") -> Sen | D38: =SUM(E38:BD38) -> 196277.55 | E38: 1199.5729 | F38: 2000 | G38: 1129.7313 | H38: 3282.5161 | I38: 644.02065 | J38: 0 | K38: 499.97065 | L38: 603.76323 | M38: 673.27548 | N38: 5514.199 | O38: 6600.0623 | P38: 1000 | Q38: 16000 | R38: 4000 | S38: 42000 | T38: 0 | U38: 7000 | V38: 0 | W38: 2000 | X38: 500 | Y38: 1000 | Z38: 5500 | AA38: 70.054839 | AB38: 89.451613 | AC38: 3500 | AD38: 1300 | AE38: 3000 | AF38: 5000 | AG38: 2020.8603 | AH38: 800 | AI38: 7200 | AJ38: 3499.8768 | AK38: 2043.2745 | AL38: 1999.5303 | AM38: 1000 | AN38: 11007.047 | AO38: 1519.5448 | AP38: 3999.6742 | AQ38: 9000.0571 | AR38: 8000 | AS38: 3500 | AT38: 726.81516 | AU38: 3018.0416 | AV38: 2044.9997 | AW38: 369.61071 | AX38: 0 | AY38: 1121.9003 | AZ38: 1800 | BA38: 2499.7026 | BB38: 0 | BC38: 15000 | BD38: 0
B39: =B38+1 -> 46168 | C39: =TEXT(B39,"ddd") -> Sel | D39: =SUM(E39:BD39) -> 196277.55 | E39: 1199.5729 | F39: 2000 | G39: 1129.7313 | H39: 3282.5161 | I39: 644.02065 | J39: 0 | K39: 499.97065 | L39: 603.76323 | M39: 673.27548 | N39: 5514.199 | O39: 6600.0623 | P39: 1000 | Q39: 16000 | R39: 4000 | S39: 42000 | T39: 0 | U39: 7000 | V39: 0 | W39: 2000 | X39: 500 | Y39: 1000 | Z39: 5500 | AA39: 70.054839 | AB39: 89.451613 | AC39: 3500 | AD39: 1300 | AE39: 3000 | AF39: 5000 | AG39: 2020.8603 | AH39: 800 | AI39: 7200 | AJ39: 3499.8768 | AK39: 2043.2745 | AL39: 1999.5303 | AM39: 1000 | AN39: 11007.047 | AO39: 1519.5448 | AP39: 3999.6742 | AQ39: 9000.0571 | AR39: 8000 | AS39: 3500 | AT39: 726.81516 | AU39: 3018.0416 | AV39: 2044.9997 | AW39: 369.61071 | AX39: 0 | AY39: 1121.9003 | AZ39: 1800 | BA39: 2499.7026 | BB39: 0 | BC39: 15000 | BD39: 0
B40: =B39+1 -> 46169 | C40: =TEXT(B40,"ddd") -> Rab | D40: =SUM(E40:BD40) -> 116944.64 | E40: 0 | F40: 0 | G40: 500 | H40: 1000 | I40: 644.02065 | J40: 0 | K40: 499.97065 | L40: 603.76323 | M40: 673.27548 | N40: 0 | O40: 0 | P40: 0 | Q40: 6000 | R40: 4000 | S40: 60000 | T40: 0 | U40: 0 | V40: 0 | W40: 2000 | X40: 0 | Y40: 0 | Z40: 0 | AA40: 70.054839 | AB40: 89.451613 | AC40: 0 | AD40: 1300 | AE40: 0 | AF40: 0 | AG40: 0 | AH40: 0 | AI40: 0 | AJ40: 0 | AK40: 0 | AL40: 0 | AM40: 0 | AN40: 5000 | AO40: 1519.5448 | AP40: 0 | AQ40: 2000 | AR40: 8000 | AS40: 0 | AT40: 726.81516 | AU40: 3018.0416 | AV40: 0 | AW40: 0 | AX40: 0 | AY40: 0 | AZ40: 1800 | BA40: 2499.7026 | BB40: 0 | BC40: 15000 | BD40: 0
B41: =B40+1 -> 46170 | C41: =TEXT(B41,"ddd") -> Kam | D41: =SUM(E41:BD41) -> 158565.95 | E41: 0 | F41: 1000 | G41: 500 | H41: 1000 | I41: 644.02065 | J41: 0 | K41: 499.97065 | L41: 603.76323 | M41: 673.27548 | N41: 5514.199 | O41: 6600.0623 | P41: 0 | Q41: 16000 | R41: 4000 | S41: 60000 | T41: 0 | U41: 7000 | V41: 0 | W41: 2000 | X41: 500 | Y41: 0 | Z41: 0 | AA41: 70.054839 | AB41: 89.451613 | AC41: 0 | AD41: 1300 | AE41: 0 | AF41: 5000 | AG41: 0 | AH41: 0 | AI41: 0 | AJ41: 0 | AK41: 0 | AL41: 0 | AM41: 0 | AN41: 11007.047 | AO41: 1519.5448 | AP41: 0 | AQ41: 2000 | AR41: 8000 | AS41: 0 | AT41: 726.81516 | AU41: 3018.0416 | AV41: 0 | AW41: 0 | AX41: 0 | AY41: 0 | AZ41: 1800 | BA41: 2499.7026 | BB41: 0 | BC41: 15000 | BD41: 0
B42: =B41+1 -> 46171 | C42: =TEXT(B42,"ddd") -> Jum | D42: =SUM(E42:BD42) -> 202277.55 | E42: 1199.5729 | F42: 2000 | G42: 1129.7313 | H42: 3282.5161 | I42: 644.02065 | J42: 0 | K42: 499.97065 | L42: 603.76323 | M42: 673.27548 | N42: 5514.199 | O42: 6600.0623 | P42: 1000 | Q42: 16000 | R42: 4000 | S42: 48000 | T42: 0 | U42: 7000 | V42: 0 | W42: 2000 | X42: 500 | Y42: 1000 | Z42: 5500 | AA42: 70.054839 | AB42: 89.451613 | AC42: 3500 | AD42: 1300 | AE42: 3000 | AF42: 5000 | AG42: 2020.8603 | AH42: 800 | AI42: 7200 | AJ42: 3499.8768 | AK42: 2043.2745 | AL42: 1999.5303 | AM42: 1000 | AN42: 11007.047 | AO42: 1519.5448 | AP42: 3999.6742 | AQ42: 9000.0571 | AR42: 8000 | AS42: 3500 | AT42: 726.81516 | AU42: 3018.0416 | AV42: 2044.9997 | AW42: 369.61071 | AX42: 0 | AY42: 1121.9003 | AZ42: 1800 | BA42: 2499.7026 | BB42: 0 | BC42: 15000 | BD42: 0
B43: =B42+1 -> 46172 | C43: =TEXT(B43,"ddd") -> Sab | D43: =SUM(E43:BD43) -> 201189.78 | E43: 733.5729 | F43: 2000 | G43: 1129.7313 | H43: 3282.5161 | I43: 644.02065 | J43: 0 | K43: 499.97065 | L43: 603.76323 | M43: 673.27548 | N43: 4514.199 | O43: 6600.0623 | P43: 1000 | Q43: 16000 | R43: 4000 | S43: 60000 | T43: 0 | U43: 0 | V43: 0 | W43: 2000 | X43: 500 | Y43: 1000 | Z43: 5500 | AA43: 70.054839 | AB43: 89.451613 | AC43: 3500 | AD43: 1300 | AE43: 3000 | AF43: 5000 | AG43: 2020.8603 | AH43: 800 | AI43: 7200 | AJ43: 0 | AK43: 2043.2745 | AL43: 1999.5303 | AM43: 1000 | AN43: 11007.047 | AO43: 1519.5448 | AP43: 3999.6742 | AQ43: 9000.0571 | AR43: 8000 | AS43: 3500 | AT43: 726.81516 | AU43: 3018.0416 | AV43: 2044.9997 | AW43: 369.61071 | AX43: 0 | AY43: 0 | AZ43: 1800 | BA43: 2499.7026 | BB43: 0 | BC43: 15000 | BD43: 0
B44: =B43+1 -> 46173 | C44: =TEXT(B44,"ddd") -> Mgg | D44: =SUM(E44:BD44) -> 129553.09 | E44: 733.5729 | F44: 1000 | G44: 500 | H44: 999.51613 | I44: 644.02065 | J44: 0 | K44: 0 | L44: 603.76323 | M44: 673.27548 | N44: 0 | O44: 0 | P44: 300 | Q44: 6659.5545 | R44: 4000 | S44: 60000 | T44: 0 | U44: 0 | V44: 0 | W44: 2000 | X44: 0 | Y44: 0 | Z44: 0 | AA44: 70.054839 | AB44: 89.451613 | AC44: 1000 | AD44: 1300 | AE44: 0 | AF44: 0 | AG44: 2020.8603 | AH44: 0 | AI44: 2999.8519 | AJ44: 0 | AK44: 0 | AL44: 0 | AM44: 0 | AN44: 5000 | AO44: 0 | AP44: 2000 | AQ44: 2000 | AR44: 6000 | AS44: 3500 | AT44: 726.81516 | AU44: 3018.0416 | AV44: 2044.9997 | AW44: 369.61071 | AX44: 0 | AY44: 0 | AZ44: 1800 | BA44: 2499.7026 | BB44: 0 | BC44: 15000 | BD44: 0
B45: Sub Total | D45: =SUM(D38:D44) -> 1201086.1 | E45: =SUM(E38:E44) -> 5065.8645 | F45: =SUM(F38:F44) -> 10000 | G45: =SUM(G38:G44) -> 6018.9252 | H45: =SUM(H38:H44) -> 16129.581 | I45: =SUM(I38:I44) -> 4508.1445 | J45: =SUM(J38:J44) -> 0 | K45: =SUM(K38:K44) -> 2999.8239 | ... BD45: =SUM(BD38:BD44) -> 0
B47: Sub Total | D47: =SUM(D18,D9,D27,D36,D45) -> 5696891.6 | E47: =SUM(E18,E9,E27,E36,E45) -> 28194.468 | F47: =SUM(F18,F9,F27,F36,F45) -> 60000 | G47: =SUM(G18,G9,G27,G36,G45) -> 32502.745 | H47: =SUM(H18,H9,H27,H36,H45) -> 82495.452 | I47: =SUM(I18,I9,I27,I36,I45) -> 19964.64 | J47: =SUM(J18,J9,J27,J36,J45) -> 0 | K47: =SUM(K18,K9,K27,K36,K45) -> 11999.295 | ... BD47: =SUM(BD18,BD9,BD27,BD36,BD45) -> 112201
B48: Total | D48: =SUM(D11:D17,D6:D8,D29:D35,D20:D26,D38:D44) -> 5696891.6 | E48: =SUM(E11:E17,E6:E8,E29:E35,E20:E26,E38:E44) -> 28194.468 | F48: =SUM(F11:F17,F6:F8,F29:F35,F20:F26,F38:F44) -> 60000 | G48: =SUM(G11:G17,G6:G8,G29:G35,G20:G26,G38:G44) -> 32502.745 | H48: =SUM(H11:H17,H6:H8,H29:H35,H20:H26,H38:H44) -> 82495.452 | I48: =SUM(I11:I17,I6:I8,I29:I35,I20:I26,I38:I44) -> 19964.64 | J48: =SUM(J11:J17,J6:J8,J29:J35,J20:J26,J38:J44) -> 0 | K48: =SUM(K11:K17,K6:K8,K29:K35,K20:K26,K38:K44) -> 11999.295 | ... BD48: =SUM(BD11:BD17,BD6:BD8,BD29:BD35,BD20:BD26,BD38:BD44) -> 112201
B49: Note Rev.1:
B50: Note Rev.1:
B51: Note Rev.1:
B52: Note Rev.1:
B53: Note Rev.1:
B54: Note Rev.1:
B55: Note Rev.1:
B56: Note Rev.1:
B57: Note Rev.1:
B58: Note Rev.1:
B59: Note Rev.1:
B60: Note Rev.1:
... B80: 6. Pengurangan volume MS SETU PT Ceres, customer off mulai 22 April 2025

Sheet KEBUTUHAN GAS
A1: KEBUTUHAN GAS
A4: ='SO MEI 2026 REV 4'!A3 -> 46143 | E4: KEBUTUHAN GAS | I4: KUOTA GAS
A5: Week | B5: DATE | D5: SELISIH GAS | E5: JABAR | F5: JATENG | G5: JATIM | H5: TOTAL | I5: MS SETU | J5: MS KHT | K5: MS BLORA | L5: MS BITUNG | M5: MS ZEBRA | N5: MS TAMBAKLOROK | O5: MS WUNUT | P5: MS SADANG | Q5: TOTAL
A6: =WEEKNUM(B6) -> 18 | B6: =A4 -> 46143 | C6: =TEXT(B6,"ddd") -> Jum | D6: =Q6-H6 -> 29884.148 | E6: =SUM('SO MEI 2026 REV 4'!E6:AS6) -> 101571.29 | F6: =SUM('SO MEI 2026 REV 4'!AT6:BA6) -> 8044.5594 | G6: =SUM('SO MEI 2026 REV 4'!BB6:BD6) -> 0 | H6: =SUM(E6:G6) -> 109615.85 | I6: ='SO MS'!E6 -> 84000 | J6: ='SO MS'!F6 -> 33600 | K6: ='SO MS'!G6 -> 9600 | L6: =2*5000 -> 10000 | M6: ='SO MEI 2026 REV 4'!AZ6 -> 1800 | N6: ='SO MEI 2026 REV 4'!AS6 -> 500 | O6: ='SO MEI 2026 REV 4'!AY6 -> 0 | Q6: =SUM(I6:P6) -> 139500
B7: =B6+1 -> 46144 | C7: =TEXT(B7,"ddd") -> Sab | D7: =Q7-H7 -> -30330.559 | E7: =SUM('SO MEI 2026 REV 4'!E7:AS7) -> 159371.39 | F7: =SUM('SO MEI 2026 REV 4'!AT7:BA7) -> 10459.17 | G7: =SUM('SO MEI 2026 REV 4'!BB7:BD7) -> 0 | H7: =SUM(E7:G7) -> 169830.56 | I7: ='SO MS'!E7 -> 84000 | J7: ='SO MS'!F7 -> 33600 | K7: ='SO MS'!G7 -> 9600 | L7: =2*5000 -> 10000 | M7: ='SO MEI 2026 REV 4'!AZ7 -> 1800 | N7: ='SO MEI 2026 REV 4'!AS7 -> 500 | O7: ='SO MEI 2026 REV 4'!AY7 -> 0 | Q7: =SUM(I7:P7) -> 139500
B8: =B7+1 -> 46145 | C8: =TEXT(B8,"ddd") -> Mgg | D8: =Q8-H8 -> -6452.0133 | E8: =SUM('SO MEI 2026 REV 4'!E8:AS8) -> 131892.84 | F8: =SUM('SO MEI 2026 REV 4'!AT8:BA8) -> 10459.17 | G8: =SUM('SO MEI 2026 REV 4'!BB8:BD8) -> 6600 | H8: =SUM(E8:G8) -> 148952.01 | I8: ='SO MS'!E8 -> 84000 | J8: ='SO MS'!F8 -> 33600 | K8: ='SO MS'!G8 -> 9600 | L8: =2*5000 -> 10000 | M8: ='SO MEI 2026 REV 4'!AZ8 -> 1800 | N8: ='SO MEI 2026 REV 4'!AS8 -> 3500 | O8: ='SO MEI 2026 REV 4'!AY8 -> 0 | Q8: =SUM(I8:P8) -> 142500
B9: Sub Total | D9: =SUM(D6:D8) -> -6898.425 | E9: =SUM(E6:E8) -> 392835.53 | F9: =SUM(F6:F8) -> 28962.899 | G9: =SUM(G6:G8) -> 6600 | H9: =SUM(H6:H8) -> 428398.43 | I9: =SUM(I6:I8) -> 252000 | J9: =SUM(J6:J8) -> 100800 | K9: =SUM(K6:K8) -> 28800 | ... Q9: =SUM(Q6:Q8) -> 421500
A11: =WEEKNUM(B11) -> 19 | B11: =B8+1 -> 46146 | C11: =TEXT(B11,"ddd") -> Sen | D11: =Q11-H11 -> -36630.042 | E11: =SUM('SO MEI 2026 REV 4'!E11:AS11) -> 162070.81 | F11: =SUM('SO MEI 2026 REV 4'!AT11:BA11) -> 11581.07 | G11: =SUM('SO MEI 2026 REV 4'!BB11:BD11) -> 6600.0623 | H11: =SUM(E11:G11) -> 180251.94 | I11: ='SO MS'!E11 -> 84000 | J11: ='SO MS'!F11 -> 33600 | K11: ='SO MS'!G11 -> 9600 | L11: =2*5000 -> 10000 | M11: ='SO MEI 2026 REV 4'!AZ11 -> 1800 | N11: ='SO MEI 2026 REV 4'!AS11 -> 3500 | O11: ='SO MEI 2026 REV 4'!AY11 -> 1121.9003 | Q11: =SUM(I11:P11) -> 143621.9
B12: =B11+1 -> 46147 | C12: =TEXT(B12,"ddd") -> Sel | D12: =Q12-H12 -> -36630.042 | E12: =SUM('SO MEI 2026 REV 4'!E12:AS12) -> 162070.81 | F12: =SUM('SO MEI 2026 REV 4'!AT12:BA12) -> 11581.07 | G12: =SUM('SO MEI 2026 REV 4'!BB12:BD12) -> 6600.0623 | H12: =SUM(E12:G12) -> 180251.94 | I12: ='SO MS'!E12 -> 84000 | J12: ='SO MS'!F12 -> 33600 | K12: ='SO MS'!G12 -> 9600 | L12: =2*5000 -> 10000 | M12: ='SO MEI 2026 REV 4'!AZ12 -> 1800 | N12: ='SO MEI 2026 REV 4'!AS12 -> 3500 | O12: ='SO MEI 2026 REV 4'!AY12 -> 1121.9003 | Q12: =SUM(I12:P12) -> 143621.9
B13: =B12+1 -> 46148 | C13: =TEXT(B13,"ddd") -> Rab | D13: =Q13-H13 -> -46130.042 | E13: =SUM('SO MEI 2026 REV 4'!E13:AS13) -> 171570.81 | F13: =SUM('SO MEI 2026 REV 4'!AT13:BA13) -> 11581.07 | G13: =SUM('SO MEI 2026 REV 4'!BB13:BD13) -> 6600.0623 | H13: =SUM(E13:G13) -> 189751.94 | I13: ='SO MS'!E13 -> 84000 | J13: ='SO MS'!F13 -> 33600 | K13: ='SO MS'!G13 -> 9600 | L13: =2*5000 -> 10000 | M13: ='SO MEI 2026 REV 4'!AZ13 -> 1800 | N13: ='SO MEI 2026 REV 4'!AS13 -> 3500 | O13: ='SO MEI 2026 REV 4'!AY13 -> 1121.9003 | Q13: =SUM(I13:P13) -> 143621.9
B14: =B13+1 -> 46149 | C14: =TEXT(B14,"ddd") -> Kam | D14: =Q14-H14 -> -46130.042 | E14: =SUM('SO MEI 2026 REV 4'!E14:AS14) -> 171570.81 | F14: =SUM('SO MEI 2026 REV 4'!AT14:BA14) -> 11581.07 | G14: =SUM('SO MEI 2026 REV 4'!BB14:BD14) -> 6600.0623 | H14: =SUM(E14:G14) -> 189751.94 | I14: ='SO MS'!E14 -> 84000 | J14: ='SO MS'!F14 -> 33600 | K14: ='SO MS'!G14 -> 9600 | L14: =2*5000 -> 10000 | M14: ='SO MEI 2026 REV 4'!AZ14 -> 1800 | N14: ='SO MEI 2026 REV 4'!AS14 -> 3500 | O14: ='SO MEI 2026 REV 4'!AY14 -> 1121.9003 | Q14: =SUM(I14:P14) -> 143621.9
B15: =B14+1 -> 46150 | C15: =TEXT(B15,"ddd") -> Jum | D15: =Q15-H15 -> -46130.042 | E15: =SUM('SO MEI 2026 REV 4'!E15:AS15) -> 171570.81 | F15: =SUM('SO MEI 2026 REV 4'!AT15:BA15) -> 11581.07 | G15: =SUM('SO MEI 2026 REV 4'!BB15:BD15) -> 6600.0623 | H15: =SUM(E15:G15) -> 189751.94 | I15: ='SO MS'!E15 -> 84000 | J15: ='SO MS'!F15 -> 33600 | K15: ='SO MS'!G15 -> 9600 | L15: =2*5000 -> 10000 | M15: ='SO MEI 2026 REV 4'!AZ15 -> 1800 | N15: ='SO MEI 2026 REV 4'!AS15 -> 3500 | O15: ='SO MEI 2026 REV 4'!AY15 -> 1121.9003 | Q15: =SUM(I15:P15) -> 143621.9
B16: =B15+1 -> 46151 | C16: =TEXT(B16,"ddd") -> Sab | D16: =Q16-H16 -> -34164.165 | E16: =SUM('SO MEI 2026 REV 4'!E16:AS16) -> 159604.93 | F16: =SUM('SO MEI 2026 REV 4'!AT16:BA16) -> 10459.17 | G16: =SUM('SO MEI 2026 REV 4'!BB16:BD16) -> 6600.0623 | H16: =SUM(E16:G16) -> 176664.17 | I16: ='SO MS'!E16 -> 84000 | J16: ='SO MS'!F16 -> 33600 | K16: ='SO MS'!G16 -> 9600 | L16: =2*5000 -> 10000 | M16: ='SO MEI 2026 REV 4'!AZ16 -> 1800 | N16: ='SO MEI 2026 REV 4'!AS16 -> 3500 | O16: ='SO MEI 2026 REV 4'!AY16 -> 0 | Q16: =SUM(I16:P16) -> 142500
B17: =B16+1 -> 46152 | C17: =TEXT(B17,"ddd") -> Mgg | D17: =Q17-H17 -> 14147.987 | E17: =SUM('SO MEI 2026 REV 4'!E17:AS17) -> 117892.84 | F17: =SUM('SO MEI 2026 REV 4'!AT17:BA17) -> 10459.17 | G17: =SUM('SO MEI 2026 REV 4'!BB17:BD17) -> 0 | H17: =SUM(E17:G17) -> 128352.01 | I17: ='SO MS'!E17 -> 84000 | J17: ='SO MS'!F17 -> 33600 | K17: ='SO MS'!G17 -> 9600 | L17: =2*5000 -> 10000 | M17: ='SO MEI 2026 REV 4'!AZ17 -> 1800 | N17: ='SO MEI 2026 REV 4'!AS17 -> 3500 | O17: ='SO MEI 2026 REV 4'!AY17 -> 0 | Q17: =SUM(I17:P17) -> 142500
B18: Sub Total | D18: =SUM(D11:D17) -> -231666.39 | E18: =SUM(E11:E17) -> 1116351.8 | F18: =SUM(F11:F17) -> 78823.69 | G18: =SUM(G11:G17) -> 39600.374 | H18: =SUM(H11:H17) -> 1234775.9 | I18: =SUM(I11:I17) -> 588000 | J18: =SUM(J11:J17) -> 235200 | K18: =SUM(K11:K17) -> 67200 | ... Q18: =SUM(Q11:Q17) -> 1003109.5
A20: =WEEKNUM(B20) -> 20 | B20: =B17+1 -> 46153 | C20: =TEXT(B20,"ddd") -> Sen | D20: =Q20-H20 -> -43255.716 | E20: =SUM('SO MEI 2026 REV 4'!E20:AS20) -> 168696.48 | F20: =SUM('SO MEI 2026 REV 4'!AT20:BA20) -> 11581.07 | G20: =SUM('SO MEI 2026 REV 4'!BB20:BD20) -> 6600.0623 | H20: =SUM(E20:G20) -> 186877.62 | I20: ='SO MS'!E20 -> 84000 | J20: ='SO MS'!F20 -> 33600 | K20: ='SO MS'!G20 -> 9600 | L20: =2*5000 -> 10000 | M20: ='SO MEI 2026 REV 4'!AZ20 -> 1800 | N20: ='SO MEI 2026 REV 4'!AS20 -> 3500 | O20: ='SO MEI 2026 REV 4'!AY20 -> 1121.9003 | Q20: =SUM(I20:P20) -> 143621.9
B21: =B20+1 -> 46154 | C21: =TEXT(B21,"ddd") -> Sel | D21: =Q21-H21 -> -75255.716 | E21: =SUM('SO MEI 2026 REV 4'!E21:AS21) -> 180696.48 | F21: =SUM('SO MEI 2026 REV 4'!AT21:BA21) -> 11581.07 | G21: =SUM('SO MEI 2026 REV 4'!BB21:BD21) -> 26600.062 | H21: =SUM(E21:G21) -> 218877.62 | I21: ='SO MS'!E21 -> 84000 | J21: ='SO MS'!F21 -> 33600 | K21: ='SO MS'!G21 -> 9600 | L21: =2*5000 -> 10000 | M21: ='SO MEI 2026 REV 4'!AZ21 -> 1800 | N21: ='SO MEI 2026 REV 4'!AS21 -> 3500 | O21: ='SO MEI 2026 REV 4'!AY21 -> 1121.9003 | Q21: =SUM(I21:P21) -> 143621.9
B22: =B21+1 -> 46155 | C22: =TEXT(B22,"ddd") -> Rab | D22: =Q22-H22 -> -75255.716 | E22: =SUM('SO MEI 2026 REV 4'!E22:AS22) -> 180696.48 | F22: =SUM('SO MEI 2026 REV 4'!AT22:BA22) -> 11581.07 | G22: =SUM('SO MEI 2026 REV 4'!BB22:BD22) -> 26600.062 | H22: =SUM(E22:G22) -> 218877.62 | I22: ='SO MS'!E22 -> 84000 | J22: ='SO MS'!F22 -> 33600 | K22: ='SO MS'!G22 -> 9600 | L22: =2*5000 -> 10000 | M22: ='SO MEI 2026 REV 4'!AZ22 -> 1800 | N22: ='SO MEI 2026 REV 4'!AS22 -> 3500 | O22: ='SO MEI 2026 REV 4'!AY22 -> 1121.9003 | Q22: =SUM(I22:P22) -> 143621.9
B23: =B22+1 -> 46156 | C23: =TEXT(B23,"ddd") -> Kam | D23: =Q23-H23 -> -37149.018 | E23: =SUM('SO MEI 2026 REV 4'!E23:AS23) -> 142589.79 | F23: =SUM('SO MEI 2026 REV 4'!AT23:BA23) -> 10459.17 | G23: =SUM('SO MEI 2026 REV 4'!BB23:BD23) -> 26600.062 | H23: =SUM(E23:G23) -> 179649.02 | I23: ='SO MS'!E23 -> 84000 | J23: ='SO MS'!F23 -> 33600 | K23: ='SO MS'!G23 -> 9600 | L23: =2*5000 -> 10000 | M23: ='SO MEI 2026 REV 4'!AZ23 -> 1800 | N23: ='SO MEI 2026 REV 4'!AS23 -> 3500 | O23: ='SO MEI 2026 REV 4'!AY23 -> 0 | Q23: =SUM(I23:P23) -> 142500
B24: =B23+1 -> 46157 | C24: =TEXT(B24,"ddd") -> Jum | D24: =Q24-H24 -> -68255.716 | E24: =SUM('SO MEI 2026 REV 4'!E24:AS24) -> 173696.48 | F24: =SUM('SO MEI 2026 REV 4'!AT24:BA24) -> 11581.07 | G24: =SUM('SO MEI 2026 REV 4'!BB24:BD24) -> 26600.062 | H24: =SUM(E24:G24) -> 211877.62 | I24: ='SO MS'!E24 -> 84000 | J24: ='SO MS'!F24 -> 33600 | K24: ='SO MS'!G24 -> 9600 | L24: =2*5000 -> 10000 | M24: ='SO MEI 2026 REV 4'!AZ24 -> 1800 | N24: ='SO MEI 2026 REV 4'!AS24 -> 3500 | O24: ='SO MEI 2026 REV 4'!AY24 -> 1121.9003 | Q24: =SUM(I24:P24) -> 143621.9
B25: =B24+1 -> 46158 | C25: =TEXT(B25,"ddd") -> Sab | D25: =Q25-H25 -> -75289.839 | E25: =SUM('SO MEI 2026 REV 4'!E25:AS25) -> 180730.61 | F25: =SUM('SO MEI 2026 REV 4'!AT25:BA25) -> 10459.17 | G25: =SUM('SO MEI 2026 REV 4'!BB25:BD25) -> 26600.062 | H25: =SUM(E25:G25) -> 217789.84 | I25: ='SO MS'!E25 -> 84000 | J25: ='SO MS'!F25 -> 33600 | K25: ='SO MS'!G25 -> 9600 | L25: =2*5000 -> 10000 | M25: ='SO MEI 2026 REV 4'!AZ25 -> 1800 | N25: ='SO MEI 2026 REV 4'!AS25 -> 3500 | O25: ='SO MEI 2026 REV 4'!AY25 -> 0 | Q25: =SUM(I25:P25) -> 142500
B26: =B25+1 -> 46159 | C26: =TEXT(B26,"ddd") -> Mgg | D26: =Q26-H26 -> -29852.013 | E26: =SUM('SO MEI 2026 REV 4'!E26:AS26) -> 141892.84 | F26: =SUM('SO MEI 2026 REV 4'!AT26:BA26) -> 10459.17 | G26: =SUM('SO MEI 2026 REV 4'!BB26:BD26) -> 20000 | H26: =SUM(E26:G26) -> 172352.01 | I26: ='SO MS'!E26 -> 84000 | J26: ='SO MS'!F26 -> 33600 | K26: ='SO MS'!G26 -> 9600 | L26: =2*5000 -> 10000 | M26: ='SO MEI 2026 REV 4'!AZ26 -> 1800 | N26: ='SO MEI 2026 REV 4'!AS26 -> 3500 | O26: ='SO MEI 2026 REV 4'!AY26 -> 0 | Q26: =SUM(I26:P26) -> 142500
B27: Sub Total | D27: =SUM(D20:D26) -> -404313.73 | E27: =SUM(E20:E26) -> 1168999.2 | F27: =SUM(F20:F26) -> 77701.789 | G27: =SUM(G20:G26) -> 159600.37 | H27: =SUM(H20:H26) -> 1406301.3 | I27: =SUM(I20:I26) -> 588000 | J27: =SUM(J20:J26) -> 235200 | K27: =SUM(K20:K26) -> 67200 | ... Q27: =SUM(Q20:Q26) -> 1001987.6
A29: =WEEKNUM(B29) -> 21 | B29: =B26+1 -> 46160 | C29: =TEXT(B29,"ddd") -> Sen | D29: =Q29-H29 -> -69255.716 | E29: =SUM('SO MEI 2026 REV 4'!E29:AS29) -> 174696.48 | F29: =SUM('SO MEI 2026 REV 4'!AT29:BA29) -> 11581.07 | G29: =SUM('SO MEI 2026 REV 4'!BB29:BD29) -> 26600.062 | H29: =SUM(E29:G29) -> 212877.62 | I29: ='SO MS'!E29 -> 84000 | J29: ='SO MS'!F29 -> 33600 | K29: ='SO MS'!G29 -> 9600 | L29: =2*5000 -> 10000 | M29: ='SO MEI 2026 REV 4'!AZ29 -> 1800 | N29: ='SO MEI 2026 REV 4'!AS29 -> 3500 | O29: ='SO MEI 2026 REV 4'!AY29 -> 1121.9003 | Q29: =SUM(I29:P29) -> 143621.9
B30: =B29+1 -> 46161 | C30: =TEXT(B30,"ddd") -> Sel | D30: =Q30-H30 -> -69255.716 | E30: =SUM('SO MEI 2026 REV 4'!E30:AS30) -> 174696.48 | F30: =SUM('SO MEI 2026 REV 4'!AT30:BA30) -> 11581.07 | G30: =SUM('SO MEI 2026 REV 4'!BB30:BD30) -> 26600.062 | H30: =SUM(E30:G30) -> 212877.62 | I30: ='SO MS'!E30 -> 84000 | J30: ='SO MS'!F30 -> 33600 | K30: ='SO MS'!G30 -> 9600 | L30: =2*5000 -> 10000 | M30: ='SO MEI 2026 REV 4'!AZ30 -> 1800 | N30: ='SO MEI 2026 REV 4'!AS30 -> 3500 | O30: ='SO MEI 2026 REV 4'!AY30 -> 1121.9003 | Q30: =SUM(I30:P30) -> 143621.9
B31: =B30+1 -> 46162 | C31: =TEXT(B31,"ddd") -> Rab | D31: =Q31-H31 -> -69255.716 | E31: =SUM('SO MEI 2026 REV 4'!E31:AS31) -> 174696.48 | F31: =SUM('SO MEI 2026 REV 4'!AT31:BA31) -> 11581.07 | G31: =SUM('SO MEI 2026 REV 4'!BB31:BD31) -> 26600.062 | H31: =SUM(E31:G31) -> 212877.62 | I31: ='SO MS'!E31 -> 84000 | J31: ='SO MS'!F31 -> 33600 | K31: ='SO MS'!G31 -> 9600 | L31: =2*5000 -> 10000 | M31: ='SO MEI 2026 REV 4'!AZ31 -> 1800 | N31: ='SO MEI 2026 REV 4'!AS31 -> 3500 | O31: ='SO MEI 2026 REV 4'!AY31 -> 1121.9003 | Q31: =SUM(I31:P31) -> 143621.9
B32: =B31+1 -> 46163 | C32: =TEXT(B32,"ddd") -> Kam | D32: =Q32-H32 -> -69255.716 | E32: =SUM('SO MEI 2026 REV 4'!E32:AS32) -> 174696.48 | F32: =SUM('SO MEI 2026 REV 4'!AT32:BA32) -> 11581.07 | G32: =SUM('SO MEI 2026 REV 4'!BB32:BD32) -> 26600.062 | H32: =SUM(E32:G32) -> 212877.62 | I32: ='SO MS'!E32 -> 84000 | J32: ='SO MS'!F32 -> 33600 | K32: ='SO MS'!G32 -> 9600 | L32: =2*5000 -> 10000 | M32: ='SO MEI 2026 REV 4'!AZ32 -> 1800 | N32: ='SO MEI 2026 REV 4'!AS32 -> 3500 | O32: ='SO MEI 2026 REV 4'!AY32 -> 1121.9003 | Q32: =SUM(I32:P32) -> 143621.9
B33: =B32+1 -> 46164 | C33: =TEXT(B33,"ddd") -> Jum | D33: =Q33-H33 -> -57655.653 | E33: =SUM('SO MEI 2026 REV 4'!E33:AS33) -> 174696.48 | F33: =SUM('SO MEI 2026 REV 4'!AT33:BA33) -> 11581.07 | G33: =SUM('SO MEI 2026 REV 4'!BB33:BD33) -> 15000 | H33: =SUM(E33:G33) -> 201277.55 | I33: ='SO MS'!E33 -> 84000 | J33: ='SO MS'!F33 -> 33600 | K33: ='SO MS'!G33 -> 9600 | L33: =2*5000 -> 10000 | M33: ='SO MEI 2026 REV 4'!AZ33 -> 1800 | N33: ='SO MEI 2026 REV 4'!AS33 -> 3500 | O33: ='SO MEI 2026 REV 4'!AY33 -> 1121.9003 | Q33: =SUM(I33:P33) -> 143621.9
B34: =B33+1 -> 46165 | C34: =TEXT(B34,"ddd") -> Sab | D34: =Q34-H34 -> -63689.777 | E34: =SUM('SO MEI 2026 REV 4'!E34:AS34) -> 180730.61 | F34: =SUM('SO MEI 2026 REV 4'!AT34:BA34) -> 10459.17 | G34: =SUM('SO MEI 2026 REV 4'!BB34:BD34) -> 15000 | H34: =SUM(E34:G34) -> 206189.78 | I34: ='SO MS'!E34 -> 84000 | J34: ='SO MS'!F34 -> 33600 | K34: ='SO MS'!G34 -> 9600 | L34: =2*5000 -> 10000 | M34: ='SO MEI 2026 REV 4'!AZ34 -> 1800 | N34: ='SO MEI 2026 REV 4'!AS34 -> 3500 | O34: ='SO MEI 2026 REV 4'!AY34 -> 0 | Q34: =SUM(I34:P34) -> 142500
B35: =B34+1 -> 46166 | C35: =TEXT(B35,"ddd") -> Mgg | D35: =Q35-H35 -> -24852.013 | E35: =SUM('SO MEI 2026 REV 4'!E35:AS35) -> 141892.84 | F35: =SUM('SO MEI 2026 REV 4'!AT35:BA35) -> 10459.17 | G35: =SUM('SO MEI 2026 REV 4'!BB35:BD35) -> 15000 | H35: =SUM(E35:G35) -> 167352.01 | I35: ='SO MS'!E35 -> 84000 | J35: ='SO MS'!F35 -> 33600 | K35: ='SO MS'!G35 -> 9600 | L35: =2*5000 -> 10000 | M35: ='SO MEI 2026 REV 4'!AZ35 -> 1800 | N35: ='SO MEI 2026 REV 4'!AS35 -> 3500 | O35: ='SO MEI 2026 REV 4'!AY35 -> 0 | Q35: =SUM(I35:P35) -> 142500
B36: Sub Total | D36: =SUM(D29:D35) -> -423220.31 | E36: =SUM(E29:E35) -> 1196105.9 | F36: =SUM(F29:F35) -> 78823.69 | G36: =SUM(G29:G35) -> 151400.25 | H36: =SUM(H29:H35) -> 1426329.8 | I36: =SUM(I29:I35) -> 588000 | J36: =SUM(J29:J35) -> 235200 | K36: =SUM(K29:K35) -> 67200 | ... Q36: =SUM(Q29:Q35) -> 1003109.5
A38: =WEEKNUM(B38) -> 22 | B38: =B35+1 -> 46167 | C38: =TEXT(B38,"ddd") -> Sen | D38: =Q38-H38 -> -34165.788 | E38: =SUM('SO MEI 2026 REV 4'!E38:AS38) -> 169696.48 | F38: =SUM('SO MEI 2026 REV 4'!AT38:BA38) -> 11581.07 | G38: =SUM('SO MEI 2026 REV 4'!BB38:BD38) -> 15000 | H38: =SUM(E38:G38) -> 196277.55 | I38: ='SO MS'!E38 -> 84000 | J38: =SUM('SO MEI 2026 REV 4'!AG38:AR38) -> 52089.865 | K38: ='SO MS'!G38 -> 9600 | L38: =2*5000 -> 10000 | M38: ='SO MEI 2026 REV 4'!AZ38 -> 1800 | N38: ='SO MEI 2026 REV 4'!AS38 -> 3500 | O38: ='SO MEI 2026 REV 4'!AY38 -> 1121.9003 | Q38: =SUM(I38:P38) -> 162111.77
B39: =B38+1 -> 46168 | C39: =TEXT(B39,"ddd") -> Sel | D39: =Q39-H39 -> -193777.85 | E39: =SUM('SO MEI 2026 REV 4'!E39:AS39) -> 169696.48 | F39: =SUM('SO MEI 2026 REV 4'!AT39:BA39) -> 11581.07 | G39: =SUM('SO MEI 2026 REV 4'!BB39:BD39) -> 15000 | H39: =SUM(E39:G39) -> 196277.55 | I39: ='SO MS'!E39 -> 84000 | J39: =SUM('SO MEI 2026 REV 4'!AG39:AR39) -> 52089.865 | K39: ='SO MS'!G39 -> 9600 | L39: =2*5000 -> 10000 | M39: ='SO MEI 2026 REV 4'!AZ39 -> 1800 | N39: ='SO MEI 2026 REV 4'!AS39 -> 3500 | O39: ='SO MEI 2026 REV 4'!AY39 -> 1121.9003 | P39: ='SO MEI 2026 REV 4'!AU39 -> 3018.0416 | Q39: ='SO MEI 2026 REV 4'!BA39 -> 2499.7026
B40: =B39+1 -> 46169 | C40: =TEXT(B40,"ddd") -> Rab | D40: =Q40-H40 -> -114444.94 | E40: =SUM('SO MEI 2026 REV 4'!E40:AS40) -> 93900.081 | F40: =SUM('SO MEI 2026 REV 4'!AT40:BA40) -> 8044.5594 | G40: =SUM('SO MEI 2026 REV 4'!BB40:BD40) -> 15000 | H40: =SUM(E40:G40) -> 116944.64 | I40: ='SO MS'!E40 -> 84000 | J40: =SUM('SO MEI 2026 REV 4'!AG40:AR40) -> 16519.545 | K40: ='SO MS'!G40 -> 9600 | L40: =2*5000 -> 10000 | M40: ='SO MEI 2026 REV 4'!AZ40 -> 1800 | N40: ='SO MEI 2026 REV 4'!AS40 -> 0 | O40: ='SO MEI 2026 REV 4'!AY40 -> 0 | P40: ='SO MEI 2026 REV 4'!AU40 -> 3018.0416 | Q40: ='SO MEI 2026 REV 4'!BA40 -> 2499.7026
B41: =B40+1 -> 46170 | C41: =TEXT(B41,"ddd") -> Kam | D41: =Q41-H41 -> -156066.25 | E41: =SUM('SO MEI 2026 REV 4'!E41:AS41) -> 135521.39 | F41: =SUM('SO MEI 2026 REV 4'!AT41:BA41) -> 8044.5594 | G41: =SUM('SO MEI 2026 REV 4'!BB41:BD41) -> 15000 | H41: =SUM(E41:G41) -> 158565.95 | I41: ='SO MS'!E41 -> 84000 | J41: =SUM('SO MEI 2026 REV 4'!AG41:AR41) -> 22526.592 | K41: ='SO MS'!G41 -> 9600 | L41: =2*5000 -> 10000 | M41: ='SO MEI 2026 REV 4'!AZ41 -> 1800 | N41: ='SO MEI 2026 REV 4'!AS41 -> 0 | O41: ='SO MEI 2026 REV 4'!AY41 -> 0 | P41: ='SO MEI 2026 REV 4'!AU41 -> 3018.0416 | Q41: ='SO MEI 2026 REV 4'!BA41 -> 2499.7026
B42: =B41+1 -> 46171 | C42: =TEXT(B42,"ddd") -> Jum | D42: =Q42-H42 -> -199777.85 | E42: =SUM('SO MEI 2026 REV 4'!E42:AS42) -> 175696.48 | F42: =SUM('SO MEI 2026 REV 4'!AT42:BA42) -> 11581.07 | G42: =SUM('SO MEI 2026 REV 4'!BB42:BD42) -> 15000 | H42: =SUM(E42:G42) -> 202277.55 | I42: ='SO MS'!E42 -> 84000 | J42: =SUM('SO MEI 2026 REV 4'!AG42:AR42) -> 52089.865 | K42: ='SO MS'!G42 -> 9600 | L42: =2*5000 -> 10000 | M42: ='SO MEI 2026 REV 4'!AZ42 -> 1800 | N42: ='SO MEI 2026 REV 4'!AS42 -> 3500 | O42: ='SO MEI 2026 REV 4'!AY42 -> 1121.9003 | P42: ='SO MEI 2026 REV 4'!AU42 -> 3018.0416 | Q42: ='SO MEI 2026 REV 4'!BA42 -> 2499.7026
B43: =B42+1 -> 46172 | C43: =TEXT(B43,"ddd") -> Sab | D43: =Q43-H43 -> -198690.07 | E43: =SUM('SO MEI 2026 REV 4'!E43:AS43) -> 175730.61 | F43: =SUM('SO MEI 2026 REV 4'!AT43:BA43) -> 10459.17 | G43: =SUM('SO MEI 2026 REV 4'!BB43:BD43) -> 15000 | H43: =SUM(E43:G43) -> 201189.78 | I43: ='SO MS'!E43 -> 84000 | J43: =SUM('SO MEI 2026 REV 4'!AG43:AR43) -> 48589.989 | K43: ='SO MS'!G43 -> 9600 | L43: =2*5000 -> 10000 | M43: ='SO MEI 2026 REV 4'!AZ43 -> 1800 | N43: ='SO MEI 2026 REV 4'!AS43 -> 3500 | O43: ='SO MEI 2026 REV 4'!AY43 -> 0 | P43: ='SO MEI 2026 REV 4'!AU43 -> 3018.0416 | Q43: ='SO MEI 2026 REV 4'!BA43 -> 2499.7026
B44: =B43+1 -> 46173 | C44: =TEXT(B44,"ddd") -> Mgg | D44: =Q44-H44 -> -127053.39 | E44: =SUM('SO MEI 2026 REV 4'!E44:AS44) -> 104093.92 | F44: =SUM('SO MEI 2026 REV 4'!AT44:BA44) -> 10459.17 | G44: =SUM('SO MEI 2026 REV 4'!BB44:BD44) -> 15000 | H44: =SUM(E44:G44) -> 129553.09 | I44: ='SO MS'!E44 -> 84000 | J44: =SUM('SO MEI 2026 REV 4'!AG44:AR44) -> 20020.712 | K44: ='SO MS'!G44 -> 9600 | L44: =2*5000 -> 10000 | M44: ='SO MEI 2026 REV 4'!AZ44 -> 1800 | N44: ='SO MEI 2026 REV 4'!AS44 -> 3500 | O44: ='SO MEI 2026 REV 4'!AY44 -> 0 | P44: ='SO MEI 2026 REV 4'!AU44 -> 3018.0416 | Q44: ='SO MEI 2026 REV 4'!BA44 -> 2499.7026
B45: Sub Total | D45: =SUM(D38:D44) -> -1023976.1 | E45: =SUM(E38:E44) -> 1024335.5 | F45: =SUM(F38:F44) -> 71750.668 | G45: =SUM(G38:G44) -> 105000 | H45: =SUM(H38:H44) -> 1201086.1 | I45: =SUM(I38:I44) -> 588000 | J45: =SUM(J38:J44) -> 263926.43 | K45: =SUM(K38:K44) -> 67200 | ... Q45: =SUM(Q38:Q44) -> 177109.98
B47: Sub Total | D47: =SUM(D45,D36,D27,D18,D9) -> -2090075 | E47: =SUM(E45,E36,E27,E18,E9) -> 4898627.8 | F47: =SUM(F45,F36,F27,F18,F9) -> 336062.74 | G47: =SUM(G45,G36,G27,G18,G9) -> 462201 | H47: =SUM(H45,H36,H27,H18,H9) -> 5696891.6 | I47: =SUM(I45,I36,I27,I18,I9) -> 2604000 | J47: =SUM(J45,J36,J27,J18,J9) -> 1070326.4 | K47: =SUM(K45,K36,K27,K18,K9) -> 297600 | ... Q47: =SUM(Q45,Q36,Q27,Q18,Q9) -> 3606816.6
B48: Total | D48: =SUM(D38:D44,D29:D35,D20:D26,D11:D17,D6:D8) -> -2090075 | E48: =SUM(E38:E44,E29:E35,E20:E26,E11:E17,E6:E8) -> 4898627.8 | F48: =SUM(F38:F44,F29:F35,F20:F26,F11:F17,F6:F8) -> 336062.74 | G48: =SUM(G38:G44,G29:G35,G20:G26,G11:G17,G6:G8) -> 462201 | H48: =SUM(H38:H44,H29:H35,H20:H26,H11:H17,H6:H8) -> 5696891.6 | I48: =SUM(I38:I44,I29:I35,I20:I26,I11:I17,I6:I8) -> 2604000 | J48: =SUM(J38:J44,J29:J35,J20:J26,J11:J17,J6:J8) -> 1070326.4 | K48: =SUM(K38:K44,K29:K35,K20:K26,K11:K17,K6:K8) -> 297600 | ... Q48: =SUM(Q38:Q44,Q29:Q35,Q20:Q26,Q11:Q17,Q6:Q8) -> 3606816.6

Sheet Daily serapan Gas
A1: KEBUTUHAN GAS
A4: ='SO MEI 2026 REV 4'!A3 -> 46143 | E4: KEBUTUHAN GAS (SO) | I4: KUOTA GAS
A5: Week | B5: DATE | D5: Sales Order vs Kuota Gas | E5: JABAR | F5: JATENG | G5: JATIM | H5: TOTAL | I5: MS SETU | J5: MS KHT | K5: MS BLORA | L5: MS BITUNG | M5: MS ZEBRA | N5: MS TAMBAKLOROK | O5: MS WUNUT | P5: MS SADANG | Q5: TOTAL
A6: =WEEKNUM(B6) -> 18 | B6: =A4 -> 46143 | C6: =TEXT(B6,"ddd") -> Jum | D6: =Q6-H6 -> 30406.308 | E6: =SUM('SO MEI 2026 REV 4'!E6:AS6) -> 101571.29 | F6: =SUM('SO MEI 2026 REV 4'!AT6:BD6) -> 8044.5594 | G6: =SUM('SO MEI 2026 REV 4'!AY6:AZ6) -> 1800 | H6: =SUM(E6:G6) -> 111415.85 | I6: ='Summary sales'!D8 -> 88799.98 | J6: ='Summary sales'!E8 -> 36939.92 | K6: ='Summary sales'!F8 -> 11931.04 | L6: ='Summary sales'!G8 -> 0 | N6: ='Summary sales'!I8 -> 4151.22 | Q6: =SUM(I6:P6) -> 141822.16
B7: =B6+1 -> 46144 | C7: =TEXT(B7,"ddd") -> Sab | D7: =Q7-H7 -> -45086.759 | E7: =SUM('SO MEI 2026 REV 4'!E7:AS7) -> 159371.39 | F7: =SUM('SO MEI 2026 REV 4'!AT7:BD7) -> 10459.17 | G7: =SUM('SO MEI 2026 REV 4'!AY7:AZ7) -> 1800 | H7: =SUM(E7:G7) -> 171630.56 | I7: ='Summary sales'!D9 -> 74793.17 | J7: ='Summary sales'!E9 -> 36903.17 | K7: ='Summary sales'!F9 -> 14847.46 | L7: ='Summary sales'!G9 -> 0 | N7: ='Summary sales'!I9 -> 0 | Q7: =SUM(I7:P7) -> 126543.8
B8: =B7+1 -> 46145 | C8: =TEXT(B8,"ddd") -> Mgg | D8: =Q8-H8 -> -34095.513 | E8: =SUM('SO MEI 2026 REV 4'!E8:AS8) -> 131892.84 | F8: =SUM('SO MEI 2026 REV 4'!AT8:BD8) -> 17059.17 | G8: =SUM('SO MEI 2026 REV 4'!AY8:AZ8) -> 1800 | H8: =SUM(E8:G8) -> 150752.01 | I8: ='Summary sales'!D10 -> 70666.34 | J8: ='Summary sales'!E10 -> 35544.79 | K8: ='Summary sales'!F10 -> 6126.35 | L8: ='Summary sales'!G10 -> 0 | N8: ='Summary sales'!I10 -> 4319.02 | Q8: =SUM(I8:P8) -> 116656.5
B9: Sub Total | D9: =SUM(D6:D8) -> -48775.965 | E9: =SUM(E6:E8) -> 392835.53 | F9: =SUM(F6:F8) -> 35562.899 | G9: =SUM(G6:G8) -> 5400 | H9: =SUM(H6:H8) -> 433798.43 | I9: =SUM(I6:I8) -> 234259.49 | J9: =SUM(J6:J8) -> 109387.88 | K9: =SUM(K6:K8) -> 32904.85 | ... Q9: =SUM(Q6:Q8) -> 385022.46
A11: =WEEKNUM(B11) -> 19 | B11: =B8+1 -> 46146 | C11: =TEXT(B11,"ddd") -> Sen | D11: =Q11-H11 -> -46673.753 | E11: =SUM('SO MEI 2026 REV 4'!E11:AS11) -> 162070.81 | F11: =SUM('SO MEI 2026 REV 4'!AT11:BD11) -> 18181.132 | G11: =SUM('SO MEI 2026 REV 4'!AY11:AZ11) -> 2921.9003 | H11: =SUM(E11:G11) -> 183173.84 | I11: ='Summary sales'!D11 -> 94817.75 | J11: ='Summary sales'!E11 -> 33219.9 | K11: ='Summary sales'!F11 -> 8462.44 | L11: ='Summary sales'!G11 -> 0 | N11: ='Summary sales'!I11 -> 0 | Q11: =SUM(I11:P11) -> 136500.09
B12: =B11+1 -> 46147 | C12: =TEXT(B12,"ddd") -> Sel | D12: =Q12-H12 -> -32409.543 | E12: =SUM('SO MEI 2026 REV 4'!E12:AS12) -> 162070.81 | F12: =SUM('SO MEI 2026 REV 4'!AT12:BD12) -> 18181.132 | G12: =SUM('SO MEI 2026 REV 4'!AY12:AZ12) -> 2921.9003 | H12: =SUM(E12:G12) -> 183173.84 | I12: ='Summary sales'!D12 -> 91432.48 | J12: ='Summary sales'!E12 -> 40799.43 | K12: ='Summary sales'!F12 -> 14176.27 | L12: ='Summary sales'!G12 -> 0 | N12: ='Summary sales'!I12 -> 4356.12 | Q12: =SUM(I12:P12) -> 150764.3
B13: =B12+1 -> 46148 | C13: =TEXT(B13,"ddd") -> Rab | D13: =Q13-H13 -> -28167.953 | E13: =SUM('SO MEI 2026 REV 4'!E13:AS13) -> 171570.81 | F13: =SUM('SO MEI 2026 REV 4'!AT13:BD13) -> 18181.132 | G13: =SUM('SO MEI 2026 REV 4'!AY13:AZ13) -> 2921.9003 | H13: =SUM(E13:G13) -> 192673.84 | I13: ='Summary sales'!D13 -> 101637.21 | J13: ='Summary sales'!E13 -> 48456.05 | K13: ='Summary sales'!F13 -> 14412.63 | L13: ='Summary sales'!G13 -> 0 | N13: ='Summary sales'!I13 -> 0 | Q13: =SUM(I13:P13) -> 164505.89
B14: =B13+1 -> 46149 | C14: =TEXT(B14,"ddd") -> Kam | D14: =Q14-H14 -> -19494.533 | E14: =SUM('SO MEI 2026 REV 4'!E14:AS14) -> 171570.81 | F14: =SUM('SO MEI 2026 REV 4'!AT14:BD14) -> 18181.132 | G14: =SUM('SO MEI 2026 REV 4'!AY14:AZ14) -> 2921.9003 | H14: =SUM(E14:G14) -> 192673.84 | I14: ='Summary sales'!D14 -> 107063.17 | J14: ='Summary sales'!E14 -> 50488.72 | K14: ='Summary sales'!F14 -> 11245.13 | L14: ='Summary sales'!G14 -> 0 | N14: ='Summary sales'!I14 -> 4382.29 | Q14: =SUM(I14:P14) -> 173179.31
B15: =B14+1 -> 46150 | C15: =TEXT(B15,"ddd") -> Jum | D15: =Q15-H15 -> -7680.2026 | E15: =SUM('SO MEI 2026 REV 4'!E15:AS15) -> 171570.81 | F15: =SUM('SO MEI 2026 REV 4'!AT15:BD15) -> 18181.132 | G15: =SUM('SO MEI 2026 REV 4'!AY15:AZ15) -> 2921.9003 | H15: =SUM(E15:G15) -> 192673.84 | I15: ='Summary sales'!D15 -> 121704.89 | J15: ='Summary sales'!E15 -> 45455.76 | K15: ='Summary sales'!F15 -> 13549.73 | L15: ='Summary sales'!G15 -> 0 | N15: ='Summary sales'!I15 -> 4283.26 | Q15: =SUM(I15:P15) -> 184993.64
B16: =B15+1 -> 46151 | C16: =TEXT(B16,"ddd") -> Sab | D16: =Q16-H16 -> 12445.795 | E16: =SUM('SO MEI 2026 REV 4'!E16:AS16) -> 159604.93 | F16: =SUM('SO MEI 2026 REV 4'!AT16:BD16) -> 17059.232 | G16: =SUM('SO MEI 2026 REV 4'!AY16:AZ16) -> 1800 | H16: =SUM(E16:G16) -> 178464.17 | I16: ='Summary sales'!D16 -> 125522.15 | J16: ='Summary sales'!E16 -> 49391.79 | K16: ='Summary sales'!F16 -> 11813.01 | L16: ='Summary sales'!G16 -> 0 | N16: ='Summary sales'!I16 -> 4183.01 | Q16: =SUM(I16:P16) -> 190909.96
B17: =B16+1 -> 46152 | C17: =TEXT(B17,"ddd") -> Mgg | D17: =Q17-H17 -> 53468.987 | E17: =SUM('SO MEI 2026 REV 4'!E17:AS17) -> 117892.84 | F17: =SUM('SO MEI 2026 REV 4'!AT17:BD17) -> 10459.17 | G17: =SUM('SO MEI 2026 REV 4'!AY17:AZ17) -> 1800 | H17: =SUM(E17:G17) -> 130152.01 | I17: ='Summary sales'!D17 -> 116303.78 | J17: ='Summary sales'!E17 -> 48512.85 | K17: ='Summary sales'!F17 -> 14457.76 | L17: ='Summary sales'!G17 -> 0 | N17: ='Summary sales'!I17 -> 4346.61 | Q17: =SUM(I17:P17) -> 183621
B18: Sub Total | D18: =SUM(D11:D17) -> -68511.202 | E18: =SUM(E11:E17) -> 1116351.8 | F18: =SUM(F11:F17) -> 118424.06 | G18: =SUM(G11:G17) -> 18209.502 | H18: =SUM(H11:H17) -> 1252985.4 | I18: =SUM(I11:I17) -> 758481.43 | J18: =SUM(J11:J17) -> 316324.5 | K18: =SUM(K11:K17) -> 88116.97 | ... Q18: =SUM(Q11:Q17) -> 1184474.2
A20: =WEEKNUM(B20) -> 20 | B20: =B17+1 -> 46153 | C20: =TEXT(B20,"ddd") -> Sen | D20: =Q20-H20 -> -46400.826 | E20: =SUM('SO MEI 2026 REV 4'!E20:AS20) -> 168696.48 | F20: =SUM('SO MEI 2026 REV 4'!AT20:BD20) -> 18181.132 | G20: =SUM('SO MEI 2026 REV 4'!AY20:AZ20) -> 2921.9003 | H20: =SUM(E20:G20) -> 189799.52 | I20: ='Summary sales'!D18 -> 91741.1 | J20: ='Summary sales'!E18 -> 35132.77 | K20: ='Summary sales'!F18 -> 12116.85 | L20: ='Summary sales'!G18 -> 0 | N20: ='Summary sales'!I18 -> 4407.97 | Q20: =SUM(I20:P20) -> 143398.69
B21: =B20+1 -> 46154 | C21: =TEXT(B21,"ddd") -> Sel | D21: =Q21-H21 -> -35528.676 | E21: =SUM('SO MEI 2026 REV 4'!E21:AS21) -> 180696.48 | F21: =SUM('SO MEI 2026 REV 4'!AT21:BD21) -> 38181.132 | G21: =SUM('SO MEI 2026 REV 4'!AY21:AZ21) -> 2921.9003 | H21: =SUM(E21:G21) -> 221799.52 | I21: ='Summary sales'!D19 -> 130825.25 | J21: ='Summary sales'!E19 -> 49979.36 | K21: ='Summary sales'!F19 -> 5466.23 | L21: ='Summary sales'!G19 -> 0 | N21: ='Summary sales'!I19 -> 0 | Q21: =SUM(I21:P21) -> 186270.84
B22: =B21+1 -> 46155 | C22: =TEXT(B22,"ddd") -> Rab | D22: =Q22-H22 -> -19769.956 | E22: =SUM('SO MEI 2026 REV 4'!E22:AS22) -> 180696.48 | F22: =SUM('SO MEI 2026 REV 4'!AT22:BD22) -> 38181.132 | G22: =SUM('SO MEI 2026 REV 4'!AY22:AZ22) -> 2921.9003 | H22: =SUM(E22:G22) -> 221799.52 | I22: ='Summary sales'!D20 -> 136699.67 | J22: ='Summary sales'!E20 -> 49054.89 | K22: ='Summary sales'!F20 -> 12417.76 | L22: ='Summary sales'!G20 -> 0 | N22: ='Summary sales'!I20 -> 3857.24 | Q22: =SUM(I22:P22) -> 202029.56
B23: =B22+1 -> 46156 | C23: =TEXT(B23,"ddd") -> Kam | D23: =Q23-H23 -> 15769.312 | E23: =SUM('SO MEI 2026 REV 4'!E23:AS23) -> 142589.79 | F23: =SUM('SO MEI 2026 REV 4'!AT23:BD23) -> 37059.232 | G23: =SUM('SO MEI 2026 REV 4'!AY23:AZ23) -> 1800 | H23: =SUM(E23:G23) -> 181449.02 | I23: ='Summary sales'!D21 -> 137046.59 | J23: ='Summary sales'!E21 -> 46514.38 | K23: ='Summary sales'!F21 -> 13657.36 | L23: ='Summary sales'!G21 -> 0 | N23: ='Summary sales'!I21 -> 0 | Q23: =SUM(I23:P23) -> 197218.33
B24: =B23+1 -> 46157 | C24: =TEXT(B24,"ddd") -> Jum | D24: =Q24-H24 -> -49220.086 | E24: =SUM('SO MEI 2026 REV 4'!E24:AS24) -> 173696.48 | F24: =SUM('SO MEI 2026 REV 4'!AT24:BD24) -> 38181.132 | G24: =SUM('SO MEI 2026 REV 4'!AY24:AZ24) -> 2921.9003 | H24: =SUM(E24:G24) -> 214799.52 | I24: ='Summary sales'!D22 -> 108544.78 | J24: ='Summary sales'!E22 -> 44253.46 | K24: ='Summary sales'!F22 -> 8763.02 | L24: ='Summary sales'!G22 -> 0 | N24: ='Summary sales'!I22 -> 4018.17 | Q24: =SUM(I24:P24) -> 165579.43
B25: =B24+1 -> 46158 | C25: =TEXT(B25,"ddd") -> Sab | D25: =Q25-H25 -> -41540.429 | E25: =SUM('SO MEI 2026 REV 4'!E25:AS25) -> 180730.61 | F25: =SUM('SO MEI 2026 REV 4'!AT25:BD25) -> 37059.232 | G25: =SUM('SO MEI 2026 REV 4'!AY25:AZ25) -> 1800 | H25: =SUM(E25:G25) -> 219589.84 | I25: ='Summary sales'!D23 -> 122655.85 | J25: ='Summary sales'!E23 -> 49842.33 | K25: ='Summary sales'!F23 -> 5551.23 | L25: ='Summary sales'!G23 -> 0 | N25: ='Summary sales'!I23 -> 0 | Q25: =SUM(I25:P25) -> 178049.41
B26: =B25+1 -> 46159 | C26: =TEXT(B26,"ddd") -> Mgg | D26: =Q26-H26 -> 4682.9367 | E26: =SUM('SO MEI 2026 REV 4'!E26:AS26) -> 141892.84 | F26: =SUM('SO MEI 2026 REV 4'!AT26:BD26) -> 30459.17 | G26: =SUM('SO MEI 2026 REV 4'!AY26:AZ26) -> 1800 | H26: =SUM(E26:G26) -> 174152.01 | I26: ='Summary sales'!D24 -> 109034.5 | J26: ='Summary sales'!E24 -> 47108.01 | K26: ='Summary sales'!F24 -> 13506.93 | L26: ='Summary sales'!G24 -> 0 | N26: ='Summary sales'!I24 -> 9185.51 | Q26: =SUM(I26:P26) -> 178834.95
B27: Sub Total | D27: =SUM(D20:D26) -> -172007.73 | E27: =SUM(E20:E26) -> 1168999.2 | F27: =SUM(F20:F26) -> 237302.16 | G27: =SUM(G20:G26) -> 17087.601 | H27: =SUM(H20:H26) -> 1423388.9 | I27: =SUM(I20:I26) -> 836547.74 | J27: =SUM(J20:J26) -> 321885.2 | K27: =SUM(K20:K26) -> 71479.38 | ... Q27: =SUM(Q20:Q26) -> 1251381.2
A29: =WEEKNUM(B29) -> 21 | B29: =B26+1 -> 46160 | C29: =TEXT(B29,"ddd") -> Sen | D29: =Q29-H29 -> -35627.446 | E29: =SUM('SO MEI 2026 REV 4'!E29:AS29) -> 174696.48 | F29: =SUM('SO MEI 2026 REV 4'!AT29:BD29) -> 38181.132 | G29: =SUM('SO MEI 2026 REV 4'!AY29:AZ29) -> 2921.9003 | H29: =SUM(E29:G29) -> 215799.52 | I29: ='Summary sales'!D25 -> 115587.64 | J29: ='Summary sales'!E25 -> 45558.88 | K29: ='Summary sales'!F25 -> 14942.65 | L29: ='Summary sales'!G25 -> 0 | N29: ='Summary sales'!I25 -> 4082.9 | Q29: =SUM(I29:P29) -> 180172.07
B30: =B29+1 -> 46161 | C30: =TEXT(B30,"ddd") -> Sel | D30: =Q30-H30 -> -32506.986 | E30: =SUM('SO MEI 2026 REV 4'!E30:AS30) -> 174696.48 | F30: =SUM('SO MEI 2026 REV 4'!AT30:BD30) -> 38181.132 | G30: =SUM('SO MEI 2026 REV 4'!AY30:AZ30) -> 2921.9003 | H30: =SUM(E30:G30) -> 215799.52 | I30: ='Summary sales'!D26 -> 136928.3 | J30: ='Summary sales'!E26 -> 27817.96 | K30: ='Summary sales'!F26 -> 14114 | L30: ='Summary sales'!G26 -> 4432.27 | N30: ='Summary sales'!I26 -> 0 | Q30: =SUM(I30:P30) -> 183292.53
B31: =B30+1 -> 46162 | C31: =TEXT(B31,"ddd") -> Rab | D31: =Q31-H31 -> -14190.906 | E31: =SUM('SO MEI 2026 REV 4'!E31:AS31) -> 174696.48 | F31: =SUM('SO MEI 2026 REV 4'!AT31:BD31) -> 38181.132 | G31: =SUM('SO MEI 2026 REV 4'!AY31:AZ31) -> 2921.9003 | H31: =SUM(E31:G31) -> 215799.52 | I31: ='Summary sales'!D27 -> 139135.58 | J31: ='Summary sales'!E27 -> 49631.27 | K31: ='Summary sales'!F27 -> 4122.56 | L31: ='Summary sales'!G27 -> 4816.36 | N31: ='Summary sales'!I27 -> 3902.84 | Q31: =SUM(I31:P31) -> 201608.61
B32: =B31+1 -> 46163 | C32: =TEXT(B32,"ddd") -> Kam | D32: =Q32-H32 -> -17311.986 | E32: =SUM('SO MEI 2026 REV 4'!E32:AS32) -> 174696.48 | F32: =SUM('SO MEI 2026 REV 4'!AT32:BD32) -> 38181.132 | G32: =SUM('SO MEI 2026 REV 4'!AY32:AZ32) -> 2921.9003 | H32: =SUM(E32:G32) -> 215799.52 | I32: ='Summary sales'!D28 -> 137671.9 | J32: ='Summary sales'!E28 -> 43717.47 | K32: ='Summary sales'!F28 -> 17098.16 | L32: ='Summary sales'!G28 -> 0 | N32: ='Summary sales'!I28 -> 0 | Q32: =SUM(I32:P32) -> 198487.53
B33: =B32+1 -> 46164 | C33: =TEXT(B33,"ddd") -> Jum | D33: =Q33-H33 -> -21510.324 | E33: =SUM('SO MEI 2026 REV 4'!E33:AS33) -> 174696.48 | F33: =SUM('SO MEI 2026 REV 4'!AT33:BD33) -> 26581.07 | G33: =SUM('SO MEI 2026 REV 4'!AY33:AZ33) -> 2921.9003 | H33: =SUM(E33:G33) -> 204199.45 | I33: ='Summary sales'!D29 -> 127318.18 | J33: ='Summary sales'!E29 -> 42756.98 | K33: ='Summary sales'!F29 -> 9006.3 | L33: ='Summary sales'!G29 -> 0 | N33: ='Summary sales'!I29 -> 3607.67 | Q33: =SUM(I33:P33) -> 182689.13
B34: =B33+1 -> 46165 | C34: =TEXT(B34,"ddd") -> Sab | D34: =Q34-H34 -> -20152.107 | E34: =SUM('SO MEI 2026 REV 4'!E34:AS34) -> 180730.61 | F34: =SUM('SO MEI 2026 REV 4'!AT34:BD34) -> 25459.17 | G34: =SUM('SO MEI 2026 REV 4'!AY34:AZ34) -> 1800 | H34: =SUM(E34:G34) -> 207989.78 | I34: ='Summary sales'!D30 -> 132216.63 | J34: ='Summary sales'!E30 -> 46551.24 | K34: ='Summary sales'!F30 -> 9069.8 | L34: ='Summary sales'!G30 -> 0 | N34: ='Summary sales'!I30 -> 0 | Q34: =SUM(I34:P34) -> 187837.67
B35: =B34+1 -> 46166 | C35: =TEXT(B35,"ddd") -> Mgg | D35: =Q35-H35 -> -3125.3533 | E35: =SUM('SO MEI 2026 REV 4'!E35:AS35) -> 141892.84 | F35: =SUM('SO MEI 2026 REV 4'!AT35:BD35) -> 25459.17 | G35: =SUM('SO MEI 2026 REV 4'!AY35:AZ35) -> 1800 | H35: =SUM(E35:G35) -> 169152.01 | I35: ='Summary sales'!D31 -> 115021.73 | J35: ='Summary sales'!E31 -> 41794.06 | K35: ='Summary sales'!F31 -> 5173.51 | L35: ='Summary sales'!G31 -> 0 | N35: ='Summary sales'!I31 -> 4037.36 | Q35: =SUM(I35:P35) -> 166026.66
B36: Sub Total | D36: =SUM(D29:D35) -> -144425.11 | E36: =SUM(E29:E35) -> 1196105.9 | F36: =SUM(F29:F35) -> 230223.94 | G36: =SUM(G29:G35) -> 18209.502 | H36: =SUM(H29:H35) -> 1444539.3 | I36: =SUM(I29:I35) -> 903879.96 | J36: =SUM(J29:J35) -> 297827.86 | K36: =SUM(K29:K35) -> 73526.98 | ... Q36: =SUM(Q29:Q35) -> 1300114.2
A38: =WEEKNUM(B38) -> 22 | B38: =B35+1 -> 46167 | C38: =TEXT(B38,"ddd") -> Sen | D38: =Q38-H38 -> -44946.754 | E38: =SUM('SO MEI 2026 REV 4'!E38:AS38) -> 169696.48 | F38: =SUM('SO MEI 2026 REV 4'!AT38:BD38) -> 26581.07 | G38: =SUM('SO MEI 2026 REV 4'!AY38:AZ38) -> 2921.9003 | H38: =SUM(E38:G38) -> 199199.45 | I38: ='Summary sales'!D32 -> 99830.34 | J38: ='Summary sales'!E32 -> 43926.34 | K38: ='Summary sales'!F32 -> 10496.02 | L38: ='Summary sales'!G32 -> 0 | N38: ='Summary sales'!I32 -> 0 | Q38: =SUM(I38:P38) -> 154252.7
B39: =B38+1 -> 46168 | C39: =TEXT(B39,"ddd") -> Sel | D39: =Q39-H39 -> -13371.264 | E39: =SUM('SO MEI 2026 REV 4'!E39:AS39) -> 169696.48 | F39: =SUM('SO MEI 2026 REV 4'!AT39:BD39) -> 26581.07 | G39: =SUM('SO MEI 2026 REV 4'!AY39:AZ39) -> 2921.9003 | H39: =SUM(E39:G39) -> 199199.45 | I39: ='Summary sales'!D33 -> 132357.88 | J39: ='Summary sales'!E33 -> 45522.35 | K39: ='Summary sales'!F33 -> 7947.96 | L39: ='Summary sales'!G33 -> 0 | N39: ='Summary sales'!I33 -> 0 | Q39: =SUM(I39:P39) -> 185828.19
B40: =B39+1 -> 46169 | C40: =TEXT(B40,"ddd") -> Rab | D40: =Q40-H40 -> 31411.849 | E40: =SUM('SO MEI 2026 REV 4'!E40:AS40) -> 93900.081 | F40: =SUM('SO MEI 2026 REV 4'!AT40:BD40) -> 23044.559 | G40: =SUM('SO MEI 2026 REV 4'!AY40:AZ40) -> 1800 | H40: =SUM(E40:G40) -> 118744.64 | I40: ='Summary sales'!D34 -> 90351.1 | J40: ='Summary sales'!E34 -> 50815.29 | K40: ='Summary sales'!F34 -> 8990.1 | L40: ='Summary sales'!G34 -> 0 | N40: ='Summary sales'!I34 -> 0 | Q40: =SUM(I40:P40) -> 150156.49
B41: =B40+1 -> 46170 | C41: =TEXT(B41,"ddd") -> Kam | D41: =Q41-H41 -> -26990.719 | E41: =SUM('SO MEI 2026 REV 4'!E41:AS41) -> 135521.39 | F41: =SUM('SO MEI 2026 REV 4'!AT41:BD41) -> 23044.559 | G41: =SUM('SO MEI 2026 REV 4'!AY41:AZ41) -> 1800 | H41: =SUM(E41:G41) -> 160365.95 | I41: ='Summary sales'!D35 -> 94599.68 | J41: ='Summary sales'!E35 -> 36174.88 | K41: ='Summary sales'!F35 -> 2600.67 | L41: ='Summary sales'!G35 -> 0 | N41: ='Summary sales'!I35 -> 0 | Q41: =SUM(I41:P41) -> 133375.23
B42: =B41+1 -> 46171 | C42: =TEXT(B42,"ddd") -> Jum | D42: =Q42-H42 -> -43368.534 | E42: =SUM('SO MEI 2026 REV 4'!E42:AS42) -> 175696.48 | F42: =SUM('SO MEI 2026 REV 4'!AT42:BD42) -> 26581.07 | G42: =SUM('SO MEI 2026 REV 4'!AY42:AZ42) -> 2921.9003 | H42: =SUM(E42:G42) -> 205199.45 | I42: ='Summary sales'!D36 -> 119272.1 | J42: ='Summary sales'!E36 -> 39989 | K42: ='Summary sales'!F36 -> 2569.82 | L42: ='Summary sales'!G36 -> 0 | N42: ='Summary sales'!I36 -> 0 | Q42: =SUM(I42:P42) -> 161830.92
B43: =B42+1 -> 46172 | C43: =TEXT(B43,"ddd") -> Sab | D43: =Q43-H43 -> -6145.5035 | E43: =SUM('SO MEI 2026 REV 4'!E43:AS43) -> 175730.61 | F43: =SUM('SO MEI 2026 REV 4'!AT43:BD43) -> 25459.17 | G43: =SUM('SO MEI 2026 REV 4'!AY43:AZ43) -> 1800 | H43: =SUM(E43:G43) -> 202989.78 | I43: ='Summary sales'!D37 -> 137856.84 | J43: ='Summary sales'!E37 -> 44794.85 | K43: ='Summary sales'!F37 -> 14192.58 | L43: ='Summary sales'!G37 -> 0 | N43: ='Summary sales'!I37 -> 0 | Q43: =SUM(I43:P43) -> 196844.27
B44: =B43+1 -> 46173 | C44: =TEXT(B44,"ddd") -> Mgg | D44: =Q44-H44 -> 21244.079 | E44: =SUM('SO MEI 2026 REV 4'!E44:AS44) -> 104093.92 | F44: =SUM('SO MEI 2026 REV 4'!AT44:BD44) -> 25459.17 | G44: =SUM('SO MEI 2026 REV 4'!AY44:AZ44) -> 1800 | H44: =SUM(E44:G44) -> 131353.09 | I44: ='Summary sales'!D38 -> 89995.16 | J44: ='Summary sales'!E38 -> 52915.06 | K44: ='Summary sales'!F38 -> 9686.95 | L44: ='Summary sales'!G38 -> 0 | N44: ='Summary sales'!I38 -> 0 | Q44: =SUM(I44:P44) -> 152597.17
B45: Sub Total | D45: =SUM(D38:D44) -> -82166.847 | E45: =SUM(E38:E44) -> 1024335.5 | F45: =SUM(F38:F44) -> 176750.67 | G45: =SUM(G38:G44) -> 15965.701 | H45: =SUM(H38:H44) -> 1217051.8 | I45: =SUM(I38:I44) -> 764263.1 | J45: =SUM(J38:J44) -> 314137.77 | K45: =SUM(K38:K44) -> 56484.1 | ... Q45: =SUM(Q38:Q44) -> 1134885
B47: Sub Total | D47: =SUM(D45,D36,D27,D18,D9) -> -515886.85 | E47: =SUM(E45,E36,E27,E18,E9) -> 4898627.8 | F47: =SUM(F45,F36,F27,F18,F9) -> 798263.73 | G47: =SUM(G45,G36,G27,G18,G9) -> 74872.305 | H47: =SUM(H45,H36,H27,H18,H9) -> 5771763.9 | I47: =SUM(I45,I36,I27,I18,I9) -> 3497431.7 | J47: =SUM(J45,J36,J27,J18,J9) -> 1359563.2 | K47: =SUM(K45,K36,K27,K18,K9) -> 322512.28 | ... Q47: =SUM(Q45,Q36,Q27,Q18,Q9) -> 5255877
B48: Total | D48: =SUM(D38:D44,D29:D35,D20:D26,D11:D17,D6:D8) -> -515886.85 | E48: =SUM(E38:E44,E29:E35,E20:E26,E11:E17,E6:E8) -> 4898627.8 | F48: =SUM(F38:F44,F29:F35,F20:F26,F11:F17,F6:F8) -> 798263.73 | G48: =SUM(G38:G44,G29:G35,G20:G26,G11:G17,G6:G8) -> 74872.305 | H48: =SUM(H38:H44,H29:H35,H20:H26,H11:H17,H6:H8) -> 5771763.9 | I48: =SUM(I38:I44,I29:I35,I20:I26,I11:I17,I6:I8) -> 3497431.7 | J48: =SUM(J38:J44,J29:J35,J20:J26,J11:J17,J6:J8) -> 1359563.2 | K48: =SUM(K38:K44,K29:K35,K20:K26,K11:K17,K6:K8) -> 322512.28 | ... Q48: =SUM(Q38:Q44,Q29:Q35,Q20:Q26,Q11:Q17,Q6:Q8) -> 5255877

Sheet SO MS
A1: SALES ORDER GAS
A4: ='KEBUTUHAN GAS'!A4 -> 46143
A5: Week | B5: DATE | D5: TOTAL | E5: MS SETU | F5: MS KHT | G5: MS BLORA | H5: MS BITUNG | I5: MS ZEBRA | J5: MS TAMBAKLOROK | K5: MS WUNUT | L5: MS SADANG
A6: =WEEKNUM(B6) -> 18 | B6: =A4 -> 46143 | C6: =TEXT(B6,"ddd") -> Jum | D6: =SUM(E6:L6) -> 137700 | E6: =3.5*24000 -> 84000 | F6: =1.4*24000 -> 33600 | G6: =0.4*24000 -> 9600 | H6: =2*5000 -> 10000 | I6: ='SO MEI 2026 REV 4'!BD6 -> 0 | J6: ='SO MEI 2026 REV 4'!AS6 -> 500 | K6: ='SO MEI 2026 REV 4'!BB6+'SO MEI 2026 REV 4'!BC6 -> 0 | L6: 0
B7: =B6+1 -> 46144 | C7: =TEXT(B7,"ddd") -> Sab | D7: =SUM(E7:L7) -> 137700 | E7: =3.5*24000 -> 84000 | F7: =1.4*24000 -> 33600 | G7: =0.4*24000 -> 9600 | H7: =2*5000 -> 10000 | I7: ='SO MEI 2026 REV 4'!BD7 -> 0 | J7: ='SO MEI 2026 REV 4'!AS7 -> 500 | K7: ='SO MEI 2026 REV 4'!BB7+'SO MEI 2026 REV 4'!BC7 -> 0 | L7: 0
B8: =B7+1 -> 46145 | C8: =TEXT(B8,"ddd") -> Mgg | D8: =SUM(E8:L8) -> 147300 | E8: =3.5*24000 -> 84000 | F8: =1.4*24000 -> 33600 | G8: =0.4*24000 -> 9600 | H8: =2*5000 -> 10000 | I8: ='SO MEI 2026 REV 4'!BD8 -> 6600 | J8: ='SO MEI 2026 REV 4'!AS8 -> 3500 | K8: ='SO MEI 2026 REV 4'!BB8+'SO MEI 2026 REV 4'!BC8 -> 0 | L8: 0
B9: Sub Total | D9: =SUM(D6:D8) -> 422700 | E9: =SUM(E6:E8) -> 252000 | F9: =SUM(F6:F8) -> 100800 | G9: =SUM(G6:G8) -> 28800 | H9: =SUM(H6:H8) -> 30000 | I9: =SUM(I6:I8) -> 6600 | J9: =SUM(J6:J8) -> 4500 | K9: =SUM(K6:K8) -> 0 | L9: =SUM(L6:L8) -> 0
A11: =WEEKNUM(B11) -> 19 | B11: =B8+1 -> 46146 | C11: =TEXT(B11,"ddd") -> Sen | D11: =SUM(E11:L11) -> 147300.06 | E11: =3.5*24000 -> 84000 | F11: =1.4*24000 -> 33600 | G11: =0.4*24000 -> 9600 | H11: =2*5000 -> 10000 | I11: ='SO MEI 2026 REV 4'!BD11 -> 6600.0623 | J11: ='SO MEI 2026 REV 4'!AS11 -> 3500 | K11: ='SO MEI 2026 REV 4'!BB11+'SO MEI 2026 REV 4'!BC11 -> 0 | L11: 0
B12: =B11+1 -> 46147 | C12: =TEXT(B12,"ddd") -> Sel | D12: =SUM(E12:L12) -> 147300.06 | E12: =3.5*24000 -> 84000 | F12: =1.4*24000 -> 33600 | G12: =0.4*24000 -> 9600 | H12: =2*5000 -> 10000 | I12: ='SO MEI 2026 REV 4'!BD12 -> 6600.0623 | J12: ='SO MEI 2026 REV 4'!AS12 -> 3500 | K12: ='SO MEI 2026 REV 4'!BB12+'SO MEI 2026 REV 4'!BC12 -> 0 | L12: 0
B13: =B12+1 -> 46148 | C13: =TEXT(B13,"ddd") -> Rab | D13: =SUM(E13:L13) -> 147300.06 | E13: =3.5*24000 -> 84000 | F13: =1.4*24000 -> 33600 | G13: =0.4*24000 -> 9600 | H13: =2*5000 -> 10000 | I13: ='SO MEI 2026 REV 4'!BD13 -> 6600.0623 | J13: ='SO MEI 2026 REV 4'!AS13 -> 3500 | K13: ='SO MEI 2026 REV 4'!BB13+'SO MEI 2026 REV 4'!BC13 -> 0 | L13: 0
B14: =B13+1 -> 46149 | C14: =TEXT(B14,"ddd") -> Kam | D14: =SUM(E14:L14) -> 147300.06 | E14: =3.5*24000 -> 84000 | F14: =1.4*24000 -> 33600 | G14: =0.4*24000 -> 9600 | H14: =2*5000 -> 10000 | I14: ='SO MEI 2026 REV 4'!BD14 -> 6600.0623 | J14: ='SO MEI 2026 REV 4'!AS14 -> 3500 | K14: ='SO MEI 2026 REV 4'!BB14+'SO MEI 2026 REV 4'!BC14 -> 0 | L14: 0
B15: =B14+1 -> 46150 | C15: =TEXT(B15,"ddd") -> Jum | D15: =SUM(E15:L15) -> 147300.06 | E15: =3.5*24000 -> 84000 | F15: =1.4*24000 -> 33600 | G15: =0.4*24000 -> 9600 | H15: =2*5000 -> 10000 | I15: ='SO MEI 2026 REV 4'!BD15 -> 6600.0623 | J15: ='SO MEI 2026 REV 4'!AS15 -> 3500 | K15: ='SO MEI 2026 REV 4'!BB15+'SO MEI 2026 REV 4'!BC15 -> 0 | L15: 0
B16: =B15+1 -> 46151 | C16: =TEXT(B16,"ddd") -> Sab | D16: =SUM(E16:L16) -> 147300.06 | E16: =3.5*24000 -> 84000 | F16: =1.4*24000 -> 33600 | G16: =0.4*24000 -> 9600 | H16: =2*5000 -> 10000 | I16: ='SO MEI 2026 REV 4'!BD16 -> 6600.0623 | J16: ='SO MEI 2026 REV 4'!AS16 -> 3500 | K16: ='SO MEI 2026 REV 4'!BB16+'SO MEI 2026 REV 4'!BC16 -> 0 | L16: 0
B17: =B16+1 -> 46152 | C17: =TEXT(B17,"ddd") -> Mgg | D17: =SUM(E17:L17) -> 140700 | E17: =3.5*24000 -> 84000 | F17: =1.4*24000 -> 33600 | G17: =0.4*24000 -> 9600 | H17: =2*5000 -> 10000 | I17: ='SO MEI 2026 REV 4'!BD17 -> 0 | J17: ='SO MEI 2026 REV 4'!AS17 -> 3500 | K17: ='SO MEI 2026 REV 4'!BB17+'SO MEI 2026 REV 4'!BC17 -> 0 | L17: 0
B18: Sub Total | D18: =SUM(D11:D17) -> 1024500.4 | E18: =SUM(E11:E17) -> 588000 | F18: =SUM(F11:F17) -> 235200 | G18: =SUM(G11:G17) -> 67200 | H18: =SUM(H11:H17) -> 70000 | I18: =SUM(I11:I17) -> 39600.374 | J18: =SUM(J11:J17) -> 24500 | K18: =SUM(K11:K17) -> 0 | L18: =SUM(L11:L17) -> 0
A20: =WEEKNUM(B20) -> 20 | B20: =B17+1 -> 46153 | C20: =TEXT(B20,"ddd") -> Sen | D20: =SUM(E20:L20) -> 147300.06 | E20: =3.5*24000 -> 84000 | F20: =1.4*24000 -> 33600 | G20: =0.4*24000 -> 9600 | H20: =2*5000 -> 10000 | I20: ='SO MEI 2026 REV 4'!BD20 -> 6600.0623 | J20: ='SO MEI 2026 REV 4'!AS20 -> 3500 | K20: ='SO MEI 2026 REV 4'!BB20+'SO MEI 2026 REV 4'!BC20 -> 0 | L20: 0
B21: =B20+1 -> 46154 | C21: =TEXT(B21,"ddd") -> Sel | D21: =SUM(E21:L21) -> 167300.06 | E21: =3.5*24000 -> 84000 | F21: =1.4*24000 -> 33600 | G21: =0.4*24000 -> 9600 | H21: =2*5000 -> 10000 | I21: ='SO MEI 2026 REV 4'!BD21 -> 6600.0623 | J21: ='SO MEI 2026 REV 4'!AS21 -> 3500 | K21: ='SO MEI 2026 REV 4'!BB21+'SO MEI 2026 REV 4'!BC21 -> 20000 | L21: 0
B22: =B21+1 -> 46155 | C22: =TEXT(B22,"ddd") -> Rab | D22: =SUM(E22:L22) -> 167300.06 | E22: =3.5*24000 -> 84000 | F22: =1.4*24000 -> 33600 | G22: =0.4*24000 -> 9600 | H22: =2*5000 -> 10000 | I22: ='SO MEI 2026 REV 4'!BD22 -> 6600.0623 | J22: ='SO MEI 2026 REV 4'!AS22 -> 3500 | K22: ='SO MEI 2026 REV 4'!BB22+'SO MEI 2026 REV 4'!BC22 -> 20000 | L22: 0
B23: =B22+1 -> 46156 | C23: =TEXT(B23,"ddd") -> Kam | D23: =SUM(E23:L23) -> 167300.06 | E23: =3.5*24000 -> 84000 | F23: =1.4*24000 -> 33600 | G23: =0.4*24000 -> 9600 | H23: =2*5000 -> 10000 | I23: ='SO MEI 2026 REV 4'!BD23 -> 6600.0623 | J23: ='SO MEI 2026 REV 4'!AS23 -> 3500 | K23: ='SO MEI 2026 REV 4'!BB23+'SO MEI 2026 REV 4'!BC23 -> 20000 | L23: 0
B24: =B23+1 -> 46157 | C24: =TEXT(B24,"ddd") -> Jum | D24: =SUM(E24:L24) -> 167300.06 | E24: =3.5*24000 -> 84000 | F24: =1.4*24000 -> 33600 | G24: =0.4*24000 -> 9600 | H24: =2*5000 -> 10000 | I24: ='SO MEI 2026 REV 4'!BD24 -> 6600.0623 | J24: ='SO MEI 2026 REV 4'!AS24 -> 3500 | K24: ='SO MEI 2026 REV 4'!BB24+'SO MEI 2026 REV 4'!BC24 -> 20000 | L24: 0
B25: =B24+1 -> 46158 | C25: =TEXT(B25,"ddd") -> Sab | D25: =SUM(E25:L25) -> 167300.06 | E25: =3.5*24000 -> 84000 | F25: =1.4*24000 -> 33600 | G25: =0.4*24000 -> 9600 | H25: =2*5000 -> 10000 | I25: ='SO MEI 2026 REV 4'!BD25 -> 6600.0623 | J25: ='SO MEI 2026 REV 4'!AS25 -> 3500 | K25: ='SO MEI 2026 REV 4'!BB25+'SO MEI 2026 REV 4'!BC25 -> 20000 | L25: 0
B26: =B25+1 -> 46159 | C26: =TEXT(B26,"ddd") -> Mgg | D26: =SUM(E26:L26) -> 160700 | E26: =3.5*24000 -> 84000 | F26: =1.4*24000 -> 33600 | G26: =0.4*24000 -> 9600 | H26: =2*5000 -> 10000 | I26: ='SO MEI 2026 REV 4'!BD26 -> 0 | J26: ='SO MEI 2026 REV 4'!AS26 -> 3500 | K26: ='SO MEI 2026 REV 4'!BB26+'SO MEI 2026 REV 4'!BC26 -> 20000 | L26: 0
B27: Sub Total | D27: =SUM(D20:D26) -> 1144500.4 | E27: =SUM(E20:E26) -> 588000 | F27: =SUM(F20:F26) -> 235200 | G27: =SUM(G20:G26) -> 67200 | H27: =SUM(H20:H26) -> 70000 | I27: =SUM(I20:I26) -> 39600.374 | J27: =SUM(J20:J26) -> 24500 | K27: =SUM(K20:K26) -> 120000 | L27: =SUM(L20:L26) -> 0
A29: =WEEKNUM(B29) -> 21 | B29: =B26+1 -> 46160 | C29: =TEXT(B29,"ddd") -> Sen | D29: =SUM(E29:L29) -> 167300.06 | E29: =3.5*24000 -> 84000 | F29: =1.4*24000 -> 33600 | G29: =0.4*24000 -> 9600 | H29: =2*5000 -> 10000 | I29: ='SO MEI 2026 REV 4'!BD29 -> 6600.0623 | J29: ='SO MEI 2026 REV 4'!AS29 -> 3500 | K29: ='SO MEI 2026 REV 4'!BB29+'SO MEI 2026 REV 4'!BC29 -> 20000 | L29: 0
B30: =B29+1 -> 46161 | C30: =TEXT(B30,"ddd") -> Sel | D30: =SUM(E30:L30) -> 167300.06 | E30: =3.5*24000 -> 84000 | F30: =1.4*24000 -> 33600 | G30: =0.4*24000 -> 9600 | H30: =2*5000 -> 10000 | I30: ='SO MEI 2026 REV 4'!BD30 -> 6600.0623 | J30: ='SO MEI 2026 REV 4'!AS30 -> 3500 | K30: ='SO MEI 2026 REV 4'!BB30+'SO MEI 2026 REV 4'!BC30 -> 20000 | L30: 0
B31: =B30+1 -> 46162 | C31: =TEXT(B31,"ddd") -> Rab | D31: =SUM(E31:L31) -> 167300.06 | E31: =3.5*24000 -> 84000 | F31: =1.4*24000 -> 33600 | G31: =0.4*24000 -> 9600 | H31: =2*5000 -> 10000 | I31: ='SO MEI 2026 REV 4'!BD31 -> 6600.0623 | J31: ='SO MEI 2026 REV 4'!AS31 -> 3500 | K31: ='SO MEI 2026 REV 4'!BB31+'SO MEI 2026 REV 4'!BC31 -> 20000 | L31: 0
B32: =B31+1 -> 46163 | C32: =TEXT(B32,"ddd") -> Kam | D32: =SUM(E32:L32) -> 167300.06 | E32: =3.5*24000 -> 84000 | F32: =1.4*24000 -> 33600 | G32: =0.4*24000 -> 9600 | H32: =2*5000 -> 10000 | I32: ='SO MEI 2026 REV 4'!BD32 -> 6600.0623 | J32: ='SO MEI 2026 REV 4'!AS32 -> 3500 | K32: ='SO MEI 2026 REV 4'!BB32+'SO MEI 2026 REV 4'!BC32 -> 20000 | L32: 0
B33: =B32+1 -> 46164 | C33: =TEXT(B33,"ddd") -> Jum | D33: =SUM(E33:L33) -> 155700 | E33: =3.5*24000 -> 84000 | F33: =1.4*24000 -> 33600 | G33: =0.4*24000 -> 9600 | H33: =2*5000 -> 10000 | I33: ='SO MEI 2026 REV 4'!BD33 -> 0 | J33: ='SO MEI 2026 REV 4'!AS33 -> 3500 | K33: ='SO MEI 2026 REV 4'!BB33+'SO MEI 2026 REV 4'!BC33 -> 15000 | L33: 0
B34: =B33+1 -> 46165 | C34: =TEXT(B34,"ddd") -> Sab | D34: =SUM(E34:L34) -> 155700 | E34: =3.5*24000 -> 84000 | F34: =1.4*24000 -> 33600 | G34: =0.4*24000 -> 9600 | H34: =2*5000 -> 10000 | I34: ='SO MEI 2026 REV 4'!BD34 -> 0 | J34: ='SO MEI 2026 REV 4'!AS34 -> 3500 | K34: ='SO MEI 2026 REV 4'!BB34+'SO MEI 2026 REV 4'!BC34 -> 15000 | L34: 0
B35: =B34+1 -> 46166 | C35: =TEXT(B35,"ddd") -> Mgg | D35: =SUM(E35:L35) -> 155700 | E35: =3.5*24000 -> 84000 | F35: =1.4*24000 -> 33600 | G35: =0.4*24000 -> 9600 | H35: =2*5000 -> 10000 | I35: ='SO MEI 2026 REV 4'!BD35 -> 0 | J35: ='SO MEI 2026 REV 4'!AS35 -> 3500 | K35: ='SO MEI 2026 REV 4'!BB35+'SO MEI 2026 REV 4'!BC35 -> 15000 | L35: 0
B36: Sub Total | D36: =SUM(D29:D35) -> 1136300.2 | E36: =SUM(E29:E35) -> 588000 | F36: =SUM(F29:F35) -> 235200 | G36: =SUM(G29:G35) -> 67200 | H36: =SUM(H29:H35) -> 70000 | I36: =SUM(I29:I35) -> 26400.249 | J36: =SUM(J29:J35) -> 24500 | K36: =SUM(K29:K35) -> 125000 | L36: =SUM(L29:L35) -> 0
A38: =WEEKNUM(B38) -> 22 | B38: =B35+1 -> 46167 | C38: =TEXT(B38,"ddd") -> Sen | D38: =SUM(E38:L38) -> 155700 | E38: =3.5*24000 -> 84000 | F38: =1.4*24000 -> 33600 | G38: =0.4*24000 -> 9600 | H38: =2*5000 -> 10000 | I38: ='SO MEI 2026 REV 4'!BD38 -> 0 | J38: ='SO MEI 2026 REV 4'!AS38 -> 3500 | K38: ='SO MEI 2026 REV 4'!BB38+'SO MEI 2026 REV 4'!BC38 -> 15000 | L38: 0
B39: =B38+1 -> 46168 | C39: =TEXT(B39,"ddd") -> Sel | D39: =SUM(E39:L39) -> 155700 | E39: =3.5*24000 -> 84000 | F39: =1.4*24000 -> 33600 | G39: =0.4*24000 -> 9600 | H39: =2*5000 -> 10000 | I39: ='SO MEI 2026 REV 4'!BD39 -> 0 | J39: ='SO MEI 2026 REV 4'!AS39 -> 3500 | K39: ='SO MEI 2026 REV 4'!BB39+'SO MEI 2026 REV 4'!BC39 -> 15000 | L39: 0
B40: =B39+1 -> 46169 | C40: =TEXT(B40,"ddd") -> Rab | D40: =SUM(E40:L40) -> 152200 | E40: =3.5*24000 -> 84000 | F40: =1.4*24000 -> 33600 | G40: =0.4*24000 -> 9600 | H40: =2*5000 -> 10000 | I40: ='SO MEI 2026 REV 4'!BD40 -> 0 | J40: ='SO MEI 2026 REV 4'!AS40 -> 0 | K40: ='SO MEI 2026 REV 4'!BB40+'SO MEI 2026 REV 4'!BC40 -> 15000 | L40: 0
B41: =B40+1 -> 46170 | C41: =TEXT(B41,"ddd") -> Kam | D41: =SUM(E41:L41) -> 152200 | E41: =3.5*24000 -> 84000 | F41: =1.4*24000 -> 33600 | G41: =0.4*24000 -> 9600 | H41: =2*5000 -> 10000 | I41: ='SO MEI 2026 REV 4'!BD41 -> 0 | J41: ='SO MEI 2026 REV 4'!AS41 -> 0 | K41: ='SO MEI 2026 REV 4'!BB41+'SO MEI 2026 REV 4'!BC41 -> 15000 | L41: 0
B42: =B41+1 -> 46171 | C42: =TEXT(B42,"ddd") -> Jum | D42: =SUM(E42:L42) -> 155700 | E42: =3.5*24000 -> 84000 | F42: =1.4*24000 -> 33600 | G42: =0.4*24000 -> 9600 | H42: =2*5000 -> 10000 | I42: ='SO MEI 2026 REV 4'!BD42 -> 0 | J42: ='SO MEI 2026 REV 4'!AS42 -> 3500 | K42: ='SO MEI 2026 REV 4'!BB42+'SO MEI 2026 REV 4'!BC42 -> 15000 | L42: 0
B43: =B42+1 -> 46172 | C43: =TEXT(B43,"ddd") -> Sab | D43: =SUM(E43:L43) -> 155700 | E43: =3.5*24000 -> 84000 | F43: =1.4*24000 -> 33600 | G43: =0.4*24000 -> 9600 | H43: =2*5000 -> 10000 | I43: ='SO MEI 2026 REV 4'!BD43 -> 0 | J43: ='SO MEI 2026 REV 4'!AS43 -> 3500 | K43: ='SO MEI 2026 REV 4'!BB43+'SO MEI 2026 REV 4'!BC43 -> 15000 | L43: 0
B44: =B43+1 -> 46173 | C44: =TEXT(B44,"ddd") -> Mgg | D44: =SUM(E44:L44) -> 155700 | E44: =3.5*24000 -> 84000 | F44: =1.4*24000 -> 33600 | G44: =0.4*24000 -> 9600 | H44: =2*5000 -> 10000 | I44: ='SO MEI 2026 REV 4'!BD44 -> 0 | J44: ='SO MEI 2026 REV 4'!AS44 -> 3500 | K44: ='SO MEI 2026 REV 4'!BB44+'SO MEI 2026 REV 4'!BC44 -> 15000 | L44: 0
B45: Sub Total | D45: =SUM(D38:D44) -> 1082900 | E45: =SUM(E38:E44) -> 588000 | F45: =SUM(F38:F44) -> 235200 | G45: =SUM(G38:G44) -> 67200 | H45: =SUM(H38:H44) -> 70000 | I45: =SUM(I38:I44) -> 0 | J45: =SUM(J38:J44) -> 17500 | K45: =SUM(K38:K44) -> 105000 | L45: =SUM(L38:L44) -> 0
B47: Sub Total | D47: =D9+D18+D27+D36+D45 -> 4810901 | E47: =E9+E18+E27+E36+E45 -> 2604000 | F47: =F9+F18+F27+F36+F45 -> 1041600 | G47: =G9+G18+G27+G36+G45 -> 297600 | H47: =H9+H18+H27+H36+H45 -> 310000 | I47: =I9+I18+I27+I36+I45 -> 112201 | J47: =J9+J18+J27+J36+J45 -> 95500 | K47: =K9+K18+K27+K36+K45 -> 350000 | L47: =L9+L18+L27+L36+L45 -> 0
B48: Total | D48: =SUM(D38:D44,D29:D35,D20:D26,D11:D17,D6:D8) -> 4810901 | E48: =SUM(E38:E44,E29:E35,E20:E26,E11:E17,E6:E8) -> 2604000 | F48: =SUM(F38:F44,F29:F35,F20:F26,F11:F17,F6:F8) -> 1041600 | G48: =SUM(G38:G44,G29:G35,G20:G26,G11:G17,G6:G8) -> 297600 | H48: =SUM(H38:H44,H29:H35,H20:H26,H11:H17,H6:H8) -> 310000 | I48: =SUM(I38:I44,I29:I35,I20:I26,I11:I17,I6:I8) -> 112201 | J48: =SUM(J38:J44,J29:J35,J20:J26,J11:J17,J6:J8) -> 95500 | K48: =SUM(K38:K44,K29:K35,K20:K26,K11:K17,K6:K8) -> 350000 | L48: =SUM(L38:L44,L29:L35,L20:L26,L11:L17,L6:L8) -> 0

Sheet Summary Gas
A1: Summary Gas
L3: SO MS | AI3: SUMMARY FOB | AK3: SUMMARY SALES
A6: ='Daily Sales'!A2 -> 46143
A7: SERAPAN GAS MS | AE7: SALES
A8: Week | B8: DATE | D8: Total Serapan Gas | G8: MS SETU | J8: MS KHT | M8: MS BLORA | P8: MS BITUNG | S8: MS ZEBRA | V8: MS TAMBAKLOROK | Y8: MS WUNUT | AB8: MS SADANG | AE8: Total sales | AH8: SALES FOB | AK8: SALES NON FOB
D9: TARGET | E9: ACTUAL | F9: SELISIH | G9: TARGET | H9: ACTUAL | I9: SELISIH | J9: TARGET | K9: ACTUAL | L9: SELISIH | M9: TARGET | N9: ACTUAL | O9: SELISIH | P9: TARGET | Q9: ACTUAL | R9: SELISIH | S9: TARGET | T9: ACTUAL | U9: SELISIH | V9: TARGET | W9: ACTUAL | X9: SELISIH | Y9: TARGET | Z9: ACTUAL | AA9: SELISIH | AB9: TARGET | AC9: ACTUAL | AD9: SELISIH | AE9: TARGET | AF9: ACTUAL | AG9: SELISIH | AH9: TARGET | AI9: ACTUAL | AJ9: SELISIH | AK9: TARGET | AL9: ACTUAL | AM9: SELISIH
A10: =WEEKNUM(B10) -> 18 | B10: =A6 -> 46143 | C10: =TEXT(B10,"ddd") -> Jum | D10: =SUMIF($G$9:$AD$9,$D$9,G10:AD10) -> 137700 | E10: =SUMIF($G$9:$AD$9,$E$9,G10:AD10) -> 141822.16 | F10: =E10-D10 -> 4122.16 | G10: =VLOOKUP($B$10:$B$56,'SO MS'!$B$6:$L$48,4,TRUE) -> 84000 | H10: ='Summary sales'!D8 -> 88799.98 | I10: =H10-G10 -> 4799.98 | J10: =VLOOKUP($B$10:$B$56,'SO MS'!$B$6:$L$48,5,TRUE) -> 33600 | K10: ='Summary sales'!E8 -> 36939.92 | L10: =K10-J10 -> 3339.92 | M10: =VLOOKUP($B$10:$B$56,'SO MS'!$B$6:$L$48,6,TRUE) -> 9600 | N10: ='Summary sales'!F8 -> 11931.04 | O10: =N10-M10 -> 2331.04 | P10: =VLOOKUP($B$10:$B$56,'SO MS'!$B$6:$AS$48,7,TRUE) -> 10000 | Q10: ='Summary sales'!G8 -> 0 | R10: =Q10-P10 -> -10000 | S10: =VLOOKUP($B$10:$B$56,'SO MS'!$B$6:$AS$48,8,TRUE) -> 0 | T10: ='Summary sales'!H8 -> 0 | U10: =T10-S10 -> 0 | V10: =VLOOKUP($B$10:$B$56,'SO MS'!$B$6:$AS$48,9,TRUE) -> 500 | W10: ='Summary sales'!I8 -> 4151.22 | X10: =W10-V10 -> 3651.22 | Y10: =VLOOKUP($B$10:$B$56,'SO MS'!$B$6:$AS$48,10,TRUE) -> 0 | Z10: ='Summary sales'!K8 -> 0 | AA10: =Z10-Y10 -> 0 | AB10: =VLOOKUP($B$10:$B$56,'SO MS'!$B$6:$AS$48,11,TRUE) -> 0 | AD10: =AC10-AB10 -> 0 | AE10: ='Daily Sales'!D5 -> 109615.85 | AF10: ='Daily Sales'!E5 -> 104637.16 | AG10: =AF10-AE10 -> -4978.6973 | AH10: 0 | AI10: 0 | AJ10: =AI10-AH10 -> 0 | AK10: =VLOOKUP($B$10:$B$53,'Daily Sales'!$B$5:$F$45,3,TRUE) -> 109615.85 | AL10: =VLOOKUP($B$10:$B$53,'Daily Sales'!$B$5:$F$45,4,TRUE) -> 104637.16 | AM10: =AL10-AK10 -> -4978.6973
B11: =B10+1 -> 46144 | C11: =TEXT(B11,"ddd") -> Sab | D11: =SUMIF($G$9:$AD$9,$D$9,G11:AD11) -> 137700 | E11: =SUMIF($G$9:$AD$9,$E$9,G11:AD11) -> 126543.8 | F11: =E11-D11 -> -11156.2 | G11: =VLOOKUP($B$10:$B$56,'SO MS'!$B$6:$L$48,4,TRUE) -> 84000 | H11: ='Summary sales'!D9 -> 74793.17 | I11: =H11-G11 -> -9206.83 | J11: =VLOOKUP($B$10:$B$56,'SO MS'!$B$6:$L$48,5,TRUE) -> 33600 | K11: ='Summary sales'!E9 -> 36903.17 | L11: =K11-J11 -> 3303.17 | M11: =VLOOKUP($B$10:$B$56,'SO MS'!$B$6:$L$48,6,TRUE) -> 9600 | N11: ='Summary sales'!F9 -> 14847.46 | O11: =N11-M11 -> 5247.46 | P11: =VLOOKUP($B$10:$B$56,'SO MS'!$B$6:$AS$48,7,TRUE) -> 10000 | Q11: ='Summary sales'!G9 -> 0 | R11: =Q11-P11 -> -10000 | S11: =VLOOKUP($B$10:$B$56,'SO MS'!$B$6:$AS$48,8,TRUE) -> 0 | T11: ='Summary sales'!H9 -> 0 | U11: =T11-S11 -> 0 | V11: =VLOOKUP($B$10:$B$56,'SO MS'!$B$6:$AS$48,9,TRUE) -> 500 | W11: ='Summary sales'!I9 -> 0 | X11: =W11-V11 -> -500 | Y11: =VLOOKUP($B$10:$B$56,'SO MS'!$B$6:$AS$48,10,TRUE) -> 0 | Z11: ='Summary sales'!K9 -> 0 | AA11: =Z11-Y11 -> 0 | AB11: =VLOOKUP($B$10:$B$56,'SO MS'!$B$6:$AS$48,11,TRUE) -> 0 | AD11: =AC11-AB11 -> 0 | AE11: ='Daily Sales'!D6 -> 169830.56 | AF11: ='Daily Sales'!E6 -> 131664.89 | AG11: =AF11-AE11 -> -38165.672 | AH11: 0 | AI11: 0 | AJ11: =AI11-AH11 -> 0 | AK11: =VLOOKUP($B$10:$B$53,'Daily Sales'!$B$5:$F$45,3,TRUE) -> 169830.56 | AL11: =VLOOKUP($B$10:$B$53,'Daily Sales'!$B$5:$F$45,4,TRUE) -> 131664.89 | AM11: =AL11-AK11 -> -38165.672
B12: =B11+1 -> 46145 | C12: =TEXT(B12,"ddd") -> Mgg | D12: =SUMIF($G$9:$AD$9,$D$9,G12:AD12) -> 147300 | E12: =SUMIF($G$9:$AD$9,$E$9,G12:AD12) -> 121591.41 | F12: =E12-D12 -> -25708.59 | G12: =VLOOKUP($B$10:$B$56,'SO MS'!$B$6:$L$48,4,TRUE) -> 84000 | H12: ='Summary sales'!D10 -> 70666.34 | I12: =H12-G12 -> -13333.66 | J12: =VLOOKUP($B$10:$B$56,'SO MS'!$B$6:$L$48,5,TRUE) -> 33600 | K12: ='Summary sales'!E10 -> 35544.79 | L12: =K12-J12 -> 1944.79 | M12: =VLOOKUP($B$10:$B$56,'SO MS'!$B$6:$L$48,6,TRUE) -> 9600 | N12: ='Summary sales'!F10 -> 6126.35 | O12: =N12-M12 -> -3473.65 | P12: =VLOOKUP($B$10:$B$56,'SO MS'!$B$6:$AS$48,7,TRUE) -> 10000 | Q12: ='Summary sales'!G10 -> 0 | R12: =Q12-P12 -> -10000 | S12: =VLOOKUP($B$10:$B$56,'SO MS'!$B$6:$AS$48,8,TRUE) -> 6600 | T12: ='Summary sales'!H10 -> 4934.91 | U12: =T12-S12 -> -1665.09 | V12: =VLOOKUP($B$10:$B$56,'SO MS'!$B$6:$AS$48,9,TRUE) -> 3500 | W12: ='Summary sales'!I10 -> 4319.02 | X12: =W12-V12 -> 819.02 | Y12: =VLOOKUP($B$10:$B$56,'SO MS'!$B$6:$AS$48,10,TRUE) -> 0 | Z12: ='Summary sales'!K10 -> 0 | AA12: =Z12-Y12 -> 0 | AB12: =VLOOKUP($B$10:$B$56,'SO MS'!$B$6:$AS$48,11,TRUE) -> 0 | AD12: =AC12-AB12 -> 0 | AE12: ='Daily Sales'!D7 -> 148952.01 | AF12: ='Daily Sales'!E7 -> 122487.22 | AG12: =AF12-AE12 -> -26464.794 | AH12: 0 | AI12: 0 | AJ12: =AI12-AH12 -> 0 | AK12: =VLOOKUP($B$10:$B$53,'Daily Sales'!$B$5:$F$45,3,TRUE) -> 148952.01 | AL12: =VLOOKUP($B$10:$B$53,'Daily Sales'!$B$5:$F$45,4,TRUE) -> 122487.22 | AM12: =AL12-AK12 -> -26464.794
B13: Sub Total | D13: =SUM(D10:D12) -> 422700 | E13: =SUM(E10:E12) -> 389957.37 | F13: =SUM(F10:F12) -> -32742.63 | G13: =SUM(G10:G12) -> 252000 | H13: =SUM(H10:H12) -> 234259.49 | I13: =SUM(I10:I12) -> -17740.51 | J13: =SUM(J10:J12) -> 100800 | K13: =SUM(K10:K12) -> 109387.88 | ... AM13: =SUM(AM10:AM12) -> -69609.164
A15: =A10+1 -> 19 | B15: =B12+1 -> 46146 | C15: =TEXT(B15,"ddd") -> Sen | D15: =SUMIF($G$9:$AD$9,$D$9,G15:AD15) -> 147300.06 | E15: =SUMIF($G$9:$AD$9,$E$9,G15:AD15) -> 136500.09 | F15: =E15-D15 -> -10799.972 | G15: =VLOOKUP($B$10:$B$56,'SO MS'!$B$6:$L$48,4,TRUE) -> 84000 | H15: ='Summary sales'!D11 -> 94817.75 | I15: =H15-G15 -> 10817.75 | J15: =VLOOKUP($B$10:$B$56,'SO MS'!$B$6:$L$48,5,TRUE) -> 33600 | K15: ='Summary sales'!E11 -> 33219.9 | L15: =K15-J15 -> -380.1 | M15: =VLOOKUP($B$10:$B$56,'SO MS'!$B$6:$L$48,6,TRUE) -> 9600 | N15: ='Summary sales'!F11 -> 8462.44 | O15: =N15-M15 -> -1137.56 | P15: =VLOOKUP($B$10:$B$56,'SO MS'!$B$6:$AS$48,7,TRUE) -> 10000 | Q15: ='Summary sales'!G11 -> 0 | R15: =Q15-P15 -> -10000 | S15: =VLOOKUP($B$10:$B$56,'SO MS'!$B$6:$AS$48,8,TRUE) -> 6600.0623 | T15: ='Summary sales'!H11 -> 0 | U15: =T15-S15 -> -6600.0623 | V15: =VLOOKUP($B$10:$B$56,'SO MS'!$B$6:$AS$48,9,TRUE) -> 3500 | W15: ='Summary sales'!I11 -> 0 | X15: =W15-V15 -> -3500 | Y15: =VLOOKUP($B$10:$B$56,'SO MS'!$B$6:$AS$48,10,TRUE) -> 0 | Z15: ='Summary sales'!K11 -> 0 | AA15: =Z15-Y15 -> 0 | AB15: =VLOOKUP($B$10:$B$56,'SO MS'!$B$6:$AS$48,11,TRUE) -> 0 | AD15: =AC15-AB15 -> 0 | AE15: ='Daily Sales'!D10 -> 180251.94 | AF15: ='Daily Sales'!E10 -> 174893.73 | AG15: =AF15-AE15 -> -5358.2103 | AH15: 0 | AI15: 0 | AJ15: =AI15-AH15 -> 0 | AK15: =VLOOKUP($B$10:$B$53,'Daily Sales'!$B$5:$F$45,3,TRUE) -> 180251.94 | AL15: =VLOOKUP($B$10:$B$53,'Daily Sales'!$B$5:$F$45,4,TRUE) -> 174893.73 | AM15: =AL15-AK15 -> -5358.2103
B16: =B15+1 -> 46147 | C16: =TEXT(B16,"ddd") -> Sel | D16: =SUMIF($G$9:$AD$9,$D$9,G16:AD16) -> 147300.06 | E16: =SUMIF($G$9:$AD$9,$E$9,G16:AD16) -> 150764.3 | F16: =E16-D16 -> 3464.2377 | G16: =VLOOKUP($B$10:$B$56,'SO MS'!$B$6:$L$48,4,TRUE) -> 84000 | H16: ='Summary sales'!D12 -> 91432.48 | I16: =H16-G16 -> 7432.48 | J16: =VLOOKUP($B$10:$B$56,'SO MS'!$B$6:$L$48,5,TRUE) -> 33600 | K16: ='Summary sales'!E12 -> 40799.43 | L16: =K16-J16 -> 7199.43 | M16: =VLOOKUP($B$10:$B$56,'SO MS'!$B$6:$L$48,6,TRUE) -> 9600 | N16: ='Summary sales'!F12 -> 14176.27 | O16: =N16-M16 -> 4576.27 | P16: =VLOOKUP($B$10:$B$56,'SO MS'!$B$6:$AS$48,7,TRUE) -> 10000 | Q16: ='Summary sales'!G12 -> 0 | R16: =Q16-P16 -> -10000 | S16: =VLOOKUP($B$10:$B$56,'SO MS'!$B$6:$AS$48,8,TRUE) -> 6600.0623 | T16: ='Summary sales'!H12 -> 0 | U16: =T16-S16 -> -6600.0623 | V16: =VLOOKUP($B$10:$B$56,'SO MS'!$B$6:$AS$48,9,TRUE) -> 3500 | W16: ='Summary sales'!I12 -> 4356.12 | X16: =W16-V16 -> 856.12 | Y16: =VLOOKUP($B$10:$B$56,'SO MS'!$B$6:$AS$48,10,TRUE) -> 0 | Z16: ='Summary sales'!K12 -> 0 | AA16: =Z16-Y16 -> 0 | AB16: =VLOOKUP($B$10:$B$56,'SO MS'!$B$6:$AS$48,11,TRUE) -> 0 | AD16: =AC16-AB16 -> 0 | AE16: ='Daily Sales'!D11 -> 180251.94 | AF16: ='Daily Sales'!E11 -> 162235.47 | AG16: =AF16-AE16 -> -18016.472 | AH16: 0 | AI16: 0 | AJ16: =AI16-AH16 -> 0 | AK16: =VLOOKUP($B$10:$B$53,'Daily Sales'!$B$5:$F$45,3,TRUE) -> 180251.94 | AL16: =VLOOKUP($B$10:$B$53,'Daily Sales'!$B$5:$F$45,4,TRUE) -> 162235.47 | AM16: =AL16-AK16 -> -18016.472
B17: =B16+1 -> 46148 | C17: =TEXT(B17,"ddd") -> Rab | D17: =SUMIF($G$9:$AD$9,$D$9,G17:AD17) -> 147300.06 | E17: =SUMIF($G$9:$AD$9,$E$9,G17:AD17) -> 169685.47 | F17: =E17-D17 -> 22385.408 | G17: =VLOOKUP($B$10:$B$56,'SO MS'!$B$6:$L$48,4,TRUE) -> 84000 | H17: ='Summary sales'!D13 -> 101637.21 | I17: =H17-G17 -> 17637.21 | J17: =VLOOKUP($B$10:$B$56,'SO MS'!$B$6:$L$48,5,TRUE) -> 33600 | K17: ='Summary sales'!E13 -> 48456.05 | L17: =K17-J17 -> 14856.05 | M17: =VLOOKUP($B$10:$B$56,'SO MS'!$B$6:$L$48,6,TRUE) -> 9600 | N17: ='Summary sales'!F13 -> 14412.63 | O17: =N17-M17 -> 4812.63 | P17: =VLOOKUP($B$10:$B$56,'SO MS'!$B$6:$AS$48,7,TRUE) -> 10000 | Q17: ='Summary sales'!G13 -> 0 | R17: =Q17-P17 -> -10000 | S17: =VLOOKUP($B$10:$B$56,'SO MS'!$B$6:$AS$48,8,TRUE) -> 6600.0623 | T17: ='Summary sales'!H13 -> 5179.58 | U17: =T17-S17 -> -1420.4823 | V17: =VLOOKUP($B$10:$B$56,'SO MS'!$B$6:$AS$48,9,TRUE) -> 3500 | W17: ='Summary sales'!I13 -> 0 | X17: =W17-V17 -> -3500 | Y17: =VLOOKUP($B$10:$B$56,'SO MS'!$B$6:$AS$48,10,TRUE) -> 0 | Z17: ='Summary sales'!K13 -> 0 | AA17: =Z17-Y17 -> 0 | AB17: =VLOOKUP($B$10:$B$56,'SO MS'!$B$6:$AS$48,11,TRUE) -> 0 | AD17: =AC17-AB17 -> 0 | AE17: ='Daily Sales'!D12 -> 189751.94 | AF17: ='Daily Sales'!E12 -> 199238.39 | AG17: =AF17-AE17 -> 9486.4437 | AH17: 0 | AI17: 0 | AJ17: =AI17-AH17 -> 0 | AK17: =VLOOKUP($B$10:$B$53,'Daily Sales'!$B$5:$F$45,3,TRUE) -> 189751.94 | AL17: =VLOOKUP($B$10:$B$53,'Daily Sales'!$B$5:$F$45,4,TRUE) -> 199238.39 | AM17: =AL17-AK17 -> 9486.4437
B18: =B17+1 -> 46149 | C18: =TEXT(B18,"ddd") -> Kam | D18: =SUMIF($G$9:$AD$9,$D$9,G18:AD18) -> 147300.06 | E18: =SUMIF($G$9:$AD$9,$E$9,G18:AD18) -> 178114.22 | F18: =E18-D18 -> 30814.158 | G18: =VLOOKUP($B$10:$B$56,'SO MS'!$B$6:$L$48,4,TRUE) -> 84000 | H18: ='Summary sales'!D14 -> 107063.17 | I18: =H18-G18 -> 23063.17 | J18: =VLOOKUP($B$10:$B$56,'SO MS'!$B$6:$L$48,5,TRUE) -> 33600 | K18: ='Summary sales'!E14 -> 50488.72 | L18: =K18-J18 -> 16888.72 | M18: =VLOOKUP($B$10:$B$56,'SO MS'!$B$6:$L$48,6,TRUE) -> 9600 | N18: ='Summary sales'!F14 -> 11245.13 | O18: =N18-M18 -> 1645.13 | P18: =VLOOKUP($B$10:$B$56,'SO MS'!$B$6:$AS$48,7,TRUE) -> 10000 | Q18: ='Summary sales'!G14 -> 0 | R18: =Q18-P18 -> -10000 | S18: =VLOOKUP($B$10:$B$56,'SO MS'!$B$6:$AS$48,8,TRUE) -> 6600.0623 | T18: ='Summary sales'!H14 -> 4934.91 | U18: =T18-S18 -> -1665.1523 | V18: =VLOOKUP($B$10:$B$56,'SO MS'!$B$6:$AS$48,9,TRUE) -> 3500 | W18: ='Summary sales'!I14 -> 4382.29 | X18: =W18-V18 -> 882.29 | Y18: =VLOOKUP($B$10:$B$56,'SO MS'!$B$6:$AS$48,10,TRUE) -> 0 | Z18: ='Summary sales'!K14 -> 0 | AA18: =Z18-Y18 -> 0 | AB18: =VLOOKUP($B$10:$B$56,'SO MS'!$B$6:$AS$48,11,TRUE) -> 0 | AD18: =AC18-AB18 -> 0 | AE18: ='Daily Sales'!D13 -> 189751.94 | AF18: ='Daily Sales'!E13 -> 198734.05 | AG18: =AF18-AE18 -> 8982.1057 | AH18: 0 | AI18: 0 | AJ18: =AI18-AH18 -> 0 | AK18: =VLOOKUP($B$10:$B$53,'Daily Sales'!$B$5:$F$45,3,TRUE) -> 189751.94 | AL18: =VLOOKUP($B$10:$B$53,'Daily Sales'!$B$5:$F$45,4,TRUE) -> 198734.05 | AM18: =AL18-AK18 -> 8982.1057
B19: =B18+1 -> 46150 | C19: =TEXT(B19,"ddd") -> Jum | D19: =SUMIF($G$9:$AD$9,$D$9,G19:AD19) -> 147300.06 | E19: =SUMIF($G$9:$AD$9,$E$9,G19:AD19) -> 189928.55 | F19: =E19-D19 -> 42628.488 | G19: =VLOOKUP($B$10:$B$56,'SO MS'!$B$6:$L$48,4,TRUE) -> 84000 | H19: ='Summary sales'!D15 -> 121704.89 | I19: =H19-G19 -> 37704.89 | J19: =VLOOKUP($B$10:$B$56,'SO MS'!$B$6:$L$48,5,TRUE) -> 33600 | K19: ='Summary sales'!E15 -> 45455.76 | L19: =K19-J19 -> 11855.76 | M19: =VLOOKUP($B$10:$B$56,'SO MS'!$B$6:$L$48,6,TRUE) -> 9600 | N19: ='Summary sales'!F15 -> 13549.73 | O19: =N19-M19 -> 3949.73 | P19: =VLOOKUP($B$10:$B$56,'SO MS'!$B$6:$AS$48,7,TRUE) -> 10000 | Q19: ='Summary sales'!G15 -> 0 | R19: =Q19-P19 -> -10000 | S19: =VLOOKUP($B$10:$B$56,'SO MS'!$B$6:$AS$48,8,TRUE) -> 6600.0623 | T19: ='Summary sales'!H15 -> 4934.91 | U19: =T19-S19 -> -1665.1523 | V19: =VLOOKUP($B$10:$B$56,'SO MS'!$B$6:$AS$48,9,TRUE) -> 3500 | W19: ='Summary sales'!I15 -> 4283.26 | X19: =W19-V19 -> 783.26 | Y19: =VLOOKUP($B$10:$B$56,'SO MS'!$B$6:$AS$48,10,TRUE) -> 0 | Z19: ='Summary sales'!K15 -> 0 | AA19: =Z19-Y19 -> 0 | AB19: =VLOOKUP($B$10:$B$56,'SO MS'!$B$6:$AS$48,11,TRUE) -> 0 | AD19: =AC19-AB19 -> 0 | AE19: ='Daily Sales'!D14 -> 189751.94 | AF19: ='Daily Sales'!E14 -> 199421.58 | AG19: =AF19-AE19 -> 9669.6347 | AH19: 0 | AI19: 0 | AJ19: =AI19-AH19 -> 0 | AK19: =VLOOKUP($B$10:$B$53,'Daily Sales'!$B$5:$F$45,3,TRUE) -> 189751.94 | AL19: =VLOOKUP($B$10:$B$53,'Daily Sales'!$B$5:$F$45,4,TRUE) -> 199421.58 | AM19: =AL19-AK19 -> 9669.6347
B20: =B19+1 -> 46151 | C20: =TEXT(B20,"ddd") -> Sab | D20: =SUMIF($G$9:$AD$9,$D$9,G20:AD20) -> 147300.06 | E20: =SUMIF($G$9:$AD$9,$E$9,G20:AD20) -> 195968.04 | F20: =E20-D20 -> 48667.978 | G20: =VLOOKUP($B$10:$B$56,'SO MS'!$B$6:$L$48,4,TRUE) -> 84000 | H20: ='Summary sales'!D16 -> 125522.15 | I20: =H20-G20 -> 41522.15 | J20: =VLOOKUP($B$10:$B$56,'SO MS'!$B$6:$L$48,5,TRUE) -> 33600 | K20: ='Summary sales'!E16 -> 49391.79 | L20: =K20-J20 -> 15791.79 | M20: =VLOOKUP($B$10:$B$56,'SO MS'!$B$6:$L$48,6,TRUE) -> 9600 | N20: ='Summary sales'!F16 -> 11813.01 | O20: =N20-M20 -> 2213.01 | P20: =VLOOKUP($B$10:$B$56,'SO MS'!$B$6:$AS$48,7,TRUE) -> 10000 | Q20: ='Summary sales'!G16 -> 0 | R20: =Q20-P20 -> -10000 | S20: =VLOOKUP($B$10:$B$56,'SO MS'!$B$6:$AS$48,8,TRUE) -> 6600.0623 | T20: ='Summary sales'!H16 -> 5058.08 | U20: =T20-S20 -> -1541.9823 | V20: =VLOOKUP($B$10:$B$56,'SO MS'!$B$6:$AS$48,9,TRUE) -> 3500 | W20: ='Summary sales'!I16 -> 4183.01 | X20: =W20-V20 -> 683.01 | Y20: =VLOOKUP($B$10:$B$56,'SO MS'!$B$6:$AS$48,10,TRUE) -> 0 | Z20: ='Summary sales'!K16 -> 0 | AA20: =Z20-Y20 -> 0 | AB20: =VLOOKUP($B$10:$B$56,'SO MS'!$B$6:$AS$48,11,TRUE) -> 0 | AD20: =AC20-AB20 -> 0 | AE20: ='Daily Sales'!D15 -> 176664.17 | AF20: ='Daily Sales'!E15 -> 179037.48 | AG20: =AF20-AE20 -> 2373.3108 | AH20: 0 | AI20: 0 | AJ20: =AI20-AH20 -> 0 | AK20: =VLOOKUP($B$10:$B$53,'Daily Sales'!$B$5:$F$45,3,TRUE) -> 176664.17 | AL20: =VLOOKUP($B$10:$B$53,'Daily Sales'!$B$5:$F$45,4,TRUE) -> 179037.48 | AM20: =AL20-AK20 -> 2373.3108
B21: =B20+1 -> 46152 | C21: =TEXT(B21,"ddd") -> Mgg | D21: =SUMIF($G$9:$AD$9,$D$9,G21:AD21) -> 140700 | E21: =SUMIF($G$9:$AD$9,$E$9,G21:AD21) -> 193366.05 | F21: =E21-D21 -> 52666.05 | G21: =VLOOKUP($B$10:$B$56,'SO MS'!$B$6:$L$48,4,TRUE) -> 84000 | H21: ='Summary sales'!D17 -> 116303.78 | I21: =H21-G21 -> 32303.78 | J21: =VLOOKUP($B$10:$B$56,'SO MS'!$B$6:$L$48,5,TRUE) -> 33600 | K21: ='Summary sales'!E17 -> 48512.85 | L21: =K21-J21 -> 14912.85 | M21: =VLOOKUP($B$10:$B$56,'SO MS'!$B$6:$L$48,6,TRUE) -> 9600 | N21: ='Summary sales'!F17 -> 14457.76 | O21: =N21-M21 -> 4857.76 | P21: =VLOOKUP($B$10:$B$56,'SO MS'!$B$6:$AS$48,7,TRUE) -> 10000 | Q21: ='Summary sales'!G17 -> 0 | R21: =Q21-P21 -> -10000 | S21: =VLOOKUP($B$10:$B$56,'SO MS'!$B$6:$AS$48,8,TRUE) -> 0 | T21: ='Summary sales'!H17 -> 9745.05 | U21: =T21-S21 -> 9745.05 | V21: =VLOOKUP($B$10:$B$56,'SO MS'!$B$6:$AS$48,9,TRUE) -> 3500 | W21: ='Summary sales'!I17 -> 4346.61 | X21: =W21-V21 -> 846.61 | Y21: =VLOOKUP($B$10:$B$56,'SO MS'!$B$6:$AS$48,10,TRUE) -> 0 | Z21: ='Summary sales'!K17 -> 0 | AA21: =Z21-Y21 -> 0 | AB21: =VLOOKUP($B$10:$B$56,'SO MS'!$B$6:$AS$48,11,TRUE) -> 0 | AD21: =AC21-AB21 -> 0 | AE21: ='Daily Sales'!D16 -> 128352.01 | AF21: ='Daily Sales'!E16 -> 151099.75 | AG21: =AF21-AE21 -> 22747.742 | AH21: 0 | AI21: 0 | AJ21: =AI21-AH21 -> 0 | AK21: =VLOOKUP($B$10:$B$53,'Daily Sales'!$B$5:$F$45,3,TRUE) -> 128352.01 | AL21: =VLOOKUP($B$10:$B$53,'Daily Sales'!$B$5:$F$45,4,TRUE) -> 151099.75 | AM21: =AL21-AK21 -> 22747.742
B22: Sub Total | D22: =SUM(D15:D21) -> 1024500.4 | E22: =SUM(E15:E21) -> 1214326.7 | F22: =SUM(F15:F21) -> 189826.35 | G22: =SUM(G15:G21) -> 588000 | H22: =SUM(H15:H21) -> 758481.43 | I22: =SUM(I15:I21) -> 170481.43 | J22: =SUM(J15:J21) -> 235200 | K22: =SUM(K15:K21) -> 316324.5 | ... AM22: =SUM(AM15:AM21) -> 29884.555
A24: =A15+1 -> 20 | B24: =B21+1 -> 46153 | C24: =TEXT(B24,"ddd") -> Sen | D24: =SUMIF($G$9:$AD$9,$D$9,G24:AD24) -> 147300.06 | E24: =SUMIF($G$9:$AD$9,$E$9,G24:AD24) -> 147867.47 | F24: =E24-D24 -> 567.40374 | G24: =VLOOKUP($B$10:$B$56,'SO MS'!$B$6:$L$48,4,TRUE) -> 84000 | H24: ='Summary sales'!D18 -> 91741.1 | I24: =H24-G24 -> 7741.1 | J24: =VLOOKUP($B$10:$B$56,'SO MS'!$B$6:$L$48,5,TRUE) -> 33600 | K24: ='Summary sales'!E18 -> 35132.77 | L24: =K24-J24 -> 1532.77 | M24: =VLOOKUP($B$10:$B$56,'SO MS'!$B$6:$L$48,6,TRUE) -> 9600 | N24: ='Summary sales'!F18 -> 12116.85 | O24: =N24-M24 -> 2516.85 | P24: =VLOOKUP($B$10:$B$56,'SO MS'!$B$6:$AS$48,7,TRUE) -> 10000 | Q24: ='Summary sales'!G18 -> 0 | R24: =Q24-P24 -> -10000 | S24: =VLOOKUP($B$10:$B$56,'SO MS'!$B$6:$AS$48,8,TRUE) -> 6600.0623 | T24: ='Summary sales'!H18 -> 4468.776 | U24: =T24-S24 -> -2131.2863 | V24: =VLOOKUP($B$10:$B$56,'SO MS'!$B$6:$AS$48,9,TRUE) -> 3500 | W24: ='Summary sales'!I18 -> 4407.97 | X24: =W24-V24 -> 907.97 | Y24: =VLOOKUP($B$10:$B$56,'SO MS'!$B$6:$AS$48,10,TRUE) -> 0 | Z24: ='Summary sales'!K18 -> 0 | AA24: =Z24-Y24 -> 0 | AB24: =VLOOKUP($B$10:$B$56,'SO MS'!$B$6:$AS$48,11,TRUE) -> 0 | AD24: =AC24-AB24 -> 0 | AE24: ='Daily Sales'!D19 -> 186877.62 | AF24: ='Daily Sales'!E19 -> 226194.73 | AG24: =AF24-AE24 -> 39317.11 | AH24: 0 | AI24: 0 | AJ24: =AI24-AH24 -> 0 | AK24: =VLOOKUP($B$10:$B$53,'Daily Sales'!$B$5:$F$45,3,TRUE) -> 186877.62 | AL24: =VLOOKUP($B$10:$B$53,'Daily Sales'!$B$5:$F$45,4,TRUE) -> 226194.73 | AM24: =AL24-AK24 -> 39317.11
B25: =B24+1 -> 46154 | C25: =TEXT(B25,"ddd") -> Sel | D25: =SUMIF($G$9:$AD$9,$D$9,G25:AD25) -> 167300.06 | E25: =SUMIF($G$9:$AD$9,$E$9,G25:AD25) -> 200652.17 | F25: =E25-D25 -> 33352.112 | G25: =VLOOKUP($B$10:$B$56,'SO MS'!$B$6:$L$48,4,TRUE) -> 84000 | H25: ='Summary sales'!D19 -> 130825.25 | I25: =H25-G25 -> 46825.25 | J25: =VLOOKUP($B$10:$B$56,'SO MS'!$B$6:$L$48,5,TRUE) -> 33600 | K25: ='Summary sales'!E19 -> 49979.36 | L25: =K25-J25 -> 16379.36 | M25: =VLOOKUP($B$10:$B$56,'SO MS'!$B$6:$L$48,6,TRUE) -> 9600 | N25: ='Summary sales'!F19 -> 5466.23 | O25: =N25-M25 -> -4133.77 | P25: =VLOOKUP($B$10:$B$56,'SO MS'!$B$6:$AS$48,7,TRUE) -> 10000 | Q25: ='Summary sales'!G19 -> 0 | R25: =Q25-P25 -> -10000 | S25: =VLOOKUP($B$10:$B$56,'SO MS'!$B$6:$AS$48,8,TRUE) -> 6600.0623 | T25: ='Summary sales'!H19 -> 14381.334 | U25: =T25-S25 -> 7781.2717 | V25: =VLOOKUP($B$10:$B$56,'SO MS'!$B$6:$AS$48,9,TRUE) -> 3500 | W25: ='Summary sales'!I19 -> 0 | X25: =W25-V25 -> -3500 | Y25: =VLOOKUP($B$10:$B$56,'SO MS'!$B$6:$AS$48,10,TRUE) -> 20000 | Z25: ='Summary sales'!K19 -> 0 | AA25: =Z25-Y25 -> -20000 | AB25: =VLOOKUP($B$10:$B$56,'SO MS'!$B$6:$AS$48,11,TRUE) -> 0 | AD25: =AC25-AB25 -> 0 | AE25: ='Daily Sales'!D20 -> 218877.62 | AF25: ='Daily Sales'!E20 -> 221547.98 | AG25: =AF25-AE25 -> 2670.3591 | AH25: 0 | AI25: 0 | AJ25: =AI25-AH25 -> 0 | AK25: =VLOOKUP($B$10:$B$53,'Daily Sales'!$B$5:$F$45,3,TRUE) -> 218877.62 | AL25: =VLOOKUP($B$10:$B$53,'Daily Sales'!$B$5:$F$45,4,TRUE) -> 221547.98 | AM25: =AL25-AK25 -> 2670.3591
B26: =B25+1 -> 46155 | C26: =TEXT(B26,"ddd") -> Rab | D26: =SUMIF($G$9:$AD$9,$D$9,G26:AD26) -> 167300.06 | E26: =SUMIF($G$9:$AD$9,$E$9,G26:AD26) -> 220776.14 | F26: =E26-D26 -> 53476.076 | G26: =VLOOKUP($B$10:$B$56,'SO MS'!$B$6:$L$48,4,TRUE) -> 84000 | H26: ='Summary sales'!D20 -> 136699.67 | I26: =H26-G26 -> 52699.67 | J26: =VLOOKUP($B$10:$B$56,'SO MS'!$B$6:$L$48,5,TRUE) -> 33600 | K26: ='Summary sales'!E20 -> 49054.89 | L26: =K26-J26 -> 15454.89 | M26: =VLOOKUP($B$10:$B$56,'SO MS'!$B$6:$L$48,6,TRUE) -> 9600 | N26: ='Summary sales'!F20 -> 12417.76 | O26: =N26-M26 -> 2817.76 | P26: =VLOOKUP($B$10:$B$56,'SO MS'!$B$6:$AS$48,7,TRUE) -> 10000 | Q26: ='Summary sales'!G20 -> 0 | R26: =Q26-P26 -> -10000 | S26: =VLOOKUP($B$10:$B$56,'SO MS'!$B$6:$AS$48,8,TRUE) -> 6600.0623 | T26: ='Summary sales'!H20 -> 18746.578 | U26: =T26-S26 -> 12146.516 | V26: =VLOOKUP($B$10:$B$56,'SO MS'!$B$6:$AS$48,9,TRUE) -> 3500 | W26: ='Summary sales'!I20 -> 3857.24 | X26: =W26-V26 -> 357.24 | Y26: =VLOOKUP($B$10:$B$56,'SO MS'!$B$6:$AS$48,10,TRUE) -> 20000 | Z26: ='Summary sales'!K20 -> 0 | AA26: =Z26-Y26 -> -20000 | AB26: =VLOOKUP($B$10:$B$56,'SO MS'!$B$6:$AS$48,11,TRUE) -> 0 | AD26: =AC26-AB26 -> 0 | AE26: ='Daily Sales'!D21 -> 218877.62 | AF26: ='Daily Sales'!E21 -> 217699.28 | AG26: =AF26-AE26 -> -1178.3309 | AH26: 0 | AI26: 0 | AJ26: =AI26-AH26 -> 0 | AK26: =VLOOKUP($B$10:$B$53,'Daily Sales'!$B$5:$F$45,3,TRUE) -> 218877.62 | AL26: =VLOOKUP($B$10:$B$53,'Daily Sales'!$B$5:$F$45,4,TRUE) -> 217699.28 | AM26: =AL26-AK26 -> -1178.3309
B27: =B26+1 -> 46156 | C27: =TEXT(B27,"ddd") -> Kam | D27: =SUMIF($G$9:$AD$9,$D$9,G27:AD27) -> 167300.06 | E27: =SUMIF($G$9:$AD$9,$E$9,G27:AD27) -> 211192.8 | F27: =E27-D27 -> 43892.74 | G27: =VLOOKUP($B$10:$B$56,'SO MS'!$B$6:$L$48,4,TRUE) -> 84000 | H27: ='Summary sales'!D21 -> 137046.59 | I27: =H27-G27 -> 53046.59 | J27: =VLOOKUP($B$10:$B$56,'SO MS'!$B$6:$L$48,5,TRUE) -> 33600 | K27: ='Summary sales'!E21 -> 46514.38 | L27: =K27-J27 -> 12914.38 | M27: =VLOOKUP($B$10:$B$56,'SO MS'!$B$6:$L$48,6,TRUE) -> 9600 | N27: ='Summary sales'!F21 -> 13657.36 | O27: =N27-M27 -> 4057.36 | P27: =VLOOKUP($B$10:$B$56,'SO MS'!$B$6:$AS$48,7,TRUE) -> 10000 | Q27: ='Summary sales'!G21 -> 0 | R27: =Q27-P27 -> -10000 | S27: =VLOOKUP($B$10:$B$56,'SO MS'!$B$6:$AS$48,8,TRUE) -> 6600.0623 | T27: ='Summary sales'!H21 -> 13974.472 | U27: =T27-S27 -> 7374.4097 | V27: =VLOOKUP($B$10:$B$56,'SO MS'!$B$6:$AS$48,9,TRUE) -> 3500 | W27: ='Summary sales'!I21 -> 0 | X27: =W27-V27 -> -3500 | Y27: =VLOOKUP($B$10:$B$56,'SO MS'!$B$6:$AS$48,10,TRUE) -> 20000 | Z27: ='Summary sales'!K21 -> 0 | AA27: =Z27-Y27 -> -20000 | AB27: =VLOOKUP($B$10:$B$56,'SO MS'!$B$6:$AS$48,11,TRUE) -> 0 | AD27: =AC27-AB27 -> 0 | AE27: ='Daily Sales'!D22 -> 179649.02 | AF27: ='Daily Sales'!E22 -> 173180 | AG27: =AF27-AE27 -> -6469.0215 | AH27: 0 | AI27: 0 | AJ27: =AI27-AH27 -> 0 | AK27: =VLOOKUP($B$10:$B$53,'Daily Sales'!$B$5:$F$45,3,TRUE) -> 179649.02 | AL27: =VLOOKUP($B$10:$B$53,'Daily Sales'!$B$5:$F$45,4,TRUE) -> 173180 | AM27: =AL27-AK27 -> -6469.0215
B28: =B27+1 -> 46157 | C28: =TEXT(B28,"ddd") -> Jum | D28: =SUMIF($G$9:$AD$9,$D$9,G28:AD28) -> 167300.06 | E28: =SUMIF($G$9:$AD$9,$E$9,G28:AD28) -> 180377.76 | F28: =E28-D28 -> 13077.698 | G28: =VLOOKUP($B$10:$B$56,'SO MS'!$B$6:$L$48,4,TRUE) -> 84000 | H28: ='Summary sales'!D22 -> 108544.78 | I28: =H28-G28 -> 24544.78 | J28: =VLOOKUP($B$10:$B$56,'SO MS'!$B$6:$L$48,5,TRUE) -> 33600 | K28: ='Summary sales'!E22 -> 44253.46 | L28: =K28-J28 -> 10653.46 | M28: =VLOOKUP($B$10:$B$56,'SO MS'!$B$6:$L$48,6,TRUE) -> 9600 | N28: ='Summary sales'!F22 -> 8763.02 | O28: =N28-M28 -> -836.98 | P28: =VLOOKUP($B$10:$B$56,'SO MS'!$B$6:$AS$48,7,TRUE) -> 10000 | Q28: ='Summary sales'!G22 -> 0 | R28: =Q28-P28 -> -10000 | S28: =VLOOKUP($B$10:$B$56,'SO MS'!$B$6:$AS$48,8,TRUE) -> 6600.0623 | T28: ='Summary sales'!H22 -> 14798.33 | U28: =T28-S28 -> 8198.2677 | V28: =VLOOKUP($B$10:$B$56,'SO MS'!$B$6:$AS$48,9,TRUE) -> 3500 | W28: ='Summary sales'!I22 -> 4018.17 | X28: =W28-V28 -> 518.17 | Y28: =VLOOKUP($B$10:$B$56,'SO MS'!$B$6:$AS$48,10,TRUE) -> 20000 | Z28: ='Summary sales'!K22 -> 0 | AA28: =Z28-Y28 -> -20000 | AB28: =VLOOKUP($B$10:$B$56,'SO MS'!$B$6:$AS$48,11,TRUE) -> 0 | AD28: =AC28-AB28 -> 0 | AE28: ='Daily Sales'!D23 -> 211877.62 | AF28: ='Daily Sales'!E23 -> 211766.21 | AG28: =AF28-AE28 -> -111.40987 | AH28: 0 | AI28: 0 | AJ28: =AI28-AH28 -> 0 | AK28: =VLOOKUP($B$10:$B$53,'Daily Sales'!$B$5:$F$45,3,TRUE) -> 211877.62 | AL28: =VLOOKUP($B$10:$B$53,'Daily Sales'!$B$5:$F$45,4,TRUE) -> 211766.21 | AM28: =AL28-AK28 -> -111.40987
B29: =B28+1 -> 46158 | C29: =TEXT(B29,"ddd") -> Sab | D29: =SUMIF($G$9:$AD$9,$D$9,G29:AD29) -> 167300.06 | E29: =SUMIF($G$9:$AD$9,$E$9,G29:AD29) -> 191800.18 | F29: =E29-D29 -> 24500.12 | G29: =VLOOKUP($B$10:$B$56,'SO MS'!$B$6:$L$48,4,TRUE) -> 84000 | H29: ='Summary sales'!D23 -> 122655.85 | I29: =H29-G29 -> 38655.85 | J29: =VLOOKUP($B$10:$B$56,'SO MS'!$B$6:$L$48,5,TRUE) -> 33600 | K29: ='Summary sales'!E23 -> 49842.33 | L29: =K29-J29 -> 16242.33 | M29: =VLOOKUP($B$10:$B$56,'SO MS'!$B$6:$L$48,6,TRUE) -> 9600 | N29: ='Summary sales'!F23 -> 5551.23 | O29: =N29-M29 -> -4048.77 | P29: =VLOOKUP($B$10:$B$56,'SO MS'!$B$6:$AS$48,7,TRUE) -> 10000 | Q29: ='Summary sales'!G23 -> 0 | R29: =Q29-P29 -> -10000 | S29: =VLOOKUP($B$10:$B$56,'SO MS'!$B$6:$AS$48,8,TRUE) -> 6600.0623 | T29: ='Summary sales'!H23 -> 13750.772 | U29: =T29-S29 -> 7150.7097 | V29: =VLOOKUP($B$10:$B$56,'SO MS'!$B$6:$AS$48,9,TRUE) -> 3500 | W29: ='Summary sales'!I23 -> 0 | X29: =W29-V29 -> -3500 | Y29: =VLOOKUP($B$10:$B$56,'SO MS'!$B$6:$AS$48,10,TRUE) -> 20000 | Z29: ='Summary sales'!K23 -> 0 | AA29: =Z29-Y29 -> -20000 | AB29: =VLOOKUP($B$10:$B$56,'SO MS'!$B$6:$AS$48,11,TRUE) -> 0 | AD29: =AC29-AB29 -> 0 | AE29: ='Daily Sales'!D24 -> 217789.84 | AF29: ='Daily Sales'!E24 -> 196230.26 | AG29: =AF29-AE29 -> -21559.575 | AH29: 0 | AI29: 0 | AJ29: =AI29-AH29 -> 0 | AK29: =VLOOKUP($B$10:$B$53,'Daily Sales'!$B$5:$F$45,3,TRUE) -> 217789.84 | AL29: =VLOOKUP($B$10:$B$53,'Daily Sales'!$B$5:$F$45,4,TRUE) -> 196230.26 | AM29: =AL29-AK29 -> -21559.575
B30: =B29+1 -> 46159 | C30: =TEXT(B30,"ddd") -> Mgg | D30: =SUMIF($G$9:$AD$9,$D$9,G30:AD30) -> 160700 | E30: =SUMIF($G$9:$AD$9,$E$9,G30:AD30) -> 187897.17 | F30: =E30-D30 -> 27197.165 | G30: =VLOOKUP($B$10:$B$56,'SO MS'!$B$6:$L$48,4,TRUE) -> 84000 | H30: ='Summary sales'!D24 -> 109034.5 | I30: =H30-G30 -> 25034.5 | J30: =VLOOKUP($B$10:$B$56,'SO MS'!$B$6:$L$48,5,TRUE) -> 33600 | K30: ='Summary sales'!E24 -> 47108.01 | L30: =K30-J30 -> 13508.01 | M30: =VLOOKUP($B$10:$B$56,'SO MS'!$B$6:$L$48,6,TRUE) -> 9600 | N30: ='Summary sales'!F24 -> 13506.93 | O30: =N30-M30 -> 3906.93 | P30: =VLOOKUP($B$10:$B$56,'SO MS'!$B$6:$AS$48,7,TRUE) -> 10000 | Q30: ='Summary sales'!G24 -> 0 | R30: =Q30-P30 -> -10000 | S30: =VLOOKUP($B$10:$B$56,'SO MS'!$B$6:$AS$48,8,TRUE) -> 0 | T30: ='Summary sales'!H24 -> 9062.215 | U30: =T30-S30 -> 9062.215 | V30: =VLOOKUP($B$10:$B$56,'SO MS'!$B$6:$AS$48,9,TRUE) -> 3500 | W30: ='Summary sales'!I24 -> 9185.51 | X30: =W30-V30 -> 5685.51 | Y30: =VLOOKUP($B$10:$B$56,'SO MS'!$B$6:$AS$48,10,TRUE) -> 20000 | Z30: ='Summary sales'!K24 -> 0 | AA30: =Z30-Y30 -> -20000 | AB30: =VLOOKUP($B$10:$B$56,'SO MS'!$B$6:$AS$48,11,TRUE) -> 0 | AD30: =AC30-AB30 -> 0 | AE30: ='Daily Sales'!D25 -> 172352.01 | AF30: ='Daily Sales'!E25 -> 158753.61 | AG30: =AF30-AE30 -> -13598.403 | AH30: 0 | AI30: 0 | AJ30: =AI30-AH30 -> 0 | AK30: =VLOOKUP($B$10:$B$53,'Daily Sales'!$B$5:$F$45,3,TRUE) -> 172352.01 | AL30: =VLOOKUP($B$10:$B$53,'Daily Sales'!$B$5:$F$45,4,TRUE) -> 158753.61 | AM30: =AL30-AK30 -> -13598.403
B31: Sub Total | D31: =SUM(D24:D30) -> 1144500.4 | E31: =SUM(E24:E30) -> 1340563.7 | F31: =SUM(F24:F30) -> 196063.31 | G31: =SUM(G24:G30) -> 588000 | H31: =SUM(H24:H30) -> 836547.74 | I31: =SUM(I24:I30) -> 248547.74 | J31: =SUM(J24:J30) -> 235200 | K31: =SUM(K24:K30) -> 321885.2 | ... AM31: =SUM(AM24:AM30) -> -929.27103
A33: =A24+1 -> 21 | B33: =B30+1 -> 46160 | C33: =TEXT(B33,"ddd") -> Sen | D33: =SUMIF($G$9:$AD$9,$D$9,G33:AD33) -> 167300.06 | E33: =SUMIF($G$9:$AD$9,$E$9,G33:AD33) -> 194357.23 | F33: =E33-D33 -> 27057.164 | G33: =VLOOKUP($B$10:$B$56,'SO MS'!$B$6:$L$48,4,TRUE) -> 84000 | H33: ='Summary sales'!D25 -> 115587.64 | I33: =H33-G33 -> 31587.64 | J33: =VLOOKUP($B$10:$B$56,'SO MS'!$B$6:$L$48,5,TRUE) -> 33600 | K33: ='Summary sales'!E25 -> 45558.88 | L33: =K33-J33 -> 11958.88 | M33: =VLOOKUP($B$10:$B$56,'SO MS'!$B$6:$L$48,6,TRUE) -> 9600 | N33: ='Summary sales'!F25 -> 14942.65 | O33: =N33-M33 -> 5342.65 | P33: =VLOOKUP($B$10:$B$56,'SO MS'!$B$6:$AS$48,7,TRUE) -> 10000 | Q33: ='Summary sales'!G25 -> 0 | R33: =Q33-P33 -> -10000 | S33: =VLOOKUP($B$10:$B$56,'SO MS'!$B$6:$AS$48,8,TRUE) -> 6600.0623 | T33: ='Summary sales'!H25 -> 14185.156 | U33: =T33-S33 -> 7585.0937 | V33: =VLOOKUP($B$10:$B$56,'SO MS'!$B$6:$AS$48,9,TRUE) -> 3500 | W33: ='Summary sales'!I25 -> 4082.9 | X33: =W33-V33 -> 582.9 | Y33: =VLOOKUP($B$10:$B$56,'SO MS'!$B$6:$AS$48,10,TRUE) -> 20000 | Z33: ='Summary sales'!K25 -> 0 | AA33: =Z33-Y33 -> -20000 | AB33: =VLOOKUP($B$10:$B$56,'SO MS'!$B$6:$AS$48,11,TRUE) -> 0 | AD33: =AC33-AB33 -> 0 | AE33: ='Daily Sales'!D28 -> 212877.62 | AF33: ='Daily Sales'!E28 -> 225393.93 | AG33: =AF33-AE33 -> 12516.31 | AH33: 0 | AI33: 0 | AJ33: =AI33-AH33 -> 0 | AK33: =VLOOKUP($B$10:$B$53,'Daily Sales'!$B$5:$F$45,3,TRUE) -> 212877.62 | AL33: =VLOOKUP($B$10:$B$53,'Daily Sales'!$B$5:$F$45,4,TRUE) -> 225393.93 | AM33: =AL33-AK33 -> 12516.31
B34: =B33+1 -> 46161 | C34: =TEXT(B34,"ddd") -> Sel | D34: =SUMIF($G$9:$AD$9,$D$9,G34:AD34) -> 167300.06 | E34: =SUMIF($G$9:$AD$9,$E$9,G34:AD34) -> 193054 | F34: =E34-D34 -> 25753.937 | G34: =VLOOKUP($B$10:$B$56,'SO MS'!$B$6:$L$48,4,TRUE) -> 84000 | H34: ='Summary sales'!D26 -> 136928.3 | I34: =H34-G34 -> 52928.3 | J34: =VLOOKUP($B$10:$B$56,'SO MS'!$B$6:$L$48,5,TRUE) -> 33600 | K34: ='Summary sales'!E26 -> 27817.96 | L34: =K34-J34 -> -5782.04 | M34: =VLOOKUP($B$10:$B$56,'SO MS'!$B$6:$L$48,6,TRUE) -> 9600 | N34: ='Summary sales'!F26 -> 14114 | O34: =N34-M34 -> 4514 | P34: =VLOOKUP($B$10:$B$56,'SO MS'!$B$6:$AS$48,7,TRUE) -> 10000 | Q34: ='Summary sales'!G26 -> 4432.27 | R34: =Q34-P34 -> -5567.73 | S34: =VLOOKUP($B$10:$B$56,'SO MS'!$B$6:$AS$48,8,TRUE) -> 6600.0623 | T34: ='Summary sales'!H26 -> 9761.469 | U34: =T34-S34 -> 3161.4067 | V34: =VLOOKUP($B$10:$B$56,'SO MS'!$B$6:$AS$48,9,TRUE) -> 3500 | W34: ='Summary sales'!I26 -> 0 | X34: =W34-V34 -> -3500 | Y34: =VLOOKUP($B$10:$B$56,'SO MS'!$B$6:$AS$48,10,TRUE) -> 20000 | Z34: ='Summary sales'!K26 -> 0 | AA34: =Z34-Y34 -> -20000 | AB34: =VLOOKUP($B$10:$B$56,'SO MS'!$B$6:$AS$48,11,TRUE) -> 0 | AD34: =AC34-AB34 -> 0 | AE34: ='Daily Sales'!D29 -> 212877.62 | AF34: ='Daily Sales'!E29 -> 213646.25 | AG34: =AF34-AE34 -> 768.63313 | AH34: 0 | AI34: 0 | AJ34: =AI34-AH34 -> 0 | AK34: =VLOOKUP($B$10:$B$53,'Daily Sales'!$B$5:$F$45,3,TRUE) -> 212877.62 | AL34: =VLOOKUP($B$10:$B$53,'Daily Sales'!$B$5:$F$45,4,TRUE) -> 213646.25 | AM34: =AL34-AK34 -> 768.63313
B35: =B34+1 -> 46162 | C35: =TEXT(B35,"ddd") -> Rab | D35: =SUMIF($G$9:$AD$9,$D$9,G35:AD35) -> 167300.06 | E35: =SUMIF($G$9:$AD$9,$E$9,G35:AD35) -> 216008.75 | F35: =E35-D35 -> 48708.688 | G35: =VLOOKUP($B$10:$B$56,'SO MS'!$B$6:$L$48,4,TRUE) -> 84000 | H35: ='Summary sales'!D27 -> 139135.58 | I35: =H35-G35 -> 55135.58 | J35: =VLOOKUP($B$10:$B$56,'SO MS'!$B$6:$L$48,5,TRUE) -> 33600 | K35: ='Summary sales'!E27 -> 49631.27 | L35: =K35-J35 -> 16031.27 | M35: =VLOOKUP($B$10:$B$56,'SO MS'!$B$6:$L$48,6,TRUE) -> 9600 | N35: ='Summary sales'!F27 -> 4122.56 | O35: =N35-M35 -> -5477.44 | P35: =VLOOKUP($B$10:$B$56,'SO MS'!$B$6:$AS$48,7,TRUE) -> 10000 | Q35: ='Summary sales'!G27 -> 4816.36 | R35: =Q35-P35 -> -5183.64 | S35: =VLOOKUP($B$10:$B$56,'SO MS'!$B$6:$AS$48,8,TRUE) -> 6600.0623 | T35: ='Summary sales'!H27 -> 14400.14 | U35: =T35-S35 -> 7800.0777 | V35: =VLOOKUP($B$10:$B$56,'SO MS'!$B$6:$AS$48,9,TRUE) -> 3500 | W35: ='Summary sales'!I27 -> 3902.84 | X35: =W35-V35 -> 402.84 | Y35: =VLOOKUP($B$10:$B$56,'SO MS'!$B$6:$AS$48,10,TRUE) -> 20000 | Z35: ='Summary sales'!K27 -> 0 | AA35: =Z35-Y35 -> -20000 | AB35: =VLOOKUP($B$10:$B$56,'SO MS'!$B$6:$AS$48,11,TRUE) -> 0 | AD35: =AC35-AB35 -> 0 | AE35: ='Daily Sales'!D30 -> 212877.62 | AF35: ='Daily Sales'!E30 -> 213231.66 | AG35: =AF35-AE35 -> 354.04313 | AH35: 0 | AI35: 0 | AJ35: =AI35-AH35 -> 0 | AK35: =VLOOKUP($B$10:$B$53,'Daily Sales'!$B$5:$F$45,3,TRUE) -> 212877.62 | AL35: =VLOOKUP($B$10:$B$53,'Daily Sales'!$B$5:$F$45,4,TRUE) -> 213231.66 | AM35: =AL35-AK35 -> 354.04313
B36: =B35+1 -> 46163 | C36: =TEXT(B36,"ddd") -> Kam | D36: =SUMIF($G$9:$AD$9,$D$9,G36:AD36) -> 167300.06 | E36: =SUMIF($G$9:$AD$9,$E$9,G36:AD36) -> 208111.38 | F36: =E36-D36 -> 40811.316 | G36: =VLOOKUP($B$10:$B$56,'SO MS'!$B$6:$L$48,4,TRUE) -> 84000 | H36: ='Summary sales'!D28 -> 137671.9 | I36: =H36-G36 -> 53671.9 | J36: =VLOOKUP($B$10:$B$56,'SO MS'!$B$6:$L$48,5,TRUE) -> 33600 | K36: ='Summary sales'!E28 -> 43717.47 | L36: =K36-J36 -> 10117.47 | M36: =VLOOKUP($B$10:$B$56,'SO MS'!$B$6:$L$48,6,TRUE) -> 9600 | N36: ='Summary sales'!F28 -> 17098.16 | O36: =N36-M36 -> 7498.16 | P36: =VLOOKUP($B$10:$B$56,'SO MS'!$B$6:$AS$48,7,TRUE) -> 10000 | Q36: ='Summary sales'!G28 -> 0 | R36: =Q36-P36 -> -10000 | S36: =VLOOKUP($B$10:$B$56,'SO MS'!$B$6:$AS$48,8,TRUE) -> 6600.0623 | T36: ='Summary sales'!H28 -> 9623.848 | U36: =T36-S36 -> 3023.7857 | V36: =VLOOKUP($B$10:$B$56,'SO MS'!$B$6:$AS$48,9,TRUE) -> 3500 | W36: ='Summary sales'!I28 -> 0 | X36: =W36-V36 -> -3500 | Y36: =VLOOKUP($B$10:$B$56,'SO MS'!$B$6:$AS$48,10,TRUE) -> 20000 | Z36: ='Summary sales'!K28 -> 0 | AA36: =Z36-Y36 -> -20000 | AB36: =VLOOKUP($B$10:$B$56,'SO MS'!$B$6:$AS$48,11,TRUE) -> 0 | AD36: =AC36-AB36 -> 0 | AE36: ='Daily Sales'!D31 -> 212877.62 | AF36: ='Daily Sales'!E31 -> 205513.37 | AG36: =AF36-AE36 -> -7364.2439 | AH36: 0 | AI36: 0 | AJ36: =AI36-AH36 -> 0 | AK36: =VLOOKUP($B$10:$B$53,'Daily Sales'!$B$5:$F$45,3,TRUE) -> 212877.62 | AL36: =VLOOKUP($B$10:$B$53,'Daily Sales'!$B$5:$F$45,4,TRUE) -> 205513.37 | AM36: =AL36-AK36 -> -7364.2439
B37: =B36+1 -> 46164 | C37: =TEXT(B37,"ddd") -> Jum | D37: =SUMIF($G$9:$AD$9,$D$9,G37:AD37) -> 155700 | E37: =SUMIF($G$9:$AD$9,$E$9,G37:AD37) -> 191814.04 | F37: =E37-D37 -> 36114.038 | G37: =VLOOKUP($B$10:$B$56,'SO MS'!$B$6:$L$48,4,TRUE) -> 84000 | H37: ='Summary sales'!D29 -> 127318.18 | I37: =H37-G37 -> 43318.18 | J37: =VLOOKUP($B$10:$B$56,'SO MS'!$B$6:$L$48,5,TRUE) -> 33600 | K37: ='Summary sales'!E29 -> 42756.98 | L37: =K37-J37 -> 9156.98 | M37: =VLOOKUP($B$10:$B$56,'SO MS'!$B$6:$L$48,6,TRUE) -> 9600 | N37: ='Summary sales'!F29 -> 9006.3 | O37: =N37-M37 -> -593.7 | P37: =VLOOKUP($B$10:$B$56,'SO MS'!$B$6:$AS$48,7,TRUE) -> 10000 | Q37: ='Summary sales'!G29 -> 0 | R37: =Q37-P37 -> -10000 | S37: =VLOOKUP($B$10:$B$56,'SO MS'!$B$6:$AS$48,8,TRUE) -> 0 | T37: ='Summary sales'!H29 -> 9124.908 | U37: =T37-S37 -> 9124.908 | V37: =VLOOKUP($B$10:$B$56,'SO MS'!$B$6:$AS$48,9,TRUE) -> 3500 | W37: ='Summary sales'!I29 -> 3607.67 | X37: =W37-V37 -> 107.67 | Y37: =VLOOKUP($B$10:$B$56,'SO MS'!$B$6:$AS$48,10,TRUE) -> 15000 | Z37: ='Summary sales'!K29 -> 0 | AA37: =Z37-Y37 -> -15000 | AB37: =VLOOKUP($B$10:$B$56,'SO MS'!$B$6:$AS$48,11,TRUE) -> 0 | AD37: =AC37-AB37 -> 0 | AE37: ='Daily Sales'!D32 -> 201277.55 | AF37: ='Daily Sales'!E32 -> 192927.4 | AG37: =AF37-AE37 -> -8350.1526 | AH37: 0 | AI37: 0 | AJ37: =AI37-AH37 -> 0 | AK37: =VLOOKUP($B$10:$B$53,'Daily Sales'!$B$5:$F$45,3,TRUE) -> 201277.55 | AL37: =VLOOKUP($B$10:$B$53,'Daily Sales'!$B$5:$F$45,4,TRUE) -> 192927.4 | AM37: =AL37-AK37 -> -8350.1526
B38: =B37+1 -> 46165 | C38: =TEXT(B38,"ddd") -> Sab | D38: =SUMIF($G$9:$AD$9,$D$9,G38:AD38) -> 155700 | E38: =SUMIF($G$9:$AD$9,$E$9,G38:AD38) -> 201398.48 | F38: =E38-D38 -> 45698.481 | G38: =VLOOKUP($B$10:$B$56,'SO MS'!$B$6:$L$48,4,TRUE) -> 84000 | H38: ='Summary sales'!D30 -> 132216.63 | I38: =H38-G38 -> 48216.63 | J38: =VLOOKUP($B$10:$B$56,'SO MS'!$B$6:$L$48,5,TRUE) -> 33600 | K38: ='Summary sales'!E30 -> 46551.24 | L38: =K38-J38 -> 12951.24 | M38: =VLOOKUP($B$10:$B$56,'SO MS'!$B$6:$L$48,6,TRUE) -> 9600 | N38: ='Summary sales'!F30 -> 9069.8 | O38: =N38-M38 -> -530.2 | P38: =VLOOKUP($B$10:$B$56,'SO MS'!$B$6:$AS$48,7,TRUE) -> 10000 | Q38: ='Summary sales'!G30 -> 0 | R38: =Q38-P38 -> -10000 | S38: =VLOOKUP($B$10:$B$56,'SO MS'!$B$6:$AS$48,8,TRUE) -> 0 | T38: ='Summary sales'!H30 -> 13560.811 | U38: =T38-S38 -> 13560.811 | V38: =VLOOKUP($B$10:$B$56,'SO MS'!$B$6:$AS$48,9,TRUE) -> 3500 | W38: ='Summary sales'!I30 -> 0 | X38: =W38-V38 -> -3500 | Y38: =VLOOKUP($B$10:$B$56,'SO MS'!$B$6:$AS$48,10,TRUE) -> 15000 | Z38: ='Summary sales'!K30 -> 0 | AA38: =Z38-Y38 -> -15000 | AB38: =VLOOKUP($B$10:$B$56,'SO MS'!$B$6:$AS$48,11,TRUE) -> 0 | AD38: =AC38-AB38 -> 0 | AE38: ='Daily Sales'!D33 -> 206189.78 | AF38: ='Daily Sales'!E33 -> 167245.56 | AG38: =AF38-AE38 -> -38944.213 | AH38: 0 | AI38: 0 | AJ38: =AI38-AH38 -> 0 | AK38: =VLOOKUP($B$10:$B$53,'Daily Sales'!$B$5:$F$45,3,TRUE) -> 206189.78 | AL38: =VLOOKUP($B$10:$B$53,'Daily Sales'!$B$5:$F$45,4,TRUE) -> 167245.56 | AM38: =AL38-AK38 -> -38944.213
B39: =B38+1 -> 46166 | C39: =TEXT(B39,"ddd") -> Mgg | D39: =SUMIF($G$9:$AD$9,$D$9,G39:AD39) -> 155700 | E39: =SUMIF($G$9:$AD$9,$E$9,G39:AD39) -> 175200.89 | F39: =E39-D39 -> 19500.895 | G39: =VLOOKUP($B$10:$B$56,'SO MS'!$B$6:$L$48,4,TRUE) -> 84000 | H39: ='Summary sales'!D31 -> 115021.73 | I39: =H39-G39 -> 31021.73 | J39: =VLOOKUP($B$10:$B$56,'SO MS'!$B$6:$L$48,5,TRUE) -> 33600 | K39: ='Summary sales'!E31 -> 41794.06 | L39: =K39-J39 -> 8194.06 | M39: =VLOOKUP($B$10:$B$56,'SO MS'!$B$6:$L$48,6,TRUE) -> 9600 | N39: ='Summary sales'!F31 -> 5173.51 | O39: =N39-M39 -> -4426.49 | P39: =VLOOKUP($B$10:$B$56,'SO MS'!$B$6:$AS$48,7,TRUE) -> 10000 | Q39: ='Summary sales'!G31 -> 0 | R39: =Q39-P39 -> -10000 | S39: =VLOOKUP($B$10:$B$56,'SO MS'!$B$6:$AS$48,8,TRUE) -> 0 | T39: ='Summary sales'!H31 -> 9174.235 | U39: =T39-S39 -> 9174.235 | V39: =VLOOKUP($B$10:$B$56,'SO MS'!$B$6:$AS$48,9,TRUE) -> 3500 | W39: ='Summary sales'!I31 -> 4037.36 | X39: =W39-V39 -> 537.36 | Y39: =VLOOKUP($B$10:$B$56,'SO MS'!$B$6:$AS$48,10,TRUE) -> 15000 | Z39: ='Summary sales'!K31 -> 0 | AA39: =Z39-Y39 -> -15000 | AB39: =VLOOKUP($B$10:$B$56,'SO MS'!$B$6:$AS$48,11,TRUE) -> 0 | AD39: =AC39-AB39 -> 0 | AE39: ='Daily Sales'!D34 -> 167352.01 | AF39: ='Daily Sales'!E34 -> 141832.99 | AG39: =AF39-AE39 -> -25519.02 | AH39: 0 | AI39: 0 | AJ39: =AI39-AH39 -> 0 | AK39: =VLOOKUP($B$10:$B$53,'Daily Sales'!$B$5:$F$45,3,TRUE) -> 167352.01 | AL39: =VLOOKUP($B$10:$B$53,'Daily Sales'!$B$5:$F$45,4,TRUE) -> 141832.99 | AM39: =AL39-AK39 -> -25519.02
B40: Sub Total | D40: =SUM(D33:D39) -> 1136300.2 | E40: =SUM(E33:E39) -> 1379944.8 | F40: =SUM(F33:F39) -> 243644.52 | G40: =SUM(G33:G39) -> 588000 | H40: =SUM(H33:H39) -> 903879.96 | I40: =SUM(I33:I39) -> 315879.96 | J40: =SUM(J33:J39) -> 235200 | K40: =SUM(K33:K39) -> 297827.86 | ... AM40: =SUM(AM33:AM39) -> -66538.643
A42: =A33+1 -> 22 | B42: =B39+1 -> 46167 | C42: =TEXT(B42,"ddd") -> Sen | D42: =SUMIF($G$9:$AD$9,$D$9,G42:AD42) -> 155700 | E42: =SUMIF($G$9:$AD$9,$E$9,G42:AD42) -> 158783.7 | F42: =E42-D42 -> 3083.704 | G42: =VLOOKUP($B$10:$B$56,'SO MS'!$B$6:$L$48,4,TRUE) -> 84000 | H42: ='Summary sales'!D32 -> 99830.34 | I42: =H42-G42 -> 15830.34 | J42: =VLOOKUP($B$10:$B$56,'SO MS'!$B$6:$L$48,5,TRUE) -> 33600 | K42: ='Summary sales'!E32 -> 43926.34 | L42: =K42-J42 -> 10326.34 | M42: =VLOOKUP($B$10:$B$56,'SO MS'!$B$6:$L$48,6,TRUE) -> 9600 | N42: ='Summary sales'!F32 -> 10496.02 | O42: =N42-M42 -> 896.02 | P42: =VLOOKUP($B$10:$B$56,'SO MS'!$B$6:$AS$48,7,TRUE) -> 10000 | Q42: ='Summary sales'!G32 -> 0 | R42: =Q42-P42 -> -10000 | S42: =VLOOKUP($B$10:$B$56,'SO MS'!$B$6:$AS$48,8,TRUE) -> 0 | T42: ='Summary sales'!H32 -> 4531.004 | U42: =T42-S42 -> 4531.004 | V42: =VLOOKUP($B$10:$B$56,'SO MS'!$B$6:$AS$48,9,TRUE) -> 3500 | W42: ='Summary sales'!I32 -> 0 | X42: =W42-V42 -> -3500 | Y42: =VLOOKUP($B$10:$B$56,'SO MS'!$B$6:$AS$48,10,TRUE) -> 15000 | Z42: ='Summary sales'!K32 -> 0 | AA42: =Z42-Y42 -> -15000 | AB42: =VLOOKUP($B$10:$B$56,'SO MS'!$B$6:$AS$48,11,TRUE) -> 0 | AD42: =AC42-AB42 -> 0 | AE42: ='Daily Sales'!D37 -> 196277.55 | AF42: ='Daily Sales'!E37 -> 217710.23 | AG42: =AF42-AE42 -> 21432.679 | AH42: 0 | AI42: 0 | AJ42: =AI42-AH42 -> 0 | AK42: =VLOOKUP($B$10:$B$53,'Daily Sales'!$B$5:$F$45,3,TRUE) -> 196277.55 | AL42: =VLOOKUP($B$10:$B$53,'Daily Sales'!$B$5:$F$45,4,TRUE) -> 217710.23 | AM42: =AL42-AK42 -> 21432.679
B43: =B42+1 -> 46168 | C43: =TEXT(B43,"ddd") -> Sel | D43: =SUMIF($G$9:$AD$9,$D$9,G43:AD43) -> 155700 | E43: =SUMIF($G$9:$AD$9,$E$9,G43:AD43) -> 199269.55 | F43: =E43-D43 -> 43569.546 | G43: =VLOOKUP($B$10:$B$56,'SO MS'!$B$6:$L$48,4,TRUE) -> 84000 | H43: ='Summary sales'!D33 -> 132357.88 | I43: =H43-G43 -> 48357.88 | J43: =VLOOKUP($B$10:$B$56,'SO MS'!$B$6:$L$48,5,TRUE) -> 33600 | K43: ='Summary sales'!E33 -> 45522.35 | L43: =K43-J43 -> 11922.35 | M43: =VLOOKUP($B$10:$B$56,'SO MS'!$B$6:$L$48,6,TRUE) -> 9600 | N43: ='Summary sales'!F33 -> 7947.96 | O43: =N43-M43 -> -1652.04 | P43: =VLOOKUP($B$10:$B$56,'SO MS'!$B$6:$AS$48,7,TRUE) -> 10000 | Q43: ='Summary sales'!G33 -> 0 | R43: =Q43-P43 -> -10000 | S43: =VLOOKUP($B$10:$B$56,'SO MS'!$B$6:$AS$48,8,TRUE) -> 0 | T43: ='Summary sales'!H33 -> 13441.356 | U43: =T43-S43 -> 13441.356 | V43: =VLOOKUP($B$10:$B$56,'SO MS'!$B$6:$AS$48,9,TRUE) -> 3500 | W43: ='Summary sales'!I33 -> 0 | X43: =W43-V43 -> -3500 | Y43: =VLOOKUP($B$10:$B$56,'SO MS'!$B$6:$AS$48,10,TRUE) -> 15000 | Z43: ='Summary sales'!K33 -> 0 | AA43: =Z43-Y43 -> -15000 | AB43: =VLOOKUP($B$10:$B$56,'SO MS'!$B$6:$AS$48,11,TRUE) -> 0 | AD43: =AC43-AB43 -> 0 | AE43: ='Daily Sales'!D38 -> 196277.55 | AF43: ='Daily Sales'!E38 -> 174275.71 | AG43: =AF43-AE43 -> -22001.847 | AH43: 0 | AI43: 0 | AJ43: =AI43-AH43 -> 0 | AK43: =VLOOKUP($B$10:$B$53,'Daily Sales'!$B$5:$F$45,3,TRUE) -> 196277.55 | AL43: =VLOOKUP($B$10:$B$53,'Daily Sales'!$B$5:$F$45,4,TRUE) -> 174275.71 | AM43: =AL43-AK43 -> -22001.847
B44: =B43+1 -> 46169 | C44: =TEXT(B44,"ddd") -> Rab | D44: =SUMIF($G$9:$AD$9,$D$9,G44:AD44) -> 152200 | E44: =SUMIF($G$9:$AD$9,$E$9,G44:AD44) -> 154680.98 | F44: =E44-D44 -> 2480.978 | G44: =VLOOKUP($B$10:$B$56,'SO MS'!$B$6:$L$48,4,TRUE) -> 84000 | H44: ='Summary sales'!D34 -> 90351.1 | I44: =H44-G44 -> 6351.1 | J44: =VLOOKUP($B$10:$B$56,'SO MS'!$B$6:$L$48,5,TRUE) -> 33600 | K44: ='Summary sales'!E34 -> 50815.29 | L44: =K44-J44 -> 17215.29 | M44: =VLOOKUP($B$10:$B$56,'SO MS'!$B$6:$L$48,6,TRUE) -> 9600 | N44: ='Summary sales'!F34 -> 8990.1 | O44: =N44-M44 -> -609.9 | P44: =VLOOKUP($B$10:$B$56,'SO MS'!$B$6:$AS$48,7,TRUE) -> 10000 | Q44: ='Summary sales'!G34 -> 0 | R44: =Q44-P44 -> -10000 | S44: =VLOOKUP($B$10:$B$56,'SO MS'!$B$6:$AS$48,8,TRUE) -> 0 | T44: ='Summary sales'!H34 -> 4524.488 | U44: =T44-S44 -> 4524.488 | V44: =VLOOKUP($B$10:$B$56,'SO MS'!$B$6:$AS$48,9,TRUE) -> 0 | W44: ='Summary sales'!I34 -> 0 | X44: =W44-V44 -> 0 | Y44: =VLOOKUP($B$10:$B$56,'SO MS'!$B$6:$AS$48,10,TRUE) -> 15000 | Z44: ='Summary sales'!K34 -> 0 | AA44: =Z44-Y44 -> -15000 | AB44: =VLOOKUP($B$10:$B$56,'SO MS'!$B$6:$AS$48,11,TRUE) -> 0 | AD44: =AC44-AB44 -> 0 | AE44: ='Daily Sales'!D39 -> 116944.64 | AF44: ='Daily Sales'!E39 -> 117433.94 | AG44: =AF44-AE44 -> 489.30135 | AH44: 0 | AI44: 0 | AJ44: =AI44-AH44 -> 0 | AK44: =VLOOKUP($B$10:$B$53,'Daily Sales'!$B$5:$F$45,3,TRUE) -> 116944.64 | AL44: =VLOOKUP($B$10:$B$53,'Daily Sales'!$B$5:$F$45,4,TRUE) -> 117433.94 | AM44: =AL44-AK44 -> 489.30135
B45: =B44+1 -> 46170 | C45: =TEXT(B45,"ddd") -> Kam | D45: =SUMIF($G$9:$AD$9,$D$9,G45:AD45) -> 152200 | E45: =SUMIF($G$9:$AD$9,$E$9,G45:AD45) -> 147226.09 | F45: =E45-D45 -> -4973.907 | G45: =VLOOKUP($B$10:$B$56,'SO MS'!$B$6:$L$48,4,TRUE) -> 84000 | H45: ='Summary sales'!D35 -> 94599.68 | I45: =H45-G45 -> 10599.68 | J45: =VLOOKUP($B$10:$B$56,'SO MS'!$B$6:$L$48,5,TRUE) -> 33600 | K45: ='Summary sales'!E35 -> 36174.88 | L45: =K45-J45 -> 2574.88 | M45: =VLOOKUP($B$10:$B$56,'SO MS'!$B$6:$L$48,6,TRUE) -> 9600 | N45: ='Summary sales'!F35 -> 2600.67 | O45: =N45-M45 -> -6999.33 | P45: =VLOOKUP($B$10:$B$56,'SO MS'!$B$6:$AS$48,7,TRUE) -> 10000 | Q45: ='Summary sales'!G35 -> 0 | R45: =Q45-P45 -> -10000 | S45: =VLOOKUP($B$10:$B$56,'SO MS'!$B$6:$AS$48,8,TRUE) -> 0 | T45: ='Summary sales'!H35 -> 13850.863 | U45: =T45-S45 -> 13850.863 | V45: =VLOOKUP($B$10:$B$56,'SO MS'!$B$6:$AS$48,9,TRUE) -> 0 | W45: ='Summary sales'!I35 -> 0 | X45: =W45-V45 -> 0 | Y45: =VLOOKUP($B$10:$B$56,'SO MS'!$B$6:$AS$48,10,TRUE) -> 15000 | Z45: ='Summary sales'!K35 -> 0 | AA45: =Z45-Y45 -> -15000 | AB45: =VLOOKUP($B$10:$B$56,'SO MS'!$B$6:$AS$48,11,TRUE) -> 0 | AD45: =AC45-AB45 -> 0 | AE45: ='Daily Sales'!D40 -> 158565.95 | AF45: ='Daily Sales'!E40 -> 201737.41 | AG45: =AF45-AE45 -> 43171.464 | AH45: 0 | AI45: 0 | AJ45: =AI45-AH45 -> 0 | AK45: =VLOOKUP($B$10:$B$53,'Daily Sales'!$B$5:$F$45,3,TRUE) -> 158565.95 | AL45: =VLOOKUP($B$10:$B$53,'Daily Sales'!$B$5:$F$45,4,TRUE) -> 201737.41 | AM45: =AL45-AK45 -> 43171.464
B46: =B45+1 -> 46171 | C46: =TEXT(B46,"ddd") -> Jum | D46: =SUMIF($G$9:$AD$9,$D$9,G46:AD46) -> 155700 | E46: =SUMIF($G$9:$AD$9,$E$9,G46:AD46) -> 170729.05 | F46: =E46-D46 -> 15029.052 | G46: =VLOOKUP($B$10:$B$56,'SO MS'!$B$6:$L$48,4,TRUE) -> 84000 | H46: ='Summary sales'!D36 -> 119272.1 | I46: =H46-G46 -> 35272.1 | J46: =VLOOKUP($B$10:$B$56,'SO MS'!$B$6:$L$48,5,TRUE) -> 33600 | K46: ='Summary sales'!E36 -> 39989 | L46: =K46-J46 -> 6389 | M46: =VLOOKUP($B$10:$B$56,'SO MS'!$B$6:$L$48,6,TRUE) -> 9600 | N46: ='Summary sales'!F36 -> 2569.82 | O46: =N46-M46 -> -7030.18 | P46: =VLOOKUP($B$10:$B$56,'SO MS'!$B$6:$AS$48,7,TRUE) -> 10000 | Q46: ='Summary sales'!G36 -> 0 | R46: =Q46-P46 -> -10000 | S46: =VLOOKUP($B$10:$B$56,'SO MS'!$B$6:$AS$48,8,TRUE) -> 0 | T46: ='Summary sales'!H36 -> 8898.132 | U46: =T46-S46 -> 8898.132 | V46: =VLOOKUP($B$10:$B$56,'SO MS'!$B$6:$AS$48,9,TRUE) -> 3500 | W46: ='Summary sales'!I36 -> 0 | X46: =W46-V46 -> -3500 | Y46: =VLOOKUP($B$10:$B$56,'SO MS'!$B$6:$AS$48,10,TRUE) -> 15000 | Z46: ='Summary sales'!K36 -> 0 | AA46: =Z46-Y46 -> -15000 | AB46: =VLOOKUP($B$10:$B$56,'SO MS'!$B$6:$AS$48,11,TRUE) -> 0 | AD46: =AC46-AB46 -> 0 | AE46: ='Daily Sales'!D41 -> 202277.55 | AF46: ='Daily Sales'!E41 -> 212154.82 | AG46: =AF46-AE46 -> 9877.2654 | AH46: 0 | AI46: 0 | AJ46: =AI46-AH46 -> 0 | AK46: =VLOOKUP($B$10:$B$53,'Daily Sales'!$B$5:$F$45,3,TRUE) -> 202277.55 | AL46: =VLOOKUP($B$10:$B$53,'Daily Sales'!$B$5:$F$45,4,TRUE) -> 212154.82 | AM46: =AL46-AK46 -> 9877.2654
B47: =B46+1 -> 46172 | C47: =TEXT(B47,"ddd") -> Sab | D47: =SUMIF($G$9:$AD$9,$D$9,G47:AD47) -> 155700 | E47: =SUMIF($G$9:$AD$9,$E$9,G47:AD47) -> 205777.59 | F47: =E47-D47 -> 50077.592 | G47: =VLOOKUP($B$10:$B$56,'SO MS'!$B$6:$L$48,4,TRUE) -> 84000 | H47: ='Summary sales'!D37 -> 137856.84 | I47: =H47-G47 -> 53856.843 | J47: =VLOOKUP($B$10:$B$56,'SO MS'!$B$6:$L$48,5,TRUE) -> 33600 | K47: ='Summary sales'!E37 -> 44794.85 | L47: =K47-J47 -> 11194.85 | M47: =VLOOKUP($B$10:$B$56,'SO MS'!$B$6:$L$48,6,TRUE) -> 9600 | N47: ='Summary sales'!F37 -> 14192.58 | O47: =N47-M47 -> 4592.58 | P47: =VLOOKUP($B$10:$B$56,'SO MS'!$B$6:$AS$48,7,TRUE) -> 10000 | Q47: ='Summary sales'!G37 -> 0 | R47: =Q47-P47 -> -10000 | S47: =VLOOKUP($B$10:$B$56,'SO MS'!$B$6:$AS$48,8,TRUE) -> 0 | T47: ='Summary sales'!H37 -> 8933.319 | U47: =T47-S47 -> 8933.319 | V47: =VLOOKUP($B$10:$B$56,'SO MS'!$B$6:$AS$48,9,TRUE) -> 3500 | W47: ='Summary sales'!I37 -> 0 | X47: =W47-V47 -> -3500 | Y47: =VLOOKUP($B$10:$B$56,'SO MS'!$B$6:$AS$48,10,TRUE) -> 15000 | Z47: ='Summary sales'!K37 -> 0 | AA47: =Z47-Y47 -> -15000 | AB47: =VLOOKUP($B$10:$B$56,'SO MS'!$B$6:$AS$48,11,TRUE) -> 0 | AD47: =AC47-AB47 -> 0 | AE47: ='Daily Sales'!D42 -> 201189.78 | AF47: ='Daily Sales'!E42 -> 172307.92 | AG47: =AF47-AE47 -> -28881.857 | AH47: 0 | AI47: 0 | AJ47: =AI47-AH47 -> 0 | AK47: =VLOOKUP($B$10:$B$53,'Daily Sales'!$B$5:$F$45,3,TRUE) -> 201189.78 | AL47: =VLOOKUP($B$10:$B$53,'Daily Sales'!$B$5:$F$45,4,TRUE) -> 172307.92 | AM47: =AL47-AK47 -> -28881.857
B48: =B47+1 -> 46173 | C48: =TEXT(B48,"ddd") -> Mgg | D48: =SUMIF($G$9:$AD$9,$D$9,G48:AD48) -> 155700 | E48: =SUMIF($G$9:$AD$9,$E$9,G48:AD48) -> 166212 | F48: =E48-D48 -> 10512 | G48: =VLOOKUP($B$10:$B$56,'SO MS'!$B$6:$L$48,4,TRUE) -> 84000 | H48: ='Summary sales'!D38 -> 89995.16 | I48: =H48-G48 -> 5995.16 | J48: =VLOOKUP($B$10:$B$56,'SO MS'!$B$6:$L$48,5,TRUE) -> 33600 | K48: ='Summary sales'!E38 -> 52915.06 | L48: =K48-J48 -> 19315.06 | M48: =VLOOKUP($B$10:$B$56,'SO MS'!$B$6:$L$48,6,TRUE) -> 9600 | N48: ='Summary sales'!F38 -> 9686.95 | O48: =N48-M48 -> 86.95 | P48: =VLOOKUP($B$10:$B$56,'SO MS'!$B$6:$AS$48,7,TRUE) -> 10000 | Q48: ='Summary sales'!G38 -> 0 | R48: =Q48-P48 -> -10000 | S48: =VLOOKUP($B$10:$B$56,'SO MS'!$B$6:$AS$48,8,TRUE) -> 0 | T48: ='Summary sales'!H38 -> 13614.83 | U48: =T48-S48 -> 13614.83 | V48: =VLOOKUP($B$10:$B$56,'SO MS'!$B$6:$AS$48,9,TRUE) -> 3500 | W48: ='Summary sales'!I38 -> 0 | X48: =W48-V48 -> -3500 | Y48: =VLOOKUP($B$10:$B$56,'SO MS'!$B$6:$AS$48,10,TRUE) -> 15000 | Z48: ='Summary sales'!K38 -> 0 | AA48: =Z48-Y48 -> -15000 | AB48: =VLOOKUP($B$10:$B$56,'SO MS'!$B$6:$AS$48,11,TRUE) -> 0 | AD48: =AC48-AB48 -> 0 | AE48: ='Daily Sales'!D44 -> 1201086.1 | AF48: ='Daily Sales'!E44 -> 1215595.7 | AG48: =AF48-AE48 -> 14509.577 | AH48: 0 | AI48: 0 | AJ48: =AI48-AH48 -> 0 | AK48: =VLOOKUP($B$10:$B$53,'Daily Sales'!$B$5:$F$45,3,TRUE) -> 129553.09 | AL48: =VLOOKUP($B$10:$B$53,'Daily Sales'!$B$5:$F$45,4,TRUE) -> 119975.66 | AM48: =AL48-AK48 -> -9577.4294
B49: Sub Total | D49: =SUM(D42:D48) -> 1082900 | E49: =SUM(E42:E48) -> 1202679 | F49: =SUM(F42:F48) -> 119778.96 | G49: =SUM(G42:G48) -> 588000 | H49: =SUM(H42:H48) -> 764263.1 | I49: =SUM(I42:I48) -> 176263.1 | J49: =SUM(J42:J48) -> 235200 | K49: =SUM(K42:K48) -> 314137.77 | ... AM49: =SUM(AM42:AM48) -> 14509.577
B51: Sub Total | D51: =D13+D22+D31+D40+D49 -> 4810901 | E51: =E13+E22+E31+E40+E49 -> 5527471.5 | F51: =F13+F22+F31+F40+F49 -> 716570.51 | G51: =G13+G22+G31+G40+G49 -> 2604000 | H51: =H13+H22+H31+H40+H49 -> 3497431.7 | I51: =I13+I22+I31+I40+I49 -> 893431.72 | J51: =J13+J22+J31+J40+J49 -> 1041600 | K51: =K13+K22+K31+K40+K49 -> 1359563.2 | ... AM51: =AM13+AM22+AM31+AM40+AM49 -> -92682.946
B52: Total | D52: =SUM(D42:D48,D33:D39,D24:D30,D15:D21,D10:D12) -> 4810901 | E52: =SUM(E42:E48,E33:E39,E24:E30,E15:E21,E10:E12) -> 5527471.5 | F52: =SUM(F42:F48,F33:F39,F24:F30,F15:F21,F10:F12) -> 716570.51 | G52: =SUM(G42:G48,G33:G39,G24:G30,G15:G21,G10:G12) -> 2604000 | H52: =SUM(H42:H48,H33:H39,H24:H30,H15:H21,H10:H12) -> 3497431.7 | I52: =SUM(I42:I48,I33:I39,I24:I30,I15:I21,I10:I12) -> 893431.72 | J52: =SUM(J42:J48,J33:J39,J24:J30,J15:J21,J10:J12) -> 1041600 | K52: =SUM(K42:K48,K33:K39,K24:K30,K15:K21,K10:K12) -> 1359563.2 | ... AM52: =SUM(AM42:AM48,AM33:AM39,AM24:AM30,AM15:AM21,AM10:AM12) -> -92682.946

Sheet Daily Sales
A1: Daily Sales
A2: ='SO MS'!A4 -> 46143 | H2: =H17/24 -> 311.0421 | L2: =L17/24 -> 791.66667 | P2: =P17/24 -> 329.50496 | T2: =T17/24 -> 862.27554 | X2: =X17/24 -> 187.83935 | AB2: =AB17/24 -> 0 | AF2: =AF17/24 -> 124.99266 | AJ2: =AJ17/24 -> 176.09761 | AN2: =AN17/24 -> 196.37202 | AR2: =AR17/24 -> 1336.8831 | AV2: =AV17/24 -> 1925.0182 | AZ2: =AZ17/24 -> 731.08161 | BD2: =BD17/24 -> 145.83333 | BH2: =BH17/24 -> 1166.6667 | BL2: =BL17/24 -> 2500.0167 | BT2: =BT17/24 -> 250 | BX2: =BX17/24 -> 1479.1667 | CB2: =CB17/24 -> 20.432661 | CJ2: =CJ17/24 -> 916.66667 | CN2: =CN17/12 -> 1500 | CU2: =CU17/24 -> 583.33333 | DC2: =DC17/24 -> 4277.4814 | DG2: =DG17/24 -> 589.41759 | DK2: =DK17/24 -> 200 | DO2: =DO17/24 -> 1924.9938 | DS2: =DS17/17 -> 1029.3755 | DW2: =DW17/24 -> 595.95507 | EA2: =EA17/24 -> 583.19634 | EE2: =EE17/24 -> 250 | EI2: =EI17/24 -> 3210.3888 | EM2: =EM17/24 -> 443.20058 | EQ2: =EQ17/24 -> 1166.5716 | EU2: =EU17/24 -> 1458.3333 | EY2: =EY17/24 -> 1458.3333 | FC2: =FC17/24 -> 9708.3333 | FG2: =FG17/16 -> 3375 | FK2: =FK17/24 -> 1020.8333 | FS2: =FS17/24 -> 880.26214 | FW2: =FW17/24 -> 596.45824 | GA2: =GA17/24 -> 107.80312 | GE2: =GE17/24 -> 0 | GI2: =GI17/24 -> 0 | GM2: =GM17/24 -> 233.72923 | GU2: =GU17/24 -> 729.07992 | GY2: =GY17/24 -> 1650.0156 | HC2: =HC17/24 -> 0
A3: Week | B3: DATE | C3: DAY | D3: Total | H3: CLIN | L3: BI | P3: MKG | T3: STM | X3: OAJ | AB3: NNI | AF3: SHB | AJ3: GTL | AN3: TWK | AR3: BYC | AV3: GF RANCA | AZ3: SMA | BD3: ADP | BH3: HLI | BL3: CERES | BP3: KGM | BT3: ALT (KSO MASAMI) | BX3: IDP (KSO AAE) | CB3: FJI (KSO SALMAH) | CF3: WINGLOK (KSO EBM) | CJ3: CISF (KSO RRS) | CN3: PUJ - LUBRICANT | CQ3: HANKOOK | CU3: KSN | CY3: CALBEE (KSO BMI) | DC3: UMI | DG3: IP | DK3: BEM | DO3: AMI | DS3: KA | DW3: KTN | EA3: TOMIMOTO | EE3: NIAGA GARAM | EI3: PCI 84 | EM3: PCI MENGGER | EQ3: INDOFOOD | EU3: HCI | EY3: DIC | FC3: ASAHIMAS | FG3: ABC KOGEN | FK3: TONGJI | FO3: PA | FS3: RB | FW3: GF ATOM | GA3: GF KULIT | GE3: SP JES | GI3: HSK (KSO GAS) | GM3: SDM | GQ3: JARGAS | GU3: SBI | GY3: JIUQI | HC3: SP GLOBAL
D4: TARGET | E4: ACTUAL | F4: SELISIH | G4: PERSENTASE | H4: TARGET | I4: ACTUAL | J4: SELISIH | K4: PERSENTASE | L4: TARGET | M4: ACTUAL | N4: SELISIH | O4: PERSENTASE | P4: TARGET | Q4: ACTUAL | R4: SELISIH | S4: PERSENTASE | T4: TARGET | U4: ACTUAL | V4: SELISIH | W4: PERSENTASE | X4: TARGET | Y4: ACTUAL | Z4: SELISIH | AA4: PERSENTASE | AB4: TARGET | AC4: ACTUAL | AD4: SELISIH | AE4: PERSENTASE | AF4: TARGET | AG4: ACTUAL | AH4: SELISIH | AI4: PERSENTASE | AJ4: TARGET | AK4: ACTUAL | AL4: SELISIH | AM4: PERSENTASE | AN4: TARGET | AO4: ACTUAL | AP4: SELISIH | AQ4: PERSENTASE | AR4: TARGET | AS4: ACTUAL | AT4: SELISIH | AU4: PERSENTASE | AV4: TARGET | AW4: ACTUAL | AX4: SELISIH | AY4: PERSENTASE | AZ4: TARGET | BA4: ACTUAL | BB4: SELISIH | BC4: PERSENTASE | BD4: TARGET | BE4: ACTUAL | BF4: SELISIH | BG4: PERSENTASE | BH4: TARGET | BI4: ACTUAL | BJ4: SELISIH | BK4: PERSENTASE | BL4: TARGET | BM4: ACTUAL | BN4: SELISIH | BO4: PERSENTASE | BP4: TARGET | BQ4: ACTUAL | BR4: SELISIH | BS4: PERSENTASE | BT4: TARGET | BU4: ACTUAL | BV4: SELISIH | BW4: PERSENTASE | BX4: TARGET | BY4: ACTUAL | BZ4: SELISIH | CA4: PERSENTASE | CB4: TARGET | CC4: ACTUAL | CD4: SELISIH | CE4: PERSENTASE | CF4: TARGET | CG4: ACTUAL | CH4: SELISIH | CI4: PERSENTASE | CJ4: TARGET | CK4: ACTUAL | CL4: SELISIH | CM4: PERSENTASE | CN4: TARGET | CO4: ACTUAL | CP4: SELISIH | CQ4: TARGET | CR4: ACTUAL | CS4: SELISIH | CT4: PERSENTASE | CU4: TARGET | CV4: ACTUAL | CW4: SELISIH | CX4: PERSENTASE | CY4: TARGET | CZ4: ACTUAL | DA4: SELISIH | DB4: PERSENTASE | DC4: TARGET | DD4: ACTUAL | DE4: SELISIH | DF4: PERSENTASE | DG4: TARGET | DH4: ACTUAL | DI4: SELISIH | DJ4: PERSENTASE | DK4: TARGET | DL4: ACTUAL | DM4: SELISIH | DN4: PERSENTASE | DO4: TARGET | DP4: ACTUAL | DQ4: SELISIH | DR4: PERSENTASE | DS4: TARGET | DT4: ACTUAL | DU4: SELISIH | DV4: PERSENTASE | DW4: TARGET | DX4: ACTUAL | DY4: SELISIH | DZ4: PERSENTASE | EA4: TARGET | EB4: ACTUAL | EC4: SELISIH | ED4: PERSENTASE | EE4: TARGET | EF4: ACTUAL | EG4: SELISIH | EH4: PERSENTASE | EI4: TARGET | EJ4: ACTUAL | EK4: SELISIH | EL4: PERSENTASE | EM4: TARGET | EN4: ACTUAL | EO4: SELISIH | EP4: PERSENTASE | EQ4: TARGET | ER4: ACTUAL | ES4: SELISIH | ET4: PERSENTASE | EU4: TARGET | EV4: ACTUAL | EW4: SELISIH | EX4: PERSENTASE | EY4: TARGET | EZ4: ACTUAL | FA4: SELISIH | FB4: PERSENTASE | FC4: TARGET | FD4: ACTUAL | FE4: SELISIH | FF4: PERSENTASE | FG4: TARGET | FH4: ACTUAL | FI4: SELISIH | FJ4: PERSENTASE | FK4: TARGET | FL4: ACTUAL | FM4: SELISIH | FN4: PERSENTASE | FO4: TARGET | FP4: ACTUAL | FQ4: SELISIH | FR4: PERSENTASE | FS4: TARGET | FT4: ACTUAL | FU4: SELISIH | FV4: PERSENTASE | FW4: TARGET | FX4: ACTUAL | FY4: SELISIH | FZ4: PERSENTASE | GA4: TARGET | GB4: ACTUAL | GC4: SELISIH | GD4: PERSENTASE | GE4: TARGET | GF4: ACTUAL | GG4: SELISIH | GH4: PERSENTASE | GI4: TARGET | GJ4: ACTUAL | GK4: SELISIH | GL4: PERSENTASE | GM4: TARGET | GN4: ACTUAL | GO4: SELISIH | GP4: PERSENTASE | GQ4: TARGET | GR4: ACTUAL | GS4: SELISIH | GT4: PERSENTASE | GU4: TARGET | GV4: ACTUAL | GW4: SELISIH | GX4: PERSENTASE | GY4: TARGET | GZ4: ACTUAL | HA4: SELISIH | HB4: PERSENTASE | HC4: TARGET | HD4: ACTUAL | HE4: SELISIH | HF4: PERSENTASE
A5: =WEEKNUM(B5) -> 18 | B5: =A2 -> 46143 | C5: =TEXT(B5,"ddd") -> Jum | D5: =SUMIF($H$4:$HF$4,$D$4,H5:HF5) -> 109615.85 | E5: =SUMIF($H$4:$HF$4,$E$4,H5:HF5) -> 104637.16 | F5: =E5-D5 -> -4978.6973 | G5: =E5/D5 -> 0.9545805 | H5: =INDEX('SO MEI 2026 REV 4'!$B$6:$BH$52,MATCH(B5,'SO MEI 2026 REV 4'!$B$6:$B$52,0),MATCH($H$3,'SO MEI 2026 REV 4'!$B$5:$XH$5,0)) -> 0 | I5: =INDEX('Summary sales'!$A$6:$BX$50,MATCH(B5,'Summary sales'!$A$6:$A$50,0),MATCH($H$3,'Summary sales'!$A$7:$BX$7,0)) -> 0 | J5: =I5-H5 -> 0 | K5: =I5/H5 -> #DIV/0! | L5: =INDEX('SO MEI 2026 REV 4'!$B$6:$BH$52,MATCH(B5,'SO MEI 2026 REV 4'!$B$6:$B$52,0),MATCH($L$3,'SO MEI 2026 REV 4'!$B$5:$XH$5,0)) -> 1000 | M5: =INDEX('Summary sales'!$A$6:$BX$50,MATCH($B5,'Summary sales'!$A$6:$A$50,0),MATCH($L$3,'Summary sales'!$A$7:$BX$7,0)) -> 0 | N5: =M5-L5 -> -1000 | O5: =M5/L5 -> 0 | P5: =INDEX('SO MEI 2026 REV 4'!$B$6:$BH$52,MATCH(B5,'SO MEI 2026 REV 4'!$B$6:$B$52,0),MATCH($P$3,'SO MEI 2026 REV 4'!$B$5:$XH$5,0)) -> 500 | Q5: =INDEX('Summary sales'!$A$6:$BX$50,MATCH($B5,'Summary sales'!$A$6:$A$50,0),MATCH($P$3,'Summary sales'!$A$7:$BX$7,0)) -> 458.01 | R5: =Q5-P5 -> -41.99 | S5: =Q5/P5 -> 0.91602 | T5: =INDEX('SO MEI 2026 REV 4'!$B$6:$BH$52,MATCH(B5,'SO MEI 2026 REV 4'!$B$6:$B$52,0),MATCH($T$3,'SO MEI 2026 REV 4'!$B$5:$XH$5,0)) -> 0 | U5: =INDEX('Summary sales'!$A$6:$BX$50,MATCH($B5,'Summary sales'!$A$6:$A$50,0),MATCH($T$3,'Summary sales'!$A$7:$BX$7,0)) -> 0 | V5: =U5-T5 -> 0 | W5: =U5/T5 -> #DIV/0! | X5: =INDEX('SO MEI 2026 REV 4'!$B$6:$BH$52,MATCH(B5,'SO MEI 2026 REV 4'!$B$6:$B$52,0),MATCH($X$3,'SO MEI 2026 REV 4'!$B$5:$XH$5,0)) -> 644.02065 | Y5: =INDEX('Summary sales'!$A$6:$BX$50,MATCH($B5,'Summary sales'!$A$6:$A$50,0),MATCH($X$3,'Summary sales'!$A$7:$BX$7,0)) -> 430.53 | Z5: =Y5-X5 -> -213.49065 | AA5: =Y5/X5 -> 0.66850341 | AB5: =INDEX('SO MEI 2026 REV 4'!$B$6:$BH$52,MATCH(B5,'SO MEI 2026 REV 4'!$B$6:$B$52,0),MATCH($AB$3,'SO MEI 2026 REV 4'!$B$5:$XH$5,0)) -> 0 | AC5: =INDEX('Summary sales'!$A$6:$BX$50,MATCH($B5,'Summary sales'!$A$6:$A$50,0),MATCH($AB$3,'Summary sales'!$A$7:$BX$7,0)) -> 0 | AD5: =AC5-AB5 -> 0 | AE5: =AC5/AB5 -> #DIV/0! | AF5: =INDEX('SO MEI 2026 REV 4'!$B$6:$BH$52,MATCH(B5,'SO MEI 2026 REV 4'!$B$6:$B$52,0),MATCH($AF$3,'SO MEI 2026 REV 4'!$B$5:$XH$5,0)) -> 0 | AG5: =INDEX('Summary sales'!$A$6:$BX$50,MATCH($B5,'Summary sales'!$A$6:$A$50,0),MATCH($AF$3,'Summary sales'!$A$7:$BX$7,0)) -> 2.14 | AH5: =AG5-AF5 -> 2.14 | AI5: =AG5/AF5 -> #DIV/0! | AJ5: =INDEX('SO MEI 2026 REV 4'!$B$6:$BH$52,MATCH(B5,'SO MEI 2026 REV 4'!$B$6:$B$52,0),MATCH($AJ$3,'SO MEI 2026 REV 4'!$B$5:$XH$5,0)) -> 603.76323 | AK5: =INDEX('Summary sales'!$A$6:$BX$50,MATCH($B5,'Summary sales'!$A$6:$A$50,0),MATCH($AJ$3,'Summary sales'!$A$7:$BX$7,0)) -> 484.85 | AL5: =AK5-AJ5 -> -118.91323 | AM5: =AK5/AJ5 -> 0.80304659 | AN5: =INDEX('SO MEI 2026 REV 4'!$B$6:$BH$52,MATCH(B5,'SO MEI 2026 REV 4'!$B$6:$B$52,0),MATCH($AN$3,'SO MEI 2026 REV 4'!$B$5:$XH$5,0)) -> 673.27548 | AO5: =INDEX('Summary sales'!$A$6:$BX$50,MATCH($B5,'Summary sales'!$A$6:$A$50,0),MATCH($AN$3,'Summary sales'!$A$7:$BX$7,0)) -> 257.06 | AP5: =AO5-AN5 -> -416.21548 | AQ5: =AO5/AN5 -> 0.38180508 | AR5: =INDEX('SO MEI 2026 REV 4'!$B$6:$BH$52,MATCH(B5,'SO MEI 2026 REV 4'!$B$6:$B$52,0),MATCH($AR$3,'SO MEI 2026 REV 4'!$B$5:$XH$5,0)) -> 2500 | AS5: =INDEX('Summary sales'!$A$6:$BX$50,MATCH($B5,'Summary sales'!$A$6:$A$50,0),MATCH($AR$3,'Summary sales'!$A$7:$BX$7,0)) -> 0 | AT5: =AS5-AR5 -> -2500 | AU5: =AS5/AR5 -> 0 | AV5: =INDEX('SO MEI 2026 REV 4'!$B$6:$BH$52,MATCH(B5,'SO MEI 2026 REV 4'!$B$6:$B$52,0),MATCH($AV$3,'SO MEI 2026 REV 4'!$B$5:$XH$5,0)) -> 0 | AW5: =INDEX('Summary sales'!$A$6:$BX$50,MATCH($B5,'Summary sales'!$A$6:$A$50,0),MATCH($AV$3,'Summary sales'!$A$7:$BX$7,0)) -> 103.83 | AX5: =AW5-AV5 -> 103.83 | AY5: =AW5/AV5 -> #DIV/0! | AZ5: =INDEX('SO MEI 2026 REV 4'!$B$6:$BH$52,MATCH(B5,'SO MEI 2026 REV 4'!$B$6:$B$52,0),MATCH($AZ$3,'SO MEI 2026 REV 4'!$B$5:$XH$5,0)) -> 300 | BA5: =INDEX('Summary sales'!$A$6:$BX$50,MATCH($B5,'Summary sales'!$A$6:$A$50,0),MATCH($AZ$3,'Summary sales'!$A$7:$BX$7,0)) -> 0 | BB5: =BA5-AZ5 -> -300 | BC5: =BA5/AZ5 -> 0 | BD5: =INDEX('SO MEI 2026 REV 4'!$B$6:$BH$52,MATCH(B5,'SO MEI 2026 REV 4'!$B$6:$B$52,0),MATCH($BD$3,'SO MEI 2026 REV 4'!$B$5:$XH$5,0)) -> 0 | BE5: =INDEX('Summary sales'!$A$6:$BX$50,MATCH($B5,'Summary sales'!$A$6:$A$50,0),MATCH($BD$3,'Summary sales'!$A$7:$BX$7,0)) -> 10.56 | BF5: =BE5-BD5 -> 10.56 | BG5: =BE5/BD5 -> #DIV/0! | BH5: =INDEX('SO MEI 2026 REV 4'!$B$6:$BH$52,MATCH(B5,'SO MEI 2026 REV 4'!$B$6:$B$52,0),MATCH($BH$3,'SO MEI 2026 REV 4'!$B$5:$XH$5,0)) -> 4000 | BI5: =INDEX('Summary sales'!$A$6:$BX$50,MATCH($B5,'Summary sales'!$A$6:$A$50,0),MATCH($BH$3,'Summary sales'!$A$7:$BX$7,0)) -> 3721.92 | BJ5: =BI5-BH5 -> -278.08 | BK5: =BI5/BH5 -> 0.93048 | BL5: =INDEX('SO MEI 2026 REV 4'!$B$6:$BH$52,MATCH(B5,'SO MEI 2026 REV 4'!$B$6:$B$52,0),MATCH($BL$3,'SO MEI 2026 REV 4'!$B$5:$XH$5,0)) -> 0 | BM5: =INDEX('Summary sales'!$A$6:$BX$50,MATCH($B5,'Summary sales'!$A$6:$A$50,0),MATCH($BL$3,'Summary sales'!$A$7:$BX$7,0)) -> 4229.02 | BN5: =BM5-BL5 -> 4229.02 | BO5: =BM5/BL5 -> #DIV/0! | BP5: =INDEX('SO MEI 2026 REV 4'!$B$6:$BH$52,MATCH(B5,'SO MEI 2026 REV 4'!$B$6:$B$52,0),MATCH($BP$3,'SO MEI 2026 REV 4'!$B$5:$XH$5,0)) -> 1300 | BQ5: =INDEX('Summary sales'!$A$6:$BX$50,MATCH($B5,'Summary sales'!$A$6:$A$50,0),MATCH($BP$3,'Summary sales'!$A$7:$BX$7,0)) -> 1273.71 | BR5: =BQ5-BP5 -> -26.29 | BS5: =BQ5/BP5 -> 0.97977692 | BT5: =INDEX('SO MEI 2026 REV 4'!$B$6:$BH$52,MATCH(B5,'SO MEI 2026 REV 4'!$B$6:$B$52,0),MATCH($BT$3,'SO MEI 2026 REV 4'!$B$5:$XH$5,0)) -> 0 | BU5: =INDEX('Summary sales'!$A$6:$BX$50,MATCH($B5,'Summary sales'!$A$6:$A$50,0),MATCH($BT$3,'Summary sales'!$A$7:$BX$7,0)) -> 802.587 | BV5: =BU5-BT5 -> 802.587 | BW5: =BU5/BT5 -> #DIV/0! | BX5: =INDEX('SO MEI 2026 REV 4'!$B$6:$BH$52,MATCH(B5,'SO MEI 2026 REV 4'!$B$6:$B$52,0),MATCH($BX$3,'SO MEI 2026 REV 4'!$B$5:$XH$5,0)) -> 0 | BY5: =INDEX('Summary sales'!$A$6:$BX$50,MATCH($B5,'Summary sales'!$A$6:$A$50,0),MATCH($BX$3,'Summary sales'!$A$7:$BX$7,0)) -> 0 | BZ5: =BY5-BX5 -> 0 | CA5: =BY5/BX5 -> #DIV/0! | CB5: =INDEX('SO MEI 2026 REV 4'!$B$6:$BH$52,MATCH(B5,'SO MEI 2026 REV 4'!$B$6:$B$52,0),MATCH($CB$3,'SO MEI 2026 REV 4'!$B$5:$XH$5,0)) -> 70.054839 | CC5: =INDEX('Summary sales'!$A$6:$BX$50,MATCH($B5,'Summary sales'!$A$6:$A$50,0),MATCH($CB$3,'Summary sales'!$A$7:$BX$7,0)) -> 0 | CD5: =CC5-CB5 -> -70.054839 | CE5: =CC5/CB5 -> 0 | CF5: =INDEX('SO MEI 2026 REV 4'!$B$6:$BH$52,MATCH(B5,'SO MEI 2026 REV 4'!$B$6:$B$52,0),MATCH($CF$3,'SO MEI 2026 REV 4'!$B$5:$XH$5,0)) -> 89.451613 | CG5: =INDEX('Summary sales'!$A$6:$BX$50,MATCH($B5,'Summary sales'!$A$6:$A$50,0),MATCH($CF$3,'Summary sales'!$A$7:$BX$7,0)) -> 72.503 | CH5: =CG5-CF5 -> -16.948613 | CI5: =CG5/CF5 -> 0.81052759 | CJ5: =INDEX('SO MEI 2026 REV 4'!$B$6:$BH$52,MATCH(B5,'SO MEI 2026 REV 4'!$B$6:$B$52,0),MATCH($CJ$3,'SO MEI 2026 REV 4'!$B$5:$XH$5,0)) -> 1000 | CK5: =INDEX('Summary sales'!$A$6:$BX$50,MATCH($B5,'Summary sales'!$A$6:$A$50,0),MATCH($CJ$3,'Summary sales'!$A$7:$BX$7,0)) -> 284 | CL5: =CK5-CJ5 -> -716 | CM5: =CK5/CJ5 -> 0.284 | CN5: =INDEX('SO MEI 2026 REV 4'!$B$6:$BH$52,MATCH(B5,'SO MEI 2026 REV 4'!$B$6:$B$52,0),MATCH($CN$3,'SO MEI 2026 REV 4'!$B$5:$XH$5,0)) -> 0 | CO5: =INDEX('Summary sales'!$A$6:$BX$50,MATCH($B5,'Summary sales'!$A$6:$A$50,0),MATCH($CN$3,'Summary sales'!$A$7:$BX$7,0)) -> 0 | CP5: =CO5-CN5 -> 0 | CQ5: =INDEX('SO MEI 2026 REV 4'!$B$6:$BH$52,MATCH(B5,'SO MEI 2026 REV 4'!$B$6:$B$52,0),MATCH($CQ$3,'SO MEI 2026 REV 4'!$B$5:$XH$5,0)) -> 0 | CR5: =INDEX('Summary sales'!$A$6:$BX$50,MATCH($B5,'Summary sales'!$A$6:$A$50,0),MATCH($CQ$3,'Summary sales'!$A$7:$BX$7,0)) -> 0 | CS5: =CR5-CQ5 -> 0 | CT5: =CO5/CN5 -> #DIV/0! | CU5: =INDEX('SO MEI 2026 REV 4'!$B$6:$BH$52,MATCH(B5,'SO MEI 2026 REV 4'!$B$6:$B$52,0),MATCH($CU$3,'SO MEI 2026 REV 4'!$B$5:$XH$5,0)) -> 0 | CV5: =INDEX('Summary sales'!$A$6:$BX$50,MATCH($B5,'Summary sales'!$A$6:$A$50,0),MATCH($CU$3,'Summary sales'!$A$7:$BX$7,0)) -> 2173.72 | CW5: =CV5-CU5 -> 2173.72 | CX5: =CV5/CU5 -> #DIV/0! | CY5: =INDEX('SO MEI 2026 REV 4'!$B$6:$BH$52,MATCH(B5,'SO MEI 2026 REV 4'!$B$6:$B$52,0),MATCH($CY$3,'SO MEI 2026 REV 4'!$B$5:$XH$5,0)) -> 3000 | CZ5: =INDEX('Summary sales'!$A$6:$BX$50,MATCH($B5,'Summary sales'!$A$6:$A$50,0),MATCH($CY$3,'Summary sales'!$A$7:$BX$7,0)) -> 0 | DA5: =CZ5-CY5 -> -3000 | DB5: =CZ5/CY5 -> 0 | DC5: =INDEX('SO MEI 2026 REV 4'!$B$6:$BH$52,MATCH(B5,'SO MEI 2026 REV 4'!$B$6:$B$52,0),MATCH($DC$3,'SO MEI 2026 REV 4'!$B$5:$XH$5,0)) -> 4000 | DD5: =INDEX('Summary sales'!$A$6:$BX$50,MATCH($B5,'Summary sales'!$A$6:$A$50,0),MATCH($DC$3,'Summary sales'!$A$7:$BX$7,0)) -> 9627.182 | DE5: =DD5-DC5 -> 5627.182 | DF5: =DD5/DC5 -> 2.4067955 | DG5: =INDEX('SO MEI 2026 REV 4'!$B$6:$BH$52,MATCH(B5,'SO MEI 2026 REV 4'!$B$6:$B$52,0),MATCH($DG$3,'SO MEI 2026 REV 4'!$B$5:$XH$5,0)) -> 2020.8603 | DH5: =INDEX('Summary sales'!$A$6:$BX$50,MATCH($B5,'Summary sales'!$A$6:$A$50,0),MATCH($DG$3,'Summary sales'!$A$7:$BX$7,0)) -> 1541.44 | DI5: =DH5-DG5 -> -479.42032 | DJ5: =DH5/DG5 -> 0.76276425 | DK5: =INDEX('SO MEI 2026 REV 4'!$B$6:$BH$52,MATCH(B5,'SO MEI 2026 REV 4'!$B$6:$B$52,0),MATCH($DK$3,'SO MEI 2026 REV 4'!$B$5:$XH$5,0)) -> 800 | DL5: =INDEX('Summary sales'!$A$6:$BX$50,MATCH($B5,'Summary sales'!$A$6:$A$50,0),MATCH($DK$3,'Summary sales'!$A$7:$BX$7,0)) -> 0 | DM5: =DL5-DK5 -> -800 | DN5: =DL5/DK5 -> 0 | DO5: =INDEX('SO MEI 2026 REV 4'!$B$6:$BH$52,MATCH(B5,'SO MEI 2026 REV 4'!$B$6:$B$52,0),MATCH($DO$3,'SO MEI 2026 REV 4'!$B$5:$XH$5,0)) -> 1000 | DP5: =INDEX('Summary sales'!$A$6:$BX$50,MATCH($B5,'Summary sales'!$A$6:$A$50,0),MATCH($DO$3,'Summary sales'!$A$7:$BX$7,0)) -> 0 | DQ5: =DP5-DO5 -> -1000 | DR5: =DP5/DO5 -> 0 | DS5: =INDEX('SO MEI 2026 REV 4'!$B$6:$BH$52,MATCH(B5,'SO MEI 2026 REV 4'!$B$6:$B$52,0),MATCH($DS$3,'SO MEI 2026 REV 4'!$B$5:$XH$5,0)) -> 0 | DT5: =INDEX('Summary sales'!$A$6:$BX$50,MATCH($B5,'Summary sales'!$A$6:$A$50,0),MATCH($DS$3,'Summary sales'!$A$7:$BX$7,0)) -> 0 | DU5: =DT5-DS5 -> 0 | DV5: =DT5/DS5 -> #DIV/0! | DW5: =INDEX('SO MEI 2026 REV 4'!$B$6:$BH$52,MATCH(B5,'SO MEI 2026 REV 4'!$B$6:$B$52,0),MATCH($DW$3,'SO MEI 2026 REV 4'!$B$5:$XH$5,0)) -> 2043.2745 | DX5: =INDEX('Summary sales'!$A$6:$BX$50,MATCH($B5,'Summary sales'!$A$6:$A$50,0),MATCH($DW$3,'Summary sales'!$A$7:$BX$7,0)) -> 1401.27 | DY5: =DX5-DW5 -> -642.00452 | DZ5: =DX5/DW5 -> 0.68579625 | EA5: =INDEX('SO MEI 2026 REV 4'!$B$6:$BH$52,MATCH(B5,'SO MEI 2026 REV 4'!$B$6:$B$52,0),MATCH($EA$3,'SO MEI 2026 REV 4'!$B$5:$XH$5,0)) -> 0 | EB5: =INDEX('Summary sales'!$A$6:$BX$50,MATCH($B5,'Summary sales'!$A$6:$A$50,0),MATCH($EA$3,'Summary sales'!$A$7:$BX$7,0)) -> 21.04 | EC5: =EB5-EA5 -> 21.04 | ED5: =EB5/EA5 -> #DIV/0! | EE5: =INDEX('SO MEI 2026 REV 4'!$B$6:$BH$52,MATCH(B5,'SO MEI 2026 REV 4'!$B$6:$B$52,0),MATCH($EE$3,'SO MEI 2026 REV 4'!$B$5:$XH$5,0)) -> 1000 | EF5: =INDEX('Summary sales'!$A$6:$BX$50,MATCH($B5,'Summary sales'!$A$6:$A$50,0),MATCH($EE$3,'Summary sales'!$A$7:$BX$7,0)) -> 681.01 | EG5: =EF5-EE5 -> -318.99 | EH5: =EF5/EE5 -> 0.68101 | EI5: =INDEX('SO MEI 2026 REV 4'!$B$6:$BH$52,MATCH(B5,'SO MEI 2026 REV 4'!$B$6:$B$52,0),MATCH($EI$3,'SO MEI 2026 REV 4'!$B$5:$XH$5,0)) -> 11007.047 | EJ5: =INDEX('Summary sales'!$A$6:$BX$50,MATCH($B5,'Summary sales'!$A$6:$A$50,0),MATCH($EI$3,'Summary sales'!$A$7:$BX$7,0)) -> 9396.28 | EK5: =EJ5-EI5 -> -1610.7674 | EL5: =EJ5/EI5 -> 0.85366035 | EM5: =INDEX('SO MEI 2026 REV 4'!$B$6:$BH$52,MATCH(B5,'SO MEI 2026 REV 4'!$B$6:$B$52,0),MATCH($EM$3,'SO MEI 2026 REV 4'!$B$5:$XH$5,0)) -> 1519.5448 | EN5: =INDEX('Summary sales'!$A$6:$BX$50,MATCH($B5,'Summary sales'!$A$6:$A$50,0),MATCH($EM$3,'Summary sales'!$A$7:$BX$7,0)) -> 2448.06 | EO5: =EN5-EM5 -> 928.51516 | EP5: =EN5/EM5 -> 1.6110482 | EQ5: =INDEX('SO MEI 2026 REV 4'!$B$6:$BH$52,MATCH(B5,'SO MEI 2026 REV 4'!$B$6:$B$52,0),MATCH($EQ$3,'SO MEI 2026 REV 4'!$B$5:$XH$5,0)) -> 1000 | ER5: =INDEX('Summary sales'!$A$6:$BX$50,MATCH($B5,'Summary sales'!$A$6:$A$50,0),MATCH($EQ$3,'Summary sales'!$A$7:$BX$7,0)) -> 0 | ES5: =ER5-EQ5 -> -1000 | ET5: =ER5/EQ5 -> 0 | EU5: =INDEX('SO MEI 2026 REV 4'!$B$6:$BH$52,MATCH(B5,'SO MEI 2026 REV 4'!$B$6:$B$52,0),MATCH($EU$3,'SO MEI 2026 REV 4'!$B$5:$XH$5,0)) -> 0 | EV5: =INDEX('Summary sales'!$A$6:$BX$50,MATCH(B5,'Summary sales'!$A$6:$A$50,0),MATCH($EU$3,'Summary sales'!$A$7:$BX$7,0)) -> 3660.14 | EW5: =EV5-EU5 -> 3660.14 | EX5: =EV5/EU5 -> #DIV/0! | EY5: =INDEX('SO MEI 2026 REV 4'!$B$6:$BH$52,MATCH(B5,'SO MEI 2026 REV 4'!$B$6:$B$52,0),MATCH($EY$3,'SO MEI 2026 REV 4'!$B$5:$XH$5,0)) -> 5000 | EZ5: =INDEX('Summary sales'!$A$6:$BX$50,MATCH($B5,'Summary sales'!$A$6:$A$50,0),MATCH($EY$3,'Summary sales'!$A$7:$BX$7,0)) -> 8650.03 | FA5: =EZ5-EY5 -> 3650.03 | FB5: =EZ5/EY5 -> 1.730006 | FC5: =INDEX('SO MEI 2026 REV 4'!$B$6:$BH$52,MATCH(B5,'SO MEI 2026 REV 4'!$B$6:$B$52,0),MATCH($FC$3,'SO MEI 2026 REV 4'!$B$5:$XH$5,0)) -> 48000 | FD5: =INDEX('Summary sales'!$A$6:$BX$50,MATCH($B5,'Summary sales'!$A$6:$A$50,0),MATCH($FC$3,'Summary sales'!$A$7:$BX$7,0)) -> 38125.87 | FE5: =FD5-FC5 -> -9874.13 | FF5: =FD5/FC5 -> 0.79428896 | FG5: =INDEX('SO MEI 2026 REV 4'!$B$6:$BH$52,MATCH(B5,'SO MEI 2026 REV 4'!$B$6:$B$52,0),MATCH($FG$3,'SO MEI 2026 REV 4'!$B$5:$XH$5,0)) -> 8000 | FH5: =INDEX('Summary sales'!$A$6:$BX$50,MATCH(B5,'Summary sales'!$A$6:$A$50,0),MATCH($FG$3,'Summary sales'!$A$7:$BX$7,0)) -> 8858.23 | FI5: =FH5-FG5 -> 858.23 | FJ5: =FH5/FG5 -> 1.1072787 | FK5: =INDEX('SO MEI 2026 REV 4'!$B$6:$BH$52,MATCH(B5,'SO MEI 2026 REV 4'!$B$6:$B$52,0),MATCH($FK$3,'SO MEI 2026 REV 4'!$B$5:$XH$5,0)) -> 500 | FL5: =INDEX('Summary sales'!$A$6:$BX$50,MATCH(B5,'Summary sales'!$A$6:$A$50,0),MATCH($FK$3,'Summary sales'!$A$7:$BX$7,0)) -> 372.9 | FM5: =FL5-FK5 -> -127.1 | FN5: =FL5/FK5 -> 0.7458 | FO5: =INDEX('SO MEI 2026 REV 4'!$B$6:$BH$52,MATCH(B5,'SO MEI 2026 REV 4'!$B$6:$B$52,0),MATCH($FO$3,'SO MEI 2026 REV 4'!$B$5:$XH$5,0)) -> 726.81516 | FP5: =INDEX('Summary sales'!$A$6:$BX$50,MATCH(B5,'Summary sales'!$A$6:$A$50,0),MATCH($FO$3,'Summary sales'!$A$7:$BX$7,0)) -> 864.89 | FQ5: =FP5-FO5 -> 138.07484 | FR5: =FP5/FO5 -> 1.1899724 | FS5: =INDEX('SO MEI 2026 REV 4'!$B$6:$BH$52,MATCH(B5,'SO MEI 2026 REV 4'!$B$6:$B$52,0),MATCH($FS$3,'SO MEI 2026 REV 4'!$B$5:$XH$5,0)) -> 3018.0416 | FT5: =INDEX('Summary sales'!$A$6:$BX$50,MATCH(B5,'Summary sales'!$A$6:$A$50,0),MATCH($FS$3,'Summary sales'!$A$7:$BX$7,0)) -> 0 | FU5: =FT5-FS5 -> -3018.0416 | FV5: =FT5/FS5 -> 0 | FW5: =INDEX('SO MEI 2026 REV 4'!$B$6:$BH$52,MATCH(B5,'SO MEI 2026 REV 4'!$B$6:$B$52,0),MATCH($FW$3,'SO MEI 2026 REV 4'!$B$5:$XH$5,0)) -> 0 | FX5: =INDEX('Summary sales'!$A$6:$BX$50,MATCH(B5,'Summary sales'!$A$6:$A$50,0),MATCH($FW$3,'Summary sales'!$A$7:$BX$7,0)) -> 0 | FY5: =FX5-FW5 -> 0 | FZ5: =FX5/FW5 -> #DIV/0! | GA5: =INDEX('SO MEI 2026 REV 4'!$B$6:$BH$52,MATCH(B5,'SO MEI 2026 REV 4'!$B$6:$B$52,0),MATCH($GA$3,'SO MEI 2026 REV 4'!$B$5:$XH$5,0)) -> 0 | GB5: =INDEX('Summary sales'!$A$6:$BX$50,MATCH(B5,'Summary sales'!$A$6:$A$50,0),MATCH($GA$3,'Summary sales'!$A$7:$BX$7,0)) -> 0 | GC5: =GB5-GA5 -> 0 | GD5: =GB5/GA5 -> #DIV/0! | GE5: =INDEX('SO MEI 2026 REV 4'!$B$6:$BH$52,MATCH(B5,'SO MEI 2026 REV 4'!$B$6:$B$52,0),MATCH($GE$3,'SO MEI 2026 REV 4'!$B$5:$XH$5,0)) -> 0 | GF5: =INDEX('Summary sales'!$A$6:$BX$50,MATCH(B5,'Summary sales'!$A$6:$A$50,0),MATCH($GE$3,'Summary sales'!$A$7:$BX$7,0)) -> 0 | GG5: =GF5-GE5 -> 0 | GH5: =GF5/GE5 -> #DIV/0! | GI5: =INDEX('SO MEI 2026 REV 4'!$B$6:$BH$52,MATCH(B5,'SO MEI 2026 REV 4'!$B$6:$B$52,0),MATCH($GI$3,'SO MEI 2026 REV 4'!$B$5:$XH$5,0)) -> 0 | GJ5: =INDEX('Summary sales'!$A$6:$BX$50,MATCH($B5,'Summary sales'!$A$6:$A$50,0),MATCH($GI$3,'Summary sales'!$A$7:$BX$7,0)) -> 0 | GK5: =GJ5-GI5 -> 0 | GL5: =GJ5/GI5 -> #DIV/0! | GM5: =INDEX('SO MEI 2026 REV 4'!$B$6:$BH$52,MATCH(B5,'SO MEI 2026 REV 4'!$B$6:$B$52,0),MATCH($GM$3,'SO MEI 2026 REV 4'!$B$5:$XH$5,0)) -> 0 | GN5: =INDEX('Summary sales'!$A$6:$BX$50,MATCH($B5,'Summary sales'!$A$6:$A$50,0),MATCH($GM$3,'Summary sales'!$A$7:$BX$7,0)) -> 0 | GO5: =GN5-GM5 -> 0 | GP5: =GN5/GM5 -> #DIV/0! | GQ5: =INDEX('SO MEI 2026 REV 4'!$B$6:$BH$52,MATCH(B5,'SO MEI 2026 REV 4'!$B$6:$B$52,0),MATCH($GQ$3,'SO MEI 2026 REV 4'!$B$5:$XH$5,0)) -> 1800 | GR5: =INDEX('Summary sales'!$A$6:$BX$50,MATCH(B5,'Summary sales'!$A$6:$A$50,0),MATCH($GQ$3,'Summary sales'!$A$7:$BX$7,0)) -> 1676.203 | GS5: =GR5-GQ5 -> -123.797 | GT5: =GR5/GQ5 -> 0.93122389 | GU5: =INDEX('SO MEI 2026 REV 4'!$B$6:$BH$52,MATCH(B5,'SO MEI 2026 REV 4'!$B$6:$B$52,0),MATCH($GU$3,'SO MEI 2026 REV 4'!$B$5:$XH$5,0)) -> 2499.7026 | GV5: =INDEX('Summary sales'!$A$6:$BX$50,MATCH(B5,'Summary sales'!$A$6:$A$50,0),MATCH($GU$3,'Summary sales'!$A$7:$BX$7,0)) -> 3008.17 | GW5: =GV5-GU5 -> 508.46742 | GX5: =GV5/GU5 -> 1.2034112 | GY5: =INDEX('SO MEI 2026 REV 4'!$B$6:$BH$52,MATCH(B5,'SO MEI 2026 REV 4'!$B$6:$B$52,0),MATCH($GY$3,'SO MEI 2026 REV 4'!$B$5:$XH$5,0)) -> 0 | GZ5: =INDEX('Summary sales'!$A$6:$BX$50,MATCH(B5,'Summary sales'!$A$6:$A$50,0),MATCH($GY$3,'Summary sales'!$A$7:$BX$7,0)) -> 0 | HA5: =GZ5-GY5 -> 0 | HB5: =GZ5/GY5 -> #DIV/0! | HC5: =INDEX('SO MEI 2026 REV 4'!$B$6:$BH$52,MATCH(B5,'SO MEI 2026 REV 4'!$B$6:$B$52,0),MATCH($HC$3,'SO MEI 2026 REV 4'!$B$5:$XH$5,0)) -> 0 | HD5: =INDEX('Summary sales'!$A$6:$BX$50,MATCH(B5,'Summary sales'!$A$6:$A$50,0),MATCH($HC$3,'Summary sales'!$A$7:$BX$7,0)) -> 0 | HE5: =HD5-HC5 -> 0 | HF5: =HD5/HC5 -> #DIV/0!
B6: =B5+1 -> 46144 | C6: =TEXT(B6,"ddd") -> Sab | D6: =SUMIF($H$4:$HE$4,$D$4,H6:HE6) -> 169830.56 | E6: =SUMIF($H$4:$HE$4,$E$4,H6:HE6) -> 131664.89 | F6: =E6-D6 -> -38165.672 | G6: =E6/D6 -> 0.77527206 | H6: =INDEX('SO MEI 2026 REV 4'!$B$6:$BH$52,MATCH(B6,'SO MEI 2026 REV 4'!$B$6:$B$52,0),MATCH($H$3,'SO MEI 2026 REV 4'!$B$5:$XH$5,0)) -> 0 | I6: =INDEX('Summary sales'!$A$6:$BX$50,MATCH(B6,'Summary sales'!$A$6:$A$50,0),MATCH($H$3,'Summary sales'!$A$7:$BX$7,0)) -> 0 | J6: =I6-H6 -> 0 | K6: =I6/H6 -> #DIV/0! | L6: =INDEX('SO MEI 2026 REV 4'!$B$6:$BH$52,MATCH(B6,'SO MEI 2026 REV 4'!$B$6:$B$52,0),MATCH($L$3,'SO MEI 2026 REV 4'!$B$5:$XH$5,0)) -> 3000 | M6: =INDEX('Summary sales'!$A$6:$BX$50,MATCH($B6,'Summary sales'!$A$6:$A$50,0),MATCH($L$3,'Summary sales'!$A$7:$BX$7,0)) -> 0 | N6: =M6-L6 -> -3000 | O6: =M6/L6 -> 0 | P6: =INDEX('SO MEI 2026 REV 4'!$B$6:$BH$52,MATCH(B6,'SO MEI 2026 REV 4'!$B$6:$B$52,0),MATCH($P$3,'SO MEI 2026 REV 4'!$B$5:$XH$5,0)) -> 1129.7313 | Q6: =INDEX('Summary sales'!$A$6:$BX$50,MATCH($B6,'Summary sales'!$A$6:$A$50,0),MATCH($P$3,'Summary sales'!$A$7:$BX$7,0)) -> 1068.44 | R6: =Q6-P6 -> -61.29129 | S6: =Q6/P6 -> 0.94574702 | T6: =INDEX('SO MEI 2026 REV 4'!$B$6:$BH$52,MATCH(B6,'SO MEI 2026 REV 4'!$B$6:$B$52,0),MATCH($T$3,'SO MEI 2026 REV 4'!$B$5:$XH$5,0)) -> 3282.5161 | U6: =INDEX('Summary sales'!$A$6:$BX$50,MATCH($B6,'Summary sales'!$A$6:$A$50,0),MATCH($T$3,'Summary sales'!$A$7:$BX$7,0)) -> 0 | V6: =U6-T6 -> -3282.5161 | W6: =U6/T6 -> 0 | X6: =INDEX('SO MEI 2026 REV 4'!$B$6:$BH$52,MATCH(B6,'SO MEI 2026 REV 4'!$B$6:$B$52,0),MATCH($X$3,'SO MEI 2026 REV 4'!$B$5:$XH$5,0)) -> 644.02065 | Y6: =INDEX('Summary sales'!$A$6:$BX$50,MATCH($B6,'Summary sales'!$A$6:$A$50,0),MATCH($X$3,'Summary sales'!$A$7:$BX$7,0)) -> 642.05 | Z6: =Y6-X6 -> -1.9706452 | AA6: =Y6/X6 -> 0.99694009 | AB6: =INDEX('SO MEI 2026 REV 4'!$B$6:$BH$52,MATCH(B6,'SO MEI 2026 REV 4'!$B$6:$B$52,0),MATCH($AB$3,'SO MEI 2026 REV 4'!$B$5:$XH$5,0)) -> 0 | AC6: =INDEX('Summary sales'!$A$6:$BX$50,MATCH($B6,'Summary sales'!$A$6:$A$50,0),MATCH($AB$3,'Summary sales'!$A$7:$BX$7,0)) -> 0 | AD6: =AC6-AB6 -> 0 | AE6: =AC6/AB6 -> #DIV/0! | AF6: =INDEX('SO MEI 2026 REV 4'!$B$6:$BH$52,MATCH(B6,'SO MEI 2026 REV 4'!$B$6:$B$52,0),MATCH($AF$3,'SO MEI 2026 REV 4'!$B$5:$XH$5,0)) -> 0 | AG6: =INDEX('Summary sales'!$A$6:$BX$50,MATCH($B6,'Summary sales'!$A$6:$A$50,0),MATCH($AF$3,'Summary sales'!$A$7:$BX$7,0)) -> 0 | AH6: =AG6-AF6 -> 0 | AI6: =AG6/AF6 -> #DIV/0! | AJ6: =INDEX('SO MEI 2026 REV 4'!$B$6:$BH$52,MATCH(B6,'SO MEI 2026 REV 4'!$B$6:$B$52,0),MATCH($AJ$3,'SO MEI 2026 REV 4'!$B$5:$XH$5,0)) -> 603.76323 | AK6: =INDEX('Summary sales'!$A$6:$BX$50,MATCH($B6,'Summary sales'!$A$6:$A$50,0),MATCH($AJ$3,'Summary sales'!$A$7:$BX$7,0)) -> 457.4 | AL6: =AK6-AJ6 -> -146.36323 | AM6: =AK6/AJ6 -> 0.75758175 | AN6: =INDEX('SO MEI 2026 REV 4'!$B$6:$BH$52,MATCH(B6,'SO MEI 2026 REV 4'!$B$6:$B$52,0),MATCH($AN$3,'SO MEI 2026 REV 4'!$B$5:$XH$5,0)) -> 673.27548 | AO6: =INDEX('Summary sales'!$A$6:$BX$50,MATCH($B6,'Summary sales'!$A$6:$A$50,0),MATCH($AN$3,'Summary sales'!$A$7:$BX$7,0)) -> 405.25 | AP6: =AO6-AN6 -> -268.02548 | AQ6: =AO6/AN6 -> 0.60190815 | AR6: =INDEX('SO MEI 2026 REV 4'!$B$6:$BH$52,MATCH(B6,'SO MEI 2026 REV 4'!$B$6:$B$52,0),MATCH($AR$3,'SO MEI 2026 REV 4'!$B$5:$XH$5,0)) -> 4514.199 | AS6: =INDEX('Summary sales'!$A$6:$BX$50,MATCH($B6,'Summary sales'!$A$6:$A$50,0),MATCH($AR$3,'Summary sales'!$A$7:$BX$7,0)) -> 0 | AT6: =AS6-AR6 -> -4514.199 | AU6: =AS6/AR6 -> 0 | AV6: =INDEX('SO MEI 2026 REV 4'!$B$6:$BH$52,MATCH(B6,'SO MEI 2026 REV 4'!$B$6:$B$52,0),MATCH($AV$3,'SO MEI 2026 REV 4'!$B$5:$XH$5,0)) -> 6600.0623 | AW6: =INDEX('Summary sales'!$A$6:$BX$50,MATCH($B6,'Summary sales'!$A$6:$A$50,0),MATCH($AV$3,'Summary sales'!$A$7:$BX$7,0)) -> 4428.71 | AX6: =AW6-AV6 -> -2171.3523 | AY6: =AW6/AV6 -> 0.67101034 | AZ6: =INDEX('SO MEI 2026 REV 4'!$B$6:$BH$52,MATCH(B6,'SO MEI 2026 REV 4'!$B$6:$B$52,0),MATCH($AZ$3,'SO MEI 2026 REV 4'!$B$5:$XH$5,0)) -> 2874.3265 | BA6: =INDEX('Summary sales'!$A$6:$BX$50,MATCH($B6,'Summary sales'!$A$6:$A$50,0),MATCH($AZ$3,'Summary sales'!$A$7:$BX$7,0)) -> 0 | BB6: =BA6-AZ6 -> -2874.3265 | BC6: =BA6/AZ6 -> 0 | BD6: =INDEX('SO MEI 2026 REV 4'!$B$6:$BH$52,MATCH(B6,'SO MEI 2026 REV 4'!$B$6:$B$52,0),MATCH($BD$3,'SO MEI 2026 REV 4'!$B$5:$XH$5,0)) -> 500 | BE6: =INDEX('Summary sales'!$A$6:$BX$50,MATCH($B6,'Summary sales'!$A$6:$A$50,0),MATCH($BD$3,'Summary sales'!$A$7:$BX$7,0)) -> 0 | BF6: =BE6-BD6 -> -500 | BG6: =BE6/BD6 -> 0 | BH6: =INDEX('SO MEI 2026 REV 4'!$B$6:$BH$52,MATCH(B6,'SO MEI 2026 REV 4'!$B$6:$B$52,0),MATCH($BH$3,'SO MEI 2026 REV 4'!$B$5:$XH$5,0)) -> 4000 | BI6: =INDEX('Summary sales'!$A$6:$BX$50,MATCH($B6,'Summary sales'!$A$6:$A$50,0),MATCH($BH$3,'Summary sales'!$A$7:$BX$7,0)) -> 3720.26 | BJ6: =BI6-BH6 -> -279.74 | BK6: =BI6/BH6 -> 0.930065 | BL6: =INDEX('SO MEI 2026 REV 4'!$B$6:$BH$52,MATCH(B6,'SO MEI 2026 REV 4'!$B$6:$B$52,0),MATCH($BL$3,'SO MEI 2026 REV 4'!$B$5:$XH$5,0)) -> 9000.0571 | BM6: =INDEX('Summary sales'!$A$6:$BX$50,MATCH($B6,'Summary sales'!$A$6:$A$50,0),MATCH($BL$3,'Summary sales'!$A$7:$BX$7,0)) -> 7260.73 | BN6: =BM6-BL6 -> -1739.3271 | BO6: =BM6/BL6 -> 0.80674266 | BP6: =INDEX('SO MEI 2026 REV 4'!$B$6:$BH$52,MATCH(B6,'SO MEI 2026 REV 4'!$B$6:$B$52,0),MATCH($BP$3,'SO MEI 2026 REV 4'!$B$5:$XH$5,0)) -> 1300 | BQ6: =INDEX('Summary sales'!$A$6:$BX$50,MATCH($B6,'Summary sales'!$A$6:$A$50,0),MATCH($BP$3,'Summary sales'!$A$7:$BX$7,0)) -> 1198.95 | BR6: =BQ6-BP6 -> -101.05 | BS6: =BQ6/BP6 -> 0.92226923 | BT6: =INDEX('SO MEI 2026 REV 4'!$B$6:$BH$52,MATCH(B6,'SO MEI 2026 REV 4'!$B$6:$B$52,0),MATCH($BT$3,'SO MEI 2026 REV 4'!$B$5:$XH$5,0)) -> 1000 | BU6: =INDEX('Summary sales'!$A$6:$BX$50,MATCH($B6,'Summary sales'!$A$6:$A$50,0),MATCH($BT$3,'Summary sales'!$A$7:$BX$7,0)) -> 676.902 | BV6: =BU6-BT6 -> -323.098 | BW6: =BU6/BT6 -> 0.676902 | BX6: =INDEX('SO MEI 2026 REV 4'!$B$6:$BH$52,MATCH(B6,'SO MEI 2026 REV 4'!$B$6:$B$52,0),MATCH($BX$3,'SO MEI 2026 REV 4'!$B$5:$XH$5,0)) -> 5500 | BY6: =INDEX('Summary sales'!$A$6:$BX$50,MATCH($B6,'Summary sales'!$A$6:$A$50,0),MATCH($BX$3,'Summary sales'!$A$7:$BX$7,0)) -> 0 | BZ6: =BY6-BX6 -> -5500 | CA6: =BY6/BX6 -> 0 | CB6: =INDEX('SO MEI 2026 REV 4'!$B$6:$BH$52,MATCH(B6,'SO MEI 2026 REV 4'!$B$6:$B$52,0),MATCH($CB$3,'SO MEI 2026 REV 4'!$B$5:$XH$5,0)) -> 70.054839 | CC6: =INDEX('Summary sales'!$A$6:$BX$50,MATCH($B6,'Summary sales'!$A$6:$A$50,0),MATCH($CB$3,'Summary sales'!$A$7:$BX$7,0)) -> 0 | CD6: =CC6-CB6 -> -70.054839 | CE6: =CC6/CB6 -> 0 | CF6: =INDEX('SO MEI 2026 REV 4'!$B$6:$BH$52,MATCH(B6,'SO MEI 2026 REV 4'!$B$6:$B$52,0),MATCH($CF$3,'SO MEI 2026 REV 4'!$B$5:$XH$5,0)) -> 89.451613 | CG6: =INDEX('Summary sales'!$A$6:$BX$50,MATCH($B6,'Summary sales'!$A$6:$A$50,0),MATCH($CF$3,'Summary sales'!$A$7:$BX$7,0)) -> 67.075 | CH6: =CG6-CF6 -> -22.376613 | CI6: =CG6/CF6 -> 0.74984674 | CJ6: =INDEX('SO MEI 2026 REV 4'!$B$6:$BH$52,MATCH(B6,'SO MEI 2026 REV 4'!$B$6:$B$52,0),MATCH($CJ$3,'SO MEI 2026 REV 4'!$B$5:$XH$5,0)) -> 3500 | CK6: =INDEX('Summary sales'!$A$6:$BX$50,MATCH($B6,'Summary sales'!$A$6:$A$50,0),MATCH($CJ$3,'Summary sales'!$A$7:$BX$7,0)) -> 3574.6 | CL6: =CK6-CJ6 -> 74.6 | CM6: =CK6/CJ6 -> 1.0213143 | CN6: =INDEX('SO MEI 2026 REV 4'!$B$6:$BH$52,MATCH(B6,'SO MEI 2026 REV 4'!$B$6:$B$52,0),MATCH($CN$3,'SO MEI 2026 REV 4'!$B$5:$XH$5,0)) -> 3000 | CO6: =INDEX('Summary sales'!$A$6:$BX$50,MATCH($B6,'Summary sales'!$A$6:$A$50,0),MATCH($CN$3,'Summary sales'!$A$7:$BX$7,0)) -> 0 | CP6: =CO6-CN6 -> -3000 | CQ6: =INDEX('SO MEI 2026 REV 4'!$B$6:$BH$52,MATCH(B6,'SO MEI 2026 REV 4'!$B$6:$B$52,0),MATCH($CQ$3,'SO MEI 2026 REV 4'!$B$5:$XH$5,0)) -> 0 | CR6: =INDEX('Summary sales'!$A$6:$BX$50,MATCH($B6,'Summary sales'!$A$6:$A$50,0),MATCH($CQ$3,'Summary sales'!$A$7:$BX$7,0)) -> 0 | CS6: =CR6-CQ6 -> 0 | CT6: =CO6/CN6 -> 0 | CU6: =INDEX('SO MEI 2026 REV 4'!$B$6:$BH$52,MATCH(B6,'SO MEI 2026 REV 4'!$B$6:$B$52,0),MATCH($CU$3,'SO MEI 2026 REV 4'!$B$5:$XH$5,0)) -> 2000 | CV6: =INDEX('Summary sales'!$A$6:$BX$50,MATCH($B6,'Summary sales'!$A$6:$A$50,0),MATCH($CU$3,'Summary sales'!$A$7:$BX$7,0)) -> 6854.57 | CW6: =CV6-CU6 -> 4854.57 | CX6: =CV6/CU6 -> 3.427285 | CY6: =INDEX('SO MEI 2026 REV 4'!$B$6:$BH$52,MATCH(B6,'SO MEI 2026 REV 4'!$B$6:$B$52,0),MATCH($CY$3,'SO MEI 2026 REV 4'!$B$5:$XH$5,0)) -> 5000 | CZ6: =INDEX('Summary sales'!$A$6:$BX$50,MATCH($B6,'Summary sales'!$A$6:$A$50,0),MATCH($CY$3,'Summary sales'!$A$7:$BX$7,0)) -> 5678.6 | DA6: =CZ6-CY6 -> 678.6 | DB6: =CZ6/CY6 -> 1.13572 | DC6: =INDEX('SO MEI 2026 REV 4'!$B$6:$BH$52,MATCH(B6,'SO MEI 2026 REV 4'!$B$6:$B$52,0),MATCH($DC$3,'SO MEI 2026 REV 4'!$B$5:$XH$5,0)) -> 16000 | DD6: =INDEX('Summary sales'!$A$6:$BX$50,MATCH($B6,'Summary sales'!$A$6:$A$50,0),MATCH($DC$3,'Summary sales'!$A$7:$BX$7,0)) -> 14414.734 | DE6: =DD6-DC6 -> -1585.266 | DF6: =DD6/DC6 -> 0.90092087 | DG6: =INDEX('SO MEI 2026 REV 4'!$B$6:$BH$52,MATCH(B6,'SO MEI 2026 REV 4'!$B$6:$B$52,0),MATCH($DG$3,'SO MEI 2026 REV 4'!$B$5:$XH$5,0)) -> 2020.8603 | DH6: =INDEX('Summary sales'!$A$6:$BX$50,MATCH($B6,'Summary sales'!$A$6:$A$50,0),MATCH($DG$3,'Summary sales'!$A$7:$BX$7,0)) -> 2119.29 | DI6: =DH6-DG6 -> 98.429677 | DJ6: =DH6/DG6 -> 1.0487068 | DK6: =INDEX('SO MEI 2026 REV 4'!$B$6:$BH$52,MATCH(B6,'SO MEI 2026 REV 4'!$B$6:$B$52,0),MATCH($DK$3,'SO MEI 2026 REV 4'!$B$5:$XH$5,0)) -> 800 | DL6: =INDEX('Summary sales'!$A$6:$BX$50,MATCH($B6,'Summary sales'!$A$6:$A$50,0),MATCH($DK$3,'Summary sales'!$A$7:$BX$7,0)) -> 23.84 | DM6: =DL6-DK6 -> -776.16 | DN6: =DL6/DK6 -> 0.0298 | DO6: =INDEX('SO MEI 2026 REV 4'!$B$6:$BH$52,MATCH(B6,'SO MEI 2026 REV 4'!$B$6:$B$52,0),MATCH($DO$3,'SO MEI 2026 REV 4'!$B$5:$XH$5,0)) -> 7200 | DP6: =INDEX('Summary sales'!$A$6:$BX$50,MATCH($B6,'Summary sales'!$A$6:$A$50,0),MATCH($DO$3,'Summary sales'!$A$7:$BX$7,0)) -> 0 | DQ6: =DP6-DO6 -> -7200 | DR6: =DP6/DO6 -> 0 | DS6: =INDEX('SO MEI 2026 REV 4'!$B$6:$BH$52,MATCH(B6,'SO MEI 2026 REV 4'!$B$6:$B$52,0),MATCH($DS$3,'SO MEI 2026 REV 4'!$B$5:$XH$5,0)) -> 0 | DT6: =INDEX('Summary sales'!$A$6:$BX$50,MATCH($B6,'Summary sales'!$A$6:$A$50,0),MATCH($DS$3,'Summary sales'!$A$7:$BX$7,0)) -> 0 | DU6: =DT6-DS6 -> 0 | DV6: =DT6/DS6 -> #DIV/0! | DW6: =INDEX('SO MEI 2026 REV 4'!$B$6:$BH$52,MATCH(B6,'SO MEI 2026 REV 4'!$B$6:$B$52,0),MATCH($DW$3,'SO MEI 2026 REV 4'!$B$5:$XH$5,0)) -> 2043.2745 | DX6: =INDEX('Summary sales'!$A$6:$BX$50,MATCH($B6,'Summary sales'!$A$6:$A$50,0),MATCH($DW$3,'Summary sales'!$A$7:$BX$7,0)) -> 1490.84 | DY6: =DX6-DW6 -> -552.43452 | DZ6: =DX6/DW6 -> 0.72963275 | EA6: =INDEX('SO MEI 2026 REV 4'!$B$6:$BH$52,MATCH(B6,'SO MEI 2026 REV 4'!$B$6:$B$52,0),MATCH($EA$3,'SO MEI 2026 REV 4'!$B$5:$XH$5,0)) -> 1999.5303 | EB6: =INDEX('Summary sales'!$A$6:$BX$50,MATCH($B6,'Summary sales'!$A$6:$A$50,0),MATCH($EA$3,'Summary sales'!$A$7:$BX$7,0)) -> 2092.57 | EC6: =EB6-EA6 -> 93.039677 | ED6: =EB6/EA6 -> 1.0465308 | EE6: =INDEX('SO MEI 2026 REV 4'!$B$6:$BH$52,MATCH(B6,'SO MEI 2026 REV 4'!$B$6:$B$52,0),MATCH($EE$3,'SO MEI 2026 REV 4'!$B$5:$XH$5,0)) -> 1000 | EF6: =INDEX('Summary sales'!$A$6:$BX$50,MATCH($B6,'Summary sales'!$A$6:$A$50,0),MATCH($EE$3,'Summary sales'!$A$7:$BX$7,0)) -> 0 | EG6: =EF6-EE6 -> -1000 | EH6: =EF6/EE6 -> 0 | EI6: =INDEX('SO MEI 2026 REV 4'!$B$6:$BH$52,MATCH(B6,'SO MEI 2026 REV 4'!$B$6:$B$52,0),MATCH($EI$3,'SO MEI 2026 REV 4'!$B$5:$XH$5,0)) -> 11007.047 | EJ6: =INDEX('Summary sales'!$A$6:$BX$50,MATCH($B6,'Summary sales'!$A$6:$A$50,0),MATCH($EI$3,'Summary sales'!$A$7:$BX$7,0)) -> 8362.69 | EK6: =EJ6-EI6 -> -2644.3574 | EL6: =EJ6/EI6 -> 0.75975779 | EM6: =INDEX('SO MEI 2026 REV 4'!$B$6:$BH$52,MATCH(B6,'SO MEI 2026 REV 4'!$B$6:$B$52,0),MATCH($EM$3,'SO MEI 2026 REV 4'!$B$5:$XH$5,0)) -> 1519.5448 | EN6: =INDEX('Summary sales'!$A$6:$BX$50,MATCH($B6,'Summary sales'!$A$6:$A$50,0),MATCH($EM$3,'Summary sales'!$A$7:$BX$7,0)) -> 2580.97 | EO6: =EN6-EM6 -> 1061.4252 | EP6: =EN6/EM6 -> 1.6985152 | EQ6: =INDEX('SO MEI 2026 REV 4'!$B$6:$BH$52,MATCH(B6,'SO MEI 2026 REV 4'!$B$6:$B$52,0),MATCH($EQ$3,'SO MEI 2026 REV 4'!$B$5:$XH$5,0)) -> 3999.6742 | ER6: =INDEX('Summary sales'!$A$6:$BX$50,MATCH($B6,'Summary sales'!$A$6:$A$50,0),MATCH($EQ$3,'Summary sales'!$A$7:$BX$7,0)) -> 0 | ES6: =ER6-EQ6 -> -3999.6742 | ET6: =ER6/EQ6 -> 0 | EU6: =INDEX('SO MEI 2026 REV 4'!$B$6:$BH$52,MATCH(B6,'SO MEI 2026 REV 4'!$B$6:$B$52,0),MATCH($EU$3,'SO MEI 2026 REV 4'!$B$5:$XH$5,0)) -> 0 | EV6: =INDEX('Summary sales'!$A$6:$BX$50,MATCH(B6,'Summary sales'!$A$6:$A$50,0),MATCH($EU$3,'Summary sales'!$A$7:$BX$7,0)) -> 0 | EW6: =EV6-EU6 -> 0 | EX6: =EV6/EU6 -> #DIV/0! | EY6: =INDEX('SO MEI 2026 REV 4'!$B$6:$BH$52,MATCH(B6,'SO MEI 2026 REV 4'!$B$6:$B$52,0),MATCH($EY$3,'SO MEI 2026 REV 4'!$B$5:$XH$5,0)) -> 5000 | EZ6: =INDEX('Summary sales'!$A$6:$BX$50,MATCH($B6,'Summary sales'!$A$6:$A$50,0),MATCH($EY$3,'Summary sales'!$A$7:$BX$7,0)) -> 11000.27 | FA6: =EZ6-EY6 -> 6000.27 | FB6: =EZ6/EY6 -> 2.200054 | FC6: =INDEX('SO MEI 2026 REV 4'!$B$6:$BH$52,MATCH(B6,'SO MEI 2026 REV 4'!$B$6:$B$52,0),MATCH($FC$3,'SO MEI 2026 REV 4'!$B$5:$XH$5,0)) -> 40000 | FD6: =INDEX('Summary sales'!$A$6:$BX$50,MATCH($B6,'Summary sales'!$A$6:$A$50,0),MATCH($FC$3,'Summary sales'!$A$7:$BX$7,0)) -> 35489.36 | FE6: =FD6-FC6 -> -4510.64 | FF6: =FD6/FC6 -> 0.887234 | FG6: =INDEX('SO MEI 2026 REV 4'!$B$6:$BH$52,MATCH(B6,'SO MEI 2026 REV 4'!$B$6:$B$52,0),MATCH($FG$3,'SO MEI 2026 REV 4'!$B$5:$XH$5,0)) -> 8000 | FH6: =INDEX('Summary sales'!$A$6:$BX$50,MATCH(B6,'Summary sales'!$A$6:$A$50,0),MATCH($FG$3,'Summary sales'!$A$7:$BX$7,0)) -> 8322.24 | FI6: =FH6-FG6 -> 322.24 | FJ6: =FH6/FG6 -> 1.04028 | FK6: =INDEX('SO MEI 2026 REV 4'!$B$6:$BH$52,MATCH(B6,'SO MEI 2026 REV 4'!$B$6:$B$52,0),MATCH($FK$3,'SO MEI 2026 REV 4'!$B$5:$XH$5,0)) -> 500 | FL6: =INDEX('Summary sales'!$A$6:$BX$50,MATCH(B6,'Summary sales'!$A$6:$A$50,0),MATCH($FK$3,'Summary sales'!$A$7:$BX$7,0)) -> 1652 | FM6: =FL6-FK6 -> 1152 | FN6: =FL6/FK6 -> 3.304 | FO6: =INDEX('SO MEI 2026 REV 4'!$B$6:$BH$52,MATCH(B6,'SO MEI 2026 REV 4'!$B$6:$B$52,0),MATCH($FO$3,'SO MEI 2026 REV 4'!$B$5:$XH$5,0)) -> 726.81516 | FP6: =INDEX('Summary sales'!$A$6:$BX$50,MATCH(B6,'Summary sales'!$A$6:$A$50,0),MATCH($FO$3,'Summary sales'!$A$7:$BX$7,0)) -> 795.79 | FQ6: =FP6-FO6 -> 68.974839 | FR6: =FP6/FO6 -> 1.0949001 | FS6: =INDEX('SO MEI 2026 REV 4'!$B$6:$BH$52,MATCH(B6,'SO MEI 2026 REV 4'!$B$6:$B$52,0),MATCH($FS$3,'SO MEI 2026 REV 4'!$B$5:$XH$5,0)) -> 3018.0416 | FT6: =INDEX('Summary sales'!$A$6:$BX$50,MATCH(B6,'Summary sales'!$A$6:$A$50,0),MATCH($FS$3,'Summary sales'!$A$7:$BX$7,0)) -> 3705.75 | FU6: =FT6-FS6 -> 687.70839 | FV6: =FT6/FS6 -> 1.2278658 | FW6: =INDEX('SO MEI 2026 REV 4'!$B$6:$BH$52,MATCH(B6,'SO MEI 2026 REV 4'!$B$6:$B$52,0),MATCH($FW$3,'SO MEI 2026 REV 4'!$B$5:$XH$5,0)) -> 2044.9997 | FX6: =INDEX('Summary sales'!$A$6:$BX$50,MATCH(B6,'Summary sales'!$A$6:$A$50,0),MATCH($FW$3,'Summary sales'!$A$7:$BX$7,0)) -> 0 | FY6: =FX6-FW6 -> -2044.9997 | FZ6: =FX6/FW6 -> 0 | GA6: =INDEX('SO MEI 2026 REV 4'!$B$6:$BH$52,MATCH(B6,'SO MEI 2026 REV 4'!$B$6:$B$52,0),MATCH($GA$3,'SO MEI 2026 REV 4'!$B$5:$XH$5,0)) -> 369.61071 | GB6: =INDEX('Summary sales'!$A$6:$BX$50,MATCH(B6,'Summary sales'!$A$6:$A$50,0),MATCH($GA$3,'Summary sales'!$A$7:$BX$7,0)) -> 0 | GC6: =GB6-GA6 -> -369.61071 | GD6: =GB6/GA6 -> 0 | GE6: =INDEX('SO MEI 2026 REV 4'!$B$6:$BH$52,MATCH(B6,'SO MEI 2026 REV 4'!$B$6:$B$52,0),MATCH($GE$3,'SO MEI 2026 REV 4'!$B$5:$XH$5,0)) -> 0 | GF6: =INDEX('Summary sales'!$A$6:$BX$50,MATCH(B6,'Summary sales'!$A$6:$A$50,0),MATCH($GE$3,'Summary sales'!$A$7:$BX$7,0)) -> 0 | GG6: =GF6-GE6 -> 0 | GH6: =GF6/GE6 -> #DIV/0! | GI6: =INDEX('SO MEI 2026 REV 4'!$B$6:$BH$52,MATCH(B6,'SO MEI 2026 REV 4'!$B$6:$B$52,0),MATCH($GI$3,'SO MEI 2026 REV 4'!$B$5:$XH$5,0)) -> 0 | GJ6: =INDEX('Summary sales'!$A$6:$BX$50,MATCH($B6,'Summary sales'!$A$6:$A$50,0),MATCH($GI$3,'Summary sales'!$A$7:$BX$7,0)) -> 0 | GK6: =GJ6-GI6 -> 0 | GL6: =GJ6/GI6 -> #DIV/0! | GM6: =INDEX('SO MEI 2026 REV 4'!$B$6:$BH$52,MATCH(B6,'SO MEI 2026 REV 4'!$B$6:$B$52,0),MATCH($GM$3,'SO MEI 2026 REV 4'!$B$5:$XH$5,0)) -> 0 | GN6: =INDEX('Summary sales'!$A$6:$BX$50,MATCH($B6,'Summary sales'!$A$6:$A$50,0),MATCH($GM$3,'Summary sales'!$A$7:$BX$7,0)) -> 0 | GO6: =GN6-GM6 -> 0 | GP6: =GN6/GM6 -> #DIV/0! | GQ6: =INDEX('SO MEI 2026 REV 4'!$B$6:$BH$52,MATCH(B6,'SO MEI 2026 REV 4'!$B$6:$B$52,0),MATCH($GQ$3,'SO MEI 2026 REV 4'!$B$5:$XH$5,0)) -> 1800 | GR6: =INDEX('Summary sales'!$A$6:$BX$50,MATCH(B6,'Summary sales'!$A$6:$A$50,0),MATCH($GQ$3,'Summary sales'!$A$7:$BX$7,0)) -> 1935.606 | GS6: =GR6-GQ6 -> 135.606 | GT6: =GR6/GQ6 -> 1.0753367 | GU6: =INDEX('SO MEI 2026 REV 4'!$B$6:$BH$52,MATCH(B6,'SO MEI 2026 REV 4'!$B$6:$B$52,0),MATCH($GU$3,'SO MEI 2026 REV 4'!$B$5:$XH$5,0)) -> 2499.7026 | GV6: =INDEX('Summary sales'!$A$6:$BX$50,MATCH(B6,'Summary sales'!$A$6:$A$50,0),MATCH($GU$3,'Summary sales'!$A$7:$BX$7,0)) -> 1645.4 | GW6: =GV6-GU6 -> -854.30258 | GX6: =GV6/GU6 -> 0.65823831 | GY6: =INDEX('SO MEI 2026 REV 4'!$B$6:$BH$52,MATCH(B6,'SO MEI 2026 REV 4'!$B$6:$B$52,0),MATCH($GY$3,'SO MEI 2026 REV 4'!$B$5:$XH$5,0)) -> 0 | GZ6: =INDEX('Summary sales'!$A$6:$BX$50,MATCH(B6,'Summary sales'!$A$6:$A$50,0),MATCH($GY$3,'Summary sales'!$A$7:$BX$7,0)) -> 0 | HA6: =GZ6-GY6 -> 0 | HB6: =GZ6/GY6 -> #DIV/0! | HC6: =INDEX('SO MEI 2026 REV 4'!$B$6:$BH$52,MATCH(B6,'SO MEI 2026 REV 4'!$B$6:$B$52,0),MATCH($HC$3,'SO MEI 2026 REV 4'!$B$5:$XH$5,0)) -> 0 | HD6: =INDEX('Summary sales'!$A$6:$BX$50,MATCH(B6,'Summary sales'!$A$6:$A$50,0),MATCH($HC$3,'Summary sales'!$A$7:$BX$7,0)) -> 0 | HE6: =HD6-HC6 -> 0 | HF6: =HD6/HC6 -> #DIV/0!
B7: =B6+1 -> 46145 | C7: =TEXT(B7,"ddd") -> Mgg | D7: =SUMIF($H$4:$HE$4,$D$4,H7:HE7) -> 148952.01 | E7: =SUMIF($H$4:$HE$4,$E$4,H7:HE7) -> 122487.22 | F7: =E7-D7 -> -26464.794 | G7: =E7/D7 -> 0.82232671 | H7: =INDEX('SO MEI 2026 REV 4'!$B$6:$BH$52,MATCH(B7,'SO MEI 2026 REV 4'!$B$6:$B$52,0),MATCH($H$3,'SO MEI 2026 REV 4'!$B$5:$XH$5,0)) -> 733.5729 | I7: =INDEX('Summary sales'!$A$6:$BX$50,MATCH(B7,'Summary sales'!$A$6:$A$50,0),MATCH($H$3,'Summary sales'!$A$7:$BX$7,0)) -> 184.35 | J7: =I7-H7 -> -549.2229 | K7: =I7/H7 -> 0.25130427 | L7: =INDEX('SO MEI 2026 REV 4'!$B$6:$BH$52,MATCH(B7,'SO MEI 2026 REV 4'!$B$6:$B$52,0),MATCH($L$3,'SO MEI 2026 REV 4'!$B$5:$XH$5,0)) -> 1000 | M7: =INDEX('Summary sales'!$A$6:$BX$50,MATCH($B7,'Summary sales'!$A$6:$A$50,0),MATCH($L$3,'Summary sales'!$A$7:$BX$7,0)) -> 833.1 | N7: =M7-L7 -> -166.9 | O7: =M7/L7 -> 0.8331 | P7: =INDEX('SO MEI 2026 REV 4'!$B$6:$BH$52,MATCH(B7,'SO MEI 2026 REV 4'!$B$6:$B$52,0),MATCH($P$3,'SO MEI 2026 REV 4'!$B$5:$XH$5,0)) -> 1129.7313 | Q7: =INDEX('Summary sales'!$A$6:$BX$50,MATCH($B7,'Summary sales'!$A$6:$A$50,0),MATCH($P$3,'Summary sales'!$A$7:$BX$7,0)) -> 668.08 | R7: =Q7-P7 -> -461.65129 | S7: =Q7/P7 -> 0.59136186 | T7: =INDEX('SO MEI 2026 REV 4'!$B$6:$BH$52,MATCH(B7,'SO MEI 2026 REV 4'!$B$6:$B$52,0),MATCH($T$3,'SO MEI 2026 REV 4'!$B$5:$XH$5,0)) -> 999.51613 | U7: =INDEX('Summary sales'!$A$6:$BX$50,MATCH($B7,'Summary sales'!$A$6:$A$50,0),MATCH($T$3,'Summary sales'!$A$7:$BX$7,0)) -> 0 | V7: =U7-T7 -> -999.51613 | W7: =U7/T7 -> 0 | X7: =INDEX('SO MEI 2026 REV 4'!$B$6:$BH$52,MATCH(B7,'SO MEI 2026 REV 4'!$B$6:$B$52,0),MATCH($X$3,'SO MEI 2026 REV 4'!$B$5:$XH$5,0)) -> 644.02065 | Y7: =INDEX('Summary sales'!$A$6:$BX$50,MATCH($B7,'Summary sales'!$A$6:$A$50,0),MATCH($X$3,'Summary sales'!$A$7:$BX$7,0)) -> 530.13 | Z7: =Y7-X7 -> -113.89065 | AA7: =Y7/X7 -> 0.82315684 | AB7: =INDEX('SO MEI 2026 REV 4'!$B$6:$BH$52,MATCH(B7,'SO MEI 2026 REV 4'!$B$6:$B$52,0),MATCH($AB$3,'SO MEI 2026 REV 4'!$B$5:$XH$5,0)) -> 0 | AC7: =INDEX('Summary sales'!$A$6:$BX$50,MATCH($B7,'Summary sales'!$A$6:$A$50,0),MATCH($AB$3,'Summary sales'!$A$7:$BX$7,0)) -> 0 | AD7: =AC7-AB7 -> 0 | AE7: =AC7/AB7 -> #DIV/0! | AF7: =INDEX('SO MEI 2026 REV 4'!$B$6:$BH$52,MATCH(B7,'SO MEI 2026 REV 4'!$B$6:$B$52,0),MATCH($AF$3,'SO MEI 2026 REV 4'!$B$5:$XH$5,0)) -> 0 | AG7: =INDEX('Summary sales'!$A$6:$BX$50,MATCH($B7,'Summary sales'!$A$6:$A$50,0),MATCH($AF$3,'Summary sales'!$A$7:$BX$7,0)) -> 13.78 | AH7: =AG7-AF7 -> 13.78 | AI7: =AG7/AF7 -> #DIV/0! | AJ7: =INDEX('SO MEI 2026 REV 4'!$B$6:$BH$52,MATCH(B7,'SO MEI 2026 REV 4'!$B$6:$B$52,0),MATCH($AJ$3,'SO MEI 2026 REV 4'!$B$5:$XH$5,0)) -> 603.76323 | AK7: =INDEX('Summary sales'!$A$6:$BX$50,MATCH($B7,'Summary sales'!$A$6:$A$50,0),MATCH($AJ$3,'Summary sales'!$A$7:$BX$7,0)) -> 450.95 | AL7: =AK7-AJ7 -> -152.81323 | AM7: =AK7/AJ7 -> 0.74689875 | AN7: =INDEX('SO MEI 2026 REV 4'!$B$6:$BH$52,MATCH(B7,'SO MEI 2026 REV 4'!$B$6:$B$52,0),MATCH($AN$3,'SO MEI 2026 REV 4'!$B$5:$XH$5,0)) -> 673.27548 | AO7: =INDEX('Summary sales'!$A$6:$BX$50,MATCH($B7,'Summary sales'!$A$6:$A$50,0),MATCH($AN$3,'Summary sales'!$A$7:$BX$7,0)) -> 456.99 | AP7: =AO7-AN7 -> -216.28548 | AQ7: =AO7/AN7 -> 0.67875634 | AR7: =INDEX('SO MEI 2026 REV 4'!$B$6:$BH$52,MATCH(B7,'SO MEI 2026 REV 4'!$B$6:$B$52,0),MATCH($AR$3,'SO MEI 2026 REV 4'!$B$5:$XH$5,0)) -> 0 | AS7: =INDEX('Summary sales'!$A$6:$BX$50,MATCH($B7,'Summary sales'!$A$6:$A$50,0),MATCH($AR$3,'Summary sales'!$A$7:$BX$7,0)) -> 0 | AT7: =AS7-AR7 -> 0 | AU7: =AS7/AR7 -> #DIV/0! | AV7: =INDEX('SO MEI 2026 REV 4'!$B$6:$BH$52,MATCH(B7,'SO MEI 2026 REV 4'!$B$6:$B$52,0),MATCH($AV$3,'SO MEI 2026 REV 4'!$B$5:$XH$5,0)) -> 6600.0623 | AW7: =INDEX('Summary sales'!$A$6:$BX$50,MATCH($B7,'Summary sales'!$A$6:$A$50,0),MATCH($AV$3,'Summary sales'!$A$7:$BX$7,0)) -> 4784.81 | AX7: =AW7-AV7 -> -1815.2523 | AY7: =AW7/AV7 -> 0.72496437 | AZ7: =INDEX('SO MEI 2026 REV 4'!$B$6:$BH$52,MATCH(B7,'SO MEI 2026 REV 4'!$B$6:$B$52,0),MATCH($AZ$3,'SO MEI 2026 REV 4'!$B$5:$XH$5,0)) -> 300 | BA7: =INDEX('Summary sales'!$A$6:$BX$50,MATCH($B7,'Summary sales'!$A$6:$A$50,0),MATCH($AZ$3,'Summary sales'!$A$7:$BX$7,0)) -> 48.77 | BB7: =BA7-AZ7 -> -251.23 | BC7: =BA7/AZ7 -> 0.16256667 | BD7: =INDEX('SO MEI 2026 REV 4'!$B$6:$BH$52,MATCH(B7,'SO MEI 2026 REV 4'!$B$6:$B$52,0),MATCH($BD$3,'SO MEI 2026 REV 4'!$B$5:$XH$5,0)) -> 500 | BE7: =INDEX('Summary sales'!$A$6:$BX$50,MATCH($B7,'Summary sales'!$A$6:$A$50,0),MATCH($BD$3,'Summary sales'!$A$7:$BX$7,0)) -> 0 | BF7: =BE7-BD7 -> -500 | BG7: =BE7/BD7 -> 0 | BH7: =INDEX('SO MEI 2026 REV 4'!$B$6:$BH$52,MATCH(B7,'SO MEI 2026 REV 4'!$B$6:$B$52,0),MATCH($BH$3,'SO MEI 2026 REV 4'!$B$5:$XH$5,0)) -> 4000 | BI7: =INDEX('Summary sales'!$A$6:$BX$50,MATCH($B7,'Summary sales'!$A$6:$A$50,0),MATCH($BH$3,'Summary sales'!$A$7:$BX$7,0)) -> 3689.12 | BJ7: =BI7-BH7 -> -310.88 | BK7: =BI7/BH7 -> 0.92228 | BL7: =INDEX('SO MEI 2026 REV 4'!$B$6:$BH$52,MATCH(B7,'SO MEI 2026 REV 4'!$B$6:$B$52,0),MATCH($BL$3,'SO MEI 2026 REV 4'!$B$5:$XH$5,0)) -> 6000.0571 | BM7: =INDEX('Summary sales'!$A$6:$BX$50,MATCH($B7,'Summary sales'!$A$6:$A$50,0),MATCH($BL$3,'Summary sales'!$A$7:$BX$7,0)) -> 3941.92 | BN7: =BM7-BL7 -> -2058.1371 | BO7: =BM7/BL7 -> 0.65698041 | BP7: =INDEX('SO MEI 2026 REV 4'!$B$6:$BH$52,MATCH(B7,'SO MEI 2026 REV 4'!$B$6:$B$52,0),MATCH($BP$3,'SO MEI 2026 REV 4'!$B$5:$XH$5,0)) -> 1300 | BQ7: =INDEX('Summary sales'!$A$6:$BX$50,MATCH($B7,'Summary sales'!$A$6:$A$50,0),MATCH($BP$3,'Summary sales'!$A$7:$BX$7,0)) -> 1271.62 | BR7: =BQ7-BP7 -> -28.38 | BS7: =BQ7/BP7 -> 0.97816923 | BT7: =INDEX('SO MEI 2026 REV 4'!$B$6:$BH$52,MATCH(B7,'SO MEI 2026 REV 4'!$B$6:$B$52,0),MATCH($BT$3,'SO MEI 2026 REV 4'!$B$5:$XH$5,0)) -> 0 | BU7: =INDEX('Summary sales'!$A$6:$BX$50,MATCH($B7,'Summary sales'!$A$6:$A$50,0),MATCH($BT$3,'Summary sales'!$A$7:$BX$7,0)) -> 0 | BV7: =BU7-BT7 -> 0 | BW7: =BU7/BT7 -> #DIV/0! | BX7: =INDEX('SO MEI 2026 REV 4'!$B$6:$BH$52,MATCH(B7,'SO MEI 2026 REV 4'!$B$6:$B$52,0),MATCH($BX$3,'SO MEI 2026 REV 4'!$B$5:$XH$5,0)) -> 2500 | BY7: =INDEX('Summary sales'!$A$6:$BX$50,MATCH($B7,'Summary sales'!$A$6:$A$50,0),MATCH($BX$3,'Summary sales'!$A$7:$BX$7,0)) -> 0 | BZ7: =BY7-BX7 -> -2500 | CA7: =BY7/BX7 -> 0 | CB7: =INDEX('SO MEI 2026 REV 4'!$B$6:$BH$52,MATCH(B7,'SO MEI 2026 REV 4'!$B$6:$B$52,0),MATCH($CB$3,'SO MEI 2026 REV 4'!$B$5:$XH$5,0)) -> 70.054839 | CC7: =INDEX('Summary sales'!$A$6:$BX$50,MATCH($B7,'Summary sales'!$A$6:$A$50,0),MATCH($CB$3,'Summary sales'!$A$7:$BX$7,0)) -> 0 | CD7: =CC7-CB7 -> -70.054839 | CE7: =CC7/CB7 -> 0 | CF7: =INDEX('SO MEI 2026 REV 4'!$B$6:$BH$52,MATCH(B7,'SO MEI 2026 REV 4'!$B$6:$B$52,0),MATCH($CF$3,'SO MEI 2026 REV 4'!$B$5:$XH$5,0)) -> 89.451613 | CG7: =INDEX('Summary sales'!$A$6:$BX$50,MATCH($B7,'Summary sales'!$A$6:$A$50,0),MATCH($CF$3,'Summary sales'!$A$7:$BX$7,0)) -> 62.454 | CH7: =CG7-CF7 -> -26.997613 | CI7: =CG7/CF7 -> 0.69818752 | CJ7: =INDEX('SO MEI 2026 REV 4'!$B$6:$BH$52,MATCH(B7,'SO MEI 2026 REV 4'!$B$6:$B$52,0),MATCH($CJ$3,'SO MEI 2026 REV 4'!$B$5:$XH$5,0)) -> 1000 | CK7: =INDEX('Summary sales'!$A$6:$BX$50,MATCH($B7,'Summary sales'!$A$6:$A$50,0),MATCH($CJ$3,'Summary sales'!$A$7:$BX$7,0)) -> 121.1 | CL7: =CK7-CJ7 -> -878.9 | CM7: =CK7/CJ7 -> 0.1211 | CN7: =INDEX('SO MEI 2026 REV 4'!$B$6:$BH$52,MATCH(B7,'SO MEI 2026 REV 4'!$B$6:$B$52,0),MATCH($CN$3,'SO MEI 2026 REV 4'!$B$5:$XH$5,0)) -> 0 | CO7: =INDEX('Summary sales'!$A$6:$BX$50,MATCH($B7,'Summary sales'!$A$6:$A$50,0),MATCH($CN$3,'Summary sales'!$A$7:$BX$7,0)) -> 0 | CP7: =CO7-CN7 -> 0 | CQ7: =INDEX('SO MEI 2026 REV 4'!$B$6:$BH$52,MATCH(B7,'SO MEI 2026 REV 4'!$B$6:$B$52,0),MATCH($CQ$3,'SO MEI 2026 REV 4'!$B$5:$XH$5,0)) -> 0 | CR7: =INDEX('Summary sales'!$A$6:$BX$50,MATCH($B7,'Summary sales'!$A$6:$A$50,0),MATCH($CQ$3,'Summary sales'!$A$7:$BX$7,0)) -> 0 | CS7: =CR7-CQ7 -> 0 | CT7: =CO7/CN7 -> #DIV/0! | CU7: =INDEX('SO MEI 2026 REV 4'!$B$6:$BH$52,MATCH(B7,'SO MEI 2026 REV 4'!$B$6:$B$52,0),MATCH($CU$3,'SO MEI 2026 REV 4'!$B$5:$XH$5,0)) -> 2000 | CV7: =INDEX('Summary sales'!$A$6:$BX$50,MATCH($B7,'Summary sales'!$A$6:$A$50,0),MATCH($CU$3,'Summary sales'!$A$7:$BX$7,0)) -> 5892.22 | CW7: =CV7-CU7 -> 3892.22 | CX7: =CV7/CU7 -> 2.94611 | CY7: =INDEX('SO MEI 2026 REV 4'!$B$6:$BH$52,MATCH(B7,'SO MEI 2026 REV 4'!$B$6:$B$52,0),MATCH($CY$3,'SO MEI 2026 REV 4'!$B$5:$XH$5,0)) -> 5000 | CZ7: =INDEX('Summary sales'!$A$6:$BX$50,MATCH($B7,'Summary sales'!$A$6:$A$50,0),MATCH($CY$3,'Summary sales'!$A$7:$BX$7,0)) -> 4285.3 | DA7: =CZ7-CY7 -> -714.7 | DB7: =CZ7/CY7 -> 0.85706 | DC7: =INDEX('SO MEI 2026 REV 4'!$B$6:$BH$52,MATCH(B7,'SO MEI 2026 REV 4'!$B$6:$B$52,0),MATCH($DC$3,'SO MEI 2026 REV 4'!$B$5:$XH$5,0)) -> 6659.5545 | DD7: =INDEX('Summary sales'!$A$6:$BX$50,MATCH($B7,'Summary sales'!$A$6:$A$50,0),MATCH($DC$3,'Summary sales'!$A$7:$BX$7,0)) -> 6667.14 | DE7: =DD7-DC7 -> 7.5854516 | DF7: =DD7/DC7 -> 1.001139 | DG7: =INDEX('SO MEI 2026 REV 4'!$B$6:$BH$52,MATCH(B7,'SO MEI 2026 REV 4'!$B$6:$B$52,0),MATCH($DG$3,'SO MEI 2026 REV 4'!$B$5:$XH$5,0)) -> 2020.8603 | DH7: =INDEX('Summary sales'!$A$6:$BX$50,MATCH($B7,'Summary sales'!$A$6:$A$50,0),MATCH($DG$3,'Summary sales'!$A$7:$BX$7,0)) -> 1470.76 | DI7: =DH7-DG7 -> -550.10032 | DJ7: =DH7/DG7 -> 0.72778904 | DK7: =INDEX('SO MEI 2026 REV 4'!$B$6:$BH$52,MATCH(B7,'SO MEI 2026 REV 4'!$B$6:$B$52,0),MATCH($DK$3,'SO MEI 2026 REV 4'!$B$5:$XH$5,0)) -> 0 | DL7: =INDEX('Summary sales'!$A$6:$BX$50,MATCH($B7,'Summary sales'!$A$6:$A$50,0),MATCH($DK$3,'Summary sales'!$A$7:$BX$7,0)) -> 0 | DM7: =DL7-DK7 -> 0 | DN7: =DL7/DK7 -> #DIV/0! | DO7: =INDEX('SO MEI 2026 REV 4'!$B$6:$BH$52,MATCH(B7,'SO MEI 2026 REV 4'!$B$6:$B$52,0),MATCH($DO$3,'SO MEI 2026 REV 4'!$B$5:$XH$5,0)) -> 2999.8519 | DP7: =INDEX('Summary sales'!$A$6:$BX$50,MATCH($B7,'Summary sales'!$A$6:$A$50,0),MATCH($DO$3,'Summary sales'!$A$7:$BX$7,0)) -> 760.99 | DQ7: =DP7-DO7 -> -2238.8619 | DR7: =DP7/DO7 -> 0.25367585 | DS7: =INDEX('SO MEI 2026 REV 4'!$B$6:$BH$52,MATCH(B7,'SO MEI 2026 REV 4'!$B$6:$B$52,0),MATCH($DS$3,'SO MEI 2026 REV 4'!$B$5:$XH$5,0)) -> 0 | DT7: =INDEX('Summary sales'!$A$6:$BX$50,MATCH($B7,'Summary sales'!$A$6:$A$50,0),MATCH($DS$3,'Summary sales'!$A$7:$BX$7,0)) -> 0 | DU7: =DT7-DS7 -> 0 | DV7: =DT7/DS7 -> #DIV/0! | DW7: =INDEX('SO MEI 2026 REV 4'!$B$6:$BH$52,MATCH(B7,'SO MEI 2026 REV 4'!$B$6:$B$52,0),MATCH($DW$3,'SO MEI 2026 REV 4'!$B$5:$XH$5,0)) -> 2043.2745 | DX7: =INDEX('Summary sales'!$A$6:$BX$50,MATCH($B7,'Summary sales'!$A$6:$A$50,0),MATCH($DW$3,'Summary sales'!$A$7:$BX$7,0)) -> 1551.23 | DY7: =DX7-DW7 -> -492.04452 | DZ7: =DX7/DW7 -> 0.75918825 | EA7: =INDEX('SO MEI 2026 REV 4'!$B$6:$BH$52,MATCH(B7,'SO MEI 2026 REV 4'!$B$6:$B$52,0),MATCH($EA$3,'SO MEI 2026 REV 4'!$B$5:$XH$5,0)) -> 1999.5303 | EB7: =INDEX('Summary sales'!$A$6:$BX$50,MATCH($B7,'Summary sales'!$A$6:$A$50,0),MATCH($EA$3,'Summary sales'!$A$7:$BX$7,0)) -> 2061.59 | EC7: =EB7-EA7 -> 62.059677 | ED7: =EB7/EA7 -> 1.0310371 | EE7: =INDEX('SO MEI 2026 REV 4'!$B$6:$BH$52,MATCH(B7,'SO MEI 2026 REV 4'!$B$6:$B$52,0),MATCH($EE$3,'SO MEI 2026 REV 4'!$B$5:$XH$5,0)) -> 0 | EF7: =INDEX('Summary sales'!$A$6:$BX$50,MATCH($B7,'Summary sales'!$A$6:$A$50,0),MATCH($EE$3,'Summary sales'!$A$7:$BX$7,0)) -> 49.27 | EG7: =EF7-EE7 -> 49.27 | EH7: =EF7/EE7 -> #DIV/0! | EI7: =INDEX('SO MEI 2026 REV 4'!$B$6:$BH$52,MATCH(B7,'SO MEI 2026 REV 4'!$B$6:$B$52,0),MATCH($EI$3,'SO MEI 2026 REV 4'!$B$5:$XH$5,0)) -> 11007.047 | EJ7: =INDEX('Summary sales'!$A$6:$BX$50,MATCH($B7,'Summary sales'!$A$6:$A$50,0),MATCH($EI$3,'Summary sales'!$A$7:$BX$7,0)) -> 8972.67 | EK7: =EJ7-EI7 -> -2034.3774 | EL7: =EJ7/EI7 -> 0.81517501 | EM7: =INDEX('SO MEI 2026 REV 4'!$B$6:$BH$52,MATCH(B7,'SO MEI 2026 REV 4'!$B$6:$B$52,0),MATCH($EM$3,'SO MEI 2026 REV 4'!$B$5:$XH$5,0)) -> 1519.5448 | EN7: =INDEX('Summary sales'!$A$6:$BX$50,MATCH($B7,'Summary sales'!$A$6:$A$50,0),MATCH($EM$3,'Summary sales'!$A$7:$BX$7,0)) -> 2606.56 | EO7: =EN7-EM7 -> 1087.0152 | EP7: =EN7/EM7 -> 1.7153558 | EQ7: =INDEX('SO MEI 2026 REV 4'!$B$6:$BH$52,MATCH(B7,'SO MEI 2026 REV 4'!$B$6:$B$52,0),MATCH($EQ$3,'SO MEI 2026 REV 4'!$B$5:$XH$5,0)) -> 3999.6742 | ER7: =INDEX('Summary sales'!$A$6:$BX$50,MATCH($B7,'Summary sales'!$A$6:$A$50,0),MATCH($EQ$3,'Summary sales'!$A$7:$BX$7,0)) -> 0 | ES7: =ER7-EQ7 -> -3999.6742 | ET7: =ER7/EQ7 -> 0 | EU7: =INDEX('SO MEI 2026 REV 4'!$B$6:$BH$52,MATCH(B7,'SO MEI 2026 REV 4'!$B$6:$B$52,0),MATCH($EU$3,'SO MEI 2026 REV 4'!$B$5:$XH$5,0)) -> 0 | EV7: =INDEX('Summary sales'!$A$6:$BX$50,MATCH(B7,'Summary sales'!$A$6:$A$50,0),MATCH($EU$3,'Summary sales'!$A$7:$BX$7,0)) -> 3563.41 | EW7: =EV7-EU7 -> 3563.41 | EX7: =EV7/EU7 -> #DIV/0! | EY7: =INDEX('SO MEI 2026 REV 4'!$B$6:$BH$52,MATCH(B7,'SO MEI 2026 REV 4'!$B$6:$B$52,0),MATCH($EY$3,'SO MEI 2026 REV 4'!$B$5:$XH$5,0)) -> 5000 | EZ7: =INDEX('Summary sales'!$A$6:$BX$50,MATCH($B7,'Summary sales'!$A$6:$A$50,0),MATCH($EY$3,'Summary sales'!$A$7:$BX$7,0)) -> 9799.57 | FA7: =EZ7-EY7 -> 4799.57 | FB7: =EZ7/EY7 -> 1.959914 | FC7: =INDEX('SO MEI 2026 REV 4'!$B$6:$BH$52,MATCH(B7,'SO MEI 2026 REV 4'!$B$6:$B$52,0),MATCH($FC$3,'SO MEI 2026 REV 4'!$B$5:$XH$5,0)) -> 48000 | FD7: =INDEX('Summary sales'!$A$6:$BX$50,MATCH($B7,'Summary sales'!$A$6:$A$50,0),MATCH($FC$3,'Summary sales'!$A$7:$BX$7,0)) -> 37239.35 | FE7: =FD7-FC7 -> -10760.65 | FF7: =FD7/FC7 -> 0.77581979 | FG7: =INDEX('SO MEI 2026 REV 4'!$B$6:$BH$52,MATCH(B7,'SO MEI 2026 REV 4'!$B$6:$B$52,0),MATCH($FG$3,'SO MEI 2026 REV 4'!$B$5:$XH$5,0)) -> 8000 | FH7: =INDEX('Summary sales'!$A$6:$BX$50,MATCH(B7,'Summary sales'!$A$6:$A$50,0),MATCH($FG$3,'Summary sales'!$A$7:$BX$7,0)) -> 5444.78 | FI7: =FH7-FG7 -> -2555.22 | FJ7: =FH7/FG7 -> 0.6805975 | FK7: =INDEX('SO MEI 2026 REV 4'!$B$6:$BH$52,MATCH(B7,'SO MEI 2026 REV 4'!$B$6:$B$52,0),MATCH($FK$3,'SO MEI 2026 REV 4'!$B$5:$XH$5,0)) -> 3500 | FL7: =INDEX('Summary sales'!$A$6:$BX$50,MATCH(B7,'Summary sales'!$A$6:$A$50,0),MATCH($FK$3,'Summary sales'!$A$7:$BX$7,0)) -> 2742.8 | FM7: =FL7-FK7 -> -757.2 | FN7: =FL7/FK7 -> 0.78365714 | FO7: =INDEX('SO MEI 2026 REV 4'!$B$6:$BH$52,MATCH(B7,'SO MEI 2026 REV 4'!$B$6:$B$52,0),MATCH($FO$3,'SO MEI 2026 REV 4'!$B$5:$XH$5,0)) -> 726.81516 | FP7: =INDEX('Summary sales'!$A$6:$BX$50,MATCH(B7,'Summary sales'!$A$6:$A$50,0),MATCH($FO$3,'Summary sales'!$A$7:$BX$7,0)) -> 787.64 | FQ7: =FP7-FO7 -> 60.824839 | FR7: =FP7/FO7 -> 1.0836868 | FS7: =INDEX('SO MEI 2026 REV 4'!$B$6:$BH$52,MATCH(B7,'SO MEI 2026 REV 4'!$B$6:$B$52,0),MATCH($FS$3,'SO MEI 2026 REV 4'!$B$5:$XH$5,0)) -> 3018.0416 | FT7: =INDEX('Summary sales'!$A$6:$BX$50,MATCH(B7,'Summary sales'!$A$6:$A$50,0),MATCH($FS$3,'Summary sales'!$A$7:$BX$7,0)) -> 3826.19 | FU7: =FT7-FS7 -> 808.14839 | FV7: =FT7/FS7 -> 1.2677724 | FW7: =INDEX('SO MEI 2026 REV 4'!$B$6:$BH$52,MATCH(B7,'SO MEI 2026 REV 4'!$B$6:$B$52,0),MATCH($FW$3,'SO MEI 2026 REV 4'!$B$5:$XH$5,0)) -> 2044.9997 | FX7: =INDEX('Summary sales'!$A$6:$BX$50,MATCH(B7,'Summary sales'!$A$6:$A$50,0),MATCH($FW$3,'Summary sales'!$A$7:$BX$7,0)) -> 86.83 | FY7: =FX7-FW7 -> -1958.1697 | FZ7: =FX7/FW7 -> 0.042459664 | GA7: =INDEX('SO MEI 2026 REV 4'!$B$6:$BH$52,MATCH(B7,'SO MEI 2026 REV 4'!$B$6:$B$52,0),MATCH($GA$3,'SO MEI 2026 REV 4'!$B$5:$XH$5,0)) -> 369.61071 | GB7: =INDEX('Summary sales'!$A$6:$BX$50,MATCH(B7,'Summary sales'!$A$6:$A$50,0),MATCH($GA$3,'Summary sales'!$A$7:$BX$7,0)) -> 0 | GC7: =GB7-GA7 -> -369.61071 | GD7: =GB7/GA7 -> 0 | GE7: =INDEX('SO MEI 2026 REV 4'!$B$6:$BH$52,MATCH(B7,'SO MEI 2026 REV 4'!$B$6:$B$52,0),MATCH($GE$3,'SO MEI 2026 REV 4'!$B$5:$XH$5,0)) -> 0 | GF7: =INDEX('Summary sales'!$A$6:$BX$50,MATCH(B7,'Summary sales'!$A$6:$A$50,0),MATCH($GE$3,'Summary sales'!$A$7:$BX$7,0)) -> 0 | GG7: =GF7-GE7 -> 0 | GH7: =GF7/GE7 -> #DIV/0! | GI7: =INDEX('SO MEI 2026 REV 4'!$B$6:$BH$52,MATCH(B7,'SO MEI 2026 REV 4'!$B$6:$B$52,0),MATCH($GI$3,'SO MEI 2026 REV 4'!$B$5:$XH$5,0)) -> 0 | GJ7: =INDEX('Summary sales'!$A$6:$BX$50,MATCH($B7,'Summary sales'!$A$6:$A$50,0),MATCH($GI$3,'Summary sales'!$A$7:$BX$7,0)) -> 0 | GK7: =GJ7-GI7 -> 0 | GL7: =GJ7/GI7 -> #DIV/0! | GM7: =INDEX('SO MEI 2026 REV 4'!$B$6:$BH$52,MATCH(B7,'SO MEI 2026 REV 4'!$B$6:$B$52,0),MATCH($GM$3,'SO MEI 2026 REV 4'!$B$5:$XH$5,0)) -> 0 | GN7: =INDEX('Summary sales'!$A$6:$BX$50,MATCH($B7,'Summary sales'!$A$6:$A$50,0),MATCH($GM$3,'Summary sales'!$A$7:$BX$7,0)) -> 0 | GO7: =GN7-GM7 -> 0 | GP7: =GN7/GM7 -> #DIV/0! | GQ7: =INDEX('SO MEI 2026 REV 4'!$B$6:$BH$52,MATCH(B7,'SO MEI 2026 REV 4'!$B$6:$B$52,0),MATCH($GQ$3,'SO MEI 2026 REV 4'!$B$5:$XH$5,0)) -> 1800 | GR7: =INDEX('Summary sales'!$A$6:$BX$50,MATCH(B7,'Summary sales'!$A$6:$A$50,0),MATCH($GQ$3,'Summary sales'!$A$7:$BX$7,0)) -> 1879.865 | GS7: =GR7-GQ7 -> 79.865 | GT7: =GR7/GQ7 -> 1.0443694 | GU7: =INDEX('SO MEI 2026 REV 4'!$B$6:$BH$52,MATCH(B7,'SO MEI 2026 REV 4'!$B$6:$B$52,0),MATCH($GU$3,'SO MEI 2026 REV 4'!$B$5:$XH$5,0)) -> 2499.7026 | GV7: =INDEX('Summary sales'!$A$6:$BX$50,MATCH(B7,'Summary sales'!$A$6:$A$50,0),MATCH($GU$3,'Summary sales'!$A$7:$BX$7,0)) -> 1181.89 | GW7: =GV7-GU7 -> -1317.8126 | GX7: =GV7/GU7 -> 0.47281225 | GY7: =INDEX('SO MEI 2026 REV 4'!$B$6:$BH$52,MATCH(B7,'SO MEI 2026 REV 4'!$B$6:$B$52,0),MATCH($GY$3,'SO MEI 2026 REV 4'!$B$5:$XH$5,0)) -> 6600 | GZ7: =INDEX('Summary sales'!$A$6:$BX$50,MATCH(B7,'Summary sales'!$A$6:$A$50,0),MATCH($GY$3,'Summary sales'!$A$7:$BX$7,0)) -> 4559.99 | HA7: =GZ7-GY7 -> -2040.01 | HB7: =GZ7/GY7 -> 0.69090758 | HC7: =INDEX('SO MEI 2026 REV 4'!$B$6:$BH$52,MATCH(B7,'SO MEI 2026 REV 4'!$B$6:$B$52,0),MATCH($HC$3,'SO MEI 2026 REV 4'!$B$5:$XH$5,0)) -> 0 | HD7: =INDEX('Summary sales'!$A$6:$BX$50,MATCH(B7,'Summary sales'!$A$6:$A$50,0),MATCH($HC$3,'Summary sales'!$A$7:$BX$7,0)) -> 0 | HE7: =HD7-HC7 -> 0 | HF7: =HD7/HC7 -> #DIV/0!
B8: Sub Total | D8: =SUM(D5:D7) -> 428398.43 | E8: =SUM(E5:E7) -> 358789.26 | F8: =SUM(F5:F7) -> -69609.164 | G8: =AVERAGE(G5:G7) -> 0.85072642 | H8: =SUM(H5:H7) -> 733.5729 | I8: =SUM(I5:I7) -> 184.35 | J8: =SUM(J5:J7) -> -549.2229 | K8: =AVERAGE(K5:K7) -> #DIV/0! | L8: =SUM(L5:L7) -> 5000 | M8: =SUM(M5:M7) -> 833.1 | N8: =SUM(N5:N7) -> -4166.9 | O8: =AVERAGE(O5:O7) -> 0.2777 | P8: =SUM(P5:P7) -> 2759.4626 | Q8: =SUM(Q5:Q7) -> 2194.53 | R8: =SUM(R5:R7) -> -564.93258 | S8: =AVERAGE(S5:S7) -> 0.81770963 | T8: =SUM(T5:T7) -> 4282.0323 | U8: =SUM(U5:U7) -> 0 | V8: =SUM(V5:V7) -> -4282.0323 | W8: =AVERAGE(W5:W7) -> #DIV/0! | X8: =SUM(X5:X7) -> 1932.0619 | Y8: =SUM(Y5:Y7) -> 1602.71 | Z8: =SUM(Z5:Z7) -> -329.35194 | AA8: =AVERAGE(AA5:AA7) -> 0.82953345 | AB8: =SUM(AB5:AB7) -> 0 | AC8: =SUM(AC5:AC7) -> 0 | AD8: =SUM(AD5:AD7) -> 0 | AE8: =AVERAGE(AE5:AE7) -> #DIV/0! | AF8: =SUM(AF5:AF7) -> 0 | AG8: =SUM(AG5:AG7) -> 15.92 | AH8: =SUM(AH5:AH7) -> 15.92 | AI8: =AVERAGE(AI5:AI7) -> #DIV/0! | AJ8: =SUM(AJ5:AJ7) -> 1811.2897 | AK8: =SUM(AK5:AK7) -> 1393.2 | AL8: =SUM(AL5:AL7) -> -418.08968 | AM8: =AVERAGE(AM5:AM7) -> 0.7691757 | AN8: =SUM(AN5:AN7) -> 2019.8265 | AO8: =SUM(AO5:AO7) -> 1119.3 | AP8: =SUM(AP5:AP7) -> -900.52645 | AQ8: =AVERAGE(AQ5:AQ7) -> 0.55415652 | AR8: =SUM(AR5:AR7) -> 7014.199 | AS8: =SUM(AS5:AS7) -> 0 | AT8: =SUM(AT5:AT7) -> -7014.199 | AU8: =AVERAGE(AU5:AU7) -> #DIV/0! | AV8: =SUM(AV5:AV7) -> 13200.125 | AW8: =SUM(AW5:AW7) -> 9317.35 | AX8: =SUM(AX5:AX7) -> -3882.7745 | AY8: =AVERAGE(AY5:AY7) -> #DIV/0! | AZ8: =SUM(AZ5:AZ7) -> 3474.3265 | BA8: =SUM(BA5:BA7) -> 48.77 | BB8: =SUM(BB5:BB7) -> -3425.5565 | BC8: =AVERAGE(BC5:BC7) -> 0.054188889 | BD8: =SUM(BD5:BD7) -> 1000 | BE8: =SUM(BE5:BE7) -> 10.56 | BF8: =SUM(BF5:BF7) -> -989.44 | BG8: =AVERAGE(BG5:BG7) -> #DIV/0! | BH8: =SUM(BH5:BH7) -> 12000 | BI8: =SUM(BI5:BI7) -> 11131.3 | BJ8: =SUM(BJ5:BJ7) -> -868.7 | BK8: =AVERAGE(BK5:BK7) -> 0.92760833 | BL8: =SUM(BL5:BL7) -> 15000.114 | BM8: =SUM(BM5:BM7) -> 15431.67 | BN8: =SUM(BN5:BN7) -> 431.55581 | BO8: =AVERAGE(BO5:BO7) -> #DIV/0! | BP8: =SUM(BP5:BP7) -> 3900 | BQ8: =SUM(BQ5:BQ7) -> 3744.28 | BR8: =SUM(BR5:BR7) -> -155.72 | BS8: =AVERAGE(BS5:BS7) -> 0.96007179 | BT8: =SUM(BT5:BT7) -> 1000 | BU8: =SUM(BU5:BU7) -> 1479.489 | BV8: =SUM(BV5:BV7) -> 479.489 | BW8: =AVERAGE(BW5:BW7) -> #DIV/0! | BX8: =SUM(BX5:BX7) -> 8000 | BY8: =SUM(BY5:BY7) -> 0 | BZ8: =SUM(BZ5:BZ7) -> -8000 | CA8: =AVERAGE(CA5:CA7) -> #DIV/0! | CB8: =SUM(CB5:CB7) -> 210.16452 | CC8: =SUM(CC5:CC7) -> 0 | CD8: =SUM(CD5:CD7) -> -210.16452 | CE8: =AVERAGE(CE5:CE7) -> 0 | CF8: =SUM(CF5:CF7) -> 268.35484 | CG8: =SUM(CG5:CG7) -> 202.032 | CH8: =SUM(CH5:CH7) -> -66.322839 | CI8: =AVERAGE(CI5:CI7) -> 0.75285395 | CJ8: =SUM(CJ5:CJ7) -> 5500 | CK8: =SUM(CK5:CK7) -> 3979.7 | CL8: =SUM(CL5:CL7) -> -1520.3 | CM8: =AVERAGE(CM5:CM7) -> 0.47547143 | CN8: =SUM(CN5:CN7) -> 3000 | CO8: =SUM(CO5:CO7) -> 0 | CP8: =SUM(CP5:CP7) -> -3000 | CQ8: =SUM(CQ5:CQ7) -> 0 | CR8: =SUM(CR5:CR7) -> 0 | CS8: =SUM(CS5:CS7) -> 0 | CT8: =AVERAGE(CT5:CT7) -> #DIV/0! | CU8: =SUM(CU5:CU7) -> 4000 | CV8: =SUM(CV5:CV7) -> 14920.51 | CW8: =SUM(CW5:CW7) -> 10920.51 | CX8: =AVERAGE(CX5:CX7) -> #DIV/0! | CY8: =SUM(CY5:CY7) -> 13000 | CZ8: =SUM(CZ5:CZ7) -> 9963.9 | DA8: =SUM(DA5:DA7) -> -3036.1 | DB8: =AVERAGE(DB5:DB7) -> 0.66426 | DC8: =SUM(DC5:DC7) -> 26659.555 | DD8: =SUM(DD5:DD7) -> 30709.056 | DE8: =SUM(DE5:DE7) -> 4049.5015 | DF8: =AVERAGE(DF5:DF7) -> 1.4362851 | DG8: =SUM(DG5:DG7) -> 6062.581 | DH8: =SUM(DH5:DH7) -> 5131.49 | DI8: =SUM(DI5:DI7) -> -931.09097 | DJ8: =AVERAGE(DJ5:DJ7) -> 0.84642004 | DK8: =SUM(DK5:DK7) -> 1600 | DL8: =SUM(DL5:DL7) -> 23.84 | DM8: =SUM(DM5:DM7) -> -1576.16 | DN8: =AVERAGE(DN5:DN7) -> #DIV/0! | DO8: =SUM(DO5:DO7) -> 11199.852 | DP8: =SUM(DP5:DP7) -> 760.99 | DQ8: =SUM(DQ5:DQ7) -> -10438.862 | DR8: =AVERAGE(DR5:DR7) -> 0.084558618 | DS8: =SUM(DS5:DS7) -> 0 | DT8: =SUM(DT5:DT7) -> 0 | DU8: =SUM(DU5:DU7) -> 0 | DV8: =AVERAGE(DV5:DV7) -> #DIV/0! | DW8: =SUM(DW5:DW7) -> 6129.8235 | DX8: =SUM(DX5:DX7) -> 4443.34 | DY8: =SUM(DY5:DY7) -> -1686.4835 | DZ8: =AVERAGE(DZ5:DZ7) -> 0.72487242 | EA8: =SUM(EA5:EA7) -> 3999.0606 | EB8: =SUM(EB5:EB7) -> 4175.2 | EC8: =SUM(EC5:EC7) -> 176.13935 | ED8: =AVERAGE(ED5:ED7) -> #DIV/0! | EE8: =SUM(EE5:EE7) -> 2000 | EF8: =SUM(EF5:EF7) -> 730.28 | EG8: =SUM(EG5:EG7) -> -1269.72 | EH8: =AVERAGE(EH5:EH7) -> #DIV/0! | EI8: =SUM(EI5:EI7) -> 33021.142 | EJ8: =SUM(EJ5:EJ7) -> 26731.64 | EK8: =SUM(EK5:EK7) -> -6289.5023 | EL8: =AVERAGE(EL5:EL7) -> 0.80953105 | EM8: =SUM(EM5:EM7) -> 4558.6345 | EN8: =SUM(EN5:EN7) -> 7635.59 | EO8: =SUM(EO5:EO7) -> 3076.9555 | EP8: =AVERAGE(EP5:EP7) -> 1.6749731 | EQ8: =SUM(EQ5:EQ7) -> 8999.3484 | ER8: =SUM(ER5:ER7) -> 0 | ES8: =SUM(ES5:ES7) -> -8999.3484 | ET8: =AVERAGE(ET5:ET7) -> 0 | EU8: =SUM(EU5:EU7) -> 0 | EV8: =SUM(EV5:EV7) -> 7223.55 | EW8: =SUM(EW5:EW7) -> 7223.55 | EX8: =AVERAGE(EX5:EX7) -> #DIV/0! | EY8: =SUM(EY5:EY7) -> 15000 | EZ8: =SUM(EZ5:EZ7) -> 29449.87 | FA8: =SUM(FA5:FA7) -> 14449.87 | FB8: =AVERAGE(FB5:FB7) -> 1.9633247 | FC8: =SUM(FC5:FC7) -> 136000 | FD8: =SUM(FD5:FD7) -> 110854.58 | FE8: =SUM(FE5:FE7) -> -25145.42 | FF8: =AVERAGE(FF5:FF7) -> 0.81911425 | FG8: =SUM(FG5:FG7) -> 24000 | FH8: =SUM(FH5:FH7) -> 22625.25 | FI8: =SUM(FI5:FI7) -> -1374.75 | FJ8: =AVERAGE(FJ5:FJ7) -> 0.94271875 | FK8: =SUM(FK5:FK7) -> 4500 | FL8: =SUM(FL5:FL7) -> 4767.7 | FM8: =SUM(FM5:FM7) -> 267.7 | FN8: =AVERAGE(FN5:FN7) -> 1.6111524 | FO8: =SUM(FO5:FO7) -> 2180.4455 | FP8: =SUM(FP5:FP7) -> 2448.32 | FQ8: =SUM(FQ5:FQ7) -> 267.87452 | FR8: =AVERAGE(FR5:FR7) -> 1.1228531 | FS8: =SUM(FS5:FS7) -> 9054.1248 | FT8: =SUM(FT5:FT7) -> 7531.94 | FU8: =SUM(FU5:FU7) -> -1522.1848 | FV8: =AVERAGE(FV5:FV7) -> 0.83187941 | FW8: =SUM(FW5:FW7) -> 4089.9994 | FX8: =SUM(FX5:FX7) -> 86.83 | FY8: =SUM(FY5:FY7) -> -4003.1694 | FZ8: =AVERAGE(FZ5:FZ7) -> #DIV/0! | GA8: =SUM(GA5:GA7) -> 739.22142 | GB8: =SUM(GB5:GB7) -> 0 | GC8: =SUM(GC5:GC7) -> -739.22142 | GD8: =AVERAGE(GD5:GD7) -> #DIV/0! | GE8: =SUM(GE5:GE7) -> 0 | GF8: =SUM(GF5:GF7) -> 0 | GG8: =SUM(GG5:GG7) -> 0 | GH8: =AVERAGE(GH5:GH7) -> #DIV/0! | GI8: =SUM(GI5:GI7) -> 0 | GJ8: =SUM(GJ5:GJ7) -> 0 | GK8: =SUM(GK5:GK7) -> 0 | GL8: =AVERAGE(GL5:GL7) -> #DIV/0! | GM8: =SUM(GM5:GM7) -> 0 | GN8: =SUM(GN5:GN7) -> 0 | GO8: =SUM(GO5:GO7) -> 0 | GP8: =AVERAGE(GP5:GP7) -> #DIV/0! | GQ8: =SUM(GQ5:GQ7) -> 5400 | GR8: =SUM(GR5:GR7) -> 5491.674 | GS8: =SUM(GS5:GS7) -> 91.674 | GT8: =AVERAGE(GT5:GT7) -> 1.0169767 | GU8: =SUM(GU5:GU7) -> 7499.1077 | GV8: =SUM(GV5:GV7) -> 5835.46 | GW8: =SUM(GW5:GW7) -> -1663.6477 | GX8: =AVERAGE(GX5:GX7) -> 0.77815391 | GY8: =SUM(GY5:GY7) -> 6600 | GZ8: =SUM(GZ5:GZ7) -> 4559.99 | HA8: =SUM(HA5:HA7) -> -2040.01 | HB8: =AVERAGE(HB5:HB7) -> #DIV/0! | HC8: =SUM(HC5:HC7) -> 0 | HD8: =SUM(HD5:HD7) -> 0 | HE8: =SUM(HE5:HE7) -> 0 | HF8: =AVERAGE(HF5:HF7) -> #DIV/0!
