Workbook
Name ___xlnm._FilterDatabase_2: #REF!
Name ___xlnm._FilterDatabase_2: #REF!
Name ___xlnm._FilterDatabase_2: #REF!
Name ___xlnm._FilterDatabase_2: #REF!
Name ___xlnm._FilterDatabase_2: #REF!
Name ___xlnm._FilterDatabase_2: #REF!
Name ___xlnm._FilterDatabase_2: #REF!
Name ___xlnm._FilterDatabase_2: #REF!
Name ___xlnm._FilterDatabase_2: #REF!
Name ___xlnm._FilterDatabase_2: #REF!
Name ___xlnm._FilterDatabase_2: #REF!
Name __xlnm._FilterDatabase_2: #REF!
Name __xlnm._FilterDatabase_2: #REF!
Name __xlnm._FilterDatabase_2: #REF!
Name __xlnm._FilterDatabase_2: #REF!
Name __xlnm._FilterDatabase_2: #REF!
Name __xlnm._FilterDatabase_2: #REF!
Name __xlnm._FilterDatabase_2: #REF!
Name __xlnm._FilterDatabase_2: #REF!
Name __xlnm._FilterDatabase_2: #REF!
Name __xlnm._FilterDatabase_2: #REF!
Name __xlnm._FilterDatabase_2: #REF!
Name _TES46: #N/A
Name AAAA: #N/A
Name ati: #N/A
Name BS: #N/A
Name CCC: #N/A
Name depr9200: #N/A
Name dfsfd: #N/A
Name Excel_BuiltIn__FilterDatabase_1: #REF!
Name Excel_BuiltIn__FilterDatabase_1: #REF!
Name Excel_BuiltIn__FilterDatabase_1: #REF!
Name Excel_BuiltIn__FilterDatabase_1: #REF!
Name Excel_BuiltIn__FilterDatabase_1: #REF!
Name Excel_BuiltIn__FilterDatabase_1: #REF!
Name Excel_BuiltIn__FilterDatabase_1: #REF!
Name Excel_BuiltIn__FilterDatabase_1: #REF!
Name Excel_BuiltIn__FilterDatabase_1: #REF!
Name Excel_BuiltIn__FilterDatabase_1: #REF!
Name Excel_BuiltIn__FilterDatabase_1: #REF!
Name Excel_BuiltIn_Print_Titles: NA()
Name Export_3: #REF!
Name Export_3: #REF!
Name Export_3: #REF!
Name Export_3: #REF!
Name Export_3: #REF!
Name Export_3: #REF!
Name Export_3: #REF!
Name Export_3: #REF!
Name FOB: 'Summary FOB'!#REF!
Name FOB: 'Summary FOB'!#REF!
Name FOB: 'Summary FOB'!#REF!
Name FOB: 'Summary FOB'!#REF!
Name FOB: 'Summary FOB'!#REF!
Name FOB: 'Summary FOB'!#REF!
Name FOB: 'Summary FOB'!#REF!
Name FOB: 'Summary FOB'!#REF!
Name partt: #N/A
Name PRINT_TITLES_MI: #N/A
Name project: #N/A

Sheet SO JUNI 2026 (Rev.2)
AH1: SMS | AI1: BMT
A2: SALES ORDER | U2: gf ranca
A3: 46174 | U3: =10500-6600 -> 3900
AU4: FOB PTGN
A5: Week | B5: DATE | D5: TOTAL | E5: CLIN | F5: BI | G5: MKG | H5: STM | I5: OAJ | J5: NNI | K5: SHB | L5: GTL | M5: TWK | N5: BYC | O5: GF RANCA | P5: SMA | Q5: UMI | R5: HLI | S5: ASAHIMAS | T5: DIC | U5: HCI | V5: HANKOOK | W5: KSN | X5: KSN RANCA | Y5: ADP | Z5: ALT (KSO MASAMI) | AA5: IDP (KSO AAE) | AB5: FJI (KSO SALMAH) | AC5: WINGLOK (KSO EBM) | AD5: CISF (KSO RRS) | AE5: KGM | AF5: PUJ - LUBRICANT | AG5: CALBEE (KSO BMI) | AH5: IP | AI5: BEM | AJ5: AMI | AK5: KA | AL5: KTN | AM5: TOMIMOTO | AN5: NIAGA GARAM | AO5: PCI 84 | AP5: PCI MENGGER | AQ5: INDOFOOD | AR5: CERES | AS5: ABC KOGEN | AT5: TONGJI | AU5: PA | AV5: RB | AW5: GF ATOM | AX5: GF KULIT | AY5: HSK (KSO GAS) | AZ5: SDM | BA5: JARGAS | BB5: SBI | BC5: SP JES | BD5: SP GLOBAL | BE5: PENTAWIRA
A6: =WEEKNUM(B6) -> 23 | B6: 46174 | C6: =TEXT(B6,"ddd") -> Sen | D6: =SUM(E6:BE6) -> 177245.12 | E6: 1199.5729 | F6: 2000 | G6: 1200 | H6: 3300 | I6: 644.02065 | J6: 0 | K6: 150 | L6: 603.76323 | M6: 673.27548 | N6: 0 | O6: 0 | P6: 2000 | Q6: 10000 | R6: =4000+5300 -> 9300 | S6: 29000 | T6: 0 | U6: 7000 | V6: 0 | W6: 4000 | X6: 2500 | Y6: 750 | Z6: 1000 | AA6: 5500 | AB6: 0 | AC6: 89.451613 | AD6: 3500 | AE6: 1300 | AF6: 5500 | AG6: 8000 | AH6: 2020.8603 | AI6: 800 | AJ6: 7200 | AK6: 3499.8768 | AL6: 2043.2745 | AM6: 0 | AN6: 1000 | AO6: 11007.047 | AP6: 1519.5448 | AQ6: 3999.6742 | AR6: 9000.0571 | AS6: 8000 | AT6: 3500 | AU6: 800 | AV6: 3800 | AW6: 2044.9997 | AX6: 0 | AY6: 0 | AZ6: 0 | BA6: 1800 | BB6: 2499.7026 | BC6: 0 | BD6: 13500 | BE6: 0
B7: =B6+1 -> 46175 | C7: =TEXT(B7,"ddd") -> Sel | D7: =SUM(E7:BE7) -> 206786.63 | E7: 1199.5729 | F7: 2000 | G7: 1200 | H7: 3300 | I7: 644.02065 | J7: 0 | K7: 150 | L7: 603.76323 | M7: 673.27548 | N7: 5500 | O7: 6000 | P7: 2000 | Q7: 16000 | R7: 9300 | S7: 29000 | T7: 8000 | U7: 7000 | V7: 0 | W7: 4000 | X7: 5000 | Y7: 750 | Z7: 1000 | AA7: 5500 | AB7: 0 | AC7: 89.451613 | AD7: 3500 | AE7: 1300 | AF7: 5500 | AG7: 8000 | AH7: 2020.8603 | AI7: 800 | AJ7: 7200 | AK7: 3499.8768 | AL7: 2043.2745 | AM7: 0 | AN7: 1000 | AO7: 11007.047 | AP7: 1519.5448 | AQ7: 3999.6742 | AR7: 9000.0571 | AS7: 8000 | AT7: 3500 | AU7: 850 | AV7: 3800 | AW7: 2044.9997 | AX7: 369.61071 | AY7: 0 | AZ7: 1121.9003 | BA7: 1800 | BB7: 2499.7026 | BC7: 0 | BD7: 13500 | BE7: 0
B8: =B7+1 -> 46176 | C8: =TEXT(B8,"ddd") -> Rab | D8: =SUM(E8:BE8) -> 206786.63 | E8: 1199.5729 | F8: 2000 | G8: 1200 | H8: 3300 | I8: 644.02065 | J8: 0 | K8: 150 | L8: 603.76323 | M8: 673.27548 | N8: 5500 | O8: 6000 | P8: 2000 | Q8: 16000 | R8: 9300 | S8: 29000 | T8: 8000 | U8: 7000 | V8: 0 | W8: 4000 | X8: 5000 | Y8: 750 | Z8: 1000 | AA8: 5500 | AB8: 0 | AC8: 89.451613 | AD8: 3500 | AE8: 1300 | AF8: 5500 | AG8: 8000 | AH8: 2020.8603 | AI8: 800 | AJ8: 7200 | AK8: 3499.8768 | AL8: 2043.2745 | AM8: 0 | AN8: 1000 | AO8: 11007.047 | AP8: 1519.5448 | AQ8: 3999.6742 | AR8: 9000.0571 | AS8: 8000 | AT8: 3500 | AU8: 850 | AV8: 3800 | AW8: 2044.9997 | AX8: 369.61071 | AY8: 0 | AZ8: 1121.9003 | BA8: 1800 | BB8: 2499.7026 | BC8: 0 | BD8: 13500 | BE8: 0
A9: =WEEKNUM(B9) -> 23 | B9: =B8+1 -> 46177 | C9: =TEXT(B9,"ddd") -> Kam | D9: =SUM(E9:BE9) -> 206786.63 | E9: 1199.5729 | F9: 2000 | G9: 1200 | H9: 3300 | I9: 644.02065 | J9: 0 | K9: 150 | L9: 603.76323 | M9: 673.27548 | N9: 5500 | O9: 6000 | P9: 2000 | Q9: 16000 | R9: 9300 | S9: 29000 | T9: 8000 | U9: 7000 | V9: 0 | W9: 4000 | X9: 5000 | Y9: 750 | Z9: 1000 | AA9: 5500 | AB9: 0 | AC9: 89.451613 | AD9: 3500 | AE9: 1300 | AF9: 5500 | AG9: 8000 | AH9: 2020.8603 | AI9: 800 | AJ9: 7200 | AK9: 3499.8768 | AL9: 2043.2745 | AM9: 0 | AN9: 1000 | AO9: 11007.047 | AP9: 1519.5448 | AQ9: 3999.6742 | AR9: 9000.0571 | AS9: 8000 | AT9: 3500 | AU9: 850 | AV9: 3800 | AW9: 2044.9997 | AX9: 369.61071 | AY9: 0 | AZ9: 1121.9003 | BA9: 1800 | BB9: 2499.7026 | BC9: 0 | BD9: 13500 | BE9: 0
B10: =B9+1 -> 46178 | C10: =TEXT(B10,"ddd") -> Jum | D10: =SUM(E10:BE10) -> 206786.63 | E10: 1199.5729 | F10: 2000 | G10: 1200 | H10: 3300 | I10: 644.02065 | J10: 0 | K10: 150 | L10: 603.76323 | M10: 673.27548 | N10: 5500 | O10: 6000 | P10: 2000 | Q10: 16000 | R10: 9300 | S10: 29000 | T10: 8000 | U10: 7000 | V10: 0 | W10: 4000 | X10: 5000 | Y10: 750 | Z10: 1000 | AA10: 5500 | AB10: 0 | AC10: 89.451613 | AD10: 3500 | AE10: 1300 | AF10: 5500 | AG10: 8000 | AH10: 2020.8603 | AI10: 800 | AJ10: 7200 | AK10: 3499.8768 | AL10: 2043.2745 | AM10: 0 | AN10: 1000 | AO10: 11007.047 | AP10: 1519.5448 | AQ10: 3999.6742 | AR10: 9000.0571 | AS10: 8000 | AT10: 3500 | AU10: 850 | AV10: 3800 | AW10: 2044.9997 | AX10: 369.61071 | AY10: 0 | AZ10: 1121.9003 | BA10: 1800 | BB10: 2499.7026 | BC10: 0 | BD10: 13500 | BE10: 0
B11: =B10+1 -> 46179 | C11: =TEXT(B11,"ddd") -> Sab | D11: =SUM(E11:BE11) -> 205148.86 | E11: 733.5729 | F11: 1000 | G11: 1200 | H11: 3300 | I11: 644.02065 | J11: 0 | K11: 150 | L11: 603.76323 | M11: 673.27548 | N11: 4500 | O11: 6000 | P11: 1000 | Q11: 16000 | R11: 9300 | S11: 48000 | T11: 8000 | U11: 0 | V11: 0 | W11: 4000 | X11: 5000 | Y11: 750 | Z11: 1000 | AA11: 5500 | AB11: 0 | AC11: 89.451613 | AD11: 3500 | AE11: 1300 | AF11: 0 | AG11: 8000 | AH11: 2020.8603 | AI11: 800 | AJ11: 7200 | AK11: 0 | AL11: 2043.2745 | AM11: 0 | AN11: 1000 | AO11: 11007.047 | AP11: 1519.5448 | AQ11: 3999.6742 | AR11: 9000.0571 | AS11: 8000 | AT11: 3500 | AU11: 800 | AV11: 3800 | AW11: 2044.9997 | AX11: 369.61071 | AY11: 0 | AZ11: 0 | BA11: 1800 | BB11: 2499.7026 | BC11: 0 | BD11: 13500 | BE11: 0
B12: =B11+1 -> 46180 | C12: =TEXT(B12,"ddd") -> Mgg | D12: =SUM(E12:BE12) -> 178657.78 | E12: 733.5729 | F12: 1000 | G12: 1200 | H12: 999.51613 | I12: 644.02065 | J12: 0 | K12: 0 | L12: 603.76323 | M12: 673.27548 | N12: 0 | O12: 6000 | P12: 300 | Q12: 6659.5545 | R12: 9300 | S12: =48000+6000 -> 54000 | T12: 8000 | U12: 0 | V12: 0 | W12: 4000 | X12: 5000 | Y12: 750 | Z12: 0 | AA12: 2500 | AB12: 0 | AC12: 89.451613 | AD12: 1000 | AE12: 1300 | AF12: 0 | AG12: 8000 | AH12: 2020.8603 | AI12: 0 | AJ12: 2999.8519 | AK12: 0 | AL12: 2043.2745 | AM12: 0 | AN12: 0 | AO12: 11007.047 | AP12: 1519.5448 | AQ12: 3999.6742 | AR12: 6000.0571 | AS12: 8000 | AT12: 3500 | AU12: 800 | AV12: 3800 | AW12: 2044.9997 | AX12: 369.61071 | AY12: 0 | AZ12: 0 | BA12: 1800 | BB12: 2499.7026 | BC12: 0 | BD12: 13500 | BE12: 0
B13: Sub Total | D13: =SUM(D6:D12) -> 1388198.3 | E13: =SUM(E6:E12) -> 7465.0103 | F13: =SUM(F6:F12) -> 12000 | G13: =SUM(G6:G12) -> 8400 | H13: =SUM(H6:H12) -> 20799.516 | I13: =SUM(I6:I12) -> 4508.1445 | J13: =SUM(J6:J12) -> 0 | K13: =SUM(K6:K12) -> 900 | ... AA13: =SUM(AA6:AA12) -> 35500 | AB13: =SUM(AB10:AB12) -> 0 | AC13: =SUM(AC6:AC12) -> 626.16129 | AD13: =SUM(AD6:AD12) -> 22000 | AE13: =SUM(AE6:AE12) -> 9100 | AF13: =SUM(AF6:AF12) -> 27500 | AG13: =SUM(AG6:AG12) -> 56000 | AH13: =SUM(AH6:AH12) -> 14146.022 | AI13: =SUM(AI6:AI12) -> 4800 | AJ13: =SUM(AJ6:AJ12) -> 46199.852 | ... BE13: =SUM(BE6:BE12) -> 0
B15: =B12+1 -> 46181 | C15: =TEXT(B15,"ddd") -> Sen | D15: =SUM(E15:BE15) -> 221786.63 | E15: 1199.5729 | F15: 2000 | G15: 1200 | H15: 3300 | I15: 644.02065 | J15: 0 | K15: 150 | L15: 603.76323 | M15: 673.27548 | N15: 5500 | O15: 6000 | P15: 2000 | Q15: 16000 | R15: 9300 | S15: 29000 | T15: 8000 | U15: 7000 | V15: 0 | W15: 4000 | X15: 5000 | Y15: 750 | Z15: 1000 | AA15: 5500 | AB15: 0 | AC15: 89.451613 | AD15: 3500 | AE15: 1300 | AF15: 5500 | AG15: 8000 | AH15: 2020.8603 | AI15: 800 | AJ15: 7200 | AK15: 3499.8768 | AL15: 2043.2745 | AM15: 0 | AN15: 1000 | AO15: 11007.047 | AP15: 1519.5448 | AQ15: 3999.6742 | AR15: 9000.0571 | AS15: 8000 | AT15: 3500 | AU15: 850 | AV15: 3800 | AW15: 2044.9997 | AX15: 369.61071 | AY15: 0 | AZ15: 1121.9003 | BA15: 1800 | BB15: 2499.7026 | BC15: 0 | BD15: 13500 | BE15: 15000
B16: =B15+1 -> 46182 | C16: =TEXT(B16,"ddd") -> Sel | D16: =SUM(E16:BE16) -> 221786.63 | E16: 1199.5729 | F16: 2000 | G16: 1200 | H16: 3300 | I16: 644.02065 | J16: 0 | K16: 150 | L16: 603.76323 | M16: 673.27548 | N16: 5500 | O16: 6000 | P16: 2000 | Q16: 16000 | R16: 9300 | S16: 29000 | T16: 8000 | U16: 7000 | V16: 0 | W16: 4000 | X16: 5000 | Y16: 750 | Z16: 1000 | AA16: 5500 | AB16: 0 | AC16: 89.451613 | AD16: 3500 | AE16: 1300 | AF16: 5500 | AG16: 8000 | AH16: 2020.8603 | AI16: 800 | AJ16: 7200 | AK16: 3499.8768 | AL16: 2043.2745 | AM16: 0 | AN16: 1000 | AO16: 11007.047 | AP16: 1519.5448 | AQ16: 3999.6742 | AR16: 9000.0571 | AS16: 8000 | AT16: 3500 | AU16: 850 | AV16: 3800 | AW16: 2044.9997 | AX16: 369.61071 | AY16: 0 | AZ16: 1121.9003 | BA16: 1800 | BB16: 2499.7026 | BC16: 0 | BD16: 13500 | BE16: 15000
B17: =B16+1 -> 46183 | C17: =TEXT(B17,"ddd") -> Rab | D17: =SUM(E17:BE17) -> 221786.63 | E17: 1199.5729 | F17: 2000 | G17: 1200 | H17: 3300 | I17: 644.02065 | J17: 0 | K17: 150 | L17: 603.76323 | M17: 673.27548 | N17: 5500 | O17: 6000 | P17: 2000 | Q17: 16000 | R17: 9300 | S17: 29000 | T17: 8000 | U17: 7000 | V17: 0 | W17: 4000 | X17: 5000 | Y17: 750 | Z17: 1000 | AA17: 5500 | AB17: 0 | AC17: 89.451613 | AD17: 3500 | AE17: 1300 | AF17: 5500 | AG17: 8000 | AH17: 2020.8603 | AI17: 800 | AJ17: 7200 | AK17: 3499.8768 | AL17: 2043.2745 | AM17: 0 | AN17: 1000 | AO17: 11007.047 | AP17: 1519.5448 | AQ17: 3999.6742 | AR17: 9000.0571 | AS17: 8000 | AT17: 3500 | AU17: 850 | AV17: 3800 | AW17: 2044.9997 | AX17: 369.61071 | AY17: 0 | AZ17: 1121.9003 | BA17: 1800 | BB17: 2499.7026 | BC17: 0 | BD17: 13500 | BE17: 15000
A18: =WEEKNUM(B18) -> 24 | B18: =B17+1 -> 46184 | C18: =TEXT(B18,"ddd") -> Kam | D18: =SUM(E18:BE18) -> 221786.63 | E18: 1199.5729 | F18: 2000 | G18: 1200 | H18: 3300 | I18: 644.02065 | J18: 0 | K18: 150 | L18: 603.76323 | M18: 673.27548 | N18: 5500 | O18: 6000 | P18: 2000 | Q18: 16000 | R18: 9300 | S18: 29000 | T18: 8000 | U18: 7000 | V18: 0 | W18: 4000 | X18: 5000 | Y18: 750 | Z18: 1000 | AA18: 5500 | AB18: 0 | AC18: 89.451613 | AD18: 3500 | AE18: 1300 | AF18: 5500 | AG18: 8000 | AH18: 2020.8603 | AI18: 800 | AJ18: 7200 | AK18: 3499.8768 | AL18: 2043.2745 | AM18: 0 | AN18: 1000 | AO18: 11007.047 | AP18: 1519.5448 | AQ18: 3999.6742 | AR18: 9000.0571 | AS18: 8000 | AT18: 3500 | AU18: 850 | AV18: 3800 | AW18: 2044.9997 | AX18: 369.61071 | AY18: 0 | AZ18: 1121.9003 | BA18: 1800 | BB18: 2499.7026 | BC18: 0 | BD18: 13500 | BE18: 15000
B19: =B18+1 -> 46185 | C19: =TEXT(B19,"ddd") -> Jum | D19: =SUM(E19:BE19) -> 221786.63 | E19: 1199.5729 | F19: 2000 | G19: 1200 | H19: 3300 | I19: 644.02065 | J19: 0 | K19: 150 | L19: 603.76323 | M19: 673.27548 | N19: 5500 | O19: 6000 | P19: 2000 | Q19: 16000 | R19: 9300 | S19: 29000 | T19: 8000 | U19: 7000 | V19: 0 | W19: 4000 | X19: 5000 | Y19: 750 | Z19: 1000 | AA19: 5500 | AB19: 0 | AC19: 89.451613 | AD19: 3500 | AE19: 1300 | AF19: 5500 | AG19: 8000 | AH19: 2020.8603 | AI19: 800 | AJ19: 7200 | AK19: 3499.8768 | AL19: 2043.2745 | AM19: 0 | AN19: 1000 | AO19: 11007.047 | AP19: 1519.5448 | AQ19: 3999.6742 | AR19: 9000.0571 | AS19: 8000 | AT19: 3500 | AU19: 850 | AV19: 3800 | AW19: 2044.9997 | AX19: 369.61071 | AY19: 0 | AZ19: 1121.9003 | BA19: 1800 | BB19: 2499.7026 | BC19: 0 | BD19: 13500 | BE19: 15000
B20: =B19+1 -> 46186 | C20: =TEXT(B20,"ddd") -> Sab | D20: =SUM(E20:BE20) -> 220148.86 | E20: 733.5729 | F20: 1000 | G20: 1200 | H20: 3300 | I20: 644.02065 | J20: 0 | K20: 150 | L20: 603.76323 | M20: 673.27548 | N20: 4500 | O20: 6000 | P20: 1000 | Q20: 16000 | R20: 9300 | S20: 48000 | T20: 8000 | U20: 0 | V20: 0 | W20: 4000 | X20: 5000 | Y20: 750 | Z20: 1000 | AA20: 5500 | AB20: 0 | AC20: 89.451613 | AD20: 3500 | AE20: 1300 | AF20: 0 | AG20: 8000 | AH20: 2020.8603 | AI20: 800 | AJ20: 7200 | AK20: 0 | AL20: 2043.2745 | AM20: 0 | AN20: 1000 | AO20: 11007.047 | AP20: 1519.5448 | AQ20: 3999.6742 | AR20: 9000.0571 | AS20: 8000 | AT20: 3500 | AU20: 800 | AV20: 3800 | AW20: 2044.9997 | AX20: 369.61071 | AY20: 0 | AZ20: 0 | BA20: 1800 | BB20: 2499.7026 | BC20: 0 | BD20: 13500 | BE20: 15000
B21: =B20+1 -> 46187 | C21: =TEXT(B21,"ddd") -> Mgg | D21: =SUM(E21:BE21) -> 193657.78 | E21: 733.5729 | F21: 1000 | G21: 1200 | H21: 999.51613 | I21: 644.02065 | J21: 0 | K21: 0 | L21: 603.76323 | M21: 673.27548 | N21: 0 | O21: 6000 | P21: 300 | Q21: 6659.5545 | R21: 9300 | S21: =48000+6000 -> 54000 | T21: 8000 | U21: 0 | V21: 0 | W21: 4000 | X21: 5000 | Y21: 750 | Z21: 0 | AA21: 2500 | AB21: 0 | AC21: 89.451613 | AD21: 1000 | AE21: 1300 | AF21: 0 | AG21: 8000 | AH21: 2020.8603 | AI21: 0 | AJ21: 2999.8519 | AK21: 0 | AL21: 2043.2745 | AM21: 0 | AN21: 0 | AO21: 11007.047 | AP21: 1519.5448 | AQ21: 3999.6742 | AR21: 6000.0571 | AS21: 8000 | AT21: 3500 | AU21: 800 | AV21: 3800 | AW21: 2044.9997 | AX21: 369.61071 | AY21: 0 | AZ21: 0 | BA21: 1800 | BB21: 2499.7026 | BC21: 0 | BD21: 13500 | BE21: 15000
B22: Sub Total | D22: =SUM(D15:D21) -> 1522739.8 | E22: =SUM(E15:E21) -> 7465.0103 | F22: =SUM(F15:F21) -> 12000 | G22: =SUM(G15:G21) -> 8400 | H22: =SUM(H15:H21) -> 20799.516 | I22: =SUM(I15:I21) -> 4508.1445 | J22: =SUM(J15:J21) -> 0 | K22: =SUM(K15:K21) -> 900 | ... BE22: =SUM(BE15:BE21) -> 105000
B24: =B21+1 -> 46188 | C24: =TEXT(B24,"ddd") -> Sen | D24: =SUM(E24:BE24) -> 222286.63 | E24: 1199.5729 | F24: 2000 | G24: 1200 | H24: 3300 | I24: 644.02065 | J24: 0 | K24: 150 | L24: 603.76323 | M24: 673.27548 | N24: 5500 | O24: 6000 | P24: 2500 | Q24: 16000 | R24: 9300 | S24: 29000 | T24: 8000 | U24: 7000 | V24: 0 | W24: 4000 | X24: 5000 | Y24: 750 | Z24: 1000 | AA24: 5500 | AB24: 0 | AC24: 89.451613 | AD24: 3500 | AE24: 1300 | AF24: 5500 | AG24: 8000 | AH24: 2020.8603 | AI24: 800 | AJ24: 7200 | AK24: 3499.8768 | AL24: 2043.2745 | AM24: 0 | AN24: 1000 | AO24: 11007.047 | AP24: 1519.5448 | AQ24: 3999.6742 | AR24: 9000.0571 | AS24: 8000 | AT24: 3500 | AU24: 850 | AV24: 3800 | AW24: 2044.9997 | AX24: 369.61071 | AY24: 0 | AZ24: 1121.9003 | BA24: 1800 | BB24: 2499.7026 | BC24: 0 | BD24: 13500 | BE24: 15000
B25: =B24+1 -> 46189 | C25: =TEXT(B25,"ddd") -> Sel | D25: =SUM(E25:BE25) -> 206115.16 | E25: 0 | F25: 1000 | G25: 1200 | H25: 3300 | I25: 644.02065 | J25: 0 | K25: 150 | L25: 603.76323 | M25: 673.27548 | N25: 0 | O25: 0 | P25: 1000 | Q25: 10000 | R25: 9300 | S25: 54000 | T25: 8000 | U25: 7000 | V25: 0 | W25: 2000 | X25: 2500 | Y25: 750 | Z25: 1000 | AA25: 5500 | AB25: 0 | AC25: 89.451613 | AD25: 3500 | AE25: 1300 | AF25: 0 | AG25: 0 | AH25: 2020.8603 | AI25: 800 | AJ25: 7200 | AK25: 3499.8768 | AL25: 2043.2745 | AM25: 0 | AN25: 1000 | AO25: 11007.047 | AP25: 1519.5448 | AQ25: 3999.6742 | AR25: 9000.0571 | AS25: 8000 | AT25: 3500 | AU25: 0 | AV25: 3800 | AW25: 2044.9997 | AX25: 369.61071 | AY25: 0 | AZ25: 0 | BA25: 1800 | BB25: 2499.7026 | BC25: 0 | BD25: 13500 | BE25: 15000
B26: =B25+1 -> 46190 | C26: =TEXT(B26,"ddd") -> Rab | D26: =SUM(E26:BE26) -> 222286.63 | E26: 1199.5729 | F26: 2000 | G26: 1200 | H26: 3300 | I26: 644.02065 | J26: 0 | K26: 150 | L26: 603.76323 | M26: 673.27548 | N26: 5500 | O26: 6000 | P26: 2500 | Q26: 16000 | R26: 9300 | S26: 29000 | T26: 8000 | U26: 7000 | V26: 0 | W26: 4000 | X26: 5000 | Y26: 750 | Z26: 1000 | AA26: 5500 | AB26: 0 | AC26: 89.451613 | AD26: 3500 | AE26: 1300 | AF26: 5500 | AG26: 8000 | AH26: 2020.8603 | AI26: 800 | AJ26: 7200 | AK26: 3499.8768 | AL26: 2043.2745 | AM26: 0 | AN26: 1000 | AO26: 11007.047 | AP26: 1519.5448 | AQ26: 3999.6742 | AR26: 9000.0571 | AS26: 8000 | AT26: 3500 | AU26: 850 | AV26: 3800 | AW26: 2044.9997 | AX26: 369.61071 | AY26: 0 | AZ26: 1121.9003 | BA26: 1800 | BB26: 2499.7026 | BC26: 0 | BD26: 13500 | BE26: 15000
A27: =WEEKNUM(B27) -> 25 | B27: =B26+1 -> 46191 | C27: =TEXT(B27,"ddd") -> Kam | D27: =SUM(E27:BE27) -> 222286.63 | E27: 1199.5729 | F27: 2000 | G27: 1200 | H27: 3300 | I27: 644.02065 | J27: 0 | K27: 150 | L27: 603.76323 | M27: 673.27548 | N27: 5500 | O27: 6000 | P27: 2500 | Q27: 16000 | R27: 9300 | S27: 29000 | T27: 8000 | U27: 7000 | V27: 0 | W27: 4000 | X27: 5000 | Y27: 750 | Z27: 1000 | AA27: 5500 | AB27: 0 | AC27: 89.451613 | AD27: 3500 | AE27: 1300 | AF27: 5500 | AG27: 8000 | AH27: 2020.8603 | AI27: 800 | AJ27: 7200 | AK27: 3499.8768 | AL27: 2043.2745 | AM27: 0 | AN27: 1000 | AO27: 11007.047 | AP27: 1519.5448 | AQ27: 3999.6742 | AR27: 9000.0571 | AS27: 8000 | AT27: 3500 | AU27: 850 | AV27: 3800 | AW27: 2044.9997 | AX27: 369.61071 | AY27: 0 | AZ27: 1121.9003 | BA27: 1800 | BB27: 2499.7026 | BC27: 0 | BD27: 13500 | BE27: 15000
B28: =B27+1 -> 46192 | C28: =TEXT(B28,"ddd") -> Jum | D28: =SUM(E28:BE28) -> 222286.63 | E28: 1199.5729 | F28: 2000 | G28: 1200 | H28: 3300 | I28: 644.02065 | J28: 0 | K28: 150 | L28: 603.76323 | M28: 673.27548 | N28: 5500 | O28: 6000 | P28: 2500 | Q28: 16000 | R28: 9300 | S28: 29000 | T28: 8000 | U28: 7000 | V28: 0 | W28: 4000 | X28: 5000 | Y28: 750 | Z28: 1000 | AA28: 5500 | AB28: 0 | AC28: 89.451613 | AD28: 3500 | AE28: 1300 | AF28: 5500 | AG28: 8000 | AH28: 2020.8603 | AI28: 800 | AJ28: 7200 | AK28: 3499.8768 | AL28: 2043.2745 | AM28: 0 | AN28: 1000 | AO28: 11007.047 | AP28: 1519.5448 | AQ28: 3999.6742 | AR28: 9000.0571 | AS28: 8000 | AT28: 3500 | AU28: 850 | AV28: 3800 | AW28: 2044.9997 | AX28: 369.61071 | AY28: 0 | AZ28: 1121.9003 | BA28: 1800 | BB28: 2499.7026 | BC28: 0 | BD28: 13500 | BE28: 15000
B29: =B28+1 -> 46193 | C29: =TEXT(B29,"ddd") -> Sab | D29: =SUM(E29:BE29) -> 220148.86 | E29: 733.5729 | F29: 1000 | G29: 1200 | H29: 3300 | I29: 644.02065 | J29: 0 | K29: 150 | L29: 603.76323 | M29: 673.27548 | N29: 4500 | O29: 6000 | P29: 1000 | Q29: 16000 | R29: 9300 | S29: 48000 | T29: 8000 | U29: 0 | V29: 0 | W29: 4000 | X29: 5000 | Y29: 750 | Z29: 1000 | AA29: 5500 | AB29: 0 | AC29: 89.451613 | AD29: 3500 | AE29: 1300 | AF29: 0 | AG29: 8000 | AH29: 2020.8603 | AI29: 800 | AJ29: 7200 | AK29: 0 | AL29: 2043.2745 | AM29: 0 | AN29: 1000 | AO29: 11007.047 | AP29: 1519.5448 | AQ29: 3999.6742 | AR29: 9000.0571 | AS29: 8000 | AT29: 3500 | AU29: 800 | AV29: 3800 | AW29: 2044.9997 | AX29: 369.61071 | AY29: 0 | AZ29: 0 | BA29: 1800 | BB29: 2499.7026 | BC29: 0 | BD29: 13500 | BE29: 15000
B30: =B29+1 -> 46194 | C30: =TEXT(B30,"ddd") -> Mgg | D30: =SUM(E30:BE30) -> 193657.78 | E30: 733.5729 | F30: 1000 | G30: 1200 | H30: 999.51613 | I30: 644.02065 | J30: 0 | K30: 0 | L30: 603.76323 | M30: 673.27548 | N30: 0 | O30: 6000 | P30: 300 | Q30: 6659.5545 | R30: 9300 | S30: =48000+6000 -> 54000 | T30: 8000 | U30: 0 | V30: 0 | W30: 4000 | X30: 5000 | Y30: 750 | Z30: 0 | AA30: 2500 | AB30: 0 | AC30: 89.451613 | AD30: 1000 | AE30: 1300 | AF30: 0 | AG30: 8000 | AH30: 2020.8603 | AI30: 0 | AJ30: 2999.8519 | AK30: 0 | AL30: 2043.2745 | AM30: 0 | AN30: 0 | AO30: 11007.047 | AP30: 1519.5448 | AQ30: 3999.6742 | AR30: 6000.0571 | AS30: 8000 | AT30: 3500 | AU30: 800 | AV30: 3800 | AW30: 2044.9997 | AX30: 369.61071 | AY30: 0 | AZ30: 0 | BA30: 1800 | BB30: 2499.7026 | BC30: 0 | BD30: 13500 | BE30: 15000
B31: Sub Total | D31: =SUM(D24:D30) -> 1509068.3 | E31: =SUM(E24:E30) -> 6265.4374 | F31: =SUM(F24:F30) -> 11000 | G31: =SUM(G24:G30) -> 8400 | H31: =SUM(H24:H30) -> 20799.516 | I31: =SUM(I24:I30) -> 4508.1445 | J31: =SUM(J24:J30) -> 0 | K31: =SUM(K24:K30) -> 900 | ... BE31: =SUM(BE24:BE30) -> 105000
B33: =B30+1 -> 46195 | C33: =TEXT(B33,"ddd") -> Sen | D33: =SUM(E33:BE33) -> 222286.63 | E33: 1199.5729 | F33: 2000 | G33: 1200 | H33: 3300 | I33: 644.02065 | J33: 0 | K33: 150 | L33: 603.76323 | M33: 673.27548 | N33: 5500 | O33: 6000 | P33: 2500 | Q33: 16000 | R33: 9300 | S33: 29000 | T33: 8000 | U33: 7000 | V33: 0 | W33: 4000 | X33: 5000 | Y33: 750 | Z33: 1000 | AA33: 5500 | AB33: 0 | AC33: 89.451613 | AD33: 3500 | AE33: 1300 | AF33: 5500 | AG33: 8000 | AH33: 2020.8603 | AI33: 800 | AJ33: 7200 | AK33: 3499.8768 | AL33: 2043.2745 | AM33: 0 | AN33: 1000 | AO33: 11007.047 | AP33: 1519.5448 | AQ33: 3999.6742 | AR33: 9000.0571 | AS33: 8000 | AT33: 3500 | AU33: 850 | AV33: 3800 | AW33: 2044.9997 | AX33: 369.61071 | AY33: 0 | AZ33: 1121.9003 | BA33: 1800 | BB33: 2499.7026 | BC33: 0 | BD33: 13500 | BE33: 15000
B34: =B33+1 -> 46196 | C34: =TEXT(B34,"ddd") -> Sel | D34: =SUM(E34:BE34) -> 222286.63 | E34: 1199.5729 | F34: 2000 | G34: 1200 | H34: 3300 | I34: 644.02065 | J34: 0 | K34: 150 | L34: 603.76323 | M34: 673.27548 | N34: 5500 | O34: 6000 | P34: 2500 | Q34: 16000 | R34: 9300 | S34: 29000 | T34: 8000 | U34: 7000 | V34: 0 | W34: 4000 | X34: 5000 | Y34: 750 | Z34: 1000 | AA34: 5500 | AB34: 0 | AC34: 89.451613 | AD34: 3500 | AE34: 1300 | AF34: 5500 | AG34: 8000 | AH34: 2020.8603 | AI34: 800 | AJ34: 7200 | AK34: 3499.8768 | AL34: 2043.2745 | AM34: 0 | AN34: 1000 | AO34: 11007.047 | AP34: 1519.5448 | AQ34: 3999.6742 | AR34: 9000.0571 | AS34: 8000 | AT34: 3500 | AU34: 850 | AV34: 3800 | AW34: 2044.9997 | AX34: 369.61071 | AY34: 0 | AZ34: 1121.9003 | BA34: 1800 | BB34: 2499.7026 | BC34: 0 | BD34: 13500 | BE34: 15000
B35: =B34+1 -> 46197 | C35: =TEXT(B35,"ddd") -> Rab | D35: =SUM(E35:BE35) -> 222286.63 | E35: 1199.5729 | F35: 2000 | G35: 1200 | H35: 3300 | I35: 644.02065 | J35: 0 | K35: 150 | L35: 603.76323 | M35: 673.27548 | N35: 5500 | O35: 6000 | P35: 2500 | Q35: 16000 | R35: 9300 | S35: 29000 | T35: 8000 | U35: 7000 | V35: 0 | W35: 4000 | X35: 5000 | Y35: 750 | Z35: 1000 | AA35: 5500 | AB35: 0 | AC35: 89.451613 | AD35: 3500 | AE35: 1300 | AF35: 5500 | AG35: 8000 | AH35: 2020.8603 | AI35: 800 | AJ35: 7200 | AK35: 3499.8768 | AL35: 2043.2745 | AM35: 0 | AN35: 1000 | AO35: 11007.047 | AP35: 1519.5448 | AQ35: 3999.6742 | AR35: 9000.0571 | AS35: 8000 | AT35: 3500 | AU35: 850 | AV35: 3800 | AW35: 2044.9997 | AX35: 369.61071 | AY35: 0 | AZ35: 1121.9003 | BA35: 1800 | BB35: 2499.7026 | BC35: 0 | BD35: 13500 | BE35: 15000
A36: =WEEKNUM(B36) -> 26 | B36: =B35+1 -> 46198 | C36: =TEXT(B36,"ddd") -> Kam | D36: =SUM(E36:BE36) -> 222286.63 | E36: 1199.5729 | F36: 2000 | G36: 1200 | H36: 3300 | I36: 644.02065 | J36: 0 | K36: 150 | L36: 603.76323 | M36: 673.27548 | N36: 5500 | O36: 6000 | P36: 2500 | Q36: 16000 | R36: 9300 | S36: 29000 | T36: 8000 | U36: 7000 | V36: 0 | W36: 4000 | X36: 5000 | Y36: 750 | Z36: 1000 | AA36: 5500 | AB36: 0 | AC36: 89.451613 | AD36: 3500 | AE36: 1300 | AF36: 5500 | AG36: 8000 | AH36: 2020.8603 | AI36: 800 | AJ36: 7200 | AK36: 3499.8768 | AL36: 2043.2745 | AM36: 0 | AN36: 1000 | AO36: 11007.047 | AP36: 1519.5448 | AQ36: 3999.6742 | AR36: 9000.0571 | AS36: 8000 | AT36: 3500 | AU36: 850 | AV36: 3800 | AW36: 2044.9997 | AX36: 369.61071 | AY36: 0 | AZ36: 1121.9003 | BA36: 1800 | BB36: 2499.7026 | BC36: 0 | BD36: 13500 | BE36: 15000
B37: =B36+1 -> 46199 | C37: =TEXT(B37,"ddd") -> Jum | D37: =SUM(E37:BE37) -> 222286.63 | E37: 1199.5729 | F37: 2000 | G37: 1200 | H37: 3300 | I37: 644.02065 | J37: 0 | K37: 150 | L37: 603.76323 | M37: 673.27548 | N37: 5500 | O37: 6000 | P37: 2500 | Q37: 16000 | R37: 9300 | S37: 29000 | T37: 8000 | U37: 7000 | V37: 0 | W37: 4000 | X37: 5000 | Y37: 750 | Z37: 1000 | AA37: 5500 | AB37: 0 | AC37: 89.451613 | AD37: 3500 | AE37: 1300 | AF37: 5500 | AG37: 8000 | AH37: 2020.8603 | AI37: 800 | AJ37: 7200 | AK37: 3499.8768 | AL37: 2043.2745 | AM37: 0 | AN37: 1000 | AO37: 11007.047 | AP37: 1519.5448 | AQ37: 3999.6742 | AR37: 9000.0571 | AS37: 8000 | AT37: 3500 | AU37: 850 | AV37: 3800 | AW37: 2044.9997 | AX37: 369.61071 | AY37: 0 | AZ37: 1121.9003 | BA37: 1800 | BB37: 2499.7026 | BC37: 0 | BD37: 13500 | BE37: 15000
B38: =B37+1 -> 46200 | C38: =TEXT(B38,"ddd") -> Sab | D38: =SUM(E38:BE38) -> 220148.86 | E38: 733.5729 | F38: 1000 | G38: 1200 | H38: 3300 | I38: 644.02065 | J38: 0 | K38: 150 | L38: 603.76323 | M38: 673.27548 | N38: 4500 | O38: 6000 | P38: 1000 | Q38: 16000 | R38: 9300 | S38: 48000 | T38: 8000 | U38: 0 | V38: 0 | W38: 4000 | X38: 5000 | Y38: 750 | Z38: 1000 | AA38: 5500 | AB38: 0 | AC38: 89.451613 | AD38: 3500 | AE38: 1300 | AF38: 0 | AG38: 8000 | AH38: 2020.8603 | AI38: 800 | AJ38: 7200 | AK38: 0 | AL38: 2043.2745 | AM38: 0 | AN38: 1000 | AO38: 11007.047 | AP38: 1519.5448 | AQ38: 3999.6742 | AR38: 9000.0571 | AS38: 8000 | AT38: 3500 | AU38: 800 | AV38: 3800 | AW38: 2044.9997 | AX38: 369.61071 | AY38: 0 | AZ38: 0 | BA38: 1800 | BB38: 2499.7026 | BC38: 0 | BD38: 13500 | BE38: 15000
B39: =B38+1 -> 46201 | C39: =TEXT(B39,"ddd") -> Mgg | D39: =SUM(E39:BE39) -> 193657.78 | E39: 733.5729 | F39: 1000 | G39: 1200 | H39: 999.51613 | I39: 644.02065 | J39: 0 | K39: 0 | L39: 603.76323 | M39: 673.27548 | N39: 0 | O39: 6000 | P39: 300 | Q39: 6659.5545 | R39: 9300 | S39: =48000+6000 -> 54000 | T39: 8000 | U39: 0 | V39: 0 | W39: 4000 | X39: 5000 | Y39: 750 | Z39: 0 | AA39: 2500 | AB39: 0 | AC39: 89.451613 | AD39: 1000 | AE39: 1300 | AF39: 0 | AG39: 8000 | AH39: 2020.8603 | AI39: 0 | AJ39: 2999.8519 | AK39: 0 | AL39: 2043.2745 | AM39: 0 | AN39: 0 | AO39: 11007.047 | AP39: 1519.5448 | AQ39: 3999.6742 | AR39: 6000.0571 | AS39: 8000 | AT39: 3500 | AU39: 800 | AV39: 3800 | AW39: 2044.9997 | AX39: 369.61071 | AY39: 0 | AZ39: 0 | BA39: 1800 | BB39: 2499.7026 | BC39: 0 | BD39: 13500 | BE39: 15000
B40: Sub Total | D40: =SUM(D33:D39) -> 1525239.8 | E40: =SUM(E33:E39) -> 7465.0103 | F40: =SUM(F33:F39) -> 12000 | G40: =SUM(G33:G39) -> 8400 | H40: =SUM(H33:H39) -> 20799.516 | I40: =SUM(I33:I39) -> 4508.1445 | J40: =SUM(J33:J39) -> 0 | K40: =SUM(K33:K39) -> 900 | ... BE40: =SUM(BE33:BE39) -> 105000
B42: =B39+1 -> 46202 | C42: =TEXT(B42,"ddd") -> Sen | D42: =SUM(E42:BE42) -> 222286.63 | E42: 1199.5729 | F42: 2000 | G42: 1200 | H42: 3300 | I42: 644.02065 | J42: 0 | K42: 150 | L42: 603.76323 | M42: 673.27548 | N42: 5500 | O42: 6000 | P42: 2500 | Q42: 16000 | R42: 9300 | S42: 29000 | T42: 8000 | U42: 7000 | V42: 0 | W42: 4000 | X42: 5000 | Y42: 750 | Z42: 1000 | AA42: 5500 | AB42: 0 | AC42: 89.451613 | AD42: 3500 | AE42: 1300 | AF42: 5500 | AG42: 8000 | AH42: 2020.8603 | AI42: 800 | AJ42: 7200 | AK42: 3499.8768 | AL42: 2043.2745 | AM42: 0 | AN42: 1000 | AO42: 11007.047 | AP42: 1519.5448 | AQ42: 3999.6742 | AR42: 9000.0571 | AS42: 8000 | AT42: 3500 | AU42: 850 | AV42: 3800 | AW42: 2044.9997 | AX42: 369.61071 | AY42: 0 | AZ42: 1121.9003 | BA42: 1800 | BB42: 2499.7026 | BC42: 0 | BD42: 13500 | BE42: 15000
B43: =B42+1 -> 46203 | C43: =TEXT(B43,"ddd") -> Sel | D43: =SUM(E43:BE43) -> 222286.63 | E43: 1199.5729 | F43: 2000 | G43: 1200 | H43: 3300 | I43: 644.02065 | J43: 0 | K43: 150 | L43: 603.76323 | M43: 673.27548 | N43: 5500 | O43: 6000 | P43: 2500 | Q43: 16000 | R43: 9300 | S43: 29000 | T43: 8000 | U43: 7000 | V43: 0 | W43: 4000 | X43: 5000 | Y43: 750 | Z43: 1000 | AA43: 5500 | AB43: 0 | AC43: 89.451613 | AD43: 3500 | AE43: 1300 | AF43: 5500 | AG43: 8000 | AH43: 2020.8603 | AI43: 800 | AJ43: 7200 | AK43: 3499.8768 | AL43: 2043.2745 | AM43: 0 | AN43: 1000 | AO43: 11007.047 | AP43: 1519.5448 | AQ43: 3999.6742 | AR43: 9000.0571 | AS43: 8000 | AT43: 3500 | AU43: 850 | AV43: 3800 | AW43: 2044.9997 | AX43: 369.61071 | AY43: 0 | AZ43: 1121.9003 | BA43: 1800 | BB43: 2499.7026 | BC43: 0 | BD43: 13500 | BE43: 15000
B44: Sub Total | D44: =SUM(D42:D43) -> 444573.26 | E44: =SUM(E42:E43) -> 2399.1458 | F44: =SUM(F42:F43) -> 4000 | G44: =SUM(G42:G43) -> 2400 | H44: =SUM(H42:H43) -> 6600 | I44: =SUM(I42:I43) -> 1288.0413 | J44: =SUM(J42:J43) -> 0 | K44: =SUM(K42:K43) -> 300 | ... BE44: =SUM(BE42:BE43) -> 30000
B46: Sub Total | D46: =SUM(D44+D40+D31+D22+D13) -> 6389819.5 | E46: =SUM(E44+E40+E31+E22+E13) -> 31059.614 | F46: =SUM(F44+F40+F31+F22+F13) -> 51000 | G46: =SUM(G44+G40+G31+G22+G13) -> 36000 | H46: =SUM(H44+H40+H31+H22+H13) -> 89798.065 | I46: =SUM(I44+I40+I31+I22+I13) -> 19320.619 | J46: =SUM(J44+J40+J31+J22+J13) -> 0 | K46: =SUM(K44+K40+K31+K22+K13) -> 3900 | ... BE46: =SUM(BE44+BE40+BE31+BE22+BE13) -> 345000
B47: Total | D47: =SUM(D6:D12,D15:D21,D24:D30,D33:D39,D42:D43) -> 6389819.5 | E47: =SUM(E6:E12,E15:E21,E24:E30,E33:E39,E42:E43) -> 31059.614 | F47: =SUM(F6:F12,F15:F21,F24:F30,F33:F39,F42:F43) -> 51000 | G47: =SUM(G6:G12,G15:G21,G24:G30,G33:G39,G42:G43) -> 36000 | H47: =SUM(H6:H12,H15:H21,H24:H30,H33:H39,H42:H43) -> 89798.065 | I47: =SUM(I6:I12,I15:I21,I24:I30,I33:I39,I42:I43) -> 19320.619 | J47: =SUM(J6:J12,J15:J21,J24:J30,J33:J39,J42:J43) -> 0 | K47: =SUM(K6:K12,K15:K21,K24:K30,K33:K39,K42:K43) -> 3900 | ... BE47: =SUM(BE6:BE12,BE15:BE21,BE24:BE30,BE33:BE39,BE42:BE43) -> 345000
B48: Note Rev.1:
B49: Note Rev.1:
B50: Note Rev.1:
B51: Note Rev.1:
B52: Note Rev.1:
B53: Note Rev.1:
B54: Note Rev.1:
B55: Note Rev.1:
B56: Note Rev.1:
B57: Note Rev.1:
B58: Note Rev.1:
B59: Note Rev.1:
... B79: 6. Pengurangan volume MS SETU PT Ceres, customer off mulai 22 April 2025

Sheet KEBUTUHAN GAS
A1: KEBUTUHAN GAS
A4: ='SO JUNI 2026 (Rev.2)'!A3 -> 46174 | E4: KEBUTUHAN GAS | I4: KUOTA GAS
A5: Week | B5: DATE | D5: SELISIH GAS | E5: JABAR | F5: JATENG | G5: JATIM | H5: TOTAL | I5: MS SETU | J5: MS KHT | K5: MS BLORA | L5: MS BITUNG | M5: MS ZEBRA | N5: MS TAMBAKLOROK | O5: MS WUNUT | P5: MS SADANG | Q5: TOTAL
A6: =WEEKNUM(B6) -> 23 | B6: 46174 | C6: =TEXT(B6,"ddd") -> Sen | D6: =Q6-H6 -> -10025.121 | E6: =SUM('SO JUNI 2026 (Rev.2)'!E6:AT6) -> 152800.42 | F6: =SUM('SO JUNI 2026 (Rev.2)'!AU6:BB6) -> 10944.702 | G6: =SUM('SO JUNI 2026 (Rev.2)'!BC6:BE6) -> 13500 | H6: =SUM(E6:G6) -> 177245.12 | I6: ='SO MS'!E6 -> 108000 | J6: ='SO MS'!F6 -> 34320 | K6: ='SO MS'!G6 -> 9600 | L6: =2*5000 -> 10000 | M6: ='SO JUNI 2026 (Rev.2)'!BA6 -> 1800 | N6: ='SO JUNI 2026 (Rev.2)'!AT6 -> 3500 | O6: ='SO JUNI 2026 (Rev.2)'!AZ6 -> 0 | Q6: =SUM(I6:P6) -> 167220
B7: =B6+1 -> 46175 | C7: =TEXT(B7,"ddd") -> Sel | D7: =Q7-H7 -> -38444.732 | E7: =SUM('SO JUNI 2026 (Rev.2)'!E7:AT7) -> 180800.42 | F7: =SUM('SO JUNI 2026 (Rev.2)'!AU7:BB7) -> 12486.213 | G7: =SUM('SO JUNI 2026 (Rev.2)'!BC7:BE7) -> 13500 | H7: =SUM(E7:G7) -> 206786.63 | I7: ='SO MS'!E7 -> 108000 | J7: ='SO MS'!F7 -> 34320 | K7: ='SO MS'!G7 -> 9600 | L7: =2*5000 -> 10000 | M7: ='SO JUNI 2026 (Rev.2)'!BA7 -> 1800 | N7: ='SO JUNI 2026 (Rev.2)'!AT7 -> 3500 | O7: ='SO JUNI 2026 (Rev.2)'!AZ7 -> 1121.9003 | Q7: =SUM(I7:P7) -> 168341.9
B8: =B7+1 -> 46176 | C8: =TEXT(B8,"ddd") -> Rab | D8: =Q8-H8 -> -38444.732 | E8: =SUM('SO JUNI 2026 (Rev.2)'!E8:AT8) -> 180800.42 | F8: =SUM('SO JUNI 2026 (Rev.2)'!AU8:BB8) -> 12486.213 | G8: =SUM('SO JUNI 2026 (Rev.2)'!BC8:BE8) -> 13500 | H8: =SUM(E8:G8) -> 206786.63 | I8: ='SO MS'!E8 -> 108000 | J8: ='SO MS'!F8 -> 34320 | K8: ='SO MS'!G8 -> 9600 | L8: =2*5000 -> 10000 | M8: ='SO JUNI 2026 (Rev.2)'!BA8 -> 1800 | N8: ='SO JUNI 2026 (Rev.2)'!AT8 -> 3500 | O8: ='SO JUNI 2026 (Rev.2)'!AZ8 -> 1121.9003 | Q8: =SUM(I8:P8) -> 168341.9
B9: =B8+1 -> 46177 | C9: =TEXT(B9,"ddd") -> Kam | D9: =Q9-H9 -> -38444.732 | E9: =SUM('SO JUNI 2026 (Rev.2)'!E9:AT9) -> 180800.42 | F9: =SUM('SO JUNI 2026 (Rev.2)'!AU9:BB9) -> 12486.213 | G9: =SUM('SO JUNI 2026 (Rev.2)'!BC9:BE9) -> 13500 | H9: =SUM(E9:G9) -> 206786.63 | I9: ='SO MS'!E9 -> 108000 | J9: ='SO MS'!F9 -> 34320 | K9: ='SO MS'!G9 -> 9600 | L9: =2*5000 -> 10000 | M9: ='SO JUNI 2026 (Rev.2)'!BA9 -> 1800 | N9: ='SO JUNI 2026 (Rev.2)'!AT9 -> 3500 | O9: ='SO JUNI 2026 (Rev.2)'!AZ9 -> 1121.9003 | Q9: =SUM(I9:P9) -> 168341.9
B10: =B9+1 -> 46178 | C10: =TEXT(B10,"ddd") -> Jum | D10: =Q10-H10 -> -38444.732 | E10: =SUM('SO JUNI 2026 (Rev.2)'!E10:AT10) -> 180800.42 | F10: =SUM('SO JUNI 2026 (Rev.2)'!AU10:BB10) -> 12486.213 | G10: =SUM('SO JUNI 2026 (Rev.2)'!BC10:BE10) -> 13500 | H10: =SUM(E10:G10) -> 206786.63 | I10: ='SO MS'!E10 -> 108000 | J10: ='SO MS'!F10 -> 34320 | K10: ='SO MS'!G10 -> 9600 | L10: =2*5000 -> 10000 | M10: ='SO JUNI 2026 (Rev.2)'!BA10 -> 1800 | N10: ='SO JUNI 2026 (Rev.2)'!AT10 -> 3500 | O10: ='SO JUNI 2026 (Rev.2)'!AZ10 -> 1121.9003 | Q10: =SUM(I10:P10) -> 168341.9
B11: =B10+1 -> 46179 | C11: =TEXT(B11,"ddd") -> Sab | D11: =Q11-H11 -> -37928.855 | E11: =SUM('SO JUNI 2026 (Rev.2)'!E11:AT11) -> 180334.54 | F11: =SUM('SO JUNI 2026 (Rev.2)'!AU11:BB11) -> 11314.313 | G11: =SUM('SO JUNI 2026 (Rev.2)'!BC11:BE11) -> 13500 | H11: =SUM(E11:G11) -> 205148.86 | I11: ='SO MS'!E11 -> 108000 | J11: ='SO MS'!F11 -> 34320 | K11: ='SO MS'!G11 -> 9600 | L11: =2*5000 -> 10000 | M11: ='SO JUNI 2026 (Rev.2)'!BA11 -> 1800 | N11: ='SO JUNI 2026 (Rev.2)'!AT11 -> 3500 | O11: ='SO JUNI 2026 (Rev.2)'!AZ11 -> 0 | Q11: =SUM(I11:P11) -> 167220
B12: =B11+1 -> 46180 | C12: =TEXT(B12,"ddd") -> Mgg | D12: =Q12-H12 -> -11437.778 | E12: =SUM('SO JUNI 2026 (Rev.2)'!E12:AT12) -> 153843.46 | F12: =SUM('SO JUNI 2026 (Rev.2)'!AU12:BB12) -> 11314.313 | G12: =SUM('SO JUNI 2026 (Rev.2)'!BC12:BE12) -> 13500 | H12: =SUM(E12:G12) -> 178657.78 | I12: ='SO MS'!E12 -> 108000 | J12: ='SO MS'!F12 -> 34320 | K12: ='SO MS'!G12 -> 9600 | L12: =2*5000 -> 10000 | M12: ='SO JUNI 2026 (Rev.2)'!BA12 -> 1800 | N12: ='SO JUNI 2026 (Rev.2)'!AT12 -> 3500 | O12: ='SO JUNI 2026 (Rev.2)'!AZ12 -> 0 | Q12: =SUM(I12:P12) -> 167220
B13: Sub Total | D13: =SUM(D6:D12) -> -213170.68 | E13: =SUM(E6:E12) -> 1210180.1 | F13: =SUM(F6:F12) -> 83518.181 | G13: =SUM(G6:G12) -> 94500 | H13: =SUM(H6:H12) -> 1388198.3 | I13: =SUM(I6:I12) -> 756000 | J13: =SUM(J6:J12) -> 240240 | K13: =SUM(K6:K12) -> 67200 | ... Q13: =SUM(Q6:Q12) -> 1175027.6
A15: =WEEKNUM(B15) -> 24 | B15: =B12+1 -> 46181 | C15: =TEXT(B15,"ddd") -> Sen | D15: =Q15-H15 -> -53444.732 | E15: =SUM('SO JUNI 2026 (Rev.2)'!E15:AT15) -> 180800.42 | F15: =SUM('SO JUNI 2026 (Rev.2)'!AU15:BB15) -> 12486.213 | G15: =SUM('SO JUNI 2026 (Rev.2)'!BC15:BE15) -> 28500 | H15: =SUM(E15:G15) -> 221786.63 | I15: ='SO MS'!E15 -> 108000 | J15: ='SO MS'!F15 -> 34320 | K15: ='SO MS'!G15 -> 9600 | L15: =2*5000 -> 10000 | M15: ='SO JUNI 2026 (Rev.2)'!BA15 -> 1800 | N15: ='SO JUNI 2026 (Rev.2)'!AT15 -> 3500 | O15: ='SO JUNI 2026 (Rev.2)'!AZ15 -> 1121.9003 | Q15: =SUM(I15:P15) -> 168341.9
B16: =B15+1 -> 46182 | C16: =TEXT(B16,"ddd") -> Sel | D16: =Q16-H16 -> -53444.732 | E16: =SUM('SO JUNI 2026 (Rev.2)'!E16:AT16) -> 180800.42 | F16: =SUM('SO JUNI 2026 (Rev.2)'!AU16:BB16) -> 12486.213 | G16: =SUM('SO JUNI 2026 (Rev.2)'!BC16:BE16) -> 28500 | H16: =SUM(E16:G16) -> 221786.63 | I16: ='SO MS'!E16 -> 108000 | J16: ='SO MS'!F16 -> 34320 | K16: ='SO MS'!G16 -> 9600 | L16: =2*5000 -> 10000 | M16: ='SO JUNI 2026 (Rev.2)'!BA16 -> 1800 | N16: ='SO JUNI 2026 (Rev.2)'!AT16 -> 3500 | O16: ='SO JUNI 2026 (Rev.2)'!AZ16 -> 1121.9003 | Q16: =SUM(I16:P16) -> 168341.9
B17: =B16+1 -> 46183 | C17: =TEXT(B17,"ddd") -> Rab | D17: =Q17-H17 -> -53444.732 | E17: =SUM('SO JUNI 2026 (Rev.2)'!E17:AT17) -> 180800.42 | F17: =SUM('SO JUNI 2026 (Rev.2)'!AU17:BB17) -> 12486.213 | G17: =SUM('SO JUNI 2026 (Rev.2)'!BC17:BE17) -> 28500 | H17: =SUM(E17:G17) -> 221786.63 | I17: ='SO MS'!E17 -> 108000 | J17: ='SO MS'!F17 -> 34320 | K17: ='SO MS'!G17 -> 9600 | L17: =2*5000 -> 10000 | M17: ='SO JUNI 2026 (Rev.2)'!BA17 -> 1800 | N17: ='SO JUNI 2026 (Rev.2)'!AT17 -> 3500 | O17: ='SO JUNI 2026 (Rev.2)'!AZ17 -> 1121.9003 | Q17: =SUM(I17:P17) -> 168341.9
B18: =B17+1 -> 46184 | C18: =TEXT(B18,"ddd") -> Kam | D18: =Q18-H18 -> -53444.732 | E18: =SUM('SO JUNI 2026 (Rev.2)'!E18:AT18) -> 180800.42 | F18: =SUM('SO JUNI 2026 (Rev.2)'!AU18:BB18) -> 12486.213 | G18: =SUM('SO JUNI 2026 (Rev.2)'!BC18:BE18) -> 28500 | H18: =SUM(E18:G18) -> 221786.63 | I18: ='SO MS'!E18 -> 108000 | J18: ='SO MS'!F18 -> 34320 | K18: ='SO MS'!G18 -> 9600 | L18: =2*5000 -> 10000 | M18: ='SO JUNI 2026 (Rev.2)'!BA18 -> 1800 | N18: ='SO JUNI 2026 (Rev.2)'!AT18 -> 3500 | O18: ='SO JUNI 2026 (Rev.2)'!AZ18 -> 1121.9003 | Q18: =SUM(I18:P18) -> 168341.9
B19: =B18+1 -> 46185 | C19: =TEXT(B19,"ddd") -> Jum | D19: =Q19-H19 -> -53444.732 | E19: =SUM('SO JUNI 2026 (Rev.2)'!E19:AT19) -> 180800.42 | F19: =SUM('SO JUNI 2026 (Rev.2)'!AU19:BB19) -> 12486.213 | G19: =SUM('SO JUNI 2026 (Rev.2)'!BC19:BE19) -> 28500 | H19: =SUM(E19:G19) -> 221786.63 | I19: ='SO MS'!E19 -> 108000 | J19: ='SO MS'!F19 -> 34320 | K19: ='SO MS'!G19 -> 9600 | L19: =2*5000 -> 10000 | M19: ='SO JUNI 2026 (Rev.2)'!BA19 -> 1800 | N19: ='SO JUNI 2026 (Rev.2)'!AT19 -> 3500 | O19: ='SO JUNI 2026 (Rev.2)'!AZ19 -> 1121.9003 | Q19: =SUM(I19:P19) -> 168341.9
B20: =B19+1 -> 46186 | C20: =TEXT(B20,"ddd") -> Sab | D20: =Q20-H20 -> -52928.855 | E20: =SUM('SO JUNI 2026 (Rev.2)'!E20:AT20) -> 180334.54 | F20: =SUM('SO JUNI 2026 (Rev.2)'!AU20:BB20) -> 11314.313 | G20: =SUM('SO JUNI 2026 (Rev.2)'!BC20:BE20) -> 28500 | H20: =SUM(E20:G20) -> 220148.86 | I20: ='SO MS'!E20 -> 108000 | J20: ='SO MS'!F20 -> 34320 | K20: ='SO MS'!G20 -> 9600 | L20: =2*5000 -> 10000 | M20: ='SO JUNI 2026 (Rev.2)'!BA20 -> 1800 | N20: ='SO JUNI 2026 (Rev.2)'!AT20 -> 3500 | O20: ='SO JUNI 2026 (Rev.2)'!AZ20 -> 0 | Q20: =SUM(I20:P20) -> 167220
B21: =B20+1 -> 46187 | C21: =TEXT(B21,"ddd") -> Mgg | D21: =Q21-H21 -> -26437.778 | E21: =SUM('SO JUNI 2026 (Rev.2)'!E21:AT21) -> 153843.46 | F21: =SUM('SO JUNI 2026 (Rev.2)'!AU21:BB21) -> 11314.313 | G21: =SUM('SO JUNI 2026 (Rev.2)'!BC21:BE21) -> 28500 | H21: =SUM(E21:G21) -> 193657.78 | I21: ='SO MS'!E21 -> 108000 | J21: ='SO MS'!F21 -> 34320 | K21: ='SO MS'!G21 -> 9600 | L21: =2*5000 -> 10000 | M21: ='SO JUNI 2026 (Rev.2)'!BA21 -> 1800 | N21: ='SO JUNI 2026 (Rev.2)'!AT21 -> 3500 | O21: ='SO JUNI 2026 (Rev.2)'!AZ21 -> 0 | Q21: =SUM(I21:P21) -> 167220
B22: Sub Total | D22: =SUM(D15:D21) -> -346590.29 | E22: =SUM(E15:E21) -> 1238180.1 | F22: =SUM(F15:F21) -> 85059.692 | G22: =SUM(G15:G21) -> 199500 | H22: =SUM(H15:H21) -> 1522739.8 | I22: =SUM(I15:I21) -> 756000 | J22: =SUM(J15:J21) -> 240240 | K22: =SUM(K15:K21) -> 67200 | ... Q22: =SUM(Q15:Q21) -> 1176149.5
A24: =WEEKNUM(B24) -> 25 | B24: =B21+1 -> 46188 | C24: =TEXT(B24,"ddd") -> Sen | D24: =Q24-H24 -> -53944.732 | E24: =SUM('SO JUNI 2026 (Rev.2)'!E24:AT24) -> 181300.42 | F24: =SUM('SO JUNI 2026 (Rev.2)'!AU24:BB24) -> 12486.213 | G24: =SUM('SO JUNI 2026 (Rev.2)'!BC24:BE24) -> 28500 | H24: =SUM(E24:G24) -> 222286.63 | I24: ='SO MS'!E24 -> 108000 | J24: ='SO MS'!F24 -> 34320 | K24: ='SO MS'!G24 -> 9600 | L24: =2*5000 -> 10000 | M24: ='SO JUNI 2026 (Rev.2)'!BA24 -> 1800 | N24: ='SO JUNI 2026 (Rev.2)'!AT24 -> 3500 | O24: ='SO JUNI 2026 (Rev.2)'!AZ24 -> 1121.9003 | Q24: =SUM(I24:P24) -> 168341.9
B25: =B24+1 -> 46189 | C25: =TEXT(B25,"ddd") -> Sel | D25: =Q25-H25 -> -38895.159 | E25: =SUM('SO JUNI 2026 (Rev.2)'!E25:AT25) -> 167100.85 | F25: =SUM('SO JUNI 2026 (Rev.2)'!AU25:BB25) -> 10514.313 | G25: =SUM('SO JUNI 2026 (Rev.2)'!BC25:BE25) -> 28500 | H25: =SUM(E25:G25) -> 206115.16 | I25: ='SO MS'!E25 -> 108000 | J25: ='SO MS'!F25 -> 34320 | K25: ='SO MS'!G25 -> 9600 | L25: =2*5000 -> 10000 | M25: ='SO JUNI 2026 (Rev.2)'!BA25 -> 1800 | N25: ='SO JUNI 2026 (Rev.2)'!AT25 -> 3500 | O25: ='SO JUNI 2026 (Rev.2)'!AZ25 -> 0 | Q25: =SUM(I25:P25) -> 167220
B26: =B25+1 -> 46190 | C26: =TEXT(B26,"ddd") -> Rab | D26: =Q26-H26 -> -53944.732 | E26: =SUM('SO JUNI 2026 (Rev.2)'!E26:AT26) -> 181300.42 | F26: =SUM('SO JUNI 2026 (Rev.2)'!AU26:BB26) -> 12486.213 | G26: =SUM('SO JUNI 2026 (Rev.2)'!BC26:BE26) -> 28500 | H26: =SUM(E26:G26) -> 222286.63 | I26: ='SO MS'!E26 -> 108000 | J26: ='SO MS'!F26 -> 34320 | K26: ='SO MS'!G26 -> 9600 | L26: =2*5000 -> 10000 | M26: ='SO JUNI 2026 (Rev.2)'!BA26 -> 1800 | N26: ='SO JUNI 2026 (Rev.2)'!AT26 -> 3500 | O26: ='SO JUNI 2026 (Rev.2)'!AZ26 -> 1121.9003 | Q26: =SUM(I26:P26) -> 168341.9
B27: =B26+1 -> 46191 | C27: =TEXT(B27,"ddd") -> Kam | D27: =Q27-H27 -> -53944.732 | E27: =SUM('SO JUNI 2026 (Rev.2)'!E27:AT27) -> 181300.42 | F27: =SUM('SO JUNI 2026 (Rev.2)'!AU27:BB27) -> 12486.213 | G27: =SUM('SO JUNI 2026 (Rev.2)'!BC27:BE27) -> 28500 | H27: =SUM(E27:G27) -> 222286.63 | I27: ='SO MS'!E27 -> 108000 | J27: ='SO MS'!F27 -> 34320 | K27: ='SO MS'!G27 -> 9600 | L27: =2*5000 -> 10000 | M27: ='SO JUNI 2026 (Rev.2)'!BA27 -> 1800 | N27: ='SO JUNI 2026 (Rev.2)'!AT27 -> 3500 | O27: ='SO JUNI 2026 (Rev.2)'!AZ27 -> 1121.9003 | Q27: =SUM(I27:P27) -> 168341.9
B28: =B27+1 -> 46192 | C28: =TEXT(B28,"ddd") -> Jum | D28: =Q28-H28 -> -53944.732 | E28: =SUM('SO JUNI 2026 (Rev.2)'!E28:AT28) -> 181300.42 | F28: =SUM('SO JUNI 2026 (Rev.2)'!AU28:BB28) -> 12486.213 | G28: =SUM('SO JUNI 2026 (Rev.2)'!BC28:BE28) -> 28500 | H28: =SUM(E28:G28) -> 222286.63 | I28: ='SO MS'!E28 -> 108000 | J28: ='SO MS'!F28 -> 34320 | K28: ='SO MS'!G28 -> 9600 | L28: =2*5000 -> 10000 | M28: ='SO JUNI 2026 (Rev.2)'!BA28 -> 1800 | N28: ='SO JUNI 2026 (Rev.2)'!AT28 -> 3500 | O28: ='SO JUNI 2026 (Rev.2)'!AZ28 -> 1121.9003 | Q28: =SUM(I28:P28) -> 168341.9
B29: =B28+1 -> 46193 | C29: =TEXT(B29,"ddd") -> Sab | D29: =Q29-H29 -> -52928.855 | E29: =SUM('SO JUNI 2026 (Rev.2)'!E29:AT29) -> 180334.54 | F29: =SUM('SO JUNI 2026 (Rev.2)'!AU29:BB29) -> 11314.313 | G29: =SUM('SO JUNI 2026 (Rev.2)'!BC29:BE29) -> 28500 | H29: =SUM(E29:G29) -> 220148.86 | I29: ='SO MS'!E29 -> 108000 | J29: ='SO MS'!F29 -> 34320 | K29: ='SO MS'!G29 -> 9600 | L29: =2*5000 -> 10000 | M29: ='SO JUNI 2026 (Rev.2)'!BA29 -> 1800 | N29: ='SO JUNI 2026 (Rev.2)'!AT29 -> 3500 | O29: ='SO JUNI 2026 (Rev.2)'!AZ29 -> 0 | Q29: =SUM(I29:P29) -> 167220
B30: =B29+1 -> 46194 | C30: =TEXT(B30,"ddd") -> Mgg | D30: =Q30-H30 -> -26437.778 | E30: =SUM('SO JUNI 2026 (Rev.2)'!E30:AT30) -> 153843.46 | F30: =SUM('SO JUNI 2026 (Rev.2)'!AU30:BB30) -> 11314.313 | G30: =SUM('SO JUNI 2026 (Rev.2)'!BC30:BE30) -> 28500 | H30: =SUM(E30:G30) -> 193657.78 | I30: ='SO MS'!E30 -> 108000 | J30: ='SO MS'!F30 -> 34320 | K30: ='SO MS'!G30 -> 9600 | L30: =2*5000 -> 10000 | M30: ='SO JUNI 2026 (Rev.2)'!BA30 -> 1800 | N30: ='SO JUNI 2026 (Rev.2)'!AT30 -> 3500 | O30: ='SO JUNI 2026 (Rev.2)'!AZ30 -> 0 | Q30: =SUM(I30:P30) -> 167220
B31: Sub Total | D31: =SUM(D24:D30) -> -334040.72 | E31: =SUM(E24:E30) -> 1226480.5 | F31: =SUM(F24:F30) -> 83087.792 | G31: =SUM(G24:G30) -> 199500 | H31: =SUM(H24:H30) -> 1509068.3 | I31: =SUM(I24:I30) -> 756000 | J31: =SUM(J24:J30) -> 240240 | K31: =SUM(K24:K30) -> 67200 | ... Q31: =SUM(Q24:Q30) -> 1175027.6
A33: =WEEKNUM(B33) -> 26 | B33: =B30+1 -> 46195 | C33: =TEXT(B33,"ddd") -> Sen | D33: =Q33-H33 -> -53944.732 | E33: =SUM('SO JUNI 2026 (Rev.2)'!E33:AT33) -> 181300.42 | F33: =SUM('SO JUNI 2026 (Rev.2)'!AU33:BB33) -> 12486.213 | G33: =SUM('SO JUNI 2026 (Rev.2)'!BC33:BE33) -> 28500 | H33: =SUM(E33:G33) -> 222286.63 | I33: ='SO MS'!E33 -> 108000 | J33: ='SO MS'!F33 -> 34320 | K33: ='SO MS'!G33 -> 9600 | L33: =2*5000 -> 10000 | M33: ='SO JUNI 2026 (Rev.2)'!BA33 -> 1800 | N33: ='SO JUNI 2026 (Rev.2)'!AT33 -> 3500 | O33: ='SO JUNI 2026 (Rev.2)'!AZ33 -> 1121.9003 | Q33: =SUM(I33:P33) -> 168341.9
B34: =B33+1 -> 46196 | C34: =TEXT(B34,"ddd") -> Sel | D34: =Q34-H34 -> -53944.732 | E34: =SUM('SO JUNI 2026 (Rev.2)'!E34:AT34) -> 181300.42 | F34: =SUM('SO JUNI 2026 (Rev.2)'!AU34:BB34) -> 12486.213 | G34: =SUM('SO JUNI 2026 (Rev.2)'!BC34:BE34) -> 28500 | H34: =SUM(E34:G34) -> 222286.63 | I34: ='SO MS'!E34 -> 108000 | J34: ='SO MS'!F34 -> 34320 | K34: ='SO MS'!G34 -> 9600 | L34: =2*5000 -> 10000 | M34: ='SO JUNI 2026 (Rev.2)'!BA34 -> 1800 | N34: ='SO JUNI 2026 (Rev.2)'!AT34 -> 3500 | O34: ='SO JUNI 2026 (Rev.2)'!AZ34 -> 1121.9003 | Q34: =SUM(I34:P34) -> 168341.9
B35: =B34+1 -> 46197 | C35: =TEXT(B35,"ddd") -> Rab | D35: =Q35-H35 -> -53944.732 | E35: =SUM('SO JUNI 2026 (Rev.2)'!E35:AT35) -> 181300.42 | F35: =SUM('SO JUNI 2026 (Rev.2)'!AU35:BB35) -> 12486.213 | G35: =SUM('SO JUNI 2026 (Rev.2)'!BC35:BE35) -> 28500 | H35: =SUM(E35:G35) -> 222286.63 | I35: ='SO MS'!E35 -> 108000 | J35: ='SO MS'!F35 -> 34320 | K35: ='SO MS'!G35 -> 9600 | L35: =2*5000 -> 10000 | M35: ='SO JUNI 2026 (Rev.2)'!BA35 -> 1800 | N35: ='SO JUNI 2026 (Rev.2)'!AT35 -> 3500 | O35: ='SO JUNI 2026 (Rev.2)'!AZ35 -> 1121.9003 | Q35: =SUM(I35:P35) -> 168341.9
B36: =B35+1 -> 46198 | C36: =TEXT(B36,"ddd") -> Kam | D36: =Q36-H36 -> -38174.397 | E36: =SUM('SO JUNI 2026 (Rev.2)'!E36:AT36) -> 181300.42 | F36: =SUM('SO JUNI 2026 (Rev.2)'!AU36:BB36) -> 12486.213 | G36: =SUM('SO JUNI 2026 (Rev.2)'!BC36:BE36) -> 28500 | H36: =SUM(E36:G36) -> 222286.63 | I36: ='SO MS'!E36 -> 108000 | J36: =SUM('SO JUNI 2026 (Rev.2)'!AH36:AS36) -> 50090.335 | K36: ='SO MS'!G36 -> 9600 | L36: =2*5000 -> 10000 | M36: ='SO JUNI 2026 (Rev.2)'!BA36 -> 1800 | N36: ='SO JUNI 2026 (Rev.2)'!AT36 -> 3500 | O36: ='SO JUNI 2026 (Rev.2)'!AZ36 -> 1121.9003 | Q36: =SUM(I36:P36) -> 184112.24
B37: =B36+1 -> 46199 | C37: =TEXT(B37,"ddd") -> Jum | D37: =Q37-H37 -> -38174.397 | E37: =SUM('SO JUNI 2026 (Rev.2)'!E37:AT37) -> 181300.42 | F37: =SUM('SO JUNI 2026 (Rev.2)'!AU37:BB37) -> 12486.213 | G37: =SUM('SO JUNI 2026 (Rev.2)'!BC37:BE37) -> 28500 | H37: =SUM(E37:G37) -> 222286.63 | I37: ='SO MS'!E37 -> 108000 | J37: =SUM('SO JUNI 2026 (Rev.2)'!AH37:AS37) -> 50090.335 | K37: ='SO MS'!G37 -> 9600 | L37: =2*5000 -> 10000 | M37: ='SO JUNI 2026 (Rev.2)'!BA37 -> 1800 | N37: ='SO JUNI 2026 (Rev.2)'!AT37 -> 3500 | O37: ='SO JUNI 2026 (Rev.2)'!AZ37 -> 1121.9003 | Q37: =SUM(I37:P37) -> 184112.24
B38: =B37+1 -> 46200 | C38: =TEXT(B38,"ddd") -> Sab | D38: =Q38-H38 -> -40658.397 | E38: =SUM('SO JUNI 2026 (Rev.2)'!E38:AT38) -> 180334.54 | F38: =SUM('SO JUNI 2026 (Rev.2)'!AU38:BB38) -> 11314.313 | G38: =SUM('SO JUNI 2026 (Rev.2)'!BC38:BE38) -> 28500 | H38: =SUM(E38:G38) -> 220148.86 | I38: ='SO MS'!E38 -> 108000 | J38: =SUM('SO JUNI 2026 (Rev.2)'!AH38:AS38) -> 46590.458 | K38: ='SO MS'!G38 -> 9600 | L38: =2*5000 -> 10000 | M38: ='SO JUNI 2026 (Rev.2)'!BA38 -> 1800 | N38: ='SO JUNI 2026 (Rev.2)'!AT38 -> 3500 | O38: ='SO JUNI 2026 (Rev.2)'!AZ38 -> 0 | Q38: =SUM(I38:P38) -> 179490.46
B39: =B38+1 -> 46201 | C39: =TEXT(B39,"ddd") -> Mgg | D39: =Q39-H39 -> -23167.468 | E39: =SUM('SO JUNI 2026 (Rev.2)'!E39:AT39) -> 153843.46 | F39: =SUM('SO JUNI 2026 (Rev.2)'!AU39:BB39) -> 11314.313 | G39: =SUM('SO JUNI 2026 (Rev.2)'!BC39:BE39) -> 28500 | H39: =SUM(E39:G39) -> 193657.78 | I39: ='SO MS'!E39 -> 108000 | J39: =SUM('SO JUNI 2026 (Rev.2)'!AH39:AS39) -> 37590.31 | K39: ='SO MS'!G39 -> 9600 | L39: =2*5000 -> 10000 | M39: ='SO JUNI 2026 (Rev.2)'!BA39 -> 1800 | N39: ='SO JUNI 2026 (Rev.2)'!AT39 -> 3500 | O39: ='SO JUNI 2026 (Rev.2)'!AZ39 -> 0 | Q39: =SUM(I39:P39) -> 170490.31
B40: Sub Total | D40: =SUM(D33:D39) -> -302008.85 | E40: =SUM(E33:E39) -> 1240680.1 | F40: =SUM(F33:F39) -> 85059.692 | G40: =SUM(G33:G39) -> 199500 | H40: =SUM(H33:H39) -> 1525239.8 | I40: =SUM(I33:I39) -> 756000 | J40: =SUM(J33:J39) -> 287321.44 | K40: =SUM(K33:K39) -> 67200 | ... Q40: =SUM(Q33:Q39) -> 1223230.9
A42: =WEEKNUM(B42) -> 27 | B42: =B39+1 -> 46202 | C42: =TEXT(B42,"ddd") -> Sen | D42: =Q42-H42 -> -38174.397 | E42: =SUM('SO JUNI 2026 (Rev.2)'!E42:AT42) -> 181300.42 | F42: =SUM('SO JUNI 2026 (Rev.2)'!AU42:BB42) -> 12486.213 | G42: =SUM('SO JUNI 2026 (Rev.2)'!BC42:BE42) -> 28500 | H42: =SUM(E42:G42) -> 222286.63 | I42: ='SO MS'!E42 -> 108000 | J42: =SUM('SO JUNI 2026 (Rev.2)'!AH42:AS42) -> 50090.335 | K42: ='SO MS'!G42 -> 9600 | L42: =2*5000 -> 10000 | M42: ='SO JUNI 2026 (Rev.2)'!BA42 -> 1800 | N42: ='SO JUNI 2026 (Rev.2)'!AT42 -> 3500 | O42: ='SO JUNI 2026 (Rev.2)'!AZ42 -> 1121.9003 | Q42: =SUM(I42:P42) -> 184112.24
B43: =B42+1 -> 46203 | C43: =TEXT(B43,"ddd") -> Sel | D43: =Q43-H43 -> -38174.397 | E43: =SUM('SO JUNI 2026 (Rev.2)'!E43:AT43) -> 181300.42 | F43: =SUM('SO JUNI 2026 (Rev.2)'!AU43:BB43) -> 12486.213 | G43: =SUM('SO JUNI 2026 (Rev.2)'!BC43:BE43) -> 28500 | H43: =SUM(E43:G43) -> 222286.63 | I43: ='SO MS'!E43 -> 108000 | J43: =SUM('SO JUNI 2026 (Rev.2)'!AH43:AS43) -> 50090.335 | K43: ='SO MS'!G43 -> 9600 | L43: =2*5000 -> 10000 | M43: ='SO JUNI 2026 (Rev.2)'!BA43 -> 1800 | N43: ='SO JUNI 2026 (Rev.2)'!AT43 -> 3500 | O43: ='SO JUNI 2026 (Rev.2)'!AZ43 -> 1121.9003 | Q43: =SUM(I43:P43) -> 184112.24
B44: Sub Total | D44: =SUM(D42:D43) -> -76348.794 | E44: =SUM(E42:E43) -> 362600.84 | F44: =SUM(F42:F43) -> 24972.427 | G44: =SUM(G42:G43) -> 57000 | H44: =SUM(H42:H43) -> 444573.26 | I44: =SUM(I42:I43) -> 216000 | J44: =SUM(J42:J43) -> 100180.67 | K44: =SUM(K42:K43) -> 19200 | ... Q44: =SUM(Q42:Q43) -> 368224.47
B46: Sub Total | D46: =SUM(D13+D22+D31+D40+D44) -> -1272159.3 | E46: =SUM(E13+E22+E31+E40+E44) -> 5278121.7 | F46: =SUM(F13+F22+F31+F40+F44) -> 361697.78 | G46: =SUM(G13+G22+G31+G40+G44) -> 750000 | H46: =SUM(H13+H22+H31+H40+H44) -> 6389819.5 | I46: =SUM(I13+I22+I31+I40+I44) -> 3240000 | J46: =SUM(J13+J22+J31+J40+J44) -> 1108222.1 | K46: =SUM(K13+K22+K31+K40+K44) -> 288000 | ... Q46: =SUM(Q13+Q22+Q31+Q40+Q44) -> 5117660.1
B47: Total | D47: =SUM(D6:D12,D15:D21,D24:D30,D33:D39,D42:D43) -> -1272159.3 | E47: =SUM(E6:E12,E15:E21,E24:E30,E33:E39,E42:E43) -> 5278121.7 | F47: =SUM(F6:F12,F15:F21,F24:F30,F33:F39,F42:F43) -> 361697.78 | G47: =SUM(G6:G12,G15:G21,G24:G30,G33:G39,G42:G43) -> 750000 | H47: =SUM(H6:H12,H15:H21,H24:H30,H33:H39,H42:H43) -> 6389819.5 | I47: =SUM(I6:I12,I15:I21,I24:I30,I33:I39,I42:I43) -> 3240000 | J47: =SUM(J6:J12,J15:J21,J24:J30,J33:J39,J42:J43) -> 1108222.1 | K47: =SUM(K6:K12,K15:K21,K24:K30,K33:K39,K42:K43) -> 288000 | ... Q47: =SUM(Q6:Q12,Q15:Q21,Q24:Q30,Q33:Q39,Q42:Q43) -> 5117660.1

Sheet Daily serapan Gas
A1: KEBUTUHAN GAS
A4: ='SO JUNI 2026 (Rev.2)'!A3 -> 46174 | E4: KEBUTUHAN GAS (SO) | I4: KUOTA GAS
A5: Week | B5: DATE | D5: Sales Order vs Kuota Gas | E5: JABAR | F5: JATENG | G5: JATIM | H5: TOTAL | I5: MS SETU | J5: MS KHT | K5: MS BLORA | L5: MS BITUNG | M5: MS ZEBRA | N5: MS TAMBAKLOROK | O5: MS WUNUT | P5: MS SADANG | Q5: TOTAL
A6: =WEEKNUM(B6) -> 23 | B6: =A4 -> 46174 | C6: =TEXT(B6,"ddd") -> Sen | D6: =Q6-H6 -> -46104.241 | E6: =SUM('SO JUNI 2026 (Rev.2)'!E6:AT6) -> 152800.42 | F6: =SUM('SO JUNI 2026 (Rev.2)'!AU6:BE6) -> 24444.702 | G6: =SUM('SO JUNI 2026 (Rev.2)'!AZ6:BA6) -> 1800 | H6: =SUM(E6:G6) -> 179045.12 | I6: ='Summary sales'!D8 -> 88200.22 | J6: ='Summary sales'!E8 -> 36130.03 | K6: ='Summary sales'!F8 -> 8610.63 | L6: ='Summary sales'!G8 -> 0 | N6: ='Summary sales'!I8 -> 0 | Q6: =SUM(I6:P6) -> 132940.88
B7: =B6+1 -> 46175 | C7: =TEXT(B7,"ddd") -> Sel | D7: =Q7-H7 -> -66522.393 | E7: =SUM('SO JUNI 2026 (Rev.2)'!E7:AT7) -> 180800.42 | F7: =SUM('SO JUNI 2026 (Rev.2)'!AU7:BE7) -> 25986.213 | G7: =SUM('SO JUNI 2026 (Rev.2)'!AZ7:BA7) -> 2921.9003 | H7: =SUM(E7:G7) -> 209708.53 | I7: ='Summary sales'!D9 -> 103046.29 | J7: ='Summary sales'!E9 -> 36697.27 | K7: ='Summary sales'!F9 -> 3442.58 | L7: ='Summary sales'!G9 -> 0 | N7: ='Summary sales'!I9 -> 0 | Q7: =SUM(I7:P7) -> 143186.14
B8: =B7+1 -> 46176 | C8: =TEXT(B8,"ddd") -> Rab | D8: =Q8-H8 -> -28334.943 | E8: =SUM('SO JUNI 2026 (Rev.2)'!E8:AT8) -> 180800.42 | F8: =SUM('SO JUNI 2026 (Rev.2)'!AU8:BE8) -> 25986.213 | G8: =SUM('SO JUNI 2026 (Rev.2)'!AZ8:BA8) -> 2921.9003 | H8: =SUM(E8:G8) -> 209708.53 | I8: ='Summary sales'!D10 -> 131646.3 | J8: ='Summary sales'!E10 -> 46224.41 | K8: ='Summary sales'!F10 -> 3502.88 | L8: ='Summary sales'!G10 -> 0 | N8: ='Summary sales'!I10 -> 0 | Q8: =SUM(I8:P8) -> 181373.59
B9: =B8+1 -> 46177 | C9: =TEXT(B9,"ddd") -> Kam | D9: =Q9-H9 -> -29777.253 | E9: =SUM('SO JUNI 2026 (Rev.2)'!E9:AT9) -> 180800.42 | F9: =SUM('SO JUNI 2026 (Rev.2)'!AU9:BE9) -> 25986.213 | G9: =SUM('SO JUNI 2026 (Rev.2)'!AZ9:BA9) -> 2921.9003 | H9: =SUM(E9:G9) -> 209708.53 | I9: ='Summary sales'!D11 -> 129880.06 | J9: ='Summary sales'!E11 -> 37276.4 | K9: ='Summary sales'!F11 -> 8719.67 | L9: ='Summary sales'!G11 -> 0 | N9: ='Summary sales'!I11 -> 4055.15 | Q9: =SUM(I9:P9) -> 179931.28
B10: =B9+1 -> 46178 | C10: =TEXT(B10,"ddd") -> Jum | D10: =Q10-H10 -> -11021.103 | E10: =SUM('SO JUNI 2026 (Rev.2)'!E10:AT10) -> 180800.42 | F10: =SUM('SO JUNI 2026 (Rev.2)'!AU10:BE10) -> 25986.213 | G10: =SUM('SO JUNI 2026 (Rev.2)'!AZ10:BA10) -> 2921.9003 | H10: =SUM(E10:G10) -> 209708.53 | I10: ='Summary sales'!D12 -> 131577.8 | J10: ='Summary sales'!E12 -> 42409.96 | K10: ='Summary sales'!F12 -> 13049.65 | L10: ='Summary sales'!G12 -> 7939.9 | N10: ='Summary sales'!I12 -> 3710.12 | Q10: =SUM(I10:P10) -> 198687.43
B11: =B10+1 -> 46179 | C11: =TEXT(B11,"ddd") -> Sab | D11: =Q11-H11 -> -17333.845 | E11: =SUM('SO JUNI 2026 (Rev.2)'!E11:AT11) -> 180334.54 | F11: =SUM('SO JUNI 2026 (Rev.2)'!AU11:BE11) -> 24814.313 | G11: =SUM('SO JUNI 2026 (Rev.2)'!AZ11:BA11) -> 1800 | H11: =SUM(E11:G11) -> 206948.86 | I11: ='Summary sales'!D13 -> 127620.56 | J11: ='Summary sales'!E13 -> 47833.25 | K11: ='Summary sales'!F13 -> 14161.2 | L11: ='Summary sales'!G13 -> 0 | N11: ='Summary sales'!I13 -> 0 | Q11: =SUM(I11:P11) -> 189615.01
B12: =B11+1 -> 46180 | C12: =TEXT(B12,"ddd") -> Mgg | D12: =Q12-H12 -> -12257.988 | E12: =SUM('SO JUNI 2026 (Rev.2)'!E12:AT12) -> 153843.46 | F12: =SUM('SO JUNI 2026 (Rev.2)'!AU12:BE12) -> 24814.313 | G12: =SUM('SO JUNI 2026 (Rev.2)'!AZ12:BA12) -> 1800 | H12: =SUM(E12:G12) -> 180457.78 | I12: ='Summary sales'!D14 -> 119461.99 | J12: ='Summary sales'!E14 -> 31263.59 | K12: ='Summary sales'!F14 -> 13423.17 | L12: ='Summary sales'!G14 -> 0 | N12: ='Summary sales'!I14 -> 4051.04 | Q12: =SUM(I12:P12) -> 168199.79
B13: Sub Total | D13: =SUM(D6:D12) -> -211351.76 | E13: =SUM(E6:E12) -> 1210180.1 | F13: =SUM(F6:F12) -> 178018.18 | G13: =SUM(G6:G12) -> 17087.601 | H13: =SUM(H6:H12) -> 1405285.9 | I13: =SUM(I6:I12) -> 831433.22 | J13: =SUM(J6:J12) -> 277834.91 | K13: =SUM(K6:K12) -> 64909.78 | ... Q13: =SUM(Q6:Q12) -> 1193934.1
A15: =WEEKNUM(B15) -> 24 | B15: =B12+1 -> 46181 | C15: =TEXT(B15,"ddd") -> Sen | D15: =Q15-H15 -> -25252.373 | E15: =SUM('SO JUNI 2026 (Rev.2)'!E15:AT15) -> 180800.42 | F15: =SUM('SO JUNI 2026 (Rev.2)'!AU15:BE15) -> 40986.213 | G15: =SUM('SO JUNI 2026 (Rev.2)'!AZ15:BA15) -> 2921.9003 | H15: =SUM(E15:G15) -> 224708.53 | I15: ='Summary sales'!D15 -> 139463.82 | J15: ='Summary sales'!E15 -> 41229.24 | K15: ='Summary sales'!F15 -> 14547.9 | L15: ='Summary sales'!G15 -> 0 | N15: ='Summary sales'!I15 -> 4215.2 | Q15: =SUM(I15:P15) -> 199456.16
B16: =B15+1 -> 46182 | C16: =TEXT(B16,"ddd") -> Sel | D16: =Q16-H16 -> -33661.073 | E16: =SUM('SO JUNI 2026 (Rev.2)'!E16:AT16) -> 180800.42 | F16: =SUM('SO JUNI 2026 (Rev.2)'!AU16:BE16) -> 40986.213 | G16: =SUM('SO JUNI 2026 (Rev.2)'!AZ16:BA16) -> 2921.9003 | H16: =SUM(E16:G16) -> 224708.53 | I16: ='Summary sales'!D16 -> 137865 | J16: ='Summary sales'!E16 -> 38300.38 | K16: ='Summary sales'!F16 -> 10612.04 | L16: ='Summary sales'!G16 -> 0 | N16: ='Summary sales'!I16 -> 4270.04 | Q16: =SUM(I16:P16) -> 191047.46
B17: =B16+1 -> 46183 | C17: =TEXT(B17,"ddd") -> Rab | D17: =Q17-H17 -> -54227.433 | E17: =SUM('SO JUNI 2026 (Rev.2)'!E17:AT17) -> 180800.42 | F17: =SUM('SO JUNI 2026 (Rev.2)'!AU17:BE17) -> 40986.213 | G17: =SUM('SO JUNI 2026 (Rev.2)'!AZ17:BA17) -> 2921.9003 | H17: =SUM(E17:G17) -> 224708.53 | I17: ='Summary sales'!D17 -> 117095.25 | J17: ='Summary sales'!E17 -> 43994.02 | K17: ='Summary sales'!F17 -> 9391.83 | L17: ='Summary sales'!G17 -> 0 | N17: ='Summary sales'!I17 -> 0 | Q17: =SUM(I17:P17) -> 170481.1
B18: =B17+1 -> 46184 | C18: =TEXT(B18,"ddd") -> Kam | D18: =Q18-H18 -> -44850.613 | E18: =SUM('SO JUNI 2026 (Rev.2)'!E18:AT18) -> 180800.42 | F18: =SUM('SO JUNI 2026 (Rev.2)'!AU18:BE18) -> 40986.213 | G18: =SUM('SO JUNI 2026 (Rev.2)'!AZ18:BA18) -> 2921.9003 | H18: =SUM(E18:G18) -> 224708.53 | I18: ='Summary sales'!D18 -> 116202.4 | J18: ='Summary sales'!E18 -> 46370.97 | K18: ='Summary sales'!F18 -> 8828.92 | L18: ='Summary sales'!G18 -> 4606.87 | N18: ='Summary sales'!I18 -> 3848.76 | Q18: =SUM(I18:P18) -> 179857.92
B19: =B18+1 -> 46185 | C19: =TEXT(B19,"ddd") -> Jum | D19: =Q19-H19 -> -30611.633 | E19: =SUM('SO JUNI 2026 (Rev.2)'!E19:AT19) -> 180800.42 | F19: =SUM('SO JUNI 2026 (Rev.2)'!AU19:BE19) -> 40986.213 | G19: =SUM('SO JUNI 2026 (Rev.2)'!AZ19:BA19) -> 2921.9003 | H19: =SUM(E19:G19) -> 224708.53 | I19: ='Summary sales'!D19 -> 136058.13 | J19: ='Summary sales'!E19 -> 43566.5 | K19: ='Summary sales'!F19 -> 10493.44 | L19: ='Summary sales'!G19 -> 0 | N19: ='Summary sales'!I19 -> 3978.83 | Q19: =SUM(I19:P19) -> 194096.9
B20: =B19+1 -> 46186 | C20: =TEXT(B20,"ddd") -> Sab | D20: =Q20-H20 -> -18070.755 | E20: =SUM('SO JUNI 2026 (Rev.2)'!E20:AT20) -> 180334.54 | F20: =SUM('SO JUNI 2026 (Rev.2)'!AU20:BE20) -> 39814.313 | G20: =SUM('SO JUNI 2026 (Rev.2)'!AZ20:BA20) -> 1800 | H20: =SUM(E20:G20) -> 221948.86 | I20: ='Summary sales'!D20 -> 143783.76 | J20: ='Summary sales'!E20 -> 39521.45 | K20: ='Summary sales'!F20 -> 16723.93 | L20: ='Summary sales'!G20 -> 0 | N20: ='Summary sales'!I20 -> 3848.96 | Q20: =SUM(I20:P20) -> 203878.1
B21: =B20+1 -> 46187 | C21: =TEXT(B21,"ddd") -> Mgg | D21: =Q21-H21 -> -5440.6678 | E21: =SUM('SO JUNI 2026 (Rev.2)'!E21:AT21) -> 153843.46 | F21: =SUM('SO JUNI 2026 (Rev.2)'!AU21:BE21) -> 39814.313 | G21: =SUM('SO JUNI 2026 (Rev.2)'!AZ21:BA21) -> 1800 | H21: =SUM(E21:G21) -> 195457.78 | I21: ='Summary sales'!D21 -> 133555.4 | J21: ='Summary sales'!E21 -> 40758.09 | K21: ='Summary sales'!F21 -> 11702.49 | L21: ='Summary sales'!G21 -> 0 | N21: ='Summary sales'!I21 -> 4001.13 | Q21: =SUM(I21:P21) -> 190017.11
B22: Sub Total | D22: =SUM(D15:D21) -> -212114.55 | E22: =SUM(E15:E21) -> 1238180.1 | F22: =SUM(F15:F21) -> 284559.69 | G22: =SUM(G15:G21) -> 18209.502 | H22: =SUM(H15:H21) -> 1540949.3 | I22: =SUM(I15:I21) -> 924023.76 | J22: =SUM(J15:J21) -> 293740.65 | K22: =SUM(K15:K21) -> 82300.55 | ... Q22: =SUM(Q15:Q21) -> 1328834.8
A24: =WEEKNUM(B24) -> 25 | B24: =B21+1 -> 46188 | C24: =TEXT(B24,"ddd") -> Sen | D24: =Q24-H24 -> -56151.033 | E24: =SUM('SO JUNI 2026 (Rev.2)'!E24:AT24) -> 181300.42 | F24: =SUM('SO JUNI 2026 (Rev.2)'!AU24:BE24) -> 40986.213 | G24: =SUM('SO JUNI 2026 (Rev.2)'!AZ24:BA24) -> 2921.9003 | H24: =SUM(E24:G24) -> 225208.53 | I24: ='Summary sales'!D22 -> 118170.43 | J24: ='Summary sales'!E22 -> 36952.98 | K24: ='Summary sales'!F22 -> 10113.52 | L24: ='Summary sales'!G22 -> 0 | N24: ='Summary sales'!I22 -> 3820.57 | Q24: =SUM(I24:P24) -> 169057.5
B25: =B24+1 -> 46189 | C25: =TEXT(B25,"ddd") -> Sel | D25: =Q25-H25 -> -22275.109 | E25: =SUM('SO JUNI 2026 (Rev.2)'!E25:AT25) -> 167100.85 | F25: =SUM('SO JUNI 2026 (Rev.2)'!AU25:BE25) -> 39014.313 | G25: =SUM('SO JUNI 2026 (Rev.2)'!AZ25:BA25) -> 1800 | H25: =SUM(E25:G25) -> 207915.16 | I25: ='Summary sales'!D23 -> 127789.56 | J25: ='Summary sales'!E23 -> 43424.11 | K25: ='Summary sales'!F23 -> 10727.65 | L25: ='Summary sales'!G23 -> 0 | N25: ='Summary sales'!I23 -> 3698.73 | Q25: =SUM(I25:P25) -> 185640.05
B26: =B25+1 -> 46190 | C26: =TEXT(B26,"ddd") -> Rab | D26: =Q26-H26 -> -65250.063 | E26: =SUM('SO JUNI 2026 (Rev.2)'!E26:AT26) -> 181300.42 | F26: =SUM('SO JUNI 2026 (Rev.2)'!AU26:BE26) -> 40986.213 | G26: =SUM('SO JUNI 2026 (Rev.2)'!AZ26:BA26) -> 2921.9003 | H26: =SUM(E26:G26) -> 225208.53 | I26: ='Summary sales'!D24 -> 116941.68 | J26: ='Summary sales'!E24 -> 34590.46 | K26: ='Summary sales'!F24 -> 8426.33 | L26: ='Summary sales'!G24 -> 0 | N26: ='Summary sales'!I24 -> 0 | Q26: =SUM(I26:P26) -> 159958.47
B27: =B26+1 -> 46191 | C27: =TEXT(B27,"ddd") -> Kam | D27: =Q27-H27 -> -46249.673 | E27: =SUM('SO JUNI 2026 (Rev.2)'!E27:AT27) -> 181300.42 | F27: =SUM('SO JUNI 2026 (Rev.2)'!AU27:BE27) -> 40986.213 | G27: =SUM('SO JUNI 2026 (Rev.2)'!AZ27:BA27) -> 2921.9003 | H27: =SUM(E27:G27) -> 225208.53 | I27: ='Summary sales'!D25 -> 120941.24 | J27: ='Summary sales'!E25 -> 49206.21 | K27: ='Summary sales'!F25 -> 8811.41 | L27: ='Summary sales'!G25 -> 0 | N27: ='Summary sales'!I25 -> 0 | Q27: =SUM(I27:P27) -> 178958.86
B28: =B27+1 -> 46192 | C28: =TEXT(B28,"ddd") -> Jum | D28: =Q28-H28 -> -23802.503 | E28: =SUM('SO JUNI 2026 (Rev.2)'!E28:AT28) -> 181300.42 | F28: =SUM('SO JUNI 2026 (Rev.2)'!AU28:BE28) -> 40986.213 | G28: =SUM('SO JUNI 2026 (Rev.2)'!AZ28:BA28) -> 2921.9003 | H28: =SUM(E28:G28) -> 225208.53 | I28: ='Summary sales'!D26 -> 145887.64 | J28: ='Summary sales'!E26 -> 48018.99 | K28: ='Summary sales'!F26 -> 7499.4 | L28: ='Summary sales'!G26 -> 0 | N28: ='Summary sales'!I26 -> 0 | Q28: =SUM(I28:P28) -> 201406.03
B29: =B28+1 -> 46193 | C29: =TEXT(B29,"ddd") -> Sab | D29: =Q29-H29 -> -13925.635 | E29: =SUM('SO JUNI 2026 (Rev.2)'!E29:AT29) -> 180334.54 | F29: =SUM('SO JUNI 2026 (Rev.2)'!AU29:BE29) -> 39814.313 | G29: =SUM('SO JUNI 2026 (Rev.2)'!AZ29:BA29) -> 1800 | H29: =SUM(E29:G29) -> 221948.86 | I29: ='Summary sales'!D27 -> 144863.73 | J29: ='Summary sales'!E27 -> 44835.42 | K29: ='Summary sales'!F27 -> 13843.27 | L29: ='Summary sales'!G27 -> 0 | N29: ='Summary sales'!I27 -> 4480.8 | Q29: =SUM(I29:P29) -> 208023.22
B30: =B29+1 -> 46194 | C30: =TEXT(B30,"ddd") -> Mgg | D30: =Q30-H30 -> -3290.8878 | E30: =SUM('SO JUNI 2026 (Rev.2)'!E30:AT30) -> 153843.46 | F30: =SUM('SO JUNI 2026 (Rev.2)'!AU30:BE30) -> 39814.313 | G30: =SUM('SO JUNI 2026 (Rev.2)'!AZ30:BA30) -> 1800 | H30: =SUM(E30:G30) -> 195457.78 | I30: ='Summary sales'!D28 -> 129245.76 | J30: ='Summary sales'!E28 -> 47771.33 | K30: ='Summary sales'!F28 -> 11414.12 | L30: ='Summary sales'!G28 -> 0 | N30: ='Summary sales'!I28 -> 3735.68 | Q30: =SUM(I30:P30) -> 192166.89
B31: Sub Total | D31: =SUM(D24:D30) -> -230944.9 | E31: =SUM(E24:E30) -> 1226480.5 | F31: =SUM(F24:F30) -> 282587.79 | G31: =SUM(G24:G30) -> 17087.601 | H31: =SUM(H24:H30) -> 1526155.9 | I31: =SUM(I24:I30) -> 903840.04 | J31: =SUM(J24:J30) -> 304799.5 | K31: =SUM(K24:K30) -> 70835.7 | ... Q31: =SUM(Q24:Q30) -> 1295211
A33: =WEEKNUM(B33) -> 26 | B33: =B30+1 -> 46195 | C33: =TEXT(B33,"ddd") -> Sen | D33: =Q33-H33 -> -39845.363 | E33: =SUM('SO JUNI 2026 (Rev.2)'!E33:AT33) -> 181300.42 | F33: =SUM('SO JUNI 2026 (Rev.2)'!AU33:BE33) -> 40986.213 | G33: =SUM('SO JUNI 2026 (Rev.2)'!AZ33:BA33) -> 2921.9003 | H33: =SUM(E33:G33) -> 225208.53 | I33: ='Summary sales'!D29 -> 137230.21 | J33: ='Summary sales'!E29 -> 34297.72 | K33: ='Summary sales'!F29 -> 10499.66 | L33: ='Summary sales'!G29 -> 0 | N33: ='Summary sales'!I29 -> 3335.58 | Q33: =SUM(I33:P33) -> 185363.17
B34: =B33+1 -> 46196 | C34: =TEXT(B34,"ddd") -> Sel | D34: =Q34-H34 -> -28610.483 | E34: =SUM('SO JUNI 2026 (Rev.2)'!E34:AT34) -> 181300.42 | F34: =SUM('SO JUNI 2026 (Rev.2)'!AU34:BE34) -> 40986.213 | G34: =SUM('SO JUNI 2026 (Rev.2)'!AZ34:BA34) -> 2921.9003 | H34: =SUM(E34:G34) -> 225208.53 | I34: ='Summary sales'!D30 -> 138547.19 | J34: ='Summary sales'!E30 -> 47221.93 | K34: ='Summary sales'!F30 -> 10828.93 | L34: ='Summary sales'!G30 -> 0 | N34: ='Summary sales'!I30 -> 0 | Q34: =SUM(I34:P34) -> 196598.05
B35: =B34+1 -> 46197 | C35: =TEXT(B35,"ddd") -> Rab | D35: =Q35-H35 -> -17588.383 | E35: =SUM('SO JUNI 2026 (Rev.2)'!E35:AT35) -> 181300.42 | F35: =SUM('SO JUNI 2026 (Rev.2)'!AU35:BE35) -> 40986.213 | G35: =SUM('SO JUNI 2026 (Rev.2)'!AZ35:BA35) -> 2921.9003 | H35: =SUM(E35:G35) -> 225208.53 | I35: ='Summary sales'!D31 -> 142467.95 | J35: ='Summary sales'!E31 -> 46971.07 | K35: ='Summary sales'!F31 -> 14149.76 | L35: ='Summary sales'!G31 -> 0 | N35: ='Summary sales'!I31 -> 4031.37 | Q35: =SUM(I35:P35) -> 207620.15
B36: =B35+1 -> 46198 | C36: =TEXT(B36,"ddd") -> Kam | D36: =Q36-H36 -> -10292.583 | E36: =SUM('SO JUNI 2026 (Rev.2)'!E36:AT36) -> 181300.42 | F36: =SUM('SO JUNI 2026 (Rev.2)'!AU36:BE36) -> 40986.213 | G36: =SUM('SO JUNI 2026 (Rev.2)'!AZ36:BA36) -> 2921.9003 | H36: =SUM(E36:G36) -> 225208.53 | I36: ='Summary sales'!D32 -> 149296.97 | J36: ='Summary sales'!E32 -> 47210.9 | K36: ='Summary sales'!F32 -> 13749.31 | L36: ='Summary sales'!G32 -> 0 | N36: ='Summary sales'!I32 -> 4658.77 | Q36: =SUM(I36:P36) -> 214915.95
B37: =B36+1 -> 46199 | C37: =TEXT(B37,"ddd") -> Jum | D37: =Q37-H37 -> -18793.423 | E37: =SUM('SO JUNI 2026 (Rev.2)'!E37:AT37) -> 181300.42 | F37: =SUM('SO JUNI 2026 (Rev.2)'!AU37:BE37) -> 40986.213 | G37: =SUM('SO JUNI 2026 (Rev.2)'!AZ37:BA37) -> 2921.9003 | H37: =SUM(E37:G37) -> 225208.53 | I37: ='Summary sales'!D33 -> 149771.34 | J37: ='Summary sales'!E33 -> 41187.35 | K37: ='Summary sales'!F33 -> 11358.8 | L37: ='Summary sales'!G33 -> 0 | N37: ='Summary sales'!I33 -> 4097.62 | Q37: =SUM(I37:P37) -> 206415.11
B38: =B37+1 -> 46200 | C38: =TEXT(B38,"ddd") -> Sab | D38: =Q38-H38 -> -25745.125 | E38: =SUM('SO JUNI 2026 (Rev.2)'!E38:AT38) -> 180334.54 | F38: =SUM('SO JUNI 2026 (Rev.2)'!AU38:BE38) -> 39814.313 | G38: =SUM('SO JUNI 2026 (Rev.2)'!AZ38:BA38) -> 1800 | H38: =SUM(E38:G38) -> 221948.86 | I38: ='Summary sales'!D34 -> 137522.45 | J38: ='Summary sales'!E34 -> 47177.7 | K38: ='Summary sales'!F34 -> 11503.58 | L38: ='Summary sales'!G34 -> 0 | N38: ='Summary sales'!I34 -> 0 | Q38: =SUM(I38:P38) -> 196203.73
B39: =B38+1 -> 46201 | C39: =TEXT(B39,"ddd") -> Mgg | D39: =Q39-H39 -> 8703.0722 | E39: =SUM('SO JUNI 2026 (Rev.2)'!E39:AT39) -> 153843.46 | F39: =SUM('SO JUNI 2026 (Rev.2)'!AU39:BE39) -> 39814.313 | G39: =SUM('SO JUNI 2026 (Rev.2)'!AZ39:BA39) -> 1800 | H39: =SUM(E39:G39) -> 195457.78 | I39: ='Summary sales'!D35 -> 139795.89 | J39: ='Summary sales'!E35 -> 46679.06 | K39: ='Summary sales'!F35 -> 13663.78 | L39: ='Summary sales'!G35 -> 0 | N39: ='Summary sales'!I35 -> 4022.12 | Q39: =SUM(I39:P39) -> 204160.85
B40: Sub Total | D40: =SUM(D33:D39) -> -132172.29 | E40: =SUM(E33:E39) -> 1240680.1 | F40: =SUM(F33:F39) -> 284559.69 | G40: =SUM(G33:G39) -> 18209.502 | H40: =SUM(H33:H39) -> 1543449.3 | I40: =SUM(I33:I39) -> 994632 | J40: =SUM(J33:J39) -> 310745.73 | K40: =SUM(K33:K39) -> 85753.82 | ... Q40: =SUM(Q33:Q39) -> 1411277
A42: =WEEKNUM(B42) -> 27 | B42: =B39+1 -> 46202 | C42: =TEXT(B42,"ddd") -> Sen | D42: =Q42-H42 -> -36266.083 | E42: =SUM('SO JUNI 2026 (Rev.2)'!E42:AT42) -> 181300.42 | F42: =SUM('SO JUNI 2026 (Rev.2)'!AU42:BE42) -> 40986.213 | G42: =SUM('SO JUNI 2026 (Rev.2)'!AZ42:BA42) -> 2921.9003 | H42: =SUM(E42:G42) -> 225208.53 | I42: ='Summary sales'!D36 -> 138566.39 | J42: ='Summary sales'!E36 -> 37812.36 | K42: ='Summary sales'!F36 -> 8339.25 | L42: ='Summary sales'!G36 -> 0 | N42: ='Summary sales'!I36 -> 4224.45 | Q42: =SUM(I42:P42) -> 188942.45
B43: =B42+1 -> 46203 | C43: =TEXT(B43,"ddd") -> Sel | D43: =Q43-H43 -> -28265.973 | E43: =SUM('SO JUNI 2026 (Rev.2)'!E43:AT43) -> 181300.42 | F43: =SUM('SO JUNI 2026 (Rev.2)'!AU43:BE43) -> 40986.213 | G43: =SUM('SO JUNI 2026 (Rev.2)'!AZ43:BA43) -> 2921.9003 | H43: =SUM(E43:G43) -> 225208.53 | I43: ='Summary sales'!D37 -> 140049.9 | J43: ='Summary sales'!E37 -> 41868.44 | K43: ='Summary sales'!F37 -> 11048.03 | L43: ='Summary sales'!G37 -> 0 | N43: ='Summary sales'!I37 -> 3976.19 | Q43: =SUM(I43:P43) -> 196942.56
B44: Sub Total | D44: =SUM(D42:D43) -> -64532.055 | E44: =SUM(E42:E43) -> 362600.84 | F44: =SUM(F42:F43) -> 81972.427 | G44: =SUM(G42:G43) -> 5843.8006 | H44: =SUM(H42:H43) -> 450417.07 | I44: =SUM(I42:I43) -> 278616.29 | J44: =SUM(J42:J43) -> 79680.8 | K44: =SUM(K42:K43) -> 19387.28 | ... Q44: =SUM(Q42:Q43) -> 385885.01
B46: Sub Total | D46: =SUM(D13+D22+D31+D40+D44) -> -851115.56 | E46: =SUM(E13+E22+E31+E40+E44) -> 5278121.7 | F46: =SUM(F13+F22+F31+F40+F44) -> 1111697.8 | G46: =SUM(G13+G22+G31+G40+G44) -> 76438.006 | H46: =SUM(H13+H22+H31+H40+H44) -> 6466257.5 | I46: =SUM(I13+I22+I31+I40+I44) -> 3932545.3 | J46: =SUM(J13+J22+J31+J40+J44) -> 1266801.6 | K46: =SUM(K13+K22+K31+K40+K44) -> 323187.13 | ... Q46: =SUM(Q13+Q22+Q31+Q40+Q44) -> 5615141.9
B47: Total | D47: =SUM(D6:D12,D15:D21,D24:D30,D33:D39,D42:D43) -> -851115.56 | E47: =SUM(E6:E12,E15:E21,E24:E30,E33:E39,E42:E43) -> 5278121.7 | F47: =SUM(F6:F12,F15:F21,F24:F30,F33:F39,F42:F43) -> 1111697.8 | G47: =SUM(G6:G12,G15:G21,G24:G30,G33:G39,G42:G43) -> 76438.006 | H47: =SUM(H6:H12,H15:H21,H24:H30,H33:H39,H42:H43) -> 6466257.5 | I47: =SUM(I6:I12,I15:I21,I24:I30,I33:I39,I42:I43) -> 3932545.3 | J47: =SUM(J6:J12,J15:J21,J24:J30,J33:J39,J42:J43) -> 1266801.6 | K47: =SUM(K6:K12,K15:K21,K24:K30,K33:K39,K42:K43) -> 323187.13 | ... Q47: =SUM(Q6:Q12,Q15:Q21,Q24:Q30,Q33:Q39,Q42:Q43) -> 5615141.9

Sheet SO MS
A1: SALES ORDER GAS
A4: ='KEBUTUHAN GAS'!A4 -> 46174
A5: Week | B5: DATE | D5: TOTAL | E5: MS SETU | F5: MS KHT | G5: MS BLORA | H5: MS BITUNG | I5: MS ZEBRA | J5: MS TAMBAKLOROK | K5: MS WUNUT | L5: MS SADANG
A6: =WEEKNUM(B6) -> 23 | B6: =A4 -> 46174 | C6: =TEXT(B6,"ddd") -> Sen | D6: =SUM(E6:L6) -> 168920 | E6: =4.5*24000 -> 108000 | F6: =1.43*24000 -> 34320 | G6: =0.4*24000 -> 9600 | H6: 0 | I6: ='SO JUNI 2026 (Rev.2)'!BE6 -> 0 | J6: ='SO JUNI 2026 (Rev.2)'!AT6 -> 3500 | K6: ='SO JUNI 2026 (Rev.2)'!BC6+'SO JUNI 2026 (Rev.2)'!BD6 -> 13500 | L6: 0
B7: =B6+1 -> 46175 | C7: =TEXT(B7,"ddd") -> Sel | D7: =SUM(E7:L7) -> 170670 | E7: =4.5*24000 -> 108000 | F7: =1.43*24000 -> 34320 | G7: =0.4*24000 -> 9600 | H7: =0.35*5000 -> 1750 | I7: ='SO JUNI 2026 (Rev.2)'!BE7 -> 0 | J7: ='SO JUNI 2026 (Rev.2)'!AT7 -> 3500 | K7: ='SO JUNI 2026 (Rev.2)'!BC7+'SO JUNI 2026 (Rev.2)'!BD7 -> 13500 | L7: 0
B8: =B7+1 -> 46176 | C8: =TEXT(B8,"ddd") -> Rab | D8: =SUM(E8:L8) -> 170670 | E8: =4.5*24000 -> 108000 | F8: =1.43*24000 -> 34320 | G8: =0.4*24000 -> 9600 | H8: =0.35*5000 -> 1750 | I8: ='SO JUNI 2026 (Rev.2)'!BE8 -> 0 | J8: ='SO JUNI 2026 (Rev.2)'!AT8 -> 3500 | K8: ='SO JUNI 2026 (Rev.2)'!BC8+'SO JUNI 2026 (Rev.2)'!BD8 -> 13500 | L8: 0
B9: =B8+1 -> 46177 | C9: =TEXT(B9,"ddd") -> Kam | D9: =SUM(E9:L9) -> 170670 | E9: =4.5*24000 -> 108000 | F9: =1.43*24000 -> 34320 | G9: =0.4*24000 -> 9600 | H9: =0.35*5000 -> 1750 | I9: ='SO JUNI 2026 (Rev.2)'!BE9 -> 0 | J9: ='SO JUNI 2026 (Rev.2)'!AT9 -> 3500 | K9: ='SO JUNI 2026 (Rev.2)'!BC9+'SO JUNI 2026 (Rev.2)'!BD9 -> 13500 | L9: 0
B10: =B9+1 -> 46178 | C10: =TEXT(B10,"ddd") -> Jum | D10: =SUM(E10:L10) -> 170670 | E10: =4.5*24000 -> 108000 | F10: =1.43*24000 -> 34320 | G10: =0.4*24000 -> 9600 | H10: =0.35*5000 -> 1750 | I10: ='SO JUNI 2026 (Rev.2)'!BE10 -> 0 | J10: ='SO JUNI 2026 (Rev.2)'!AT10 -> 3500 | K10: ='SO JUNI 2026 (Rev.2)'!BC10+'SO JUNI 2026 (Rev.2)'!BD10 -> 13500 | L10: 0
B11: =B10+1 -> 46179 | C11: =TEXT(B11,"ddd") -> Sab | D11: =SUM(E11:L11) -> 170670 | E11: =4.5*24000 -> 108000 | F11: =1.43*24000 -> 34320 | G11: =0.4*24000 -> 9600 | H11: =0.35*5000 -> 1750 | I11: ='SO JUNI 2026 (Rev.2)'!BE11 -> 0 | J11: ='SO JUNI 2026 (Rev.2)'!AT11 -> 3500 | K11: ='SO JUNI 2026 (Rev.2)'!BC11+'SO JUNI 2026 (Rev.2)'!BD11 -> 13500 | L11: 0
B12: =B11+1 -> 46180 | C12: =TEXT(B12,"ddd") -> Mgg | D12: =SUM(E12:L12) -> 168920 | E12: =4.5*24000 -> 108000 | F12: =1.43*24000 -> 34320 | G12: =0.4*24000 -> 9600 | H12: 0 | I12: ='SO JUNI 2026 (Rev.2)'!BE12 -> 0 | J12: ='SO JUNI 2026 (Rev.2)'!AT12 -> 3500 | K12: ='SO JUNI 2026 (Rev.2)'!BC12+'SO JUNI 2026 (Rev.2)'!BD12 -> 13500 | L12: 0
B13: Sub Total | D13: =SUM(D6:D12) -> 1191190 | E13: =SUM(E6:E12) -> 756000 | F13: =SUM(F6:F12) -> 240240 | G13: =SUM(G6:G12) -> 67200 | H13: =SUM(H6:H12) -> 8750 | I13: =SUM(I6:I12) -> 0 | J13: =SUM(J6:J12) -> 24500 | K13: =SUM(K6:K12) -> 94500 | L13: =SUM(L6:L12) -> 0
A15: =WEEKNUM(B15) -> 24 | B15: =B12+1 -> 46181 | C15: =TEXT(B15,"ddd") -> Sen | D15: =SUM(E15:L15) -> 185670 | E15: =4.5*24000 -> 108000 | F15: =1.43*24000 -> 34320 | G15: =0.4*24000 -> 9600 | H15: =0.35*5000 -> 1750 | I15: ='SO JUNI 2026 (Rev.2)'!BE15 -> 15000 | J15: ='SO JUNI 2026 (Rev.2)'!AT15 -> 3500 | K15: ='SO JUNI 2026 (Rev.2)'!BC15+'SO JUNI 2026 (Rev.2)'!BD15 -> 13500 | L15: 0
B16: =B15+1 -> 46182 | C16: =TEXT(B16,"ddd") -> Sel | D16: =SUM(E16:L16) -> 185670 | E16: =4.5*24000 -> 108000 | F16: =1.43*24000 -> 34320 | G16: =0.4*24000 -> 9600 | H16: =0.35*5000 -> 1750 | I16: ='SO JUNI 2026 (Rev.2)'!BE16 -> 15000 | J16: ='SO JUNI 2026 (Rev.2)'!AT16 -> 3500 | K16: ='SO JUNI 2026 (Rev.2)'!BC16+'SO JUNI 2026 (Rev.2)'!BD16 -> 13500 | L16: 0
B17: =B16+1 -> 46183 | C17: =TEXT(B17,"ddd") -> Rab | D17: =SUM(E17:L17) -> 185670 | E17: =4.5*24000 -> 108000 | F17: =1.43*24000 -> 34320 | G17: =0.4*24000 -> 9600 | H17: =0.35*5000 -> 1750 | I17: ='SO JUNI 2026 (Rev.2)'!BE17 -> 15000 | J17: ='SO JUNI 2026 (Rev.2)'!AT17 -> 3500 | K17: ='SO JUNI 2026 (Rev.2)'!BC17+'SO JUNI 2026 (Rev.2)'!BD17 -> 13500 | L17: 0
B18: =B17+1 -> 46184 | C18: =TEXT(B18,"ddd") -> Kam | D18: =SUM(E18:L18) -> 185670 | E18: =4.5*24000 -> 108000 | F18: =1.43*24000 -> 34320 | G18: =0.4*24000 -> 9600 | H18: =0.35*5000 -> 1750 | I18: ='SO JUNI 2026 (Rev.2)'!BE18 -> 15000 | J18: ='SO JUNI 2026 (Rev.2)'!AT18 -> 3500 | K18: ='SO JUNI 2026 (Rev.2)'!BC18+'SO JUNI 2026 (Rev.2)'!BD18 -> 13500 | L18: 0
B19: =B18+1 -> 46185 | C19: =TEXT(B19,"ddd") -> Jum | D19: =SUM(E19:L19) -> 185670 | E19: =4.5*24000 -> 108000 | F19: =1.43*24000 -> 34320 | G19: =0.4*24000 -> 9600 | H19: =0.35*5000 -> 1750 | I19: ='SO JUNI 2026 (Rev.2)'!BE19 -> 15000 | J19: ='SO JUNI 2026 (Rev.2)'!AT19 -> 3500 | K19: ='SO JUNI 2026 (Rev.2)'!BC19+'SO JUNI 2026 (Rev.2)'!BD19 -> 13500 | L19: 0
B20: =B19+1 -> 46186 | C20: =TEXT(B20,"ddd") -> Sab | D20: =SUM(E20:L20) -> 185670 | E20: =4.5*24000 -> 108000 | F20: =1.43*24000 -> 34320 | G20: =0.4*24000 -> 9600 | H20: =0.35*5000 -> 1750 | I20: ='SO JUNI 2026 (Rev.2)'!BE20 -> 15000 | J20: ='SO JUNI 2026 (Rev.2)'!AT20 -> 3500 | K20: ='SO JUNI 2026 (Rev.2)'!BC20+'SO JUNI 2026 (Rev.2)'!BD20 -> 13500 | L20: 0
B21: =B20+1 -> 46187 | C21: =TEXT(B21,"ddd") -> Mgg | D21: =SUM(E21:L21) -> 183920 | E21: =4.5*24000 -> 108000 | F21: =1.43*24000 -> 34320 | G21: =0.4*24000 -> 9600 | H21: 0 | I21: ='SO JUNI 2026 (Rev.2)'!BE21 -> 15000 | J21: ='SO JUNI 2026 (Rev.2)'!AT21 -> 3500 | K21: ='SO JUNI 2026 (Rev.2)'!BC21+'SO JUNI 2026 (Rev.2)'!BD21 -> 13500 | L21: 0
B22: Sub Total | D22: =SUM(D15:D21) -> 1297940 | E22: =SUM(E15:E21) -> 756000 | F22: =SUM(F15:F21) -> 240240 | G22: =SUM(G15:G21) -> 67200 | H22: =SUM(H15:H21) -> 10500 | I22: =SUM(I15:I21) -> 105000 | J22: =SUM(J15:J21) -> 24500 | K22: =SUM(K15:K21) -> 94500 | L22: =SUM(L15:L21) -> 0
A24: =WEEKNUM(B24) -> 25 | B24: =B21+1 -> 46188 | C24: =TEXT(B24,"ddd") -> Sen | D24: =SUM(E24:L24) -> 185670 | E24: =4.5*24000 -> 108000 | F24: =1.43*24000 -> 34320 | G24: =0.4*24000 -> 9600 | H24: =0.35*5000 -> 1750 | I24: ='SO JUNI 2026 (Rev.2)'!BE24 -> 15000 | J24: ='SO JUNI 2026 (Rev.2)'!AT24 -> 3500 | K24: ='SO JUNI 2026 (Rev.2)'!BC24+'SO JUNI 2026 (Rev.2)'!BD24 -> 13500 | L24: 0
B25: =B24+1 -> 46189 | C25: =TEXT(B25,"ddd") -> Sel | D25: =SUM(E25:L25) -> 185670 | E25: =4.5*24000 -> 108000 | F25: =1.43*24000 -> 34320 | G25: =0.4*24000 -> 9600 | H25: =0.35*5000 -> 1750 | I25: ='SO JUNI 2026 (Rev.2)'!BE25 -> 15000 | J25: ='SO JUNI 2026 (Rev.2)'!AT25 -> 3500 | K25: ='SO JUNI 2026 (Rev.2)'!BC25+'SO JUNI 2026 (Rev.2)'!BD25 -> 13500 | L25: 0
B26: =B25+1 -> 46190 | C26: =TEXT(B26,"ddd") -> Rab | D26: =SUM(E26:L26) -> 185670 | E26: =4.5*24000 -> 108000 | F26: =1.43*24000 -> 34320 | G26: =0.4*24000 -> 9600 | H26: =0.35*5000 -> 1750 | I26: ='SO JUNI 2026 (Rev.2)'!BE26 -> 15000 | J26: ='SO JUNI 2026 (Rev.2)'!AT26 -> 3500 | K26: ='SO JUNI 2026 (Rev.2)'!BC26+'SO JUNI 2026 (Rev.2)'!BD26 -> 13500 | L26: 0
B27: =B26+1 -> 46191 | C27: =TEXT(B27,"ddd") -> Kam | D27: =SUM(E27:L27) -> 185670 | E27: =4.5*24000 -> 108000 | F27: =1.43*24000 -> 34320 | G27: =0.4*24000 -> 9600 | H27: =0.35*5000 -> 1750 | I27: ='SO JUNI 2026 (Rev.2)'!BE27 -> 15000 | J27: ='SO JUNI 2026 (Rev.2)'!AT27 -> 3500 | K27: ='SO JUNI 2026 (Rev.2)'!BC27+'SO JUNI 2026 (Rev.2)'!BD27 -> 13500 | L27: 0
B28: =B27+1 -> 46192 | C28: =TEXT(B28,"ddd") -> Jum | D28: =SUM(E28:L28) -> 185670 | E28: =4.5*24000 -> 108000 | F28: =1.43*24000 -> 34320 | G28: =0.4*24000 -> 9600 | H28: =0.35*5000 -> 1750 | I28: ='SO JUNI 2026 (Rev.2)'!BE28 -> 15000 | J28: ='SO JUNI 2026 (Rev.2)'!AT28 -> 3500 | K28: ='SO JUNI 2026 (Rev.2)'!BC28+'SO JUNI 2026 (Rev.2)'!BD28 -> 13500 | L28: 0
B29: =B28+1 -> 46193 | C29: =TEXT(B29,"ddd") -> Sab | D29: =SUM(E29:L29) -> 185670 | E29: =4.5*24000 -> 108000 | F29: =1.43*24000 -> 34320 | G29: =0.4*24000 -> 9600 | H29: =0.35*5000 -> 1750 | I29: ='SO JUNI 2026 (Rev.2)'!BE29 -> 15000 | J29: ='SO JUNI 2026 (Rev.2)'!AT29 -> 3500 | K29: ='SO JUNI 2026 (Rev.2)'!BC29+'SO JUNI 2026 (Rev.2)'!BD29 -> 13500 | L29: 0
B30: =B29+1 -> 46194 | C30: =TEXT(B30,"ddd") -> Mgg | D30: =SUM(E30:L30) -> 183920 | E30: =4.5*24000 -> 108000 | F30: =1.43*24000 -> 34320 | G30: =0.4*24000 -> 9600 | H30: 0 | I30: ='SO JUNI 2026 (Rev.2)'!BE30 -> 15000 | J30: ='SO JUNI 2026 (Rev.2)'!AT30 -> 3500 | K30: ='SO JUNI 2026 (Rev.2)'!BC30+'SO JUNI 2026 (Rev.2)'!BD30 -> 13500 | L30: 0
B31: Sub Total | D31: =SUM(D24:D30) -> 1297940 | E31: =SUM(E24:E30) -> 756000 | F31: =SUM(F24:F30) -> 240240 | G31: =SUM(G24:G30) -> 67200 | H31: =SUM(H24:H30) -> 10500 | I31: =SUM(I24:I30) -> 105000 | J31: =SUM(J24:J30) -> 24500 | K31: =SUM(K24:K30) -> 94500 | L31: =SUM(L24:L30) -> 0
A33: =WEEKNUM(B33) -> 26 | B33: =B30+1 -> 46195 | C33: =TEXT(B33,"ddd") -> Sen | D33: =SUM(E33:L33) -> 185670 | E33: =4.5*24000 -> 108000 | F33: =1.43*24000 -> 34320 | G33: =0.4*24000 -> 9600 | H33: =0.35*5000 -> 1750 | I33: ='SO JUNI 2026 (Rev.2)'!BE33 -> 15000 | J33: ='SO JUNI 2026 (Rev.2)'!AT33 -> 3500 | K33: ='SO JUNI 2026 (Rev.2)'!BC33+'SO JUNI 2026 (Rev.2)'!BD33 -> 13500 | L33: 0
B34: =B33+1 -> 46196 | C34: =TEXT(B34,"ddd") -> Sel | D34: =SUM(E34:L34) -> 185670 | E34: =4.5*24000 -> 108000 | F34: =1.43*24000 -> 34320 | G34: =0.4*24000 -> 9600 | H34: =0.35*5000 -> 1750 | I34: ='SO JUNI 2026 (Rev.2)'!BE34 -> 15000 | J34: ='SO JUNI 2026 (Rev.2)'!AT34 -> 3500 | K34: ='SO JUNI 2026 (Rev.2)'!BC34+'SO JUNI 2026 (Rev.2)'!BD34 -> 13500 | L34: 0
B35: =B34+1 -> 46197 | C35: =TEXT(B35,"ddd") -> Rab | D35: =SUM(E35:L35) -> 185670 | E35: =4.5*24000 -> 108000 | F35: =1.43*24000 -> 34320 | G35: =0.4*24000 -> 9600 | H35: =0.35*5000 -> 1750 | I35: ='SO JUNI 2026 (Rev.2)'!BE35 -> 15000 | J35: ='SO JUNI 2026 (Rev.2)'!AT35 -> 3500 | K35: ='SO JUNI 2026 (Rev.2)'!BC35+'SO JUNI 2026 (Rev.2)'!BD35 -> 13500 | L35: 0
B36: =B35+1 -> 46198 | C36: =TEXT(B36,"ddd") -> Kam | D36: =SUM(E36:L36) -> 185670 | E36: =4.5*24000 -> 108000 | F36: =1.43*24000 -> 34320 | G36: =0.4*24000 -> 9600 | H36: =0.35*5000 -> 1750 | I36: ='SO JUNI 2026 (Rev.2)'!BE36 -> 15000 | J36: ='SO JUNI 2026 (Rev.2)'!AT36 -> 3500 | K36: ='SO JUNI 2026 (Rev.2)'!BC36+'SO JUNI 2026 (Rev.2)'!BD36 -> 13500 | L36: 0
B37: =B36+1 -> 46199 | C37: =TEXT(B37,"ddd") -> Jum | D37: =SUM(E37:L37) -> 185670 | E37: =4.5*24000 -> 108000 | F37: =1.43*24000 -> 34320 | G37: =0.4*24000 -> 9600 | H37: =0.35*5000 -> 1750 | I37: ='SO JUNI 2026 (Rev.2)'!BE37 -> 15000 | J37: ='SO JUNI 2026 (Rev.2)'!AT37 -> 3500 | K37: ='SO JUNI 2026 (Rev.2)'!BC37+'SO JUNI 2026 (Rev.2)'!BD37 -> 13500 | L37: 0
B38: =B37+1 -> 46200 | C38: =TEXT(B38,"ddd") -> Sab | D38: =SUM(E38:L38) -> 185670 | E38: =4.5*24000 -> 108000 | F38: =1.43*24000 -> 34320 | G38: =0.4*24000 -> 9600 | H38: =0.35*5000 -> 1750 | I38: ='SO JUNI 2026 (Rev.2)'!BE38 -> 15000 | J38: ='SO JUNI 2026 (Rev.2)'!AT38 -> 3500 | K38: ='SO JUNI 2026 (Rev.2)'!BC38+'SO JUNI 2026 (Rev.2)'!BD38 -> 13500 | L38: 0
B39: =B38+1 -> 46201 | C39: =TEXT(B39,"ddd") -> Mgg | D39: =SUM(E39:L39) -> 183920 | E39: =4.5*24000 -> 108000 | F39: =1.43*24000 -> 34320 | G39: =0.4*24000 -> 9600 | H39: 0 | I39: ='SO JUNI 2026 (Rev.2)'!BE39 -> 15000 | J39: ='SO JUNI 2026 (Rev.2)'!AT39 -> 3500 | K39: ='SO JUNI 2026 (Rev.2)'!BC39+'SO JUNI 2026 (Rev.2)'!BD39 -> 13500 | L39: 0
B40: Sub Total | D40: =SUM(D33:D39) -> 1297940 | E40: =SUM(E33:E39) -> 756000 | F40: =SUM(F33:F39) -> 240240 | G40: =SUM(G33:G39) -> 67200 | H40: =SUM(H33:H39) -> 10500 | I40: =SUM(I33:I39) -> 105000 | J40: =SUM(J33:J39) -> 24500 | K40: =SUM(K33:K39) -> 94500 | L40: =SUM(L33:L39) -> 0
A42: =WEEKNUM(B42) -> 27 | B42: =B39+1 -> 46202 | C42: =TEXT(B42,"ddd") -> Sen | D42: =SUM(E42:L42) -> 185670 | E42: =4.5*24000 -> 108000 | F42: =1.43*24000 -> 34320 | G42: =0.4*24000 -> 9600 | H42: =0.35*5000 -> 1750 | I42: ='SO JUNI 2026 (Rev.2)'!BE42 -> 15000 | J42: ='SO JUNI 2026 (Rev.2)'!AT42 -> 3500 | K42: ='SO JUNI 2026 (Rev.2)'!BC42+'SO JUNI 2026 (Rev.2)'!BD42 -> 13500 | L42: 0
B43: =B42+1 -> 46203 | C43: =TEXT(B43,"ddd") -> Sel | D43: =SUM(E43:L43) -> 185670 | E43: =4.5*24000 -> 108000 | F43: =1.43*24000 -> 34320 | G43: =0.4*24000 -> 9600 | H43: =0.35*5000 -> 1750 | I43: ='SO JUNI 2026 (Rev.2)'!BE43 -> 15000 | J43: ='SO JUNI 2026 (Rev.2)'!AT43 -> 3500 | K43: ='SO JUNI 2026 (Rev.2)'!BC43+'SO JUNI 2026 (Rev.2)'!BD43 -> 13500 | L43: 0
B44: Sub Total | D44: =SUM(D42:D43) -> 371340 | E44: =SUM(E42:E43) -> 216000 | F44: =SUM(F42:F43) -> 68640 | G44: =SUM(G42:G43) -> 19200 | H44: =SUM(H42:H43) -> 3500 | I44: =SUM(I42:I43) -> 30000 | J44: =SUM(J42:J43) -> 7000 | K44: =SUM(K42:K43) -> 27000 | L44: =SUM(L42:L43) -> 0
B46: Sub Total | D46: =SUM(D13+D22+D31+D40+D44) -> 5456350 | E46: =SUM(E13+E22+E31+E40+E44) -> 3240000 | F46: =SUM(F13+F22+F31+F40+F44) -> 1029600 | G46: =SUM(G13+G22+G31+G40+G44) -> 288000 | H46: =SUM(H13+H22+H31+H40+H44) -> 43750 | I46: =SUM(I13+I22+I31+I40+I44) -> 345000 | J46: =SUM(J13+J22+J31+J40+J44) -> 105000 | K46: =SUM(K13+K22+K31+K40+K44) -> 405000 | L46: =SUM(L13+L22+L31+L40+L44) -> 0
B47: Total | D47: =SUM(D6:D12,D15:D21,D24:D30,D33:D39,D42:D43) -> 5456350 | E47: =SUM(E6:E12,E15:E21,E24:E30,E33:E39,E42:E43) -> 3240000 | F47: =SUM(F6:F12,F15:F21,F24:F30,F33:F39,F42:F43) -> 1029600 | G47: =SUM(G6:G12,G15:G21,G24:G30,G33:G39,G42:G43) -> 288000 | H47: =SUM(H6:H12,H15:H21,H24:H30,H33:H39,H42:H43) -> 43750 | I47: =SUM(I6:I12,I15:I21,I24:I30,I33:I39,I42:I43) -> 345000 | J47: =SUM(J6:J12,J15:J21,J24:J30,J33:J39,J42:J43) -> 105000 | K47: =SUM(K6:K12,K15:K21,K24:K30,K33:K39,K42:K43) -> 405000 | L47: =SUM(L6:L12,L15:L21,L24:L30,L33:L39,L42:L43) -> 0

Sheet Summary Gas
A1: Summary Gas
L3: SO MS | AI3: SUMMARY FOB | AK3: SUMMARY SALES
A6: ='Daily Sales'!A2 -> 46174
A7: SERAPAN GAS MS | AE7: SALES
A8: Week | B8: DATE | D8: Total Serapan Gas | G8: MS SETU | J8: MS KHT | M8: MS BLORA | P8: MS BITUNG | S8: MS ZEBRA | V8: MS TAMBAKLOROK | Y8: MS WUNUT | AB8: MS SADANG | AE8: Total sales | AH8: SALES FOB | AK8: SALES NON FOB
D9: TARGET | E9: ACTUAL | F9: SELISIH | G9: TARGET | H9: ACTUAL | I9: SELISIH | J9: TARGET | K9: ACTUAL | L9: SELISIH | M9: TARGET | N9: ACTUAL | O9: SELISIH | P9: TARGET | Q9: ACTUAL | R9: SELISIH | S9: TARGET | T9: ACTUAL | U9: SELISIH | V9: TARGET | W9: ACTUAL | X9: SELISIH | Y9: TARGET | Z9: ACTUAL | AA9: SELISIH | AB9: TARGET | AC9: ACTUAL | AD9: SELISIH | AE9: TARGET | AF9: ACTUAL | AG9: SELISIH | AH9: TARGET | AI9: ACTUAL | AJ9: SELISIH | AK9: TARGET | AL9: ACTUAL | AM9: SELISIH
A10: =WEEKNUM(B10) -> 23 | B10: =A6 -> 46174 | C10: =TEXT(B10,"ddd") -> Sen | D10: =SUMIF($G$9:$AD$9,$D$9,G10:AD10) -> 168920 | E10: =SUMIF($G$9:$AD$9,$E$9,G10:AD10) -> 142136.33 | F10: =E10-D10 -> -26783.668 | G10: =VLOOKUP($B$10:$B$55,'SO MS'!$B$6:$L$47,4,TRUE) -> 108000 | H10: ='Summary sales'!D8 -> 88200.22 | I10: =H10-G10 -> -19799.78 | J10: =VLOOKUP($B$10:$B$55,'SO MS'!$B$6:$L$47,5,TRUE) -> 34320 | K10: ='Summary sales'!E8 -> 36130.03 | L10: =K10-J10 -> 1810.03 | M10: =VLOOKUP($B$10:$B$55,'SO MS'!$B$6:$L$47,6,TRUE) -> 9600 | N10: ='Summary sales'!F8 -> 8610.63 | O10: =N10-M10 -> -989.37 | P10: =VLOOKUP($B$10:$B$55,'SO MS'!$B$6:$AS$47,7,TRUE) -> 0 | Q10: ='Summary sales'!G8 -> 0 | R10: =Q10-P10 -> 0 | S10: =VLOOKUP($B$10:$B$55,'SO MS'!$B$6:$AS$47,8,TRUE) -> 0 | T10: ='Summary sales'!H8 -> 9195.452 | U10: =T10-S10 -> 9195.452 | V10: =VLOOKUP($B$10:$B$55,'SO MS'!$B$6:$AS$47,9,TRUE) -> 3500 | W10: ='Summary sales'!I8 -> 0 | X10: =W10-V10 -> -3500 | Y10: =VLOOKUP($B$10:$B$55,'SO MS'!$B$6:$AS$47,10,TRUE) -> 13500 | Z10: ='Summary sales'!K8 -> 0 | AA10: =Z10-Y10 -> -13500 | AB10: =VLOOKUP($B$10:$B$55,'SO MS'!$B$6:$AS$47,11,TRUE) -> 0 | AD10: =AC10-AB10 -> 0 | AE10: ='Daily Sales'!D5 -> 177245.12 | AF10: ='Daily Sales'!E5 -> 146396.8 | AG10: =AF10-AE10 -> -30848.322 | AH10: 0 | AI10: 0 | AJ10: =AI10-AH10 -> 0 | AK10: =VLOOKUP($B$10:$B$52,'Daily Sales'!$B$5:$F$44,3,TRUE) -> 177245.12 | AL10: =VLOOKUP($B$10:$B$52,'Daily Sales'!$B$5:$F$44,4,TRUE) -> 146396.8 | AM10: =AL10-AK10 -> -30848.322
B11: =B10+1 -> 46175 | C11: =TEXT(B11,"ddd") -> Sel | D11: =SUMIF($G$9:$AD$9,$D$9,G11:AD11) -> 170670 | E11: =SUMIF($G$9:$AD$9,$E$9,G11:AD11) -> 152794.63 | F11: =E11-D11 -> -17875.368 | G11: =VLOOKUP($B$10:$B$55,'SO MS'!$B$6:$L$47,4,TRUE) -> 108000 | H11: ='Summary sales'!D9 -> 103046.29 | I11: =H11-G11 -> -4953.71 | J11: =VLOOKUP($B$10:$B$55,'SO MS'!$B$6:$L$47,5,TRUE) -> 34320 | K11: ='Summary sales'!E9 -> 36697.27 | L11: =K11-J11 -> 2377.27 | M11: =VLOOKUP($B$10:$B$55,'SO MS'!$B$6:$L$47,6,TRUE) -> 9600 | N11: ='Summary sales'!F9 -> 3442.58 | O11: =N11-M11 -> -6157.42 | P11: =VLOOKUP($B$10:$B$55,'SO MS'!$B$6:$AS$47,7,TRUE) -> 1750 | Q11: ='Summary sales'!G9 -> 0 | R11: =Q11-P11 -> -1750 | S11: =VLOOKUP($B$10:$B$55,'SO MS'!$B$6:$AS$47,8,TRUE) -> 0 | T11: ='Summary sales'!H9 -> 9608.492 | U11: =T11-S11 -> 9608.492 | V11: =VLOOKUP($B$10:$B$55,'SO MS'!$B$6:$AS$47,9,TRUE) -> 3500 | W11: ='Summary sales'!I9 -> 0 | X11: =W11-V11 -> -3500 | Y11: =VLOOKUP($B$10:$B$55,'SO MS'!$B$6:$AS$47,10,TRUE) -> 13500 | Z11: ='Summary sales'!K9 -> 0 | AA11: =Z11-Y11 -> -13500 | AB11: =VLOOKUP($B$10:$B$55,'SO MS'!$B$6:$AS$47,11,TRUE) -> 0 | AD11: =AC11-AB11 -> 0 | AE11: ='Daily Sales'!D6 -> 206786.63 | AF11: ='Daily Sales'!E6 -> 208351.2 | AG11: =AF11-AE11 -> 1564.5697 | AH11: 0 | AI11: 0 | AJ11: =AI11-AH11 -> 0 | AK11: =VLOOKUP($B$10:$B$52,'Daily Sales'!$B$5:$F$44,3,TRUE) -> 206786.63 | AL11: =VLOOKUP($B$10:$B$52,'Daily Sales'!$B$5:$F$44,4,TRUE) -> 208351.2 | AM11: =AL11-AK11 -> 1564.5697
B12: =B11+1 -> 46176 | C12: =TEXT(B12,"ddd") -> Rab | D12: =SUMIF($G$9:$AD$9,$D$9,G12:AD12) -> 170670 | E12: =SUMIF($G$9:$AD$9,$E$9,G12:AD12) -> 190719.18 | F12: =E12-D12 -> 20049.176 | G12: =VLOOKUP($B$10:$B$55,'SO MS'!$B$6:$L$47,4,TRUE) -> 108000 | H12: ='Summary sales'!D10 -> 131646.3 | I12: =H12-G12 -> 23646.3 | J12: =VLOOKUP($B$10:$B$55,'SO MS'!$B$6:$L$47,5,TRUE) -> 34320 | K12: ='Summary sales'!E10 -> 46224.41 | L12: =K12-J12 -> 11904.41 | M12: =VLOOKUP($B$10:$B$55,'SO MS'!$B$6:$L$47,6,TRUE) -> 9600 | N12: ='Summary sales'!F10 -> 3502.88 | O12: =N12-M12 -> -6097.12 | P12: =VLOOKUP($B$10:$B$55,'SO MS'!$B$6:$AS$47,7,TRUE) -> 1750 | Q12: ='Summary sales'!G10 -> 0 | R12: =Q12-P12 -> -1750 | S12: =VLOOKUP($B$10:$B$55,'SO MS'!$B$6:$AS$47,8,TRUE) -> 0 | T12: ='Summary sales'!H10 -> 9345.586 | U12: =T12-S12 -> 9345.586 | V12: =VLOOKUP($B$10:$B$55,'SO MS'!$B$6:$AS$47,9,TRUE) -> 3500 | W12: ='Summary sales'!I10 -> 0 | X12: =W12-V12 -> -3500 | Y12: =VLOOKUP($B$10:$B$55,'SO MS'!$B$6:$AS$47,10,TRUE) -> 13500 | Z12: ='Summary sales'!K10 -> 0 | AA12: =Z12-Y12 -> -13500 | AB12: =VLOOKUP($B$10:$B$55,'SO MS'!$B$6:$AS$47,11,TRUE) -> 0 | AD12: =AC12-AB12 -> 0 | AE12: ='Daily Sales'!D7 -> 206786.63 | AF12: ='Daily Sales'!E7 -> 229958.41 | AG12: =AF12-AE12 -> 23171.777 | AH12: 0 | AI12: 0 | AJ12: =AI12-AH12 -> 0 | AK12: =VLOOKUP($B$10:$B$52,'Daily Sales'!$B$5:$F$44,3,TRUE) -> 206786.63 | AL12: =VLOOKUP($B$10:$B$52,'Daily Sales'!$B$5:$F$44,4,TRUE) -> 229958.41 | AM12: =AL12-AK12 -> 23171.777
B13: =B12+1 -> 46177 | C13: =TEXT(B13,"ddd") -> Kam | D13: =SUMIF($G$9:$AD$9,$D$9,G13:AD13) -> 170670 | E13: =SUMIF($G$9:$AD$9,$E$9,G13:AD13) -> 184833.13 | F13: =E13-D13 -> 14163.127 | G13: =VLOOKUP($B$10:$B$55,'SO MS'!$B$6:$L$47,4,TRUE) -> 108000 | H13: ='Summary sales'!D11 -> 129880.06 | I13: =H13-G13 -> 21880.06 | J13: =VLOOKUP($B$10:$B$55,'SO MS'!$B$6:$L$47,5,TRUE) -> 34320 | K13: ='Summary sales'!E11 -> 37276.4 | L13: =K13-J13 -> 2956.4 | M13: =VLOOKUP($B$10:$B$55,'SO MS'!$B$6:$L$47,6,TRUE) -> 9600 | N13: ='Summary sales'!F11 -> 8719.67 | O13: =N13-M13 -> -880.33 | P13: =VLOOKUP($B$10:$B$55,'SO MS'!$B$6:$AS$47,7,TRUE) -> 1750 | Q13: ='Summary sales'!G11 -> 0 | R13: =Q13-P13 -> -1750 | S13: =VLOOKUP($B$10:$B$55,'SO MS'!$B$6:$AS$47,8,TRUE) -> 0 | T13: ='Summary sales'!H11 -> 4901.847 | U13: =T13-S13 -> 4901.847 | V13: =VLOOKUP($B$10:$B$55,'SO MS'!$B$6:$AS$47,9,TRUE) -> 3500 | W13: ='Summary sales'!I11 -> 4055.15 | X13: =W13-V13 -> 555.15 | Y13: =VLOOKUP($B$10:$B$55,'SO MS'!$B$6:$AS$47,10,TRUE) -> 13500 | Z13: ='Summary sales'!K11 -> 0 | AA13: =Z13-Y13 -> -13500 | AB13: =VLOOKUP($B$10:$B$55,'SO MS'!$B$6:$AS$47,11,TRUE) -> 0 | AD13: =AC13-AB13 -> 0 | AE13: ='Daily Sales'!D8 -> 206786.63 | AF13: ='Daily Sales'!E8 -> 239298.06 | AG13: =AF13-AE13 -> 32511.424 | AH13: 0 | AI13: 0 | AJ13: =AI13-AH13 -> 0 | AK13: =VLOOKUP($B$10:$B$52,'Daily Sales'!$B$5:$F$44,3,TRUE) -> 206786.63 | AL13: =VLOOKUP($B$10:$B$52,'Daily Sales'!$B$5:$F$44,4,TRUE) -> 239298.06 | AM13: =AL13-AK13 -> 32511.424
B14: =B13+1 -> 46178 | C14: =TEXT(B14,"ddd") -> Jum | D14: =SUMIF($G$9:$AD$9,$D$9,G14:AD14) -> 170670 | E14: =SUMIF($G$9:$AD$9,$E$9,G14:AD14) -> 207691.06 | F14: =E14-D14 -> 37021.063 | G14: =VLOOKUP($B$10:$B$55,'SO MS'!$B$6:$L$47,4,TRUE) -> 108000 | H14: ='Summary sales'!D12 -> 131577.8 | I14: =H14-G14 -> 23577.8 | J14: =VLOOKUP($B$10:$B$55,'SO MS'!$B$6:$L$47,5,TRUE) -> 34320 | K14: ='Summary sales'!E12 -> 42409.96 | L14: =K14-J14 -> 8089.96 | M14: =VLOOKUP($B$10:$B$55,'SO MS'!$B$6:$L$47,6,TRUE) -> 9600 | N14: ='Summary sales'!F12 -> 13049.65 | O14: =N14-M14 -> 3449.65 | P14: =VLOOKUP($B$10:$B$55,'SO MS'!$B$6:$AS$47,7,TRUE) -> 1750 | Q14: ='Summary sales'!G12 -> 7939.9 | R14: =Q14-P14 -> 6189.9 | S14: =VLOOKUP($B$10:$B$55,'SO MS'!$B$6:$AS$47,8,TRUE) -> 0 | T14: ='Summary sales'!H12 -> 9003.633 | U14: =T14-S14 -> 9003.633 | V14: =VLOOKUP($B$10:$B$55,'SO MS'!$B$6:$AS$47,9,TRUE) -> 3500 | W14: ='Summary sales'!I12 -> 3710.12 | X14: =W14-V14 -> 210.12 | Y14: =VLOOKUP($B$10:$B$55,'SO MS'!$B$6:$AS$47,10,TRUE) -> 13500 | Z14: ='Summary sales'!K12 -> 0 | AA14: =Z14-Y14 -> -13500 | AB14: =VLOOKUP($B$10:$B$55,'SO MS'!$B$6:$AS$47,11,TRUE) -> 0 | AD14: =AC14-AB14 -> 0 | AE14: ='Daily Sales'!D9 -> 206786.63 | AF14: ='Daily Sales'!E9 -> 196095.07 | AG14: =AF14-AE14 -> -10691.566 | AH14: 0 | AI14: 0 | AJ14: =AI14-AH14 -> 0 | AK14: =VLOOKUP($B$10:$B$52,'Daily Sales'!$B$5:$F$44,3,TRUE) -> 206786.63 | AL14: =VLOOKUP($B$10:$B$52,'Daily Sales'!$B$5:$F$44,4,TRUE) -> 196095.07 | AM14: =AL14-AK14 -> -10691.566
B15: =B14+1 -> 46179 | C15: =TEXT(B15,"ddd") -> Sab | D15: =SUMIF($G$9:$AD$9,$D$9,G15:AD15) -> 170670 | E15: =SUMIF($G$9:$AD$9,$E$9,G15:AD15) -> 198858.6 | F15: =E15-D15 -> 28188.596 | G15: =VLOOKUP($B$10:$B$55,'SO MS'!$B$6:$L$47,4,TRUE) -> 108000 | H15: ='Summary sales'!D13 -> 127620.56 | I15: =H15-G15 -> 19620.56 | J15: =VLOOKUP($B$10:$B$55,'SO MS'!$B$6:$L$47,5,TRUE) -> 34320 | K15: ='Summary sales'!E13 -> 47833.25 | L15: =K15-J15 -> 13513.25 | M15: =VLOOKUP($B$10:$B$55,'SO MS'!$B$6:$L$47,6,TRUE) -> 9600 | N15: ='Summary sales'!F13 -> 14161.2 | O15: =N15-M15 -> 4561.2 | P15: =VLOOKUP($B$10:$B$55,'SO MS'!$B$6:$AS$47,7,TRUE) -> 1750 | Q15: ='Summary sales'!G13 -> 0 | R15: =Q15-P15 -> -1750 | S15: =VLOOKUP($B$10:$B$55,'SO MS'!$B$6:$AS$47,8,TRUE) -> 0 | T15: ='Summary sales'!H13 -> 9243.586 | U15: =T15-S15 -> 9243.586 | V15: =VLOOKUP($B$10:$B$55,'SO MS'!$B$6:$AS$47,9,TRUE) -> 3500 | W15: ='Summary sales'!I13 -> 0 | X15: =W15-V15 -> -3500 | Y15: =VLOOKUP($B$10:$B$55,'SO MS'!$B$6:$AS$47,10,TRUE) -> 13500 | Z15: ='Summary sales'!K13 -> 0 | AA15: =Z15-Y15 -> -13500 | AB15: =VLOOKUP($B$10:$B$55,'SO MS'!$B$6:$AS$47,11,TRUE) -> 0 | AD15: =AC15-AB15 -> 0 | AE15: ='Daily Sales'!D10 -> 205148.86 | AF15: ='Daily Sales'!E10 -> 176977.87 | AG15: =AF15-AE15 -> -28170.989 | AH15: 0 | AI15: 0 | AJ15: =AI15-AH15 -> 0 | AK15: =VLOOKUP($B$10:$B$52,'Daily Sales'!$B$5:$F$44,3,TRUE) -> 205148.86 | AL15: =VLOOKUP($B$10:$B$52,'Daily Sales'!$B$5:$F$44,4,TRUE) -> 176977.87 | AM15: =AL15-AK15 -> -28170.989
B16: =B15+1 -> 46180 | C16: =TEXT(B16,"ddd") -> Mgg | D16: =SUMIF($G$9:$AD$9,$D$9,G16:AD16) -> 168920 | E16: =SUMIF($G$9:$AD$9,$E$9,G16:AD16) -> 177052.29 | F16: =E16-D16 -> 8132.291 | G16: =VLOOKUP($B$10:$B$55,'SO MS'!$B$6:$L$47,4,TRUE) -> 108000 | H16: ='Summary sales'!D14 -> 119461.99 | I16: =H16-G16 -> 11461.99 | J16: =VLOOKUP($B$10:$B$55,'SO MS'!$B$6:$L$47,5,TRUE) -> 34320 | K16: ='Summary sales'!E14 -> 31263.59 | L16: =K16-J16 -> -3056.41 | M16: =VLOOKUP($B$10:$B$55,'SO MS'!$B$6:$L$47,6,TRUE) -> 9600 | N16: ='Summary sales'!F14 -> 13423.17 | O16: =N16-M16 -> 3823.17 | P16: =VLOOKUP($B$10:$B$55,'SO MS'!$B$6:$AS$47,7,TRUE) -> 0 | Q16: ='Summary sales'!G14 -> 0 | R16: =Q16-P16 -> 0 | S16: =VLOOKUP($B$10:$B$55,'SO MS'!$B$6:$AS$47,8,TRUE) -> 0 | T16: ='Summary sales'!H14 -> 8852.501 | U16: =T16-S16 -> 8852.501 | V16: =VLOOKUP($B$10:$B$55,'SO MS'!$B$6:$AS$47,9,TRUE) -> 3500 | W16: ='Summary sales'!I14 -> 4051.04 | X16: =W16-V16 -> 551.04 | Y16: =VLOOKUP($B$10:$B$55,'SO MS'!$B$6:$AS$47,10,TRUE) -> 13500 | Z16: ='Summary sales'!K14 -> 0 | AA16: =Z16-Y16 -> -13500 | AB16: =VLOOKUP($B$10:$B$55,'SO MS'!$B$6:$AS$47,11,TRUE) -> 0 | AD16: =AC16-AB16 -> 0 | AE16: ='Daily Sales'!D11 -> 178657.78 | AF16: ='Daily Sales'!E11 -> 163245.68 | AG16: =AF16-AE16 -> -15412.093 | AH16: 0 | AI16: 0 | AJ16: =AI16-AH16 -> 0 | AK16: =VLOOKUP($B$10:$B$52,'Daily Sales'!$B$5:$F$44,3,TRUE) -> 178657.78 | AL16: =VLOOKUP($B$10:$B$52,'Daily Sales'!$B$5:$F$44,4,TRUE) -> 163245.68 | AM16: =AL16-AK16 -> -15412.093
B17: Sub Total | D17: =SUM(D10:D16) -> 1191190 | E17: =SUM(E10:E16) -> 1254085.2 | F17: =SUM(F10:F16) -> 62895.217 | G17: =SUM(G10:G16) -> 756000 | H17: =SUM(H10:H16) -> 831433.22 | I17: =SUM(I10:I16) -> 75433.22 | J17: =SUM(J10:J16) -> 240240 | K17: =SUM(K10:K16) -> 277834.91 | ... AM17: =SUM(AM10:AM16) -> -27875.2
A19: =WEEKNUM(B19) -> 24 | B19: =B16+1 -> 46181 | C19: =TEXT(B19,"ddd") -> Sen | D19: =SUMIF($G$9:$AD$9,$D$9,G19:AD19) -> 185670 | E19: =SUMIF($G$9:$AD$9,$E$9,G19:AD19) -> 208839.26 | F19: =E19-D19 -> 23169.261 | G19: =VLOOKUP($B$10:$B$55,'SO MS'!$B$6:$L$47,4,TRUE) -> 108000 | H19: ='Summary sales'!D15 -> 139463.82 | I19: =H19-G19 -> 31463.82 | J19: =VLOOKUP($B$10:$B$55,'SO MS'!$B$6:$L$47,5,TRUE) -> 34320 | K19: ='Summary sales'!E15 -> 41229.24 | L19: =K19-J19 -> 6909.24 | M19: =VLOOKUP($B$10:$B$55,'SO MS'!$B$6:$L$47,6,TRUE) -> 9600 | N19: ='Summary sales'!F15 -> 14547.9 | O19: =N19-M19 -> 4947.9 | P19: =VLOOKUP($B$10:$B$55,'SO MS'!$B$6:$AS$47,7,TRUE) -> 1750 | Q19: ='Summary sales'!G15 -> 0 | R19: =Q19-P19 -> -1750 | S19: =VLOOKUP($B$10:$B$55,'SO MS'!$B$6:$AS$47,8,TRUE) -> 15000 | T19: ='Summary sales'!H15 -> 9383.101 | U19: =T19-S19 -> -5616.899 | V19: =VLOOKUP($B$10:$B$55,'SO MS'!$B$6:$AS$47,9,TRUE) -> 3500 | W19: ='Summary sales'!I15 -> 4215.2 | X19: =W19-V19 -> 715.2 | Y19: =VLOOKUP($B$10:$B$55,'SO MS'!$B$6:$AS$47,10,TRUE) -> 13500 | Z19: ='Summary sales'!K15 -> 0 | AA19: =Z19-Y19 -> -13500 | AB19: =VLOOKUP($B$10:$B$55,'SO MS'!$B$6:$AS$47,11,TRUE) -> 0 | AD19: =AC19-AB19 -> 0 | AE19: ='Daily Sales'!D14 -> 221786.63 | AF19: ='Daily Sales'!E14 -> 230953.6 | AG19: =AF19-AE19 -> 9166.9637 | AH19: 0 | AI19: 0 | AJ19: =AI19-AH19 -> 0 | AK19: =VLOOKUP($B$10:$B$52,'Daily Sales'!$B$5:$F$44,3,TRUE) -> 221786.63 | AL19: =VLOOKUP($B$10:$B$52,'Daily Sales'!$B$5:$F$44,4,TRUE) -> 230953.6 | AM19: =AL19-AK19 -> 9166.9637
B20: =B19+1 -> 46182 | C20: =TEXT(B20,"ddd") -> Sel | D20: =SUMIF($G$9:$AD$9,$D$9,G20:AD20) -> 185670 | E20: =SUMIF($G$9:$AD$9,$E$9,G20:AD20) -> 191047.46 | F20: =E20-D20 -> 5377.46 | G20: =VLOOKUP($B$10:$B$55,'SO MS'!$B$6:$L$47,4,TRUE) -> 108000 | H20: ='Summary sales'!D16 -> 137865 | I20: =H20-G20 -> 29865 | J20: =VLOOKUP($B$10:$B$55,'SO MS'!$B$6:$L$47,5,TRUE) -> 34320 | K20: ='Summary sales'!E16 -> 38300.38 | L20: =K20-J20 -> 3980.38 | M20: =VLOOKUP($B$10:$B$55,'SO MS'!$B$6:$L$47,6,TRUE) -> 9600 | N20: ='Summary sales'!F16 -> 10612.04 | O20: =N20-M20 -> 1012.04 | P20: =VLOOKUP($B$10:$B$55,'SO MS'!$B$6:$AS$47,7,TRUE) -> 1750 | Q20: ='Summary sales'!G16 -> 0 | R20: =Q20-P20 -> -1750 | S20: =VLOOKUP($B$10:$B$55,'SO MS'!$B$6:$AS$47,8,TRUE) -> 15000 | T20: ='Summary sales'!H16 -> 0 | U20: =T20-S20 -> -15000 | V20: =VLOOKUP($B$10:$B$55,'SO MS'!$B$6:$AS$47,9,TRUE) -> 3500 | W20: ='Summary sales'!I16 -> 4270.04 | X20: =W20-V20 -> 770.04 | Y20: =VLOOKUP($B$10:$B$55,'SO MS'!$B$6:$AS$47,10,TRUE) -> 13500 | Z20: ='Summary sales'!K16 -> 0 | AA20: =Z20-Y20 -> -13500 | AB20: =VLOOKUP($B$10:$B$55,'SO MS'!$B$6:$AS$47,11,TRUE) -> 0 | AD20: =AC20-AB20 -> 0 | AE20: ='Daily Sales'!D15 -> 221786.63 | AF20: ='Daily Sales'!E15 -> 216285.75 | AG20: =AF20-AE20 -> -5500.8803 | AH20: 0 | AI20: 0 | AJ20: =AI20-AH20 -> 0 | AK20: =VLOOKUP($B$10:$B$52,'Daily Sales'!$B$5:$F$44,3,TRUE) -> 221786.63 | AL20: =VLOOKUP($B$10:$B$52,'Daily Sales'!$B$5:$F$44,4,TRUE) -> 216285.75 | AM20: =AL20-AK20 -> -5500.8803
B21: =B20+1 -> 46183 | C21: =TEXT(B21,"ddd") -> Rab | D21: =SUMIF($G$9:$AD$9,$D$9,G21:AD21) -> 185670 | E21: =SUMIF($G$9:$AD$9,$E$9,G21:AD21) -> 175165.53 | F21: =E21-D21 -> -10504.473 | G21: =VLOOKUP($B$10:$B$55,'SO MS'!$B$6:$L$47,4,TRUE) -> 108000 | H21: ='Summary sales'!D17 -> 117095.25 | I21: =H21-G21 -> 9095.25 | J21: =VLOOKUP($B$10:$B$55,'SO MS'!$B$6:$L$47,5,TRUE) -> 34320 | K21: ='Summary sales'!E17 -> 43994.02 | L21: =K21-J21 -> 9674.02 | M21: =VLOOKUP($B$10:$B$55,'SO MS'!$B$6:$L$47,6,TRUE) -> 9600 | N21: ='Summary sales'!F17 -> 9391.83 | O21: =N21-M21 -> -208.17 | P21: =VLOOKUP($B$10:$B$55,'SO MS'!$B$6:$AS$47,7,TRUE) -> 1750 | Q21: ='Summary sales'!G17 -> 0 | R21: =Q21-P21 -> -1750 | S21: =VLOOKUP($B$10:$B$55,'SO MS'!$B$6:$AS$47,8,TRUE) -> 15000 | T21: ='Summary sales'!H17 -> 4684.427 | U21: =T21-S21 -> -10315.573 | V21: =VLOOKUP($B$10:$B$55,'SO MS'!$B$6:$AS$47,9,TRUE) -> 3500 | W21: ='Summary sales'!I17 -> 0 | X21: =W21-V21 -> -3500 | Y21: =VLOOKUP($B$10:$B$55,'SO MS'!$B$6:$AS$47,10,TRUE) -> 13500 | Z21: ='Summary sales'!K17 -> 0 | AA21: =Z21-Y21 -> -13500 | AB21: =VLOOKUP($B$10:$B$55,'SO MS'!$B$6:$AS$47,11,TRUE) -> 0 | AD21: =AC21-AB21 -> 0 | AE21: ='Daily Sales'!D16 -> 221786.63 | AF21: ='Daily Sales'!E16 -> 225963.56 | AG21: =AF21-AE21 -> 4176.9237 | AH21: 0 | AI21: 0 | AJ21: =AI21-AH21 -> 0 | AK21: =VLOOKUP($B$10:$B$52,'Daily Sales'!$B$5:$F$44,3,TRUE) -> 221786.63 | AL21: =VLOOKUP($B$10:$B$52,'Daily Sales'!$B$5:$F$44,4,TRUE) -> 225963.56 | AM21: =AL21-AK21 -> 4176.9237
B22: =B21+1 -> 46184 | C22: =TEXT(B22,"ddd") -> Kam | D22: =SUMIF($G$9:$AD$9,$D$9,G22:AD22) -> 185670 | E22: =SUMIF($G$9:$AD$9,$E$9,G22:AD22) -> 184474.47 | F22: =E22-D22 -> -1195.533 | G22: =VLOOKUP($B$10:$B$55,'SO MS'!$B$6:$L$47,4,TRUE) -> 108000 | H22: ='Summary sales'!D18 -> 116202.4 | I22: =H22-G22 -> 8202.4 | J22: =VLOOKUP($B$10:$B$55,'SO MS'!$B$6:$L$47,5,TRUE) -> 34320 | K22: ='Summary sales'!E18 -> 46370.97 | L22: =K22-J22 -> 12050.97 | M22: =VLOOKUP($B$10:$B$55,'SO MS'!$B$6:$L$47,6,TRUE) -> 9600 | N22: ='Summary sales'!F18 -> 8828.92 | O22: =N22-M22 -> -771.08 | P22: =VLOOKUP($B$10:$B$55,'SO MS'!$B$6:$AS$47,7,TRUE) -> 1750 | Q22: ='Summary sales'!G18 -> 4606.87 | R22: =Q22-P22 -> 2856.87 | S22: =VLOOKUP($B$10:$B$55,'SO MS'!$B$6:$AS$47,8,TRUE) -> 15000 | T22: ='Summary sales'!H18 -> 4616.547 | U22: =T22-S22 -> -10383.453 | V22: =VLOOKUP($B$10:$B$55,'SO MS'!$B$6:$AS$47,9,TRUE) -> 3500 | W22: ='Summary sales'!I18 -> 3848.76 | X22: =W22-V22 -> 348.76 | Y22: =VLOOKUP($B$10:$B$55,'SO MS'!$B$6:$AS$47,10,TRUE) -> 13500 | Z22: ='Summary sales'!K18 -> 0 | AA22: =Z22-Y22 -> -13500 | AB22: =VLOOKUP($B$10:$B$55,'SO MS'!$B$6:$AS$47,11,TRUE) -> 0 | AD22: =AC22-AB22 -> 0 | AE22: ='Daily Sales'!D17 -> 221786.63 | AF22: ='Daily Sales'!E17 -> 208881.89 | AG22: =AF22-AE22 -> -12904.746 | AH22: 0 | AI22: 0 | AJ22: =AI22-AH22 -> 0 | AK22: =VLOOKUP($B$10:$B$52,'Daily Sales'!$B$5:$F$44,3,TRUE) -> 221786.63 | AL22: =VLOOKUP($B$10:$B$52,'Daily Sales'!$B$5:$F$44,4,TRUE) -> 208881.89 | AM22: =AL22-AK22 -> -12904.746
B23: =B22+1 -> 46185 | C23: =TEXT(B23,"ddd") -> Jum | D23: =SUMIF($G$9:$AD$9,$D$9,G23:AD23) -> 185670 | E23: =SUMIF($G$9:$AD$9,$E$9,G23:AD23) -> 198849.41 | F23: =E23-D23 -> 13179.412 | G23: =VLOOKUP($B$10:$B$55,'SO MS'!$B$6:$L$47,4,TRUE) -> 108000 | H23: ='Summary sales'!D19 -> 136058.13 | I23: =H23-G23 -> 28058.13 | J23: =VLOOKUP($B$10:$B$55,'SO MS'!$B$6:$L$47,5,TRUE) -> 34320 | K23: ='Summary sales'!E19 -> 43566.5 | L23: =K23-J23 -> 9246.5 | M23: =VLOOKUP($B$10:$B$55,'SO MS'!$B$6:$L$47,6,TRUE) -> 9600 | N23: ='Summary sales'!F19 -> 10493.44 | O23: =N23-M23 -> 893.44 | P23: =VLOOKUP($B$10:$B$55,'SO MS'!$B$6:$AS$47,7,TRUE) -> 1750 | Q23: ='Summary sales'!G19 -> 0 | R23: =Q23-P23 -> -1750 | S23: =VLOOKUP($B$10:$B$55,'SO MS'!$B$6:$AS$47,8,TRUE) -> 15000 | T23: ='Summary sales'!H19 -> 4752.512 | U23: =T23-S23 -> -10247.488 | V23: =VLOOKUP($B$10:$B$55,'SO MS'!$B$6:$AS$47,9,TRUE) -> 3500 | W23: ='Summary sales'!I19 -> 3978.83 | X23: =W23-V23 -> 478.83 | Y23: =VLOOKUP($B$10:$B$55,'SO MS'!$B$6:$AS$47,10,TRUE) -> 13500 | Z23: ='Summary sales'!K19 -> 0 | AA23: =Z23-Y23 -> -13500 | AB23: =VLOOKUP($B$10:$B$55,'SO MS'!$B$6:$AS$47,11,TRUE) -> 0 | AD23: =AC23-AB23 -> 0 | AE23: ='Daily Sales'!D18 -> 221786.63 | AF23: ='Daily Sales'!E18 -> 200514.41 | AG23: =AF23-AE23 -> -21272.221 | AH23: 0 | AI23: 0 | AJ23: =AI23-AH23 -> 0 | AK23: =VLOOKUP($B$10:$B$52,'Daily Sales'!$B$5:$F$44,3,TRUE) -> 221786.63 | AL23: =VLOOKUP($B$10:$B$52,'Daily Sales'!$B$5:$F$44,4,TRUE) -> 200514.41 | AM23: =AL23-AK23 -> -21272.221
B24: =B23+1 -> 46186 | C24: =TEXT(B24,"ddd") -> Sab | D24: =SUMIF($G$9:$AD$9,$D$9,G24:AD24) -> 185670 | E24: =SUMIF($G$9:$AD$9,$E$9,G24:AD24) -> 213019.27 | F24: =E24-D24 -> 27349.271 | G24: =VLOOKUP($B$10:$B$55,'SO MS'!$B$6:$L$47,4,TRUE) -> 108000 | H24: ='Summary sales'!D20 -> 143783.76 | I24: =H24-G24 -> 35783.76 | J24: =VLOOKUP($B$10:$B$55,'SO MS'!$B$6:$L$47,5,TRUE) -> 34320 | K24: ='Summary sales'!E20 -> 39521.45 | L24: =K24-J24 -> 5201.45 | M24: =VLOOKUP($B$10:$B$55,'SO MS'!$B$6:$L$47,6,TRUE) -> 9600 | N24: ='Summary sales'!F20 -> 16723.93 | O24: =N24-M24 -> 7123.93 | P24: =VLOOKUP($B$10:$B$55,'SO MS'!$B$6:$AS$47,7,TRUE) -> 1750 | Q24: ='Summary sales'!G20 -> 0 | R24: =Q24-P24 -> -1750 | S24: =VLOOKUP($B$10:$B$55,'SO MS'!$B$6:$AS$47,8,TRUE) -> 15000 | T24: ='Summary sales'!H20 -> 9141.171 | U24: =T24-S24 -> -5858.829 | V24: =VLOOKUP($B$10:$B$55,'SO MS'!$B$6:$AS$47,9,TRUE) -> 3500 | W24: ='Summary sales'!I20 -> 3848.96 | X24: =W24-V24 -> 348.96 | Y24: =VLOOKUP($B$10:$B$55,'SO MS'!$B$6:$AS$47,10,TRUE) -> 13500 | Z24: ='Summary sales'!K20 -> 0 | AA24: =Z24-Y24 -> -13500 | AB24: =VLOOKUP($B$10:$B$55,'SO MS'!$B$6:$AS$47,11,TRUE) -> 0 | AD24: =AC24-AB24 -> 0 | AE24: ='Daily Sales'!D19 -> 220148.86 | AF24: ='Daily Sales'!E19 -> 186239.83 | AG24: =AF24-AE24 -> -33909.02 | AH24: 0 | AI24: 0 | AJ24: =AI24-AH24 -> 0 | AK24: =VLOOKUP($B$10:$B$52,'Daily Sales'!$B$5:$F$44,3,TRUE) -> 220148.86 | AL24: =VLOOKUP($B$10:$B$52,'Daily Sales'!$B$5:$F$44,4,TRUE) -> 186239.83 | AM24: =AL24-AK24 -> -33909.02
B25: =B24+1 -> 46187 | C25: =TEXT(B25,"ddd") -> Mgg | D25: =SUMIF($G$9:$AD$9,$D$9,G25:AD25) -> 183920 | E25: =SUMIF($G$9:$AD$9,$E$9,G25:AD25) -> 198971.85 | F25: =E25-D25 -> 15051.851 | G25: =VLOOKUP($B$10:$B$55,'SO MS'!$B$6:$L$47,4,TRUE) -> 108000 | H25: ='Summary sales'!D21 -> 133555.4 | I25: =H25-G25 -> 25555.4 | J25: =VLOOKUP($B$10:$B$55,'SO MS'!$B$6:$L$47,5,TRUE) -> 34320 | K25: ='Summary sales'!E21 -> 40758.09 | L25: =K25-J25 -> 6438.09 | M25: =VLOOKUP($B$10:$B$55,'SO MS'!$B$6:$L$47,6,TRUE) -> 9600 | N25: ='Summary sales'!F21 -> 11702.49 | O25: =N25-M25 -> 2102.49 | P25: =VLOOKUP($B$10:$B$55,'SO MS'!$B$6:$AS$47,7,TRUE) -> 0 | Q25: ='Summary sales'!G21 -> 0 | R25: =Q25-P25 -> 0 | S25: =VLOOKUP($B$10:$B$55,'SO MS'!$B$6:$AS$47,8,TRUE) -> 15000 | T25: ='Summary sales'!H21 -> 8954.741 | U25: =T25-S25 -> -6045.259 | V25: =VLOOKUP($B$10:$B$55,'SO MS'!$B$6:$AS$47,9,TRUE) -> 3500 | W25: ='Summary sales'!I21 -> 4001.13 | X25: =W25-V25 -> 501.13 | Y25: =VLOOKUP($B$10:$B$55,'SO MS'!$B$6:$AS$47,10,TRUE) -> 13500 | Z25: ='Summary sales'!K21 -> 0 | AA25: =Z25-Y25 -> -13500 | AB25: =VLOOKUP($B$10:$B$55,'SO MS'!$B$6:$AS$47,11,TRUE) -> 0 | AD25: =AC25-AB25 -> 0 | AE25: ='Daily Sales'!D20 -> 193657.78 | AF25: ='Daily Sales'!E20 -> 184210.54 | AG25: =AF25-AE25 -> -9447.2368 | AH25: 0 | AI25: 0 | AJ25: =AI25-AH25 -> 0 | AK25: =VLOOKUP($B$10:$B$52,'Daily Sales'!$B$5:$F$44,3,TRUE) -> 193657.78 | AL25: =VLOOKUP($B$10:$B$52,'Daily Sales'!$B$5:$F$44,4,TRUE) -> 184210.54 | AM25: =AL25-AK25 -> -9447.2368
B26: Sub Total | D26: =SUM(D19:D25) -> 1297940 | E26: =SUM(E19:E25) -> 1370367.2 | F26: =SUM(F19:F25) -> 72427.249 | G26: =SUM(G19:G25) -> 756000 | H26: =SUM(H19:H25) -> 924023.76 | I26: =SUM(I19:I25) -> 168023.76 | J26: =SUM(J19:J25) -> 240240 | K26: =SUM(K19:K25) -> 293740.65 | ... AM26: =SUM(AM19:AM25) -> -69690.218
A28: =WEEKNUM(B28) -> 25 | B28: =B25+1 -> 46188 | C28: =TEXT(B28,"ddd") -> Sen | D28: =SUMIF($G$9:$AD$9,$D$9,G28:AD28) -> 185670 | E28: =SUMIF($G$9:$AD$9,$E$9,G28:AD28) -> 177963.47 | F28: =E28-D28 -> -7706.535 | G28: =VLOOKUP($B$10:$B$55,'SO MS'!$B$6:$L$47,4,TRUE) -> 108000 | H28: ='Summary sales'!D22 -> 118170.43 | I28: =H28-G28 -> 10170.43 | J28: =VLOOKUP($B$10:$B$55,'SO MS'!$B$6:$L$47,5,TRUE) -> 34320 | K28: ='Summary sales'!E22 -> 36952.98 | L28: =K28-J28 -> 2632.98 | M28: =VLOOKUP($B$10:$B$55,'SO MS'!$B$6:$L$47,6,TRUE) -> 9600 | N28: ='Summary sales'!F22 -> 10113.52 | O28: =N28-M28 -> 513.52 | P28: =VLOOKUP($B$10:$B$55,'SO MS'!$B$6:$AS$47,7,TRUE) -> 1750 | Q28: ='Summary sales'!G22 -> 0 | R28: =Q28-P28 -> -1750 | S28: =VLOOKUP($B$10:$B$55,'SO MS'!$B$6:$AS$47,8,TRUE) -> 15000 | T28: ='Summary sales'!H22 -> 8905.965 | U28: =T28-S28 -> -6094.035 | V28: =VLOOKUP($B$10:$B$55,'SO MS'!$B$6:$AS$47,9,TRUE) -> 3500 | W28: ='Summary sales'!I22 -> 3820.57 | X28: =W28-V28 -> 320.57 | Y28: =VLOOKUP($B$10:$B$55,'SO MS'!$B$6:$AS$47,10,TRUE) -> 13500 | Z28: ='Summary sales'!K22 -> 0 | AA28: =Z28-Y28 -> -13500 | AB28: =VLOOKUP($B$10:$B$55,'SO MS'!$B$6:$AS$47,11,TRUE) -> 0 | AD28: =AC28-AB28 -> 0 | AE28: ='Daily Sales'!D23 -> 222286.63 | AF28: ='Daily Sales'!E23 -> 202705.73 | AG28: =AF28-AE28 -> -19580.903 | AH28: 0 | AI28: 0 | AJ28: =AI28-AH28 -> 0 | AK28: =VLOOKUP($B$10:$B$52,'Daily Sales'!$B$5:$F$44,3,TRUE) -> 222286.63 | AL28: =VLOOKUP($B$10:$B$52,'Daily Sales'!$B$5:$F$44,4,TRUE) -> 202705.73 | AM28: =AL28-AK28 -> -19580.903
B29: =B28+1 -> 46189 | C29: =TEXT(B29,"ddd") -> Sel | D29: =SUMIF($G$9:$AD$9,$D$9,G29:AD29) -> 185670 | E29: =SUMIF($G$9:$AD$9,$E$9,G29:AD29) -> 190066.82 | F29: =E29-D29 -> 4396.824 | G29: =VLOOKUP($B$10:$B$55,'SO MS'!$B$6:$L$47,4,TRUE) -> 108000 | H29: ='Summary sales'!D23 -> 127789.56 | I29: =H29-G29 -> 19789.56 | J29: =VLOOKUP($B$10:$B$55,'SO MS'!$B$6:$L$47,5,TRUE) -> 34320 | K29: ='Summary sales'!E23 -> 43424.11 | L29: =K29-J29 -> 9104.11 | M29: =VLOOKUP($B$10:$B$55,'SO MS'!$B$6:$L$47,6,TRUE) -> 9600 | N29: ='Summary sales'!F23 -> 10727.65 | O29: =N29-M29 -> 1127.65 | P29: =VLOOKUP($B$10:$B$55,'SO MS'!$B$6:$AS$47,7,TRUE) -> 1750 | Q29: ='Summary sales'!G23 -> 0 | R29: =Q29-P29 -> -1750 | S29: =VLOOKUP($B$10:$B$55,'SO MS'!$B$6:$AS$47,8,TRUE) -> 15000 | T29: ='Summary sales'!H23 -> 4426.774 | U29: =T29-S29 -> -10573.226 | V29: =VLOOKUP($B$10:$B$55,'SO MS'!$B$6:$AS$47,9,TRUE) -> 3500 | W29: ='Summary sales'!I23 -> 3698.73 | X29: =W29-V29 -> 198.73 | Y29: =VLOOKUP($B$10:$B$55,'SO MS'!$B$6:$AS$47,10,TRUE) -> 13500 | Z29: ='Summary sales'!K23 -> 0 | AA29: =Z29-Y29 -> -13500 | AB29: =VLOOKUP($B$10:$B$55,'SO MS'!$B$6:$AS$47,11,TRUE) -> 0 | AD29: =AC29-AB29 -> 0 | AE29: ='Daily Sales'!D24 -> 206115.16 | AF29: ='Daily Sales'!E24 -> 176845.98 | AG29: =AF29-AE29 -> -29269.179 | AH29: 0 | AI29: 0 | AJ29: =AI29-AH29 -> 0 | AK29: =VLOOKUP($B$10:$B$52,'Daily Sales'!$B$5:$F$44,3,TRUE) -> 206115.16 | AL29: =VLOOKUP($B$10:$B$52,'Daily Sales'!$B$5:$F$44,4,TRUE) -> 176845.98 | AM29: =AL29-AK29 -> -29269.179
B30: =B29+1 -> 46190 | C30: =TEXT(B30,"ddd") -> Rab | D30: =SUMIF($G$9:$AD$9,$D$9,G30:AD30) -> 185670 | E30: =SUMIF($G$9:$AD$9,$E$9,G30:AD30) -> 164525.54 | F30: =E30-D30 -> -21144.456 | G30: =VLOOKUP($B$10:$B$55,'SO MS'!$B$6:$L$47,4,TRUE) -> 108000 | H30: ='Summary sales'!D24 -> 116941.68 | I30: =H30-G30 -> 8941.68 | J30: =VLOOKUP($B$10:$B$55,'SO MS'!$B$6:$L$47,5,TRUE) -> 34320 | K30: ='Summary sales'!E24 -> 34590.46 | L30: =K30-J30 -> 270.46 | M30: =VLOOKUP($B$10:$B$55,'SO MS'!$B$6:$L$47,6,TRUE) -> 9600 | N30: ='Summary sales'!F24 -> 8426.33 | O30: =N30-M30 -> -1173.67 | P30: =VLOOKUP($B$10:$B$55,'SO MS'!$B$6:$AS$47,7,TRUE) -> 1750 | Q30: ='Summary sales'!G24 -> 0 | R30: =Q30-P30 -> -1750 | S30: =VLOOKUP($B$10:$B$55,'SO MS'!$B$6:$AS$47,8,TRUE) -> 15000 | T30: ='Summary sales'!H24 -> 4567.074 | U30: =T30-S30 -> -10432.926 | V30: =VLOOKUP($B$10:$B$55,'SO MS'!$B$6:$AS$47,9,TRUE) -> 3500 | W30: ='Summary sales'!I24 -> 0 | X30: =W30-V30 -> -3500 | Y30: =VLOOKUP($B$10:$B$55,'SO MS'!$B$6:$AS$47,10,TRUE) -> 13500 | Z30: ='Summary sales'!K24 -> 0 | AA30: =Z30-Y30 -> -13500 | AB30: =VLOOKUP($B$10:$B$55,'SO MS'!$B$6:$AS$47,11,TRUE) -> 0 | AD30: =AC30-AB30 -> 0 | AE30: ='Daily Sales'!D25 -> 222286.63 | AF30: ='Daily Sales'!E25 -> 213361.75 | AG30: =AF30-AE30 -> -8924.8873 | AH30: 0 | AI30: 0 | AJ30: =AI30-AH30 -> 0 | AK30: =VLOOKUP($B$10:$B$52,'Daily Sales'!$B$5:$F$44,3,TRUE) -> 222286.63 | AL30: =VLOOKUP($B$10:$B$52,'Daily Sales'!$B$5:$F$44,4,TRUE) -> 213361.75 | AM30: =AL30-AK30 -> -8924.8873
B31: =B30+1 -> 46191 | C31: =TEXT(B31,"ddd") -> Kam | D31: =SUMIF($G$9:$AD$9,$D$9,G31:AD31) -> 185670 | E31: =SUMIF($G$9:$AD$9,$E$9,G31:AD31) -> 183648.73 | F31: =E31-D31 -> -2021.268 | G31: =VLOOKUP($B$10:$B$55,'SO MS'!$B$6:$L$47,4,TRUE) -> 108000 | H31: ='Summary sales'!D25 -> 120941.24 | I31: =H31-G31 -> 12941.24 | J31: =VLOOKUP($B$10:$B$55,'SO MS'!$B$6:$L$47,5,TRUE) -> 34320 | K31: ='Summary sales'!E25 -> 49206.21 | L31: =K31-J31 -> 14886.21 | M31: =VLOOKUP($B$10:$B$55,'SO MS'!$B$6:$L$47,6,TRUE) -> 9600 | N31: ='Summary sales'!F25 -> 8811.41 | O31: =N31-M31 -> -788.59 | P31: =VLOOKUP($B$10:$B$55,'SO MS'!$B$6:$AS$47,7,TRUE) -> 1750 | Q31: ='Summary sales'!G25 -> 0 | R31: =Q31-P31 -> -1750 | S31: =VLOOKUP($B$10:$B$55,'SO MS'!$B$6:$AS$47,8,TRUE) -> 15000 | T31: ='Summary sales'!H25 -> 4689.872 | U31: =T31-S31 -> -10310.128 | V31: =VLOOKUP($B$10:$B$55,'SO MS'!$B$6:$AS$47,9,TRUE) -> 3500 | W31: ='Summary sales'!I25 -> 0 | X31: =W31-V31 -> -3500 | Y31: =VLOOKUP($B$10:$B$55,'SO MS'!$B$6:$AS$47,10,TRUE) -> 13500 | Z31: ='Summary sales'!K25 -> 0 | AA31: =Z31-Y31 -> -13500 | AB31: =VLOOKUP($B$10:$B$55,'SO MS'!$B$6:$AS$47,11,TRUE) -> 0 | AD31: =AC31-AB31 -> 0 | AE31: ='Daily Sales'!D26 -> 222286.63 | AF31: ='Daily Sales'!E26 -> 229157.71 | AG31: =AF31-AE31 -> 6871.0807 | AH31: 0 | AI31: 0 | AJ31: =AI31-AH31 -> 0 | AK31: =VLOOKUP($B$10:$B$52,'Daily Sales'!$B$5:$F$44,3,TRUE) -> 222286.63 | AL31: =VLOOKUP($B$10:$B$52,'Daily Sales'!$B$5:$F$44,4,TRUE) -> 229157.71 | AM31: =AL31-AK31 -> 6871.0807
B32: =B31+1 -> 46192 | C32: =TEXT(B32,"ddd") -> Jum | D32: =SUMIF($G$9:$AD$9,$D$9,G32:AD32) -> 185670 | E32: =SUMIF($G$9:$AD$9,$E$9,G32:AD32) -> 210661.43 | F32: =E32-D32 -> 24991.432 | G32: =VLOOKUP($B$10:$B$55,'SO MS'!$B$6:$L$47,4,TRUE) -> 108000 | H32: ='Summary sales'!D26 -> 145887.64 | I32: =H32-G32 -> 37887.64 | J32: =VLOOKUP($B$10:$B$55,'SO MS'!$B$6:$L$47,5,TRUE) -> 34320 | K32: ='Summary sales'!E26 -> 48018.99 | L32: =K32-J32 -> 13698.99 | M32: =VLOOKUP($B$10:$B$55,'SO MS'!$B$6:$L$47,6,TRUE) -> 9600 | N32: ='Summary sales'!F26 -> 7499.4 | O32: =N32-M32 -> -2100.6 | P32: =VLOOKUP($B$10:$B$55,'SO MS'!$B$6:$AS$47,7,TRUE) -> 1750 | Q32: ='Summary sales'!G26 -> 0 | R32: =Q32-P32 -> -1750 | S32: =VLOOKUP($B$10:$B$55,'SO MS'!$B$6:$AS$47,8,TRUE) -> 15000 | T32: ='Summary sales'!H26 -> 9255.402 | U32: =T32-S32 -> -5744.598 | V32: =VLOOKUP($B$10:$B$55,'SO MS'!$B$6:$AS$47,9,TRUE) -> 3500 | W32: ='Summary sales'!I26 -> 0 | X32: =W32-V32 -> -3500 | Y32: =VLOOKUP($B$10:$B$55,'SO MS'!$B$6:$AS$47,10,TRUE) -> 13500 | Z32: ='Summary sales'!K26 -> 0 | AA32: =Z32-Y32 -> -13500 | AB32: =VLOOKUP($B$10:$B$55,'SO MS'!$B$6:$AS$47,11,TRUE) -> 0 | AD32: =AC32-AB32 -> 0 | AE32: ='Daily Sales'!D27 -> 222286.63 | AF32: ='Daily Sales'!E27 -> 226759.69 | AG32: =AF32-AE32 -> 4473.0567 | AH32: 0 | AI32: 0 | AJ32: =AI32-AH32 -> 0 | AK32: =VLOOKUP($B$10:$B$52,'Daily Sales'!$B$5:$F$44,3,TRUE) -> 222286.63 | AL32: =VLOOKUP($B$10:$B$52,'Daily Sales'!$B$5:$F$44,4,TRUE) -> 226759.69 | AM32: =AL32-AK32 -> 4473.0567
B33: =B32+1 -> 46193 | C33: =TEXT(B33,"ddd") -> Sab | D33: =SUMIF($G$9:$AD$9,$D$9,G33:AD33) -> 185670 | E33: =SUMIF($G$9:$AD$9,$E$9,G33:AD33) -> 212423.72 | F33: =E33-D33 -> 26753.724 | G33: =VLOOKUP($B$10:$B$55,'SO MS'!$B$6:$L$47,4,TRUE) -> 108000 | H33: ='Summary sales'!D27 -> 144863.73 | I33: =H33-G33 -> 36863.73 | J33: =VLOOKUP($B$10:$B$55,'SO MS'!$B$6:$L$47,5,TRUE) -> 34320 | K33: ='Summary sales'!E27 -> 44835.42 | L33: =K33-J33 -> 10515.42 | M33: =VLOOKUP($B$10:$B$55,'SO MS'!$B$6:$L$47,6,TRUE) -> 9600 | N33: ='Summary sales'!F27 -> 13843.27 | O33: =N33-M33 -> 4243.27 | P33: =VLOOKUP($B$10:$B$55,'SO MS'!$B$6:$AS$47,7,TRUE) -> 1750 | Q33: ='Summary sales'!G27 -> 0 | R33: =Q33-P33 -> -1750 | S33: =VLOOKUP($B$10:$B$55,'SO MS'!$B$6:$AS$47,8,TRUE) -> 15000 | T33: ='Summary sales'!H27 -> 4400.504 | U33: =T33-S33 -> -10599.496 | V33: =VLOOKUP($B$10:$B$55,'SO MS'!$B$6:$AS$47,9,TRUE) -> 3500 | W33: ='Summary sales'!I27 -> 4480.8 | X33: =W33-V33 -> 980.8 | Y33: =VLOOKUP($B$10:$B$55,'SO MS'!$B$6:$AS$47,10,TRUE) -> 13500 | Z33: ='Summary sales'!K27 -> 0 | AA33: =Z33-Y33 -> -13500 | AB33: =VLOOKUP($B$10:$B$55,'SO MS'!$B$6:$AS$47,11,TRUE) -> 0 | AD33: =AC33-AB33 -> 0 | AE33: ='Daily Sales'!D28 -> 220148.86 | AF33: ='Daily Sales'!E28 -> 213813.84 | AG33: =AF33-AE33 -> -6335.0142 | AH33: 0 | AI33: 0 | AJ33: =AI33-AH33 -> 0 | AK33: =VLOOKUP($B$10:$B$52,'Daily Sales'!$B$5:$F$44,3,TRUE) -> 220148.86 | AL33: =VLOOKUP($B$10:$B$52,'Daily Sales'!$B$5:$F$44,4,TRUE) -> 213813.84 | AM33: =AL33-AK33 -> -6335.0142
B34: =B33+1 -> 46194 | C34: =TEXT(B34,"ddd") -> Mgg | D34: =SUMIF($G$9:$AD$9,$D$9,G34:AD34) -> 183920 | E34: =SUMIF($G$9:$AD$9,$E$9,G34:AD34) -> 196517.22 | F34: =E34-D34 -> 12597.222 | G34: =VLOOKUP($B$10:$B$55,'SO MS'!$B$6:$L$47,4,TRUE) -> 108000 | H34: ='Summary sales'!D28 -> 129245.76 | I34: =H34-G34 -> 21245.76 | J34: =VLOOKUP($B$10:$B$55,'SO MS'!$B$6:$L$47,5,TRUE) -> 34320 | K34: ='Summary sales'!E28 -> 47771.33 | L34: =K34-J34 -> 13451.33 | M34: =VLOOKUP($B$10:$B$55,'SO MS'!$B$6:$L$47,6,TRUE) -> 9600 | N34: ='Summary sales'!F28 -> 11414.12 | O34: =N34-M34 -> 1814.12 | P34: =VLOOKUP($B$10:$B$55,'SO MS'!$B$6:$AS$47,7,TRUE) -> 0 | Q34: ='Summary sales'!G28 -> 0 | R34: =Q34-P34 -> 0 | S34: =VLOOKUP($B$10:$B$55,'SO MS'!$B$6:$AS$47,8,TRUE) -> 15000 | T34: ='Summary sales'!H28 -> 4350.332 | U34: =T34-S34 -> -10649.668 | V34: =VLOOKUP($B$10:$B$55,'SO MS'!$B$6:$AS$47,9,TRUE) -> 3500 | W34: ='Summary sales'!I28 -> 3735.68 | X34: =W34-V34 -> 235.68 | Y34: =VLOOKUP($B$10:$B$55,'SO MS'!$B$6:$AS$47,10,TRUE) -> 13500 | Z34: ='Summary sales'!K28 -> 0 | AA34: =Z34-Y34 -> -13500 | AB34: =VLOOKUP($B$10:$B$55,'SO MS'!$B$6:$AS$47,11,TRUE) -> 0 | AD34: =AC34-AB34 -> 0 | AE34: ='Daily Sales'!D29 -> 193657.78 | AF34: ='Daily Sales'!E29 -> 179528.05 | AG34: =AF34-AE34 -> -14129.726 | AH34: 0 | AI34: 0 | AJ34: =AI34-AH34 -> 0 | AK34: =VLOOKUP($B$10:$B$52,'Daily Sales'!$B$5:$F$44,3,TRUE) -> 193657.78 | AL34: =VLOOKUP($B$10:$B$52,'Daily Sales'!$B$5:$F$44,4,TRUE) -> 179528.05 | AM34: =AL34-AK34 -> -14129.726
B35: Sub Total | D35: =SUM(D28:D34) -> 1297940 | E35: =SUM(E28:E34) -> 1335806.9 | F35: =SUM(F28:F34) -> 37866.943 | G35: =SUM(G28:G34) -> 756000 | H35: =SUM(H28:H34) -> 903840.04 | I35: =SUM(I28:I34) -> 147840.04 | J35: =SUM(J28:J34) -> 240240 | K35: =SUM(K28:K34) -> 304799.5 | ... AM35: =SUM(AM28:AM34) -> -66895.572
A37: =WEEKNUM(B37) -> 26 | B37: =B34+1 -> 46195 | C37: =TEXT(B37,"ddd") -> Sen | D37: =SUMIF($G$9:$AD$9,$D$9,G37:AD37) -> 185670 | E37: =SUMIF($G$9:$AD$9,$E$9,G37:AD37) -> 194348.46 | F37: =E37-D37 -> 8678.458 | G37: =VLOOKUP($B$10:$B$55,'SO MS'!$B$6:$L$47,4,TRUE) -> 108000 | H37: ='Summary sales'!D29 -> 137230.21 | I37: =H37-G37 -> 29230.21 | J37: =VLOOKUP($B$10:$B$55,'SO MS'!$B$6:$L$47,5,TRUE) -> 34320 | K37: ='Summary sales'!E29 -> 34297.72 | L37: =K37-J37 -> -22.28 | M37: =VLOOKUP($B$10:$B$55,'SO MS'!$B$6:$L$47,6,TRUE) -> 9600 | N37: ='Summary sales'!F29 -> 10499.66 | O37: =N37-M37 -> 899.66 | P37: =VLOOKUP($B$10:$B$55,'SO MS'!$B$6:$AS$47,7,TRUE) -> 1750 | Q37: ='Summary sales'!G29 -> 0 | R37: =Q37-P37 -> -1750 | S37: =VLOOKUP($B$10:$B$55,'SO MS'!$B$6:$AS$47,8,TRUE) -> 15000 | T37: ='Summary sales'!H29 -> 8985.288 | U37: =T37-S37 -> -6014.712 | V37: =VLOOKUP($B$10:$B$55,'SO MS'!$B$6:$AS$47,9,TRUE) -> 3500 | W37: ='Summary sales'!I29 -> 3335.58 | X37: =W37-V37 -> -164.42 | Y37: =VLOOKUP($B$10:$B$55,'SO MS'!$B$6:$AS$47,10,TRUE) -> 13500 | Z37: ='Summary sales'!K29 -> 0 | AA37: =Z37-Y37 -> -13500 | AB37: =VLOOKUP($B$10:$B$55,'SO MS'!$B$6:$AS$47,11,TRUE) -> 0 | AD37: =AC37-AB37 -> 0 | AE37: ='Daily Sales'!D32 -> 222286.63 | AF37: ='Daily Sales'!E32 -> 232177.39 | AG37: =AF37-AE37 -> 9890.7557 | AH37: 0 | AI37: 0 | AJ37: =AI37-AH37 -> 0 | AK37: =VLOOKUP($B$10:$B$52,'Daily Sales'!$B$5:$F$44,3,TRUE) -> 222286.63 | AL37: =VLOOKUP($B$10:$B$52,'Daily Sales'!$B$5:$F$44,4,TRUE) -> 232177.39 | AM37: =AL37-AK37 -> 9890.7557
B38: =B37+1 -> 46196 | C38: =TEXT(B38,"ddd") -> Sel | D38: =SUMIF($G$9:$AD$9,$D$9,G38:AD38) -> 185670 | E38: =SUMIF($G$9:$AD$9,$E$9,G38:AD38) -> 201182.16 | F38: =E38-D38 -> 15512.164 | G38: =VLOOKUP($B$10:$B$55,'SO MS'!$B$6:$L$47,4,TRUE) -> 108000 | H38: ='Summary sales'!D30 -> 138547.19 | I38: =H38-G38 -> 30547.19 | J38: =VLOOKUP($B$10:$B$55,'SO MS'!$B$6:$L$47,5,TRUE) -> 34320 | K38: ='Summary sales'!E30 -> 47221.93 | L38: =K38-J38 -> 12901.93 | M38: =VLOOKUP($B$10:$B$55,'SO MS'!$B$6:$L$47,6,TRUE) -> 9600 | N38: ='Summary sales'!F30 -> 10828.93 | O38: =N38-M38 -> 1228.93 | P38: =VLOOKUP($B$10:$B$55,'SO MS'!$B$6:$AS$47,7,TRUE) -> 1750 | Q38: ='Summary sales'!G30 -> 0 | R38: =Q38-P38 -> -1750 | S38: =VLOOKUP($B$10:$B$55,'SO MS'!$B$6:$AS$47,8,TRUE) -> 15000 | T38: ='Summary sales'!H30 -> 4584.114 | U38: =T38-S38 -> -10415.886 | V38: =VLOOKUP($B$10:$B$55,'SO MS'!$B$6:$AS$47,9,TRUE) -> 3500 | W38: ='Summary sales'!I30 -> 0 | X38: =W38-V38 -> -3500 | Y38: =VLOOKUP($B$10:$B$55,'SO MS'!$B$6:$AS$47,10,TRUE) -> 13500 | Z38: ='Summary sales'!K30 -> 0 | AA38: =Z38-Y38 -> -13500 | AB38: =VLOOKUP($B$10:$B$55,'SO MS'!$B$6:$AS$47,11,TRUE) -> 0 | AD38: =AC38-AB38 -> 0 | AE38: ='Daily Sales'!D33 -> 222286.63 | AF38: ='Daily Sales'!E33 -> 249970.11 | AG38: =AF38-AE38 -> 27683.478 | AH38: 0 | AI38: 0 | AJ38: =AI38-AH38 -> 0 | AK38: =VLOOKUP($B$10:$B$52,'Daily Sales'!$B$5:$F$44,3,TRUE) -> 222286.63 | AL38: =VLOOKUP($B$10:$B$52,'Daily Sales'!$B$5:$F$44,4,TRUE) -> 249970.11 | AM38: =AL38-AK38 -> 27683.478
B39: =B38+1 -> 46197 | C39: =TEXT(B39,"ddd") -> Rab | D39: =SUMIF($G$9:$AD$9,$D$9,G39:AD39) -> 185670 | E39: =SUMIF($G$9:$AD$9,$E$9,G39:AD39) -> 217364.04 | F39: =E39-D39 -> 31694.044 | G39: =VLOOKUP($B$10:$B$55,'SO MS'!$B$6:$L$47,4,TRUE) -> 108000 | H39: ='Summary sales'!D31 -> 142467.95 | I39: =H39-G39 -> 34467.95 | J39: =VLOOKUP($B$10:$B$55,'SO MS'!$B$6:$L$47,5,TRUE) -> 34320 | K39: ='Summary sales'!E31 -> 46971.07 | L39: =K39-J39 -> 12651.07 | M39: =VLOOKUP($B$10:$B$55,'SO MS'!$B$6:$L$47,6,TRUE) -> 9600 | N39: ='Summary sales'!F31 -> 14149.76 | O39: =N39-M39 -> 4549.76 | P39: =VLOOKUP($B$10:$B$55,'SO MS'!$B$6:$AS$47,7,TRUE) -> 1750 | Q39: ='Summary sales'!G31 -> 0 | R39: =Q39-P39 -> -1750 | S39: =VLOOKUP($B$10:$B$55,'SO MS'!$B$6:$AS$47,8,TRUE) -> 15000 | T39: ='Summary sales'!H31 -> 9743.894 | U39: =T39-S39 -> -5256.106 | V39: =VLOOKUP($B$10:$B$55,'SO MS'!$B$6:$AS$47,9,TRUE) -> 3500 | W39: ='Summary sales'!I31 -> 4031.37 | X39: =W39-V39 -> 531.37 | Y39: =VLOOKUP($B$10:$B$55,'SO MS'!$B$6:$AS$47,10,TRUE) -> 13500 | Z39: ='Summary sales'!K31 -> 0 | AA39: =Z39-Y39 -> -13500 | AB39: =VLOOKUP($B$10:$B$55,'SO MS'!$B$6:$AS$47,11,TRUE) -> 0 | AD39: =AC39-AB39 -> 0 | AE39: ='Daily Sales'!D34 -> 222286.63 | AF39: ='Daily Sales'!E34 -> 232008.21 | AG39: =AF39-AE39 -> 9721.5817 | AH39: 0 | AI39: 0 | AJ39: =AI39-AH39 -> 0 | AK39: =VLOOKUP($B$10:$B$52,'Daily Sales'!$B$5:$F$44,3,TRUE) -> 222286.63 | AL39: =VLOOKUP($B$10:$B$52,'Daily Sales'!$B$5:$F$44,4,TRUE) -> 232008.21 | AM39: =AL39-AK39 -> 9721.5817
B40: =B39+1 -> 46198 | C40: =TEXT(B40,"ddd") -> Kam | D40: =SUMIF($G$9:$AD$9,$D$9,G40:AD40) -> 185670 | E40: =SUMIF($G$9:$AD$9,$E$9,G40:AD40) -> 219340.35 | F40: =E40-D40 -> 33670.349 | G40: =VLOOKUP($B$10:$B$55,'SO MS'!$B$6:$L$47,4,TRUE) -> 108000 | H40: ='Summary sales'!D32 -> 149296.97 | I40: =H40-G40 -> 41296.97 | J40: =VLOOKUP($B$10:$B$55,'SO MS'!$B$6:$L$47,5,TRUE) -> 34320 | K40: ='Summary sales'!E32 -> 47210.9 | L40: =K40-J40 -> 12890.9 | M40: =VLOOKUP($B$10:$B$55,'SO MS'!$B$6:$L$47,6,TRUE) -> 9600 | N40: ='Summary sales'!F32 -> 13749.31 | O40: =N40-M40 -> 4149.31 | P40: =VLOOKUP($B$10:$B$55,'SO MS'!$B$6:$AS$47,7,TRUE) -> 1750 | Q40: ='Summary sales'!G32 -> 0 | R40: =Q40-P40 -> -1750 | S40: =VLOOKUP($B$10:$B$55,'SO MS'!$B$6:$AS$47,8,TRUE) -> 15000 | T40: ='Summary sales'!H32 -> 4424.399 | U40: =T40-S40 -> -10575.601 | V40: =VLOOKUP($B$10:$B$55,'SO MS'!$B$6:$AS$47,9,TRUE) -> 3500 | W40: ='Summary sales'!I32 -> 4658.77 | X40: =W40-V40 -> 1158.77 | Y40: =VLOOKUP($B$10:$B$55,'SO MS'!$B$6:$AS$47,10,TRUE) -> 13500 | Z40: ='Summary sales'!K32 -> 0 | AA40: =Z40-Y40 -> -13500 | AB40: =VLOOKUP($B$10:$B$55,'SO MS'!$B$6:$AS$47,11,TRUE) -> 0 | AD40: =AC40-AB40 -> 0 | AE40: ='Daily Sales'!D35 -> 222286.63 | AF40: ='Daily Sales'!E35 -> 242691.05 | AG40: =AF40-AE40 -> 20404.422 | AH40: 0 | AI40: 0 | AJ40: =AI40-AH40 -> 0 | AK40: =VLOOKUP($B$10:$B$52,'Daily Sales'!$B$5:$F$44,3,TRUE) -> 222286.63 | AL40: =VLOOKUP($B$10:$B$52,'Daily Sales'!$B$5:$F$44,4,TRUE) -> 242691.05 | AM40: =AL40-AK40 -> 20404.422
B41: =B40+1 -> 46199 | C41: =TEXT(B41,"ddd") -> Jum | D41: =SUMIF($G$9:$AD$9,$D$9,G41:AD41) -> 185670 | E41: =SUMIF($G$9:$AD$9,$E$9,G41:AD41) -> 210930.63 | F41: =E41-D41 -> 25260.63 | G41: =VLOOKUP($B$10:$B$55,'SO MS'!$B$6:$L$47,4,TRUE) -> 108000 | H41: ='Summary sales'!D33 -> 149771.34 | I41: =H41-G41 -> 41771.34 | J41: =VLOOKUP($B$10:$B$55,'SO MS'!$B$6:$L$47,5,TRUE) -> 34320 | K41: ='Summary sales'!E33 -> 41187.35 | L41: =K41-J41 -> 6867.35 | M41: =VLOOKUP($B$10:$B$55,'SO MS'!$B$6:$L$47,6,TRUE) -> 9600 | N41: ='Summary sales'!F33 -> 11358.8 | O41: =N41-M41 -> 1758.8 | P41: =VLOOKUP($B$10:$B$55,'SO MS'!$B$6:$AS$47,7,TRUE) -> 1750 | Q41: ='Summary sales'!G33 -> 0 | R41: =Q41-P41 -> -1750 | S41: =VLOOKUP($B$10:$B$55,'SO MS'!$B$6:$AS$47,8,TRUE) -> 15000 | T41: ='Summary sales'!H33 -> 4515.52 | U41: =T41-S41 -> -10484.48 | V41: =VLOOKUP($B$10:$B$55,'SO MS'!$B$6:$AS$47,9,TRUE) -> 3500 | W41: ='Summary sales'!I33 -> 4097.62 | X41: =W41-V41 -> 597.62 | Y41: =VLOOKUP($B$10:$B$55,'SO MS'!$B$6:$AS$47,10,TRUE) -> 13500 | Z41: ='Summary sales'!K33 -> 0 | AA41: =Z41-Y41 -> -13500 | AB41: =VLOOKUP($B$10:$B$55,'SO MS'!$B$6:$AS$47,11,TRUE) -> 0 | AD41: =AC41-AB41 -> 0 | AE41: ='Daily Sales'!D36 -> 222286.63 | AF41: ='Daily Sales'!E36 -> 217941.2 | AG41: =AF41-AE41 -> -4345.4363 | AH41: 0 | AI41: 0 | AJ41: =AI41-AH41 -> 0 | AK41: =VLOOKUP($B$10:$B$52,'Daily Sales'!$B$5:$F$44,3,TRUE) -> 222286.63 | AL41: =VLOOKUP($B$10:$B$52,'Daily Sales'!$B$5:$F$44,4,TRUE) -> 217941.2 | AM41: =AL41-AK41 -> -4345.4363
B42: =B41+1 -> 46200 | C42: =TEXT(B42,"ddd") -> Sab | D42: =SUMIF($G$9:$AD$9,$D$9,G42:AD42) -> 185670 | E42: =SUMIF($G$9:$AD$9,$E$9,G42:AD42) -> 200636.14 | F42: =E42-D42 -> 14966.141 | G42: =VLOOKUP($B$10:$B$55,'SO MS'!$B$6:$L$47,4,TRUE) -> 108000 | H42: ='Summary sales'!D34 -> 137522.45 | I42: =H42-G42 -> 29522.45 | J42: =VLOOKUP($B$10:$B$55,'SO MS'!$B$6:$L$47,5,TRUE) -> 34320 | K42: ='Summary sales'!E34 -> 47177.7 | L42: =K42-J42 -> 12857.7 | M42: =VLOOKUP($B$10:$B$55,'SO MS'!$B$6:$L$47,6,TRUE) -> 9600 | N42: ='Summary sales'!F34 -> 11503.58 | O42: =N42-M42 -> 1903.58 | P42: =VLOOKUP($B$10:$B$55,'SO MS'!$B$6:$AS$47,7,TRUE) -> 1750 | Q42: ='Summary sales'!G34 -> 0 | R42: =Q42-P42 -> -1750 | S42: =VLOOKUP($B$10:$B$55,'SO MS'!$B$6:$AS$47,8,TRUE) -> 15000 | T42: ='Summary sales'!H34 -> 4432.411 | U42: =T42-S42 -> -10567.589 | V42: =VLOOKUP($B$10:$B$55,'SO MS'!$B$6:$AS$47,9,TRUE) -> 3500 | W42: ='Summary sales'!I34 -> 0 | X42: =W42-V42 -> -3500 | Y42: =VLOOKUP($B$10:$B$55,'SO MS'!$B$6:$AS$47,10,TRUE) -> 13500 | Z42: ='Summary sales'!K34 -> 0 | AA42: =Z42-Y42 -> -13500 | AB42: =VLOOKUP($B$10:$B$55,'SO MS'!$B$6:$AS$47,11,TRUE) -> 0 | AD42: =AC42-AB42 -> 0 | AE42: ='Daily Sales'!D37 -> 220148.86 | AF42: ='Daily Sales'!E37 -> 209291.4 | AG42: =AF42-AE42 -> -10857.451 | AH42: 0 | AI42: 0 | AJ42: =AI42-AH42 -> 0 | AK42: =VLOOKUP($B$10:$B$52,'Daily Sales'!$B$5:$F$44,3,TRUE) -> 220148.86 | AL42: =VLOOKUP($B$10:$B$52,'Daily Sales'!$B$5:$F$44,4,TRUE) -> 209291.4 | AM42: =AL42-AK42 -> -10857.451
B43: =B42+1 -> 46201 | C43: =TEXT(B43,"ddd") -> Mgg | D43: =SUMIF($G$9:$AD$9,$D$9,G43:AD43) -> 183920 | E43: =SUMIF($G$9:$AD$9,$E$9,G43:AD43) -> 213245.63 | F43: =E43-D43 -> 29325.633 | G43: =VLOOKUP($B$10:$B$55,'SO MS'!$B$6:$L$47,4,TRUE) -> 108000 | H43: ='Summary sales'!D35 -> 139795.89 | I43: =H43-G43 -> 31795.89 | J43: =VLOOKUP($B$10:$B$55,'SO MS'!$B$6:$L$47,5,TRUE) -> 34320 | K43: ='Summary sales'!E35 -> 46679.06 | L43: =K43-J43 -> 12359.06 | M43: =VLOOKUP($B$10:$B$55,'SO MS'!$B$6:$L$47,6,TRUE) -> 9600 | N43: ='Summary sales'!F35 -> 13663.78 | O43: =N43-M43 -> 4063.78 | P43: =VLOOKUP($B$10:$B$55,'SO MS'!$B$6:$AS$47,7,TRUE) -> 0 | Q43: ='Summary sales'!G35 -> 0 | R43: =Q43-P43 -> 0 | S43: =VLOOKUP($B$10:$B$55,'SO MS'!$B$6:$AS$47,8,TRUE) -> 15000 | T43: ='Summary sales'!H35 -> 9084.783 | U43: =T43-S43 -> -5915.217 | V43: =VLOOKUP($B$10:$B$55,'SO MS'!$B$6:$AS$47,9,TRUE) -> 3500 | W43: ='Summary sales'!I35 -> 4022.12 | X43: =W43-V43 -> 522.12 | Y43: =VLOOKUP($B$10:$B$55,'SO MS'!$B$6:$AS$47,10,TRUE) -> 13500 | Z43: ='Summary sales'!K35 -> 0 | AA43: =Z43-Y43 -> -13500 | AB43: =VLOOKUP($B$10:$B$55,'SO MS'!$B$6:$AS$47,11,TRUE) -> 0 | AD43: =AC43-AB43 -> 0 | AE43: ='Daily Sales'!D38 -> 193657.78 | AF43: ='Daily Sales'!E38 -> 189733.16 | AG43: =AF43-AE43 -> -3924.6188 | AH43: 0 | AI43: 0 | AJ43: =AI43-AH43 -> 0 | AK43: =VLOOKUP($B$10:$B$52,'Daily Sales'!$B$5:$F$44,3,TRUE) -> 193657.78 | AL43: =VLOOKUP($B$10:$B$52,'Daily Sales'!$B$5:$F$44,4,TRUE) -> 189733.16 | AM43: =AL43-AK43 -> -3924.6188
B44: Sub Total | D44: =SUM(D37:D43) -> 1297940 | E44: =SUM(E37:E43) -> 1457047.4 | F44: =SUM(F37:F43) -> 159107.42 | G44: =SUM(G37:G43) -> 756000 | H44: =SUM(H37:H43) -> 994632 | I44: =SUM(I37:I43) -> 238632 | J44: =SUM(J37:J43) -> 240240 | K44: =SUM(K37:K43) -> 310745.73 | ... AM44: =SUM(AM37:AM43) -> 48572.73
A46: =WEEKNUM(B46) -> 27 | B46: =B43+1 -> 46202 | C46: =TEXT(B46,"ddd") -> Sen | D46: =SUMIF($G$9:$AD$9,$D$9,G46:AD46) -> 185670 | E46: =SUMIF($G$9:$AD$9,$E$9,G46:AD46) -> 193374.78 | F46: =E46-D46 -> 7704.779 | G46: =VLOOKUP($B$10:$B$55,'SO MS'!$B$6:$L$47,4,TRUE) -> 108000 | H46: ='Summary sales'!D36 -> 138566.39 | I46: =H46-G46 -> 30566.39 | J46: =VLOOKUP($B$10:$B$55,'SO MS'!$B$6:$L$47,5,TRUE) -> 34320 | K46: ='Summary sales'!E36 -> 37812.36 | L46: =K46-J46 -> 3492.36 | M46: =VLOOKUP($B$10:$B$55,'SO MS'!$B$6:$L$47,6,TRUE) -> 9600 | N46: ='Summary sales'!F36 -> 8339.25 | O46: =N46-M46 -> -1260.75 | P46: =VLOOKUP($B$10:$B$55,'SO MS'!$B$6:$AS$47,7,TRUE) -> 1750 | Q46: ='Summary sales'!G36 -> 0 | R46: =Q46-P46 -> -1750 | S46: =VLOOKUP($B$10:$B$55,'SO MS'!$B$6:$AS$47,8,TRUE) -> 15000 | T46: ='Summary sales'!H36 -> 4432.329 | U46: =T46-S46 -> -10567.671 | V46: =VLOOKUP($B$10:$B$55,'SO MS'!$B$6:$AS$47,9,TRUE) -> 3500 | W46: ='Summary sales'!I36 -> 4224.45 | X46: =W46-V46 -> 724.45 | Y46: =VLOOKUP($B$10:$B$55,'SO MS'!$B$6:$AS$47,10,TRUE) -> 13500 | Z46: ='Summary sales'!K36 -> 0 | AA46: =Z46-Y46 -> -13500 | AB46: =VLOOKUP($B$10:$B$55,'SO MS'!$B$6:$AS$47,11,TRUE) -> 0 | AD46: =AC46-AB46 -> 0 | AE46: ='Daily Sales'!D41 -> 222286.63 | AF46: ='Daily Sales'!E41 -> 227596.88 | AG46: =AF46-AE46 -> 5310.2517 | AH46: 0 | AI46: 0 | AJ46: =AI46-AH46 -> 0 | AK46: =VLOOKUP($B$10:$B$52,'Daily Sales'!$B$5:$F$44,3,TRUE) -> 222286.63 | AL46: =VLOOKUP($B$10:$B$52,'Daily Sales'!$B$5:$F$44,4,TRUE) -> 227596.88 | AM46: =AL46-AK46 -> 5310.2517
B47: =B46+1 -> 46203 | C47: =TEXT(B47,"ddd") -> Sel | D47: =SUMIF($G$9:$AD$9,$D$9,G47:AD47) -> 185670 | E47: =SUMIF($G$9:$AD$9,$E$9,G47:AD47) -> 201636.93 | F47: =E47-D47 -> 15966.932 | G47: =VLOOKUP($B$10:$B$55,'SO MS'!$B$6:$L$47,4,TRUE) -> 108000 | H47: ='Summary sales'!D37 -> 140049.9 | I47: =H47-G47 -> 32049.9 | J47: =VLOOKUP($B$10:$B$55,'SO MS'!$B$6:$L$47,5,TRUE) -> 34320 | K47: ='Summary sales'!E37 -> 41868.44 | L47: =K47-J47 -> 7548.44 | M47: =VLOOKUP($B$10:$B$55,'SO MS'!$B$6:$L$47,6,TRUE) -> 9600 | N47: ='Summary sales'!F37 -> 11048.03 | O47: =N47-M47 -> 1448.03 | P47: =VLOOKUP($B$10:$B$55,'SO MS'!$B$6:$AS$47,7,TRUE) -> 1750 | Q47: ='Summary sales'!G37 -> 0 | R47: =Q47-P47 -> -1750 | S47: =VLOOKUP($B$10:$B$55,'SO MS'!$B$6:$AS$47,8,TRUE) -> 15000 | T47: ='Summary sales'!H37 -> 4694.372 | U47: =T47-S47 -> -10305.628 | V47: =VLOOKUP($B$10:$B$55,'SO MS'!$B$6:$AS$47,9,TRUE) -> 3500 | W47: ='Summary sales'!I37 -> 3976.19 | X47: =W47-V47 -> 476.19 | Y47: =VLOOKUP($B$10:$B$55,'SO MS'!$B$6:$AS$47,10,TRUE) -> 13500 | Z47: ='Summary sales'!K37 -> 0 | AA47: =Z47-Y47 -> -13500 | AB47: =VLOOKUP($B$10:$B$55,'SO MS'!$B$6:$AS$47,11,TRUE) -> 0 | AD47: =AC47-AB47 -> 0 | AE47: ='Daily Sales'!D42 -> 222286.63 | AF47: ='Daily Sales'!E42 -> 256416.28 | AG47: =AF47-AE47 -> 34129.646 | AH47: 0 | AI47: 0 | AJ47: =AI47-AH47 -> 0 | AK47: =VLOOKUP($B$10:$B$52,'Daily Sales'!$B$5:$F$44,3,TRUE) -> 222286.63 | AL47: =VLOOKUP($B$10:$B$52,'Daily Sales'!$B$5:$F$44,4,TRUE) -> 256416.28 | AM47: =AL47-AK47 -> 34129.646
B48: Sub Total | D48: =SUM(D46:D47) -> 371340 | E48: =SUM(E46:E47) -> 395011.71 | F48: =SUM(F46:F47) -> 23671.711 | G48: =SUM(G46:G47) -> 216000 | H48: =SUM(H46:H47) -> 278616.29 | I48: =SUM(I46:I47) -> 62616.29 | J48: =SUM(J46:J47) -> 68640 | K48: =SUM(K46:K47) -> 79680.8 | ... AM48: =SUM(AM46:AM47) -> 39439.897
B50: Sub Total | D50: =SUM(D17+D26+D35+D44+D48) -> 5456350 | E50: =SUM(E17+E26+E35+E44+E48) -> 5812318.5 | F50: =SUM(F17+F26+F35+F44+F48) -> 355968.54 | G50: =SUM(G17+G26+G35+G44+G48) -> 3240000 | H50: =SUM(H17+H26+H35+H44+H48) -> 3932545.3 | I50: =SUM(I17+I26+I35+I44+I48) -> 692545.31 | J50: =SUM(J17+J26+J35+J44+J48) -> 1029600 | K50: =SUM(K17+K26+K35+K44+K48) -> 1266801.6 | ... AM50: =SUM(AM17+AM26+AM35+AM44+AM48) -> -76448.362
B51: Total | D51: =SUM(D10:D16,D19:D25,D28:D34,D37:D43,D46:D47) -> 5456350 | E51: =SUM(E10:E16,E19:E25,E28:E34,E37:E43,E46:E47) -> 5812318.5 | F51: =SUM(F10:F16,F19:F25,F28:F34,F37:F43,F46:F47) -> 355968.54 | G51: =SUM(G10:G16,G19:G25,G28:G34,G37:G43,G46:G47) -> 3240000 | H51: =SUM(H10:H16,H19:H25,H28:H34,H37:H43,H46:H47) -> 3932545.3 | I51: =SUM(I10:I16,I19:I25,I28:I34,I37:I43,I46:I47) -> 692545.31 | J51: =SUM(J10:J16,J19:J25,J28:J34,J37:J43,J46:J47) -> 1029600 | K51: =SUM(K10:K16,K19:K25,K28:K34,K37:K43,K46:K47) -> 1266801.6 | ... AM51: =SUM(AM10:AM16,AM19:AM25,AM28:AM34,AM37:AM43,AM46:AM47) -> -76448.362

Sheet Daily Sales
A1: Daily Sales
A2: ='SO MS'!A4 -> 46174
A3: Week | B3: DATE | C3: DAY | D3: Total | H3: CLIN | L3: BI | P3: MKG | T3: STM | X3: OAJ | AB3: NNI | AF3: SHB | AJ3: GTL | AN3: TWK | AR3: BYC | AV3: GF RANCA | AZ3: SMA | BD3: ADP | BH3: HLI | BL3: CERES | BP3: KGM | BT3: ALT (KSO MASAMI) | BX3: IDP (KSO AAE) | CB3: FJI (KSO SALMAH) | CF3: WINGLOK (KSO EBM) | CJ3: CISF (KSO RRS) | CN3: PUJ - LUBRICANT | CR3: HANKOOK | CV3: KSN | CZ3: KSN Ranca | DD3: CALBEE (KSO BMI) | DH3: UMI | DL3: IP | DP3: BEM | DT3: AMI | DX3: KA | EB3: KTN | EF3: TOMIMOTO | EJ3: NIAGA GARAM | EN3: PCI 84 | ER3: PCI MENGGER | EV3: INDOFOOD | EZ3: HCI | FD3: DIC | FH3: ASAHIMAS | FL3: ABC KOGEN | FP3: TONGJI | FT3: PA | FX3: RB | GB3: GF ATOM | GF3: GF KULIT | GJ3: SP JES | GN3: HSK (KSO GAS) | GR3: SDM | GV3: JARGAS | GZ3: SBI | HD3: PENTAWIRA | HH3: SP GLOBAL
D4: TARGET | E4: ACTUAL | F4: SELISIH | G4: PERSENTASE | H4: TARGET | I4: ACTUAL | J4: SELISIH | K4: PERSENTASE | L4: TARGET | M4: ACTUAL | N4: SELISIH | O4: PERSENTASE | P4: TARGET | Q4: ACTUAL | R4: SELISIH | S4: PERSENTASE | T4: TARGET | U4: ACTUAL | V4: SELISIH | W4: PERSENTASE | X4: TARGET | Y4: ACTUAL | Z4: SELISIH | AA4: PERSENTASE | AB4: TARGET | AC4: ACTUAL | AD4: SELISIH | AE4: PERSENTASE | AF4: TARGET | AG4: ACTUAL | AH4: SELISIH | AI4: PERSENTASE | AJ4: TARGET | AK4: ACTUAL | AL4: SELISIH | AM4: PERSENTASE | AN4: TARGET | AO4: ACTUAL | AP4: SELISIH | AQ4: PERSENTASE | AR4: TARGET | AS4: ACTUAL | AT4: SELISIH | AU4: PERSENTASE | AV4: TARGET | AW4: ACTUAL | AX4: SELISIH | AY4: PERSENTASE | AZ4: TARGET | BA4: ACTUAL | BB4: SELISIH | BC4: PERSENTASE | BD4: TARGET | BE4: ACTUAL | BF4: SELISIH | BG4: PERSENTASE | BH4: TARGET | BI4: ACTUAL | BJ4: SELISIH | BK4: PERSENTASE | BL4: TARGET | BM4: ACTUAL | BN4: SELISIH | BO4: PERSENTASE | BP4: TARGET | BQ4: ACTUAL | BR4: SELISIH | BS4: PERSENTASE | BT4: TARGET | BU4: ACTUAL | BV4: SELISIH | BW4: PERSENTASE | BX4: TARGET | BY4: ACTUAL | BZ4: SELISIH | CA4: PERSENTASE | CB4: TARGET | CC4: ACTUAL | CD4: SELISIH | CE4: PERSENTASE | CF4: TARGET | CG4: ACTUAL | CH4: SELISIH | CI4: PERSENTASE | CJ4: TARGET | CK4: ACTUAL | CL4: SELISIH | CM4: PERSENTASE | CN4: TARGET | CO4: ACTUAL | CP4: SELISIH | CQ4: PERSENTASE | CR4: TARGET | CS4: ACTUAL | CT4: SELISIH | CU4: PERSENTASE | CV4: TARGET | CW4: ACTUAL | CX4: SELISIH | CY4: PERSENTASE | CZ4: TARGET | DA4: ACTUAL | DB4: SELISIH | DC4: PERSENTASE | DD4: TARGET | DE4: ACTUAL | DF4: SELISIH | DG4: PERSENTASE | DH4: TARGET | DI4: ACTUAL | DJ4: SELISIH | DK4: PERSENTASE | DL4: TARGET | DM4: ACTUAL | DN4: SELISIH | DO4: PERSENTASE | DP4: TARGET | DQ4: ACTUAL | DR4: SELISIH | DS4: PERSENTASE | DT4: TARGET | DU4: ACTUAL | DV4: SELISIH | DW4: PERSENTASE | DX4: TARGET | DY4: ACTUAL | DZ4: SELISIH | EA4: PERSENTASE | EB4: TARGET | EC4: ACTUAL | ED4: SELISIH | EE4: PERSENTASE | EF4: TARGET | EG4: ACTUAL | EH4: SELISIH | EI4: PERSENTASE | EJ4: TARGET | EK4: ACTUAL | EL4: SELISIH | EM4: PERSENTASE | EN4: TARGET | EO4: ACTUAL | EP4: SELISIH | EQ4: PERSENTASE | ER4: TARGET | ES4: ACTUAL | ET4: SELISIH | EU4: PERSENTASE | EV4: TARGET | EW4: ACTUAL | EX4: SELISIH | EY4: PERSENTASE | EZ4: TARGET | FA4: ACTUAL | FB4: SELISIH | FC4: PERSENTASE | FD4: TARGET | FE4: ACTUAL | FF4: SELISIH | FG4: PERSENTASE | FH4: TARGET | FI4: ACTUAL | FJ4: SELISIH | FK4: PERSENTASE | FL4: TARGET | FM4: ACTUAL | FN4: SELISIH | FO4: PERSENTASE | FP4: TARGET | FQ4: ACTUAL | FR4: SELISIH | FS4: PERSENTASE | FT4: TARGET | FU4: ACTUAL | FV4: SELISIH | FW4: PERSENTASE | FX4: TARGET | FY4: ACTUAL | FZ4: SELISIH | GA4: PERSENTASE | GB4: TARGET | GC4: ACTUAL | GD4: SELISIH | GE4: PERSENTASE | GF4: TARGET | GG4: ACTUAL | GH4: SELISIH | GI4: PERSENTASE | GJ4: TARGET | GK4: ACTUAL | GL4: SELISIH | GM4: PERSENTASE | GN4: TARGET | GO4: ACTUAL | GP4: SELISIH | GQ4: PERSENTASE | GR4: TARGET | GS4: ACTUAL | GT4: SELISIH | GU4: PERSENTASE | GV4: TARGET | GW4: ACTUAL | GX4: SELISIH | GY4: PERSENTASE | GZ4: TARGET | HA4: ACTUAL | HB4: SELISIH | HC4: PERSENTASE | HD4: TARGET | HE4: ACTUAL | HF4: SELISIH | HG4: PERSENTASE | HH4: TARGET | HI4: ACTUAL | HJ4: SELISIH | HK4: PERSENTASE
A5: =WEEKNUM(B6) -> 23 | B5: =A2 -> 46174 | C5: =TEXT(B5,"ddd") -> Sen | D5: =SUMIF($H$4:$HK$4,$D$4,H5:HK5) -> 177245.12 | E5: =SUMIF($H$4:$HK$4,$E$4,H5:HK5) -> 146396.8 | F5: =E5-D5 -> -30848.322 | G5: =E5/D5 -> 0.82595672 | H5: =INDEX('SO JUNI 2026 (Rev.2)'!$B$6:$BI$51,MATCH(B5,'SO JUNI 2026 (Rev.2)'!$B$6:$B$51,0),MATCH($H$3,'SO JUNI 2026 (Rev.2)'!$B$5:$XI$5,0)) -> 1199.5729 | I5: =INDEX('Summary sales'!$A$6:$BY$50,MATCH(B5,'Summary sales'!$A$6:$A$50,0),MATCH($H$3,'Summary sales'!$A$7:$BY$7,0)) -> 925.61 | J5: =I5-H5 -> -273.9629 | K5: =I5/H5 -> 0.7716163 | L5: =INDEX('SO JUNI 2026 (Rev.2)'!$B$6:$BI$51,MATCH(B5,'SO JUNI 2026 (Rev.2)'!$B$6:$B$51,0),MATCH($L$3,'SO JUNI 2026 (Rev.2)'!$B$5:$XI$5,0)) -> 2000 | M5: =INDEX('Summary sales'!$A$6:$BY$50,MATCH($B5,'Summary sales'!$A$6:$A$50,0),MATCH($L$3,'Summary sales'!$A$7:$BY$7,0)) -> 669.75 | N5: =M5-L5 -> -1330.25 | O5: =M5/L5 -> 0.334875 | P5: =INDEX('SO JUNI 2026 (Rev.2)'!$B$6:$BI$51,MATCH(B5,'SO JUNI 2026 (Rev.2)'!$B$6:$B$51,0),MATCH($P$3,'SO JUNI 2026 (Rev.2)'!$B$5:$XI$5,0)) -> 1200 | Q5: =INDEX('Summary sales'!$A$6:$BY$50,MATCH($B5,'Summary sales'!$A$6:$A$50,0),MATCH($P$3,'Summary sales'!$A$7:$BY$7,0)) -> 586.07 | R5: =Q5-P5 -> -613.93 | S5: =Q5/P5 -> 0.48839167 | T5: =INDEX('SO JUNI 2026 (Rev.2)'!$B$6:$BI$51,MATCH(B5,'SO JUNI 2026 (Rev.2)'!$B$6:$B$51,0),MATCH($T$3,'SO JUNI 2026 (Rev.2)'!$B$5:$XI$5,0)) -> 3300 | U5: =INDEX('Summary sales'!$A$6:$BY$50,MATCH($B5,'Summary sales'!$A$6:$A$50,0),MATCH($T$3,'Summary sales'!$A$7:$BY$7,0)) -> 0 | V5: =U5-T5 -> -3300 | W5: =U5/T5 -> 0 | X5: =INDEX('SO JUNI 2026 (Rev.2)'!$B$6:$BI$51,MATCH(B5,'SO JUNI 2026 (Rev.2)'!$B$6:$B$51,0),MATCH($X$3,'SO JUNI 2026 (Rev.2)'!$B$5:$XI$5,0)) -> 644.02065 | Y5: =INDEX('Summary sales'!$A$6:$BY$50,MATCH($B5,'Summary sales'!$A$6:$A$50,0),MATCH($X$3,'Summary sales'!$A$7:$BY$7,0)) -> 403.07 | Z5: =Y5-X5 -> -240.95065 | AA5: =Y5/X5 -> 0.62586503 | AB5: =INDEX('SO JUNI 2026 (Rev.2)'!$B$6:$BI$51,MATCH(B5,'SO JUNI 2026 (Rev.2)'!$B$6:$B$51,0),MATCH($AB$3,'SO JUNI 2026 (Rev.2)'!$B$5:$XI$5,0)) -> 0 | AC5: =INDEX('Summary sales'!$A$6:$BY$50,MATCH($B5,'Summary sales'!$A$6:$A$50,0),MATCH($AB$3,'Summary sales'!$A$7:$BY$7,0)) -> 0 | AD5: =AC5-AB5 -> 0 | AE5: =AC5-AB5 -> 0 | AF5: =INDEX('SO JUNI 2026 (Rev.2)'!$B$6:$BI$51,MATCH(B5,'SO JUNI 2026 (Rev.2)'!$B$6:$B$51,0),MATCH($AF$3,'SO JUNI 2026 (Rev.2)'!$B$5:$XI$5,0)) -> 150 | AG5: =INDEX('Summary sales'!$A$6:$BY$50,MATCH($B5,'Summary sales'!$A$6:$A$50,0),MATCH($AF$3,'Summary sales'!$A$7:$BY$7,0)) -> 0 | AH5: =AG5-AF5 -> -150 | AI5: =AG5/AF5 -> 0 | AJ5: =INDEX('SO JUNI 2026 (Rev.2)'!$B$6:$BI$51,MATCH(B5,'SO JUNI 2026 (Rev.2)'!$B$6:$B$51,0),MATCH($AJ$3,'SO JUNI 2026 (Rev.2)'!$B$5:$XI$5,0)) -> 603.76323 | AK5: =INDEX('Summary sales'!$A$6:$BY$50,MATCH($B5,'Summary sales'!$A$6:$A$50,0),MATCH($AJ$3,'Summary sales'!$A$7:$BY$7,0)) -> 561.96 | AL5: =AK5-AJ5 -> -41.803226 | AM5: =AK5/AJ5 -> 0.93076222 | AN5: =INDEX('SO JUNI 2026 (Rev.2)'!$B$6:$BI$51,MATCH(B5,'SO JUNI 2026 (Rev.2)'!$B$6:$B$51,0),MATCH($AN$3,'SO JUNI 2026 (Rev.2)'!$B$5:$XI$5,0)) -> 673.27548 | AO5: =INDEX('Summary sales'!$A$6:$BY$50,MATCH($B5,'Summary sales'!$A$6:$A$50,0),MATCH($AN$3,'Summary sales'!$A$7:$BY$7,0)) -> 381.43 | AP5: =AO5-AN5 -> -291.84548 | AQ5: =AO5/AN5 -> 0.56652887 | AR5: =INDEX('SO JUNI 2026 (Rev.2)'!$B$6:$BI$51,MATCH(B5,'SO JUNI 2026 (Rev.2)'!$B$6:$B$51,0),MATCH($AR$3,'SO JUNI 2026 (Rev.2)'!$B$5:$XI$5,0)) -> 0 | AS5: =INDEX('Summary sales'!$A$6:$BY$50,MATCH($B5,'Summary sales'!$A$6:$A$50,0),MATCH($AR$3,'Summary sales'!$A$7:$BY$7,0)) -> 6249.87 | AT5: =AS5-AR5 -> 6249.87 | AU5: =AS5/AR5 -> #DIV/0! | AV5: =INDEX('SO JUNI 2026 (Rev.2)'!$B$6:$BI$51,MATCH(B5,'SO JUNI 2026 (Rev.2)'!$B$6:$B$51,0),MATCH($AV$3,'SO JUNI 2026 (Rev.2)'!$B$5:$XI$5,0)) -> 0 | AW5: =INDEX('Summary sales'!$A$6:$BY$50,MATCH($B5,'Summary sales'!$A$6:$A$50,0),MATCH($AV$3,'Summary sales'!$A$7:$BY$7,0)) -> 0 | AX5: =AW5-AV5 -> 0 | AY5: =AW5/AV5 -> #DIV/0! | AZ5: =INDEX('SO JUNI 2026 (Rev.2)'!$B$6:$BI$51,MATCH(B5,'SO JUNI 2026 (Rev.2)'!$B$6:$B$51,0),MATCH($AZ$3,'SO JUNI 2026 (Rev.2)'!$B$5:$XI$5,0)) -> 2000 | BA5: =INDEX('Summary sales'!$A$6:$BY$50,MATCH($B5,'Summary sales'!$A$6:$A$50,0),MATCH($AZ$3,'Summary sales'!$A$7:$BY$7,0)) -> 159.07 | BB5: =BA5-AZ5 -> -1840.93 | BC5: =BA5/AZ5 -> 0.079535 | BD5: =INDEX('SO JUNI 2026 (Rev.2)'!$B$6:$BI$51,MATCH(B5,'SO JUNI 2026 (Rev.2)'!$B$6:$B$51,0),MATCH($BD$3,'SO JUNI 2026 (Rev.2)'!$B$5:$XI$5,0)) -> 750 | BE5: =INDEX('Summary sales'!$A$6:$BY$50,MATCH($B5,'Summary sales'!$A$6:$A$50,0),MATCH($BD$3,'Summary sales'!$A$7:$BY$7,0)) -> 0 | BF5: =BE5-BD5 -> -750 | BG5: =BE5/BD5 -> 0 | BH5: =INDEX('SO JUNI 2026 (Rev.2)'!$B$6:$BI$51,MATCH(B5,'SO JUNI 2026 (Rev.2)'!$B$6:$B$51,0),MATCH($BH$3,'SO JUNI 2026 (Rev.2)'!$B$5:$XI$5,0)) -> 9300 | BI5: =INDEX('Summary sales'!$A$6:$BY$50,MATCH($B5,'Summary sales'!$A$6:$A$50,0),MATCH($BH$3,'Summary sales'!$A$7:$BY$7,0)) -> 9753.7 | BJ5: =BI5-BH5 -> 453.7 | BK5: =BI5/BH5 -> 1.0487849 | BL5: =INDEX('SO JUNI 2026 (Rev.2)'!$B$6:$BI$51,MATCH(B5,'SO JUNI 2026 (Rev.2)'!$B$6:$B$51,0),MATCH($BL$3,'SO JUNI 2026 (Rev.2)'!$B$5:$XI$5,0)) -> 9000.0571 | BM5: =INDEX('Summary sales'!$A$6:$BY$50,MATCH($B5,'Summary sales'!$A$6:$A$50,0),MATCH($BL$3,'Summary sales'!$A$7:$BY$7,0)) -> 3800.88 | BN5: =BM5-BL5 -> -5199.1771 | BO5: =BM5/BL5 -> 0.42231732 | BP5: =INDEX('SO JUNI 2026 (Rev.2)'!$B$6:$BI$51,MATCH(B5,'SO JUNI 2026 (Rev.2)'!$B$6:$B$51,0),MATCH($BP$3,'SO JUNI 2026 (Rev.2)'!$B$5:$XI$5,0)) -> 1300 | BQ5: =INDEX('Summary sales'!$A$6:$BY$50,MATCH($B5,'Summary sales'!$A$6:$A$50,0),MATCH($BP$3,'Summary sales'!$A$7:$BY$7,0)) -> 1211.65 | BR5: =BQ5-BP5 -> -88.35 | BS5: =BQ5/BP5 -> 0.93203846 | BT5: =INDEX('SO JUNI 2026 (Rev.2)'!$B$6:$BI$51,MATCH(B5,'SO JUNI 2026 (Rev.2)'!$B$6:$B$51,0),MATCH($BT$3,'SO JUNI 2026 (Rev.2)'!$B$5:$XI$5,0)) -> 1000 | BU5: =INDEX('Summary sales'!$A$6:$BY$50,MATCH($B5,'Summary sales'!$A$6:$A$50,0),MATCH($BT$3,'Summary sales'!$A$7:$BY$7,0)) -> 780.062 | BV5: =BU5-BT5 -> -219.938 | BW5: =BU5/BT5 -> 0.780062 | BX5: =INDEX('SO JUNI 2026 (Rev.2)'!$B$6:$BI$51,MATCH(B5,'SO JUNI 2026 (Rev.2)'!$B$6:$B$51,0),MATCH($BX$3,'SO JUNI 2026 (Rev.2)'!$B$5:$XI$5,0)) -> 5500 | BY5: =INDEX('Summary sales'!$A$6:$BY$50,MATCH($B5,'Summary sales'!$A$6:$A$50,0),MATCH($BX$3,'Summary sales'!$A$7:$BY$7,0)) -> 2697.35 | BZ5: =BY5-BX5 -> -2802.65 | CA5: =BY5/BX5 -> 0.49042727 | CB5: =INDEX('SO JUNI 2026 (Rev.2)'!$B$6:$BI$51,MATCH(B5,'SO JUNI 2026 (Rev.2)'!$B$6:$B$51,0),MATCH($CB$3,'SO JUNI 2026 (Rev.2)'!$B$5:$XI$5,0)) -> 0 | CC5: =INDEX('Summary sales'!$A$6:$BY$50,MATCH($B5,'Summary sales'!$A$6:$A$50,0),MATCH($CB$3,'Summary sales'!$A$7:$BY$7,0)) -> 0 | CD5: =CC5-CB5 -> 0 | CE5: =CC5/CB5 -> #DIV/0! | CF5: =INDEX('SO JUNI 2026 (Rev.2)'!$B$6:$BI$51,MATCH(B5,'SO JUNI 2026 (Rev.2)'!$B$6:$B$51,0),MATCH($CF$3,'SO JUNI 2026 (Rev.2)'!$B$5:$XI$5,0)) -> 89.451613 | CG5: =INDEX('Summary sales'!$A$6:$BY$50,MATCH($B5,'Summary sales'!$A$6:$A$50,0),MATCH($CF$3,'Summary sales'!$A$7:$BY$7,0)) -> 52.389 | CH5: =CG5-CF5 -> -37.062613 | CI5: =CG5/CF5 -> 0.58566859 | CJ5: =INDEX('SO JUNI 2026 (Rev.2)'!$B$6:$BI$51,MATCH(B5,'SO JUNI 2026 (Rev.2)'!$B$6:$B$51,0),MATCH($CJ$3,'SO JUNI 2026 (Rev.2)'!$B$5:$XI$5,0)) -> 3500 | CK5: =INDEX('Summary sales'!$A$6:$BY$50,MATCH($B5,'Summary sales'!$A$6:$A$50,0),MATCH($CJ$3,'Summary sales'!$A$7:$BY$7,0)) -> 106.3 | CL5: =CK5-CJ5 -> -3393.7 | CM5: =CK5/CJ5 -> 0.030371429 | CN5: =INDEX('SO JUNI 2026 (Rev.2)'!$B$6:$BI$51,MATCH(B5,'SO JUNI 2026 (Rev.2)'!$B$6:$B$51,0),MATCH($CN$3,'SO JUNI 2026 (Rev.2)'!$B$5:$XI$5,0)) -> 5500 | CO5: =INDEX('Summary sales'!$A$6:$BY$50,MATCH($B5,'Summary sales'!$A$6:$A$50,0),MATCH($CN$3,'Summary sales'!$A$7:$BY$7,0)) -> 0 | CP5: =CO5-CN5 -> -5500 | CQ5: =CO5/CN5 -> 0 | CR5: =INDEX('SO JUNI 2026 (Rev.2)'!$B$6:$BI$51,MATCH(B5,'SO JUNI 2026 (Rev.2)'!$B$6:$B$51,0),MATCH($CR$3,'SO JUNI 2026 (Rev.2)'!$B$5:$XI$5,0)) -> 0 | CS5: =INDEX('Summary sales'!$A$6:$BY$50,MATCH($B5,'Summary sales'!$A$6:$A$50,0),MATCH($CR$3,'Summary sales'!$A$7:$BY$7,0)) -> 0 | CT5: =CS5-CR5 -> 0 | CU5: =CO5/CN5 -> 0 | CV5: =INDEX('SO JUNI 2026 (Rev.2)'!$B$6:$BI$51,MATCH(B5,'SO JUNI 2026 (Rev.2)'!$B$6:$B$51,0),MATCH($CV$3,'SO JUNI 2026 (Rev.2)'!$B$5:$XI$5,0)) -> 4000 | CW5: =INDEX('Summary sales'!$A$6:$BY$50,MATCH($B5,'Summary sales'!$A$6:$A$50,0),MATCH($CV$3,'Summary sales'!$A$7:$BY$7,0)) -> 2166.67 | CX5: =CW5-CV5 -> -1833.33 | CY5: =CW5/CV5 -> 0.5416675 | CZ5: =INDEX('SO JUNI 2026 (Rev.2)'!$B$6:$BI$51,MATCH(B5,'SO JUNI 2026 (Rev.2)'!$B$6:$B$51,0),MATCH($CZ$3,'SO JUNI 2026 (Rev.2)'!$B$5:$XI$5,0)) -> 2500 | DA5: =INDEX('Summary sales'!$A$6:$BY$50,MATCH($B5,'Summary sales'!$A$6:$A$50,0),MATCH($CZ$3,'Summary sales'!$A$7:$BY$7,0)) -> 2702.16 | DB5: =DA5-CZ5 -> 202.16 | DC5: =CW5/CV5 -> 0.5416675 | DD5: =INDEX('SO JUNI 2026 (Rev.2)'!$B$6:$BI$51,MATCH(B5,'SO JUNI 2026 (Rev.2)'!$B$6:$B$51,0),MATCH($DD$3,'SO JUNI 2026 (Rev.2)'!$B$5:$XI$5,0)) -> 8000 | DE5: =INDEX('Summary sales'!$A$6:$BY$50,MATCH($B5,'Summary sales'!$A$6:$A$50,0),MATCH($DD$3,'Summary sales'!$A$7:$BY$7,0)) -> 0 | DF5: =DE5-DD5 -> -8000 | DG5: =DE5/DD5 -> 0 | DH5: =INDEX('SO JUNI 2026 (Rev.2)'!$B$6:$BI$51,MATCH(B5,'SO JUNI 2026 (Rev.2)'!$B$6:$B$51,0),MATCH($DH$3,'SO JUNI 2026 (Rev.2)'!$B$5:$XI$5,0)) -> 10000 | DI5: =INDEX('Summary sales'!$A$6:$BY$50,MATCH($B5,'Summary sales'!$A$6:$A$50,0),MATCH($DH$3,'Summary sales'!$A$7:$BY$7,0)) -> 13165.779 | DJ5: =DI5-DH5 -> 3165.779 | DK5: =DI5/DH5 -> 1.3165779 | DL5: =INDEX('SO JUNI 2026 (Rev.2)'!$B$6:$BI$51,MATCH(B5,'SO JUNI 2026 (Rev.2)'!$B$6:$B$51,0),MATCH($DL$3,'SO JUNI 2026 (Rev.2)'!$B$5:$XI$5,0)) -> 2020.8603 | DM5: =INDEX('Summary sales'!$A$6:$BY$50,MATCH($B5,'Summary sales'!$A$6:$A$50,0),MATCH($DL$3,'Summary sales'!$A$7:$BY$7,0)) -> 985.56 | DN5: =DM5-DL5 -> -1035.3003 | DO5: =DM5/DL5 -> 0.48769328 | DP5: =INDEX('SO JUNI 2026 (Rev.2)'!$B$6:$BI$51,MATCH(B5,'SO JUNI 2026 (Rev.2)'!$B$6:$B$51,0),MATCH($DP$3,'SO JUNI 2026 (Rev.2)'!$B$5:$XI$5,0)) -> 800 | DQ5: =INDEX('Summary sales'!$A$6:$BY$50,MATCH($B5,'Summary sales'!$A$6:$A$50,0),MATCH($DP$3,'Summary sales'!$A$7:$BY$7,0)) -> 42.09 | DR5: =DQ5-DP5 -> -757.91 | DS5: =DQ5/DP5 -> 0.0526125 | DT5: =INDEX('SO JUNI 2026 (Rev.2)'!$B$6:$BI$51,MATCH(B5,'SO JUNI 2026 (Rev.2)'!$B$6:$B$51,0),MATCH($DT$3,'SO JUNI 2026 (Rev.2)'!$B$5:$XI$5,0)) -> 7200 | DU5: =INDEX('Summary sales'!$A$6:$BY$50,MATCH($B5,'Summary sales'!$A$6:$A$50,0),MATCH($DT$3,'Summary sales'!$A$7:$BY$7,0)) -> 3154.28 | DV5: =DU5-DT5 -> -4045.72 | DW5: =DU5/DT5 -> 0.43809444 | DX5: =INDEX('SO JUNI 2026 (Rev.2)'!$B$6:$BI$51,MATCH(B5,'SO JUNI 2026 (Rev.2)'!$B$6:$B$51,0),MATCH($DX$3,'SO JUNI 2026 (Rev.2)'!$B$5:$XI$5,0)) -> 3499.8768 | DY5: =INDEX('Summary sales'!$A$6:$BY$50,MATCH($B5,'Summary sales'!$A$6:$A$50,0),MATCH($DX$3,'Summary sales'!$A$7:$BY$7,0)) -> 0 | DZ5: =DY5-DX5 -> -3499.8768 | EA5: =DY5/DX5 -> 0 | EB5: =INDEX('SO JUNI 2026 (Rev.2)'!$B$6:$BI$51,MATCH(B5,'SO JUNI 2026 (Rev.2)'!$B$6:$B$51,0),MATCH($EB$3,'SO JUNI 2026 (Rev.2)'!$B$5:$XI$5,0)) -> 2043.2745 | EC5: =INDEX('Summary sales'!$A$6:$BY$50,MATCH($B5,'Summary sales'!$A$6:$A$50,0),MATCH($EB$3,'Summary sales'!$A$7:$BY$7,0)) -> 1569.31 | ED5: =EC5-EB5 -> -473.96452 | EE5: =EC5/EB5 -> 0.76803679 | EF5: =INDEX('SO JUNI 2026 (Rev.2)'!$B$6:$BI$51,MATCH(B5,'SO JUNI 2026 (Rev.2)'!$B$6:$B$51,0),MATCH($EF$3,'SO JUNI 2026 (Rev.2)'!$B$5:$XI$5,0)) -> 0 | EG5: =INDEX('Summary sales'!$A$6:$BY$50,MATCH($B5,'Summary sales'!$A$6:$A$50,0),MATCH($EF$3,'Summary sales'!$A$7:$BY$7,0)) -> 0 | EH5: =EG5-EF5 -> 0 | EI5: =EG5/EF5 -> #DIV/0! | EJ5: =INDEX('SO JUNI 2026 (Rev.2)'!$B$6:$BI$51,MATCH(B5,'SO JUNI 2026 (Rev.2)'!$B$6:$B$51,0),MATCH($EJ$3,'SO JUNI 2026 (Rev.2)'!$B$5:$XI$5,0)) -> 1000 | EK5: =INDEX('Summary sales'!$A$6:$BY$50,MATCH($B5,'Summary sales'!$A$6:$A$50,0),MATCH($EJ$3,'Summary sales'!$A$7:$BY$7,0)) -> 96.78 | EL5: =EK5-EJ5 -> -903.22 | EM5: =EK5/EJ5 -> 0.09678 | EN5: =INDEX('SO JUNI 2026 (Rev.2)'!$B$6:$BI$51,MATCH(B5,'SO JUNI 2026 (Rev.2)'!$B$6:$B$51,0),MATCH($EN$3,'SO JUNI 2026 (Rev.2)'!$B$5:$XI$5,0)) -> 11007.047 | EO5: =INDEX('Summary sales'!$A$6:$BY$50,MATCH($B5,'Summary sales'!$A$6:$A$50,0),MATCH($EN$3,'Summary sales'!$A$7:$BY$7,0)) -> 9680.44 | EP5: =EO5-EN5 -> -1326.6074 | EQ5: =EO5/EN5 -> 0.87947654 | ER5: =INDEX('SO JUNI 2026 (Rev.2)'!$B$6:$BI$51,MATCH(B5,'SO JUNI 2026 (Rev.2)'!$B$6:$B$51,0),MATCH($ER$3,'SO JUNI 2026 (Rev.2)'!$B$5:$XI$5,0)) -> 1519.5448 | ES5: =INDEX('Summary sales'!$A$6:$BY$50,MATCH($B5,'Summary sales'!$A$6:$A$50,0),MATCH($ER$3,'Summary sales'!$A$7:$BY$7,0)) -> 2410.35 | ET5: =ES5-ER5 -> 890.80516 | EU5: =ES5/ER5 -> 1.5862316 | EV5: =INDEX('SO JUNI 2026 (Rev.2)'!$B$6:$BI$51,MATCH(B5,'SO JUNI 2026 (Rev.2)'!$B$6:$B$51,0),MATCH($EV$3,'SO JUNI 2026 (Rev.2)'!$B$5:$XI$5,0)) -> 3999.6742 | EW5: =INDEX('Summary sales'!$A$6:$BY$50,MATCH($B5,'Summary sales'!$A$6:$A$50,0),MATCH($EV$3,'Summary sales'!$A$7:$BY$7,0)) -> 3402.9 | EX5: =EW5-EV5 -> -596.77419 | EY5: =EW5/EV5 -> 0.8507943 | EZ5: =INDEX('SO JUNI 2026 (Rev.2)'!$B$6:$BI$51,MATCH(B5,'SO JUNI 2026 (Rev.2)'!$B$6:$B$51,0),MATCH($EZ$3,'SO JUNI 2026 (Rev.2)'!$B$5:$XI$5,0)) -> 7000 | FA5: =INDEX('Summary sales'!$A$6:$BY$50,MATCH(B5,'Summary sales'!$A$6:$A$50,0),MATCH($EZ$3,'Summary sales'!$A$7:$BY$7,0)) -> 0 | FB5: =FA5-EZ5 -> -7000 | FC5: =FA5/EZ5 -> 0 | FD5: =INDEX('SO JUNI 2026 (Rev.2)'!$B$6:$BI$51,MATCH(B5,'SO JUNI 2026 (Rev.2)'!$B$6:$B$51,0),MATCH($FD$3,'SO JUNI 2026 (Rev.2)'!$B$5:$XI$5,0)) -> 0 | FE5: =INDEX('Summary sales'!$A$6:$BY$50,MATCH($B5,'Summary sales'!$A$6:$A$50,0),MATCH($FD$3,'Summary sales'!$A$7:$BY$7,0)) -> 0 | FF5: =FE5-FD5 -> 0 | FG5: =FE5/FD5 -> #DIV/0! | FH5: =INDEX('SO JUNI 2026 (Rev.2)'!$B$6:$BI$51,MATCH(B5,'SO JUNI 2026 (Rev.2)'!$B$6:$B$51,0),MATCH($FH$3,'SO JUNI 2026 (Rev.2)'!$B$5:$XI$5,0)) -> 29000 | FI5: =INDEX('Summary sales'!$A$6:$BY$50,MATCH($B5,'Summary sales'!$A$6:$A$50,0),MATCH($FH$3,'Summary sales'!$A$7:$BY$7,0)) -> 58214.67 | FJ5: =FI5-FH5 -> 29214.67 | FK5: =FI5/FH5 -> 2.0074024 | FL5: =INDEX('SO JUNI 2026 (Rev.2)'!$B$6:$BI$51,MATCH(B5,'SO JUNI 2026 (Rev.2)'!$B$6:$B$51,0),MATCH($FL$3,'SO JUNI 2026 (Rev.2)'!$B$5:$XI$5,0)) -> 8000 | FM5: =INDEX('Summary sales'!$A$6:$BY$50,MATCH(B5,'Summary sales'!$A$6:$A$50,0),MATCH($FL$3,'Summary sales'!$A$7:$BY$7,0)) -> 6823.09 | FN5: =FM5-FL5 -> -1176.91 | FO5: =FM5/FL5 -> 0.85288625 | FP5: =INDEX('SO JUNI 2026 (Rev.2)'!$B$6:$BI$51,MATCH(B5,'SO JUNI 2026 (Rev.2)'!$B$6:$B$51,0),MATCH($FP$3,'SO JUNI 2026 (Rev.2)'!$B$5:$XI$5,0)) -> 3500 | FQ5: =INDEX('Summary sales'!$A$6:$BY$50,MATCH(B5,'Summary sales'!$A$6:$A$50,0),MATCH($FP$3,'Summary sales'!$A$7:$BY$7,0)) -> 260.3 | FR5: =FQ5-FP5 -> -3239.7 | FS5: =FQ5/FP5 -> 0.074371429 | FT5: =INDEX('SO JUNI 2026 (Rev.2)'!$B$6:$BI$51,MATCH(B5,'SO JUNI 2026 (Rev.2)'!$B$6:$B$51,0),MATCH($FT$3,'SO JUNI 2026 (Rev.2)'!$B$5:$XI$5,0)) -> 800 | FU5: =INDEX('Summary sales'!$A$6:$BY$50,MATCH(B5,'Summary sales'!$A$6:$A$50,0),MATCH($FT$3,'Summary sales'!$A$7:$BY$7,0)) -> 532.6 | FV5: =FU5-FT5 -> -267.4 | FW5: =FU5/FT5 -> 0.66575 | FX5: =INDEX('SO JUNI 2026 (Rev.2)'!$B$6:$BI$51,MATCH(B5,'SO JUNI 2026 (Rev.2)'!$B$6:$B$51,0),MATCH($FX$3,'SO JUNI 2026 (Rev.2)'!$B$5:$XI$5,0)) -> 3800 | FY5: =INDEX('Summary sales'!$A$6:$BY$50,MATCH(B5,'Summary sales'!$A$6:$A$50,0),MATCH($FX$3,'Summary sales'!$A$7:$BY$7,0)) -> 0 | FZ5: =FY5-FX5 -> -3800 | GA5: =FY5/FX5 -> 0 | GB5: =INDEX('SO JUNI 2026 (Rev.2)'!$B$6:$BI$51,MATCH(B5,'SO JUNI 2026 (Rev.2)'!$B$6:$B$51,0),MATCH($GB$3,'SO JUNI 2026 (Rev.2)'!$B$5:$XI$5,0)) -> 2044.9997 | GC5: =INDEX('Summary sales'!$A$6:$BY$50,MATCH(B5,'Summary sales'!$A$6:$A$50,0),MATCH($GB$3,'Summary sales'!$A$7:$BY$7,0)) -> 0 | GD5: =GC5-GB5 -> -2044.9997 | GE5: =GC5/GB5 -> 0 | GF5: =INDEX('SO JUNI 2026 (Rev.2)'!$B$6:$BI$51,MATCH(B5,'SO JUNI 2026 (Rev.2)'!$B$6:$B$51,0),MATCH($GF$3,'SO JUNI 2026 (Rev.2)'!$B$5:$XI$5,0)) -> 0 | GG5: =INDEX('Summary sales'!$A$6:$BY$50,MATCH(B5,'Summary sales'!$A$6:$A$50,0),MATCH($GF$3,'Summary sales'!$A$7:$BY$7,0)) -> 0 | GH5: =GG5-GF5 -> 0 | GI5: =GG5/GF5 -> #DIV/0! | GJ5: =INDEX('SO JUNI 2026 (Rev.2)'!$B$6:$BI$51,MATCH(B5,'SO JUNI 2026 (Rev.2)'!$B$6:$B$51,0),MATCH($GJ$3,'SO JUNI 2026 (Rev.2)'!$B$5:$XI$5,0)) -> 0 | GK5: =INDEX('Summary sales'!$A$6:$BY$50,MATCH(B5,'Summary sales'!$A$6:$A$50,0),MATCH($GJ$3,'Summary sales'!$A$7:$BY$7,0)) -> 0 | GL5: =GK5-GJ5 -> 0 | GM5: =GK5/GJ5 -> #DIV/0! | GN5: =INDEX('SO JUNI 2026 (Rev.2)'!$B$6:$BI$51,MATCH(B5,'SO JUNI 2026 (Rev.2)'!$B$6:$B$51,0),MATCH($GN$3,'SO JUNI 2026 (Rev.2)'!$B$5:$XI$5,0)) -> 0 | GO5: =INDEX('Summary sales'!$A$6:$BY$50,MATCH($B5,'Summary sales'!$A$6:$A$50,0),MATCH($GN$3,'Summary sales'!$A$7:$BY$7,0)) -> 0 | GP5: =GO5-GN5 -> 0 | GQ5: =GO5/GN5 -> #DIV/0! | GR5: =INDEX('SO JUNI 2026 (Rev.2)'!$B$6:$BI$51,MATCH(B5,'SO JUNI 2026 (Rev.2)'!$B$6:$B$51,0),MATCH($GR$3,'SO JUNI 2026 (Rev.2)'!$B$5:$XI$5,0)) -> 0 | GS5: =INDEX('Summary sales'!$A$6:$BY$50,MATCH($B5,'Summary sales'!$A$6:$A$50,0),MATCH($GR$3,'Summary sales'!$A$7:$BY$7,0)) -> 0 | GT5: =GS5-GR5 -> 0 | GU5: =GS5/GR5 -> #DIV/0! | GV5: =INDEX('SO JUNI 2026 (Rev.2)'!$B$6:$BI$51,MATCH(B5,'SO JUNI 2026 (Rev.2)'!$B$6:$B$51,0),MATCH($GV$3,'SO JUNI 2026 (Rev.2)'!$B$5:$XI$5,0)) -> 1800 | GW5: =INDEX('Summary sales'!$A$6:$BY$50,MATCH(B5,'Summary sales'!$A$6:$A$50,0),MATCH($GV$3,'Summary sales'!$A$7:$BY$7,0)) -> 1889.32 | GX5: =GW5-GV5 -> 89.32 | GY5: =GW5/GV5 -> 1.0496222 | GZ5: =INDEX('SO JUNI 2026 (Rev.2)'!$B$6:$BI$51,MATCH(B5,'SO JUNI 2026 (Rev.2)'!$B$6:$B$51,0),MATCH($GZ$3,'SO JUNI 2026 (Rev.2)'!$B$5:$XI$5,0)) -> 2499.7026 | HA5: =INDEX('Summary sales'!$A$6:$BY$50,MATCH(B5,'Summary sales'!$A$6:$A$50,0),MATCH($GZ$3,'Summary sales'!$A$7:$BY$7,0)) -> 1903.24 | HB5: =HA5-GZ5 -> -596.46258 | HC5: =HA5/GZ5 -> 0.76138658 | HD5: =INDEX('SO JUNI 2026 (Rev.2)'!$B$6:$BI$51,MATCH(B5,'SO JUNI 2026 (Rev.2)'!$B$6:$B$51,0),MATCH($HD$3,'SO JUNI 2026 (Rev.2)'!$B$5:$XI$5,0)) -> 0 | HE5: =INDEX('Summary sales'!$A$6:$BY$50,MATCH(B5,'Summary sales'!$A$6:$A$50,0),MATCH($HD$3,'Summary sales'!$A$7:$BY$7,0)) -> 0 | HF5: =HE5-HD5 -> 0 | HG5: =HE5/HD5 -> #DIV/0! | HH5: =INDEX('SO JUNI 2026 (Rev.2)'!$B$6:$BI$51,MATCH(B5,'SO JUNI 2026 (Rev.2)'!$B$6:$B$51,0),MATCH($HH$3,'SO JUNI 2026 (Rev.2)'!$B$5:$XI$5,0)) -> 13500 | HI5: =INDEX('Summary sales'!$A$6:$BY$50,MATCH(B5,'Summary sales'!$A$6:$A$50,0),MATCH($HH$3,'Summary sales'!$A$7:$BY$7,0)) -> 9058.099 | HJ5: =HI5-HH5 -> -4441.901 | HK5: =HI5/HH5 -> 0.6709703
B6: =B5+1 -> 46175 | C6: =TEXT(B6,"ddd") -> Sel | D6: =SUMIF($H$4:$HJ$4,$D$4,H6:HJ6) -> 206786.63 | E6: =SUMIF($H$4:$HJ$4,$E$4,H6:HJ6) -> 208351.2 | F6: =E6-D6 -> 1564.5697 | G6: =E6/D6 -> 1.0075661 | H6: =INDEX('SO JUNI 2026 (Rev.2)'!$B$6:$BI$51,MATCH(B6,'SO JUNI 2026 (Rev.2)'!$B$6:$B$51,0),MATCH($H$3,'SO JUNI 2026 (Rev.2)'!$B$5:$XI$5,0)) -> 1199.5729 | I6: =INDEX('Summary sales'!$A$6:$BY$50,MATCH(B6,'Summary sales'!$A$6:$A$50,0),MATCH($H$3,'Summary sales'!$A$7:$BY$7,0)) -> 909.65 | J6: =I6-H6 -> -289.9229 | K6: =I6/H6 -> 0.75831156 | L6: =INDEX('SO JUNI 2026 (Rev.2)'!$B$6:$BI$51,MATCH(B6,'SO JUNI 2026 (Rev.2)'!$B$6:$B$51,0),MATCH($L$3,'SO JUNI 2026 (Rev.2)'!$B$5:$XI$5,0)) -> 2000 | M6: =INDEX('Summary sales'!$A$6:$BY$50,MATCH($B6,'Summary sales'!$A$6:$A$50,0),MATCH($L$3,'Summary sales'!$A$7:$BY$7,0)) -> 1612.52 | N6: =M6-L6 -> -387.48 | O6: =M6/L6 -> 0.80626 | P6: =INDEX('SO JUNI 2026 (Rev.2)'!$B$6:$BI$51,MATCH(B6,'SO JUNI 2026 (Rev.2)'!$B$6:$B$51,0),MATCH($P$3,'SO JUNI 2026 (Rev.2)'!$B$5:$XI$5,0)) -> 1200 | Q6: =INDEX('Summary sales'!$A$6:$BY$50,MATCH($B6,'Summary sales'!$A$6:$A$50,0),MATCH($P$3,'Summary sales'!$A$7:$BY$7,0)) -> 1218.07 | R6: =Q6-P6 -> 18.07 | S6: =Q6/P6 -> 1.0150583 | T6: =INDEX('SO JUNI 2026 (Rev.2)'!$B$6:$BI$51,MATCH(B6,'SO JUNI 2026 (Rev.2)'!$B$6:$B$51,0),MATCH($T$3,'SO JUNI 2026 (Rev.2)'!$B$5:$XI$5,0)) -> 3300 | U6: =INDEX('Summary sales'!$A$6:$BY$50,MATCH($B6,'Summary sales'!$A$6:$A$50,0),MATCH($T$3,'Summary sales'!$A$7:$BY$7,0)) -> 2563.2 | V6: =U6-T6 -> -736.8 | W6: =U6/T6 -> 0.77672727 | X6: =INDEX('SO JUNI 2026 (Rev.2)'!$B$6:$BI$51,MATCH(B6,'SO JUNI 2026 (Rev.2)'!$B$6:$B$51,0),MATCH($X$3,'SO JUNI 2026 (Rev.2)'!$B$5:$XI$5,0)) -> 644.02065 | Y6: =INDEX('Summary sales'!$A$6:$BY$50,MATCH($B6,'Summary sales'!$A$6:$A$50,0),MATCH($X$3,'Summary sales'!$A$7:$BY$7,0)) -> 753.48 | Z6: =Y6-X6 -> 109.45935 | AA6: =Y6/X6 -> 1.1699625 | AB6: =INDEX('SO JUNI 2026 (Rev.2)'!$B$6:$BI$51,MATCH(B6,'SO JUNI 2026 (Rev.2)'!$B$6:$B$51,0),MATCH($AB$3,'SO JUNI 2026 (Rev.2)'!$B$5:$XI$5,0)) -> 0 | AC6: =INDEX('Summary sales'!$A$6:$BY$50,MATCH($B6,'Summary sales'!$A$6:$A$50,0),MATCH($AB$3,'Summary sales'!$A$7:$BY$7,0)) -> 0 | AD6: =AC6-AB6 -> 0 | AE6: =AC6-AB6 -> 0 | AF6: =INDEX('SO JUNI 2026 (Rev.2)'!$B$6:$BI$51,MATCH(B6,'SO JUNI 2026 (Rev.2)'!$B$6:$B$51,0),MATCH($AF$3,'SO JUNI 2026 (Rev.2)'!$B$5:$XI$5,0)) -> 150 | AG6: =INDEX('Summary sales'!$A$6:$BY$50,MATCH($B6,'Summary sales'!$A$6:$A$50,0),MATCH($AF$3,'Summary sales'!$A$7:$BY$7,0)) -> 118.51 | AH6: =AG6-AF6 -> -31.49 | AI6: =AG6/AF6 -> 0.79006667 | AJ6: =INDEX('SO JUNI 2026 (Rev.2)'!$B$6:$BI$51,MATCH(B6,'SO JUNI 2026 (Rev.2)'!$B$6:$B$51,0),MATCH($AJ$3,'SO JUNI 2026 (Rev.2)'!$B$5:$XI$5,0)) -> 603.76323 | AK6: =INDEX('Summary sales'!$A$6:$BY$50,MATCH($B6,'Summary sales'!$A$6:$A$50,0),MATCH($AJ$3,'Summary sales'!$A$7:$BY$7,0)) -> 942.22 | AL6: =AK6-AJ6 -> 338.45677 | AM6: =AK6/AJ6 -> 1.5605787 | AN6: =INDEX('SO JUNI 2026 (Rev.2)'!$B$6:$BI$51,MATCH(B6,'SO JUNI 2026 (Rev.2)'!$B$6:$B$51,0),MATCH($AN$3,'SO JUNI 2026 (Rev.2)'!$B$5:$XI$5,0)) -> 673.27548 | AO6: =INDEX('Summary sales'!$A$6:$BY$50,MATCH($B6,'Summary sales'!$A$6:$A$50,0),MATCH($AN$3,'Summary sales'!$A$7:$BY$7,0)) -> 715.06 | AP6: =AO6-AN6 -> 41.784516 | AQ6: =AO6/AN6 -> 1.0620615 | AR6: =INDEX('SO JUNI 2026 (Rev.2)'!$B$6:$BI$51,MATCH(B6,'SO JUNI 2026 (Rev.2)'!$B$6:$B$51,0),MATCH($AR$3,'SO JUNI 2026 (Rev.2)'!$B$5:$XI$5,0)) -> 5500 | AS6: =INDEX('Summary sales'!$A$6:$BY$50,MATCH($B6,'Summary sales'!$A$6:$A$50,0),MATCH($AR$3,'Summary sales'!$A$7:$BY$7,0)) -> 5898.05 | AT6: =AS6-AR6 -> 398.05 | AU6: =AS6/AR6 -> 1.0723727 | AV6: =INDEX('SO JUNI 2026 (Rev.2)'!$B$6:$BI$51,MATCH(B6,'SO JUNI 2026 (Rev.2)'!$B$6:$B$51,0),MATCH($AV$3,'SO JUNI 2026 (Rev.2)'!$B$5:$XI$5,0)) -> 6000 | AW6: =INDEX('Summary sales'!$A$6:$BY$50,MATCH($B6,'Summary sales'!$A$6:$A$50,0),MATCH($AV$3,'Summary sales'!$A$7:$BY$7,0)) -> 3186.78 | AX6: =AW6-AV6 -> -2813.22 | AY6: =AW6/AV6 -> 0.53113 | AZ6: =INDEX('SO JUNI 2026 (Rev.2)'!$B$6:$BI$51,MATCH(B6,'SO JUNI 2026 (Rev.2)'!$B$6:$B$51,0),MATCH($AZ$3,'SO JUNI 2026 (Rev.2)'!$B$5:$XI$5,0)) -> 2000 | BA6: =INDEX('Summary sales'!$A$6:$BY$50,MATCH($B6,'Summary sales'!$A$6:$A$50,0),MATCH($AZ$3,'Summary sales'!$A$7:$BY$7,0)) -> 3210.6 | BB6: =BA6-AZ6 -> 1210.6 | BC6: =BA6/AZ6 -> 1.6053 | BD6: =INDEX('SO JUNI 2026 (Rev.2)'!$B$6:$BI$51,MATCH(B6,'SO JUNI 2026 (Rev.2)'!$B$6:$B$51,0),MATCH($BD$3,'SO JUNI 2026 (Rev.2)'!$B$5:$XI$5,0)) -> 750 | BE6: =INDEX('Summary sales'!$A$6:$BY$50,MATCH($B6,'Summary sales'!$A$6:$A$50,0),MATCH($BD$3,'Summary sales'!$A$7:$BY$7,0)) -> 767.19 | BF6: =BE6-BD6 -> 17.19 | BG6: =BE6/BD6 -> 1.02292 | BH6: =INDEX('SO JUNI 2026 (Rev.2)'!$B$6:$BI$51,MATCH(B6,'SO JUNI 2026 (Rev.2)'!$B$6:$B$51,0),MATCH($BH$3,'SO JUNI 2026 (Rev.2)'!$B$5:$XI$5,0)) -> 9300 | BI6: =INDEX('Summary sales'!$A$6:$BY$50,MATCH($B6,'Summary sales'!$A$6:$A$50,0),MATCH($BH$3,'Summary sales'!$A$7:$BY$7,0)) -> 9831.68 | BJ6: =BI6-BH6 -> 531.68 | BK6: =BI6/BH6 -> 1.0571699 | BL6: =INDEX('SO JUNI 2026 (Rev.2)'!$B$6:$BI$51,MATCH(B6,'SO JUNI 2026 (Rev.2)'!$B$6:$B$51,0),MATCH($BL$3,'SO JUNI 2026 (Rev.2)'!$B$5:$XI$5,0)) -> 9000.0571 | BM6: =INDEX('Summary sales'!$A$6:$BY$50,MATCH($B6,'Summary sales'!$A$6:$A$50,0),MATCH($BL$3,'Summary sales'!$A$7:$BY$7,0)) -> 7799.36 | BN6: =BM6-BL6 -> -1200.6971 | BO6: =BM6/BL6 -> 0.86659006 | BP6: =INDEX('SO JUNI 2026 (Rev.2)'!$B$6:$BI$51,MATCH(B6,'SO JUNI 2026 (Rev.2)'!$B$6:$B$51,0),MATCH($BP$3,'SO JUNI 2026 (Rev.2)'!$B$5:$XI$5,0)) -> 1300 | BQ6: =INDEX('Summary sales'!$A$6:$BY$50,MATCH($B6,'Summary sales'!$A$6:$A$50,0),MATCH($BP$3,'Summary sales'!$A$7:$BY$7,0)) -> 1407.67 | BR6: =BQ6-BP6 -> 107.67 | BS6: =BQ6/BP6 -> 1.0828231 | BT6: =INDEX('SO JUNI 2026 (Rev.2)'!$B$6:$BI$51,MATCH(B6,'SO JUNI 2026 (Rev.2)'!$B$6:$B$51,0),MATCH($BT$3,'SO JUNI 2026 (Rev.2)'!$B$5:$XI$5,0)) -> 1000 | BU6: =INDEX('Summary sales'!$A$6:$BY$50,MATCH($B6,'Summary sales'!$A$6:$A$50,0),MATCH($BT$3,'Summary sales'!$A$7:$BY$7,0)) -> 1393.698 | BV6: =BU6-BT6 -> 393.698 | BW6: =BU6/BT6 -> 1.393698 | BX6: =INDEX('SO JUNI 2026 (Rev.2)'!$B$6:$BI$51,MATCH(B6,'SO JUNI 2026 (Rev.2)'!$B$6:$B$51,0),MATCH($BX$3,'SO JUNI 2026 (Rev.2)'!$B$5:$XI$5,0)) -> 5500 | BY6: =INDEX('Summary sales'!$A$6:$BY$50,MATCH($B6,'Summary sales'!$A$6:$A$50,0),MATCH($BX$3,'Summary sales'!$A$7:$BY$7,0)) -> 2369.47 | BZ6: =BY6-BX6 -> -3130.53 | CA6: =BY6/BX6 -> 0.43081273 | CB6: =INDEX('SO JUNI 2026 (Rev.2)'!$B$6:$BI$51,MATCH(B6,'SO JUNI 2026 (Rev.2)'!$B$6:$B$51,0),MATCH($CB$3,'SO JUNI 2026 (Rev.2)'!$B$5:$XI$5,0)) -> 0 | CC6: =INDEX('Summary sales'!$A$6:$BY$50,MATCH($B6,'Summary sales'!$A$6:$A$50,0),MATCH($CB$3,'Summary sales'!$A$7:$BY$7,0)) -> 0 | CD6: =CC6-CB6 -> 0 | CE6: =CC6/CB6 -> #DIV/0! | CF6: =INDEX('SO JUNI 2026 (Rev.2)'!$B$6:$BI$51,MATCH(B6,'SO JUNI 2026 (Rev.2)'!$B$6:$B$51,0),MATCH($CF$3,'SO JUNI 2026 (Rev.2)'!$B$5:$XI$5,0)) -> 89.451613 | CG6: =INDEX('Summary sales'!$A$6:$BY$50,MATCH($B6,'Summary sales'!$A$6:$A$50,0),MATCH($CF$3,'Summary sales'!$A$7:$BY$7,0)) -> 49.021 | CH6: =CG6-CF6 -> -40.430613 | CI6: =CG6/CF6 -> 0.54801695 | CJ6: =INDEX('SO JUNI 2026 (Rev.2)'!$B$6:$BI$51,MATCH(B6,'SO JUNI 2026 (Rev.2)'!$B$6:$B$51,0),MATCH($CJ$3,'SO JUNI 2026 (Rev.2)'!$B$5:$XI$5,0)) -> 3500 | CK6: =INDEX('Summary sales'!$A$6:$BY$50,MATCH($B6,'Summary sales'!$A$6:$A$50,0),MATCH($CJ$3,'Summary sales'!$A$7:$BY$7,0)) -> 3182.3 | CL6: =CK6-CJ6 -> -317.7 | CM6: =CK6/CJ6 -> 0.90922857 | CN6: =INDEX('SO JUNI 2026 (Rev.2)'!$B$6:$BI$51,MATCH(B6,'SO JUNI 2026 (Rev.2)'!$B$6:$B$51,0),MATCH($CN$3,'SO JUNI 2026 (Rev.2)'!$B$5:$XI$5,0)) -> 5500 | CO6: =INDEX('Summary sales'!$A$6:$BY$50,MATCH($B6,'Summary sales'!$A$6:$A$50,0),MATCH($CN$3,'Summary sales'!$A$7:$BY$7,0)) -> 1639.9 | CP6: =CO6-CN6 -> -3860.1 | CQ6: =CO6/CN6 -> 0.29816364 | CR6: =INDEX('SO JUNI 2026 (Rev.2)'!$B$6:$BI$51,MATCH(B6,'SO JUNI 2026 (Rev.2)'!$B$6:$B$51,0),MATCH($CR$3,'SO JUNI 2026 (Rev.2)'!$B$5:$XI$5,0)) -> 0 | CS6: =INDEX('Summary sales'!$A$6:$BY$50,MATCH($B6,'Summary sales'!$A$6:$A$50,0),MATCH($CR$3,'Summary sales'!$A$7:$BY$7,0)) -> 0 | CT6: =CS6-CR6 -> 0 | CU6: =CO6/CN6 -> 0.29816364 | CV6: =INDEX('SO JUNI 2026 (Rev.2)'!$B$6:$BI$51,MATCH(B6,'SO JUNI 2026 (Rev.2)'!$B$6:$B$51,0),MATCH($CV$3,'SO JUNI 2026 (Rev.2)'!$B$5:$XI$5,0)) -> 4000 | CW6: =INDEX('Summary sales'!$A$6:$BY$50,MATCH($B6,'Summary sales'!$A$6:$A$50,0),MATCH($CV$3,'Summary sales'!$A$7:$BY$7,0)) -> 3711.44 | CX6: =CW6-CV6 -> -288.56 | CY6: =CW6/CV6 -> 0.92786 | CZ6: =INDEX('SO JUNI 2026 (Rev.2)'!$B$6:$BI$51,MATCH(B6,'SO JUNI 2026 (Rev.2)'!$B$6:$B$51,0),MATCH($CZ$3,'SO JUNI 2026 (Rev.2)'!$B$5:$XI$5,0)) -> 5000 | DA6: =INDEX('Summary sales'!$A$6:$BY$50,MATCH($B6,'Summary sales'!$A$6:$A$50,0),MATCH($CZ$3,'Summary sales'!$A$7:$BY$7,0)) -> 4127.14 | DB6: =DA6-CZ6 -> -872.86 | DC6: =CW6/CV6 -> 0.92786 | DD6: =INDEX('SO JUNI 2026 (Rev.2)'!$B$6:$BI$51,MATCH(B6,'SO JUNI 2026 (Rev.2)'!$B$6:$B$51,0),MATCH($DD$3,'SO JUNI 2026 (Rev.2)'!$B$5:$XI$5,0)) -> 8000 | DE6: =INDEX('Summary sales'!$A$6:$BY$50,MATCH($B6,'Summary sales'!$A$6:$A$50,0),MATCH($DD$3,'Summary sales'!$A$7:$BY$7,0)) -> 10956.9 | DF6: =DE6-DD6 -> 2956.9 | DG6: =DE6/DD6 -> 1.3696125 | DH6: =INDEX('SO JUNI 2026 (Rev.2)'!$B$6:$BI$51,MATCH(B6,'SO JUNI 2026 (Rev.2)'!$B$6:$B$51,0),MATCH($DH$3,'SO JUNI 2026 (Rev.2)'!$B$5:$XI$5,0)) -> 16000 | DI6: =INDEX('Summary sales'!$A$6:$BY$50,MATCH($B6,'Summary sales'!$A$6:$A$50,0),MATCH($DH$3,'Summary sales'!$A$7:$BY$7,0)) -> 14371.993 | DJ6: =DI6-DH6 -> -1628.007 | DK6: =DI6/DH6 -> 0.89824956 | DL6: =INDEX('SO JUNI 2026 (Rev.2)'!$B$6:$BI$51,MATCH(B6,'SO JUNI 2026 (Rev.2)'!$B$6:$B$51,0),MATCH($DL$3,'SO JUNI 2026 (Rev.2)'!$B$5:$XI$5,0)) -> 2020.8603 | DM6: =INDEX('Summary sales'!$A$6:$BY$50,MATCH($B6,'Summary sales'!$A$6:$A$50,0),MATCH($DL$3,'Summary sales'!$A$7:$BY$7,0)) -> 1256.4 | DN6: =DM6-DL6 -> -764.46032 | DO6: =DM6/DL6 -> 0.62171541 | DP6: =INDEX('SO JUNI 2026 (Rev.2)'!$B$6:$BI$51,MATCH(B6,'SO JUNI 2026 (Rev.2)'!$B$6:$B$51,0),MATCH($DP$3,'SO JUNI 2026 (Rev.2)'!$B$5:$XI$5,0)) -> 800 | DQ6: =INDEX('Summary sales'!$A$6:$BY$50,MATCH($B6,'Summary sales'!$A$6:$A$50,0),MATCH($DP$3,'Summary sales'!$A$7:$BY$7,0)) -> 645.84 | DR6: =DQ6-DP6 -> -154.16 | DS6: =DQ6/DP6 -> 0.8073 | DT6: =INDEX('SO JUNI 2026 (Rev.2)'!$B$6:$BI$51,MATCH(B6,'SO JUNI 2026 (Rev.2)'!$B$6:$B$51,0),MATCH($DT$3,'SO JUNI 2026 (Rev.2)'!$B$5:$XI$5,0)) -> 7200 | DU6: =INDEX('Summary sales'!$A$6:$BY$50,MATCH($B6,'Summary sales'!$A$6:$A$50,0),MATCH($DT$3,'Summary sales'!$A$7:$BY$7,0)) -> 8161.28 | DV6: =DU6-DT6 -> 961.28 | DW6: =DU6/DT6 -> 1.1335111 | DX6: =INDEX('SO JUNI 2026 (Rev.2)'!$B$6:$BI$51,MATCH(B6,'SO JUNI 2026 (Rev.2)'!$B$6:$B$51,0),MATCH($DX$3,'SO JUNI 2026 (Rev.2)'!$B$5:$XI$5,0)) -> 3499.8768 | DY6: =INDEX('Summary sales'!$A$6:$BY$50,MATCH($B6,'Summary sales'!$A$6:$A$50,0),MATCH($DX$3,'Summary sales'!$A$7:$BY$7,0)) -> 570.51 | DZ6: =DY6-DX6 -> -2929.3668 | EA6: =DY6/DX6 -> 0.1630086 | EB6: =INDEX('SO JUNI 2026 (Rev.2)'!$B$6:$BI$51,MATCH(B6,'SO JUNI 2026 (Rev.2)'!$B$6:$B$51,0),MATCH($EB$3,'SO JUNI 2026 (Rev.2)'!$B$5:$XI$5,0)) -> 2043.2745 | EC6: =INDEX('Summary sales'!$A$6:$BY$50,MATCH($B6,'Summary sales'!$A$6:$A$50,0),MATCH($EB$3,'Summary sales'!$A$7:$BY$7,0)) -> 1397.8 | ED6: =EC6-EB6 -> -645.47452 | EE6: =EC6/EB6 -> 0.684098 | EF6: =INDEX('SO JUNI 2026 (Rev.2)'!$B$6:$BI$51,MATCH(B6,'SO JUNI 2026 (Rev.2)'!$B$6:$B$51,0),MATCH($EF$3,'SO JUNI 2026 (Rev.2)'!$B$5:$XI$5,0)) -> 0 | EG6: =INDEX('Summary sales'!$A$6:$BY$50,MATCH($B6,'Summary sales'!$A$6:$A$50,0),MATCH($EF$3,'Summary sales'!$A$7:$BY$7,0)) -> 1502.73 | EH6: =EG6-EF6 -> 1502.73 | EI6: =EG6/EF6 -> #DIV/0! | EJ6: =INDEX('SO JUNI 2026 (Rev.2)'!$B$6:$BI$51,MATCH(B6,'SO JUNI 2026 (Rev.2)'!$B$6:$B$51,0),MATCH($EJ$3,'SO JUNI 2026 (Rev.2)'!$B$5:$XI$5,0)) -> 1000 | EK6: =INDEX('Summary sales'!$A$6:$BY$50,MATCH($B6,'Summary sales'!$A$6:$A$50,0),MATCH($EJ$3,'Summary sales'!$A$7:$BY$7,0)) -> 1226.07 | EL6: =EK6-EJ6 -> 226.07 | EM6: =EK6/EJ6 -> 1.22607 | EN6: =INDEX('SO JUNI 2026 (Rev.2)'!$B$6:$BI$51,MATCH(B6,'SO JUNI 2026 (Rev.2)'!$B$6:$B$51,0),MATCH($EN$3,'SO JUNI 2026 (Rev.2)'!$B$5:$XI$5,0)) -> 11007.047 | EO6: =INDEX('Summary sales'!$A$6:$BY$50,MATCH($B6,'Summary sales'!$A$6:$A$50,0),MATCH($EN$3,'Summary sales'!$A$7:$BY$7,0)) -> 10094.86 | EP6: =EO6-EN6 -> -912.18742 | EQ6: =EO6/EN6 -> 0.91712697 | ER6: =INDEX('SO JUNI 2026 (Rev.2)'!$B$6:$BI$51,MATCH(B6,'SO JUNI 2026 (Rev.2)'!$B$6:$B$51,0),MATCH($ER$3,'SO JUNI 2026 (Rev.2)'!$B$5:$XI$5,0)) -> 1519.5448 | ES6: =INDEX('Summary sales'!$A$6:$BY$50,MATCH($B6,'Summary sales'!$A$6:$A$50,0),MATCH($ER$3,'Summary sales'!$A$7:$BY$7,0)) -> 2460.21 | ET6: =ES6-ER6 -> 940.66516 | EU6: =ES6/ER6 -> 1.619044 | EV6: =INDEX('SO JUNI 2026 (Rev.2)'!$B$6:$BI$51,MATCH(B6,'SO JUNI 2026 (Rev.2)'!$B$6:$B$51,0),MATCH($EV$3,'SO JUNI 2026 (Rev.2)'!$B$5:$XI$5,0)) -> 3999.6742 | EW6: =INDEX('Summary sales'!$A$6:$BY$50,MATCH($B6,'Summary sales'!$A$6:$A$50,0),MATCH($EV$3,'Summary sales'!$A$7:$BY$7,0)) -> 5315 | EX6: =EW6-EV6 -> 1315.3258 | EY6: =EW6/EV6 -> 1.3288582 | EZ6: =INDEX('SO JUNI 2026 (Rev.2)'!$B$6:$BI$51,MATCH(B6,'SO JUNI 2026 (Rev.2)'!$B$6:$B$51,0),MATCH($EZ$3,'SO JUNI 2026 (Rev.2)'!$B$5:$XI$5,0)) -> 7000 | FA6: =INDEX('Summary sales'!$A$6:$BY$50,MATCH(B6,'Summary sales'!$A$6:$A$50,0),MATCH($EZ$3,'Summary sales'!$A$7:$BY$7,0)) -> 819.08 | FB6: =FA6-EZ6 -> -6180.92 | FC6: =FA6/EZ6 -> 0.11701143 | FD6: =INDEX('SO JUNI 2026 (Rev.2)'!$B$6:$BI$51,MATCH(B6,'SO JUNI 2026 (Rev.2)'!$B$6:$B$51,0),MATCH($FD$3,'SO JUNI 2026 (Rev.2)'!$B$5:$XI$5,0)) -> 8000 | FE6: =INDEX('Summary sales'!$A$6:$BY$50,MATCH($B6,'Summary sales'!$A$6:$A$50,0),MATCH($FD$3,'Summary sales'!$A$7:$BY$7,0)) -> 1957.81 | FF6: =FE6-FD6 -> -6042.19 | FG6: =FE6/FD6 -> 0.24472625 | FH6: =INDEX('SO JUNI 2026 (Rev.2)'!$B$6:$BI$51,MATCH(B6,'SO JUNI 2026 (Rev.2)'!$B$6:$B$51,0),MATCH($FH$3,'SO JUNI 2026 (Rev.2)'!$B$5:$XI$5,0)) -> 29000 | FI6: =INDEX('Summary sales'!$A$6:$BY$50,MATCH($B6,'Summary sales'!$A$6:$A$50,0),MATCH($FH$3,'Summary sales'!$A$7:$BY$7,0)) -> 58788.66 | FJ6: =FI6-FH6 -> 29788.66 | FK6: =FI6/FH6 -> 2.0271952 | FL6: =INDEX('SO JUNI 2026 (Rev.2)'!$B$6:$BI$51,MATCH(B6,'SO JUNI 2026 (Rev.2)'!$B$6:$B$51,0),MATCH($FL$3,'SO JUNI 2026 (Rev.2)'!$B$5:$XI$5,0)) -> 8000 | FM6: =INDEX('Summary sales'!$A$6:$BY$50,MATCH(B6,'Summary sales'!$A$6:$A$50,0),MATCH($FL$3,'Summary sales'!$A$7:$BY$7,0)) -> 4036.78 | FN6: =FM6-FL6 -> -3963.22 | FO6: =FM6/FL6 -> 0.5045975 | FP6: =INDEX('SO JUNI 2026 (Rev.2)'!$B$6:$BI$51,MATCH(B6,'SO JUNI 2026 (Rev.2)'!$B$6:$B$51,0),MATCH($FP$3,'SO JUNI 2026 (Rev.2)'!$B$5:$XI$5,0)) -> 3500 | FQ6: =INDEX('Summary sales'!$A$6:$BY$50,MATCH(B6,'Summary sales'!$A$6:$A$50,0),MATCH($FP$3,'Summary sales'!$A$7:$BY$7,0)) -> 2742.4 | FR6: =FQ6-FP6 -> -757.6 | FS6: =FQ6/FP6 -> 0.78354286 | FT6: =INDEX('SO JUNI 2026 (Rev.2)'!$B$6:$BI$51,MATCH(B6,'SO JUNI 2026 (Rev.2)'!$B$6:$B$51,0),MATCH($FT$3,'SO JUNI 2026 (Rev.2)'!$B$5:$XI$5,0)) -> 850 | FU6: =INDEX('Summary sales'!$A$6:$BY$50,MATCH(B6,'Summary sales'!$A$6:$A$50,0),MATCH($FT$3,'Summary sales'!$A$7:$BY$7,0)) -> 523.68 | FV6: =FU6-FT6 -> -326.32 | FW6: =FU6/FT6 -> 0.61609412 | FX6: =INDEX('SO JUNI 2026 (Rev.2)'!$B$6:$BI$51,MATCH(B6,'SO JUNI 2026 (Rev.2)'!$B$6:$B$51,0),MATCH($FX$3,'SO JUNI 2026 (Rev.2)'!$B$5:$XI$5,0)) -> 3800 | FY6: =INDEX('Summary sales'!$A$6:$BY$50,MATCH(B6,'Summary sales'!$A$6:$A$50,0),MATCH($FX$3,'Summary sales'!$A$7:$BY$7,0)) -> 2563.07 | FZ6: =FY6-FX6 -> -1236.93 | GA6: =FY6/FX6 -> 0.67449211 | GB6: =INDEX('SO JUNI 2026 (Rev.2)'!$B$6:$BI$51,MATCH(B6,'SO JUNI 2026 (Rev.2)'!$B$6:$B$51,0),MATCH($GB$3,'SO JUNI 2026 (Rev.2)'!$B$5:$XI$5,0)) -> 2044.9997 | GC6: =INDEX('Summary sales'!$A$6:$BY$50,MATCH(B6,'Summary sales'!$A$6:$A$50,0),MATCH($GB$3,'Summary sales'!$A$7:$BY$7,0)) -> 3584.2 | GD6: =GC6-GB6 -> 1539.2003 | GE6: =GC6/GB6 -> 1.7526653 | GF6: =INDEX('SO JUNI 2026 (Rev.2)'!$B$6:$BI$51,MATCH(B6,'SO JUNI 2026 (Rev.2)'!$B$6:$B$51,0),MATCH($GF$3,'SO JUNI 2026 (Rev.2)'!$B$5:$XI$5,0)) -> 369.61071 | GG6: =INDEX('Summary sales'!$A$6:$BY$50,MATCH(B6,'Summary sales'!$A$6:$A$50,0),MATCH($GF$3,'Summary sales'!$A$7:$BY$7,0)) -> 0 | GH6: =GG6-GF6 -> -369.61071 | GI6: =GG6/GF6 -> 0 | GJ6: =INDEX('SO JUNI 2026 (Rev.2)'!$B$6:$BI$51,MATCH(B6,'SO JUNI 2026 (Rev.2)'!$B$6:$B$51,0),MATCH($GJ$3,'SO JUNI 2026 (Rev.2)'!$B$5:$XI$5,0)) -> 0 | GK6: =INDEX('Summary sales'!$A$6:$BY$50,MATCH(B6,'Summary sales'!$A$6:$A$50,0),MATCH($GJ$3,'Summary sales'!$A$7:$BY$7,0)) -> 0 | GL6: =GK6-GJ6 -> 0 | GM6: =GK6/GJ6 -> #DIV/0! | GN6: =INDEX('SO JUNI 2026 (Rev.2)'!$B$6:$BI$51,MATCH(B6,'SO JUNI 2026 (Rev.2)'!$B$6:$B$51,0),MATCH($GN$3,'SO JUNI 2026 (Rev.2)'!$B$5:$XI$5,0)) -> 0 | GO6: =INDEX('Summary sales'!$A$6:$BY$50,MATCH($B6,'Summary sales'!$A$6:$A$50,0),MATCH($GN$3,'Summary sales'!$A$7:$BY$7,0)) -> 0 | GP6: =GO6-GN6 -> 0 | GQ6: =GO6/GN6 -> #DIV/0! | GR6: =INDEX('SO JUNI 2026 (Rev.2)'!$B$6:$BI$51,MATCH(B6,'SO JUNI 2026 (Rev.2)'!$B$6:$B$51,0),MATCH($GR$3,'SO JUNI 2026 (Rev.2)'!$B$5:$XI$5,0)) -> 1121.9003 | GS6: =INDEX('Summary sales'!$A$6:$BY$50,MATCH($B6,'Summary sales'!$A$6:$A$50,0),MATCH($GR$3,'Summary sales'!$A$7:$BY$7,0)) -> 844.45 | GT6: =GS6-GR6 -> -277.45032 | GU6: =GS6/GR6 -> 0.7526961 | GV6: =INDEX('SO JUNI 2026 (Rev.2)'!$B$6:$BI$51,MATCH(B6,'SO JUNI 2026 (Rev.2)'!$B$6:$B$51,0),MATCH($GV$3,'SO JUNI 2026 (Rev.2)'!$B$5:$XI$5,0)) -> 1800 | GW6: =INDEX('Summary sales'!$A$6:$BY$50,MATCH(B6,'Summary sales'!$A$6:$A$50,0),MATCH($GV$3,'Summary sales'!$A$7:$BY$7,0)) -> 2110.35 | GX6: =GW6-GV6 -> 310.35 | GY6: =GW6/GV6 -> 1.1724167 | GZ6: =INDEX('SO JUNI 2026 (Rev.2)'!$B$6:$BI$51,MATCH(B6,'SO JUNI 2026 (Rev.2)'!$B$6:$B$51,0),MATCH($GZ$3,'SO JUNI 2026 (Rev.2)'!$B$5:$XI$5,0)) -> 2499.7026 | HA6: =INDEX('Summary sales'!$A$6:$BY$50,MATCH(B6,'Summary sales'!$A$6:$A$50,0),MATCH($GZ$3,'Summary sales'!$A$7:$BY$7,0)) -> 1104.74 | HB6: =HA6-GZ6 -> -1394.9626 | HC6: =HA6/GZ6 -> 0.44194858 | HD6: =INDEX('SO JUNI 2026 (Rev.2)'!$B$6:$BI$51,MATCH(B6,'SO JUNI 2026 (Rev.2)'!$B$6:$B$51,0),MATCH($HD$3,'SO JUNI 2026 (Rev.2)'!$B$5:$XI$5,0)) -> 0 | HE6: =INDEX('Summary sales'!$A$6:$BY$50,MATCH(B6,'Summary sales'!$A$6:$A$50,0),MATCH($HD$3,'Summary sales'!$A$7:$BY$7,0)) -> 0 | HF6: =HE6-HD6 -> 0 | HG6: =HE6/HD6 -> #DIV/0! | HH6: =INDEX('SO JUNI 2026 (Rev.2)'!$B$6:$BI$51,MATCH(B6,'SO JUNI 2026 (Rev.2)'!$B$6:$B$51,0),MATCH($HH$3,'SO JUNI 2026 (Rev.2)'!$B$5:$XI$5,0)) -> 13500 | HI6: =INDEX('Summary sales'!$A$6:$BY$50,MATCH(B6,'Summary sales'!$A$6:$A$50,0),MATCH($HH$3,'Summary sales'!$A$7:$BY$7,0)) -> 13909.38 | HJ6: =HI6-HH6 -> 409.38 | HK6: =HI6/HH6 -> 1.0303244
B7: =B6+1 -> 46176 | C7: =TEXT(B7,"ddd") -> Rab | D7: =SUMIF($H$4:$HJ$4,$D$4,H7:HJ7) -> 206786.63 | E7: =SUMIF($H$4:$HJ$4,$E$4,H7:HJ7) -> 229958.41 | F7: =E7-D7 -> 23171.777 | G7: =E7/D7 -> 1.1120565 | H7: =INDEX('SO JUNI 2026 (Rev.2)'!$B$6:$BI$51,MATCH(B7,'SO JUNI 2026 (Rev.2)'!$B$6:$B$51,0),MATCH($H$3,'SO JUNI 2026 (Rev.2)'!$B$5:$XI$5,0)) -> 1199.5729 | I7: =INDEX('Summary sales'!$A$6:$BY$50,MATCH(B7,'Summary sales'!$A$6:$A$50,0),MATCH($H$3,'Summary sales'!$A$7:$BY$7,0)) -> 972.39 | J7: =I7-H7 -> -227.1829 | K7: =I7/H7 -> 0.81061351 | L7: =INDEX('SO JUNI 2026 (Rev.2)'!$B$6:$BI$51,MATCH(B7,'SO JUNI 2026 (Rev.2)'!$B$6:$B$51,0),MATCH($L$3,'SO JUNI 2026 (Rev.2)'!$B$5:$XI$5,0)) -> 2000 | M7: =INDEX('Summary sales'!$A$6:$BY$50,MATCH($B7,'Summary sales'!$A$6:$A$50,0),MATCH($L$3,'Summary sales'!$A$7:$BY$7,0)) -> 1814.45 | N7: =M7-L7 -> -185.55 | O7: =M7/L7 -> 0.907225 | P7: =INDEX('SO JUNI 2026 (Rev.2)'!$B$6:$BI$51,MATCH(B7,'SO JUNI 2026 (Rev.2)'!$B$6:$B$51,0),MATCH($P$3,'SO JUNI 2026 (Rev.2)'!$B$5:$XI$5,0)) -> 1200 | Q7: =INDEX('Summary sales'!$A$6:$BY$50,MATCH($B7,'Summary sales'!$A$6:$A$50,0),MATCH($P$3,'Summary sales'!$A$7:$BY$7,0)) -> 1335.55 | R7: =Q7-P7 -> 135.55 | S7: =Q7/P7 -> 1.1129583 | T7: =INDEX('SO JUNI 2026 (Rev.2)'!$B$6:$BI$51,MATCH(B7,'SO JUNI 2026 (Rev.2)'!$B$6:$B$51,0),MATCH($T$3,'SO JUNI 2026 (Rev.2)'!$B$5:$XI$5,0)) -> 3300 | U7: =INDEX('Summary sales'!$A$6:$BY$50,MATCH($B7,'Summary sales'!$A$6:$A$50,0),MATCH($T$3,'Summary sales'!$A$7:$BY$7,0)) -> 3646.1 | V7: =U7-T7 -> 346.1 | W7: =U7/T7 -> 1.1048788 | X7: =INDEX('SO JUNI 2026 (Rev.2)'!$B$6:$BI$51,MATCH(B7,'SO JUNI 2026 (Rev.2)'!$B$6:$B$51,0),MATCH($X$3,'SO JUNI 2026 (Rev.2)'!$B$5:$XI$5,0)) -> 644.02065 | Y7: =INDEX('Summary sales'!$A$6:$BY$50,MATCH($B7,'Summary sales'!$A$6:$A$50,0),MATCH($X$3,'Summary sales'!$A$7:$BY$7,0)) -> 678.1 | Z7: =Y7-X7 -> 34.079355 | AA7: =Y7/X7 -> 1.0529166 | AB7: =INDEX('SO JUNI 2026 (Rev.2)'!$B$6:$BI$51,MATCH(B7,'SO JUNI 2026 (Rev.2)'!$B$6:$B$51,0),MATCH($AB$3,'SO JUNI 2026 (Rev.2)'!$B$5:$XI$5,0)) -> 0 | AC7: =INDEX('Summary sales'!$A$6:$BY$50,MATCH($B7,'Summary sales'!$A$6:$A$50,0),MATCH($AB$3,'Summary sales'!$A$7:$BY$7,0)) -> 0 | AD7: =AC7-AB7 -> 0 | AE7: =AC7-AB7 -> 0 | AF7: =INDEX('SO JUNI 2026 (Rev.2)'!$B$6:$BI$51,MATCH(B7,'SO JUNI 2026 (Rev.2)'!$B$6:$B$51,0),MATCH($AF$3,'SO JUNI 2026 (Rev.2)'!$B$5:$XI$5,0)) -> 150 | AG7: =INDEX('Summary sales'!$A$6:$BY$50,MATCH($B7,'Summary sales'!$A$6:$A$50,0),MATCH($AF$3,'Summary sales'!$A$7:$BY$7,0)) -> 280.51 | AH7: =AG7-AF7 -> 130.51 | AI7: =AG7/AF7 -> 1.8700667 | AJ7: =INDEX('SO JUNI 2026 (Rev.2)'!$B$6:$BI$51,MATCH(B7,'SO JUNI 2026 (Rev.2)'!$B$6:$B$51,0),MATCH($AJ$3,'SO JUNI 2026 (Rev.2)'!$B$5:$XI$5,0)) -> 603.76323 | AK7: =INDEX('Summary sales'!$A$6:$BY$50,MATCH($B7,'Summary sales'!$A$6:$A$50,0),MATCH($AJ$3,'Summary sales'!$A$7:$BY$7,0)) -> 925.09 | AL7: =AK7-AJ7 -> 321.32677 | AM7: =AK7/AJ7 -> 1.5322066 | AN7: =INDEX('SO JUNI 2026 (Rev.2)'!$B$6:$BI$51,MATCH(B7,'SO JUNI 2026 (Rev.2)'!$B$6:$B$51,0),MATCH($AN$3,'SO JUNI 2026 (Rev.2)'!$B$5:$XI$5,0)) -> 673.27548 | AO7: =INDEX('Summary sales'!$A$6:$BY$50,MATCH($B7,'Summary sales'!$A$6:$A$50,0),MATCH($AN$3,'Summary sales'!$A$7:$BY$7,0)) -> 794.94 | AP7: =AO7-AN7 -> 121.66452 | AQ7: =AO7/AN7 -> 1.1807054 | AR7: =INDEX('SO JUNI 2026 (Rev.2)'!$B$6:$BI$51,MATCH(B7,'SO JUNI 2026 (Rev.2)'!$B$6:$B$51,0),MATCH($AR$3,'SO JUNI 2026 (Rev.2)'!$B$5:$XI$5,0)) -> 5500 | AS7: =INDEX('Summary sales'!$A$6:$BY$50,MATCH($B7,'Summary sales'!$A$6:$A$50,0),MATCH($AR$3,'Summary sales'!$A$7:$BY$7,0)) -> 6137.74 | AT7: =AS7-AR7 -> 637.74 | AU7: =AS7/AR7 -> 1.1159527 | AV7: =INDEX('SO JUNI 2026 (Rev.2)'!$B$6:$BI$51,MATCH(B7,'SO JUNI 2026 (Rev.2)'!$B$6:$B$51,0),MATCH($AV$3,'SO JUNI 2026 (Rev.2)'!$B$5:$XI$5,0)) -> 6000 | AW7: =INDEX('Summary sales'!$A$6:$BY$50,MATCH($B7,'Summary sales'!$A$6:$A$50,0),MATCH($AV$3,'Summary sales'!$A$7:$BY$7,0)) -> 4153.32 | AX7: =AW7-AV7 -> -1846.68 | AY7: =AW7/AV7 -> 0.69222 | AZ7: =INDEX('SO JUNI 2026 (Rev.2)'!$B$6:$BI$51,MATCH(B7,'SO JUNI 2026 (Rev.2)'!$B$6:$B$51,0),MATCH($AZ$3,'SO JUNI 2026 (Rev.2)'!$B$5:$XI$5,0)) -> 2000 | BA7: =INDEX('Summary sales'!$A$6:$BY$50,MATCH($B7,'Summary sales'!$A$6:$A$50,0),MATCH($AZ$3,'Summary sales'!$A$7:$BY$7,0)) -> 2946.7 | BB7: =BA7-AZ7 -> 946.7 | BC7: =BA7/AZ7 -> 1.47335 | BD7: =INDEX('SO JUNI 2026 (Rev.2)'!$B$6:$BI$51,MATCH(B7,'SO JUNI 2026 (Rev.2)'!$B$6:$B$51,0),MATCH($BD$3,'SO JUNI 2026 (Rev.2)'!$B$5:$XI$5,0)) -> 750 | BE7: =INDEX('Summary sales'!$A$6:$BY$50,MATCH($B7,'Summary sales'!$A$6:$A$50,0),MATCH($BD$3,'Summary sales'!$A$7:$BY$7,0)) -> 409.17 | BF7: =BE7-BD7 -> -340.83 | BG7: =BE7/BD7 -> 0.54556 | BH7: =INDEX('SO JUNI 2026 (Rev.2)'!$B$6:$BI$51,MATCH(B7,'SO JUNI 2026 (Rev.2)'!$B$6:$B$51,0),MATCH($BH$3,'SO JUNI 2026 (Rev.2)'!$B$5:$XI$5,0)) -> 9300 | BI7: =INDEX('Summary sales'!$A$6:$BY$50,MATCH($B7,'Summary sales'!$A$6:$A$50,0),MATCH($BH$3,'Summary sales'!$A$7:$BY$7,0)) -> 10138.61 | BJ7: =BI7-BH7 -> 838.61 | BK7: =BI7/BH7 -> 1.0901731 | BL7: =INDEX('SO JUNI 2026 (Rev.2)'!$B$6:$BI$51,MATCH(B7,'SO JUNI 2026 (Rev.2)'!$B$6:$B$51,0),MATCH($BL$3,'SO JUNI 2026 (Rev.2)'!$B$5:$XI$5,0)) -> 9000.0571 | BM7: =INDEX('Summary sales'!$A$6:$BY$50,MATCH($B7,'Summary sales'!$A$6:$A$50,0),MATCH($BL$3,'Summary sales'!$A$7:$BY$7,0)) -> 8717.23 | BN7: =BM7-BL7 -> -282.8271 | BO7: =BM7/BL7 -> 0.96857497 | BP7: =INDEX('SO JUNI 2026 (Rev.2)'!$B$6:$BI$51,MATCH(B7,'SO JUNI 2026 (Rev.2)'!$B$6:$B$51,0),MATCH($BP$3,'SO JUNI 2026 (Rev.2)'!$B$5:$XI$5,0)) -> 1300 | BQ7: =INDEX('Summary sales'!$A$6:$BY$50,MATCH($B7,'Summary sales'!$A$6:$A$50,0),MATCH($BP$3,'Summary sales'!$A$7:$BY$7,0)) -> 1330.48 | BR7: =BQ7-BP7 -> 30.48 | BS7: =BQ7/BP7 -> 1.0234462 | BT7: =INDEX('SO JUNI 2026 (Rev.2)'!$B$6:$BI$51,MATCH(B7,'SO JUNI 2026 (Rev.2)'!$B$6:$B$51,0),MATCH($BT$3,'SO JUNI 2026 (Rev.2)'!$B$5:$XI$5,0)) -> 1000 | BU7: =INDEX('Summary sales'!$A$6:$BY$50,MATCH($B7,'Summary sales'!$A$6:$A$50,0),MATCH($BT$3,'Summary sales'!$A$7:$BY$7,0)) -> 796.417 | BV7: =BU7-BT7 -> -203.583 | BW7: =BU7/BT7 -> 0.796417 | BX7: =INDEX('SO JUNI 2026 (Rev.2)'!$B$6:$BI$51,MATCH(B7,'SO JUNI 2026 (Rev.2)'!$B$6:$B$51,0),MATCH($BX$3,'SO JUNI 2026 (Rev.2)'!$B$5:$XI$5,0)) -> 5500 | BY7: =INDEX('Summary sales'!$A$6:$BY$50,MATCH($B7,'Summary sales'!$A$6:$A$50,0),MATCH($BX$3,'Summary sales'!$A$7:$BY$7,0)) -> 7792.42 | BZ7: =BY7-BX7 -> 2292.42 | CA7: =BY7/BX7 -> 1.4168036 | CB7: =INDEX('SO JUNI 2026 (Rev.2)'!$B$6:$BI$51,MATCH(B7,'SO JUNI 2026 (Rev.2)'!$B$6:$B$51,0),MATCH($CB$3,'SO JUNI 2026 (Rev.2)'!$B$5:$XI$5,0)) -> 0 | CC7: =INDEX('Summary sales'!$A$6:$BY$50,MATCH($B7,'Summary sales'!$A$6:$A$50,0),MATCH($CB$3,'Summary sales'!$A$7:$BY$7,0)) -> 0 | CD7: =CC7-CB7 -> 0 | CE7: =CC7/CB7 -> #DIV/0! | CF7: =INDEX('SO JUNI 2026 (Rev.2)'!$B$6:$BI$51,MATCH(B7,'SO JUNI 2026 (Rev.2)'!$B$6:$B$51,0),MATCH($CF$3,'SO JUNI 2026 (Rev.2)'!$B$5:$XI$5,0)) -> 89.451613 | CG7: =INDEX('Summary sales'!$A$6:$BY$50,MATCH($B7,'Summary sales'!$A$6:$A$50,0),MATCH($CF$3,'Summary sales'!$A$7:$BY$7,0)) -> 48 | CH7: =CG7-CF7 -> -41.451613 | CI7: =CG7/CF7 -> 0.53660296 | CJ7: =INDEX('SO JUNI 2026 (Rev.2)'!$B$6:$BI$51,MATCH(B7,'SO JUNI 2026 (Rev.2)'!$B$6:$B$51,0),MATCH($CJ$3,'SO JUNI 2026 (Rev.2)'!$B$5:$XI$5,0)) -> 3500 | CK7: =INDEX('Summary sales'!$A$6:$BY$50,MATCH($B7,'Summary sales'!$A$6:$A$50,0),MATCH($CJ$3,'Summary sales'!$A$7:$BY$7,0)) -> 3931.7 | CL7: =CK7-CJ7 -> 431.7 | CM7: =CK7/CJ7 -> 1.1233429 | CN7: =INDEX('SO JUNI 2026 (Rev.2)'!$B$6:$BI$51,MATCH(B7,'SO JUNI 2026 (Rev.2)'!$B$6:$B$51,0),MATCH($CN$3,'SO JUNI 2026 (Rev.2)'!$B$5:$XI$5,0)) -> 5500 | CO7: =INDEX('Summary sales'!$A$6:$BY$50,MATCH($B7,'Summary sales'!$A$6:$A$50,0),MATCH($CN$3,'Summary sales'!$A$7:$BY$7,0)) -> 2387.3 | CP7: =CO7-CN7 -> -3112.7 | CQ7: =CO7/CN7 -> 0.43405455 | CR7: =INDEX('SO JUNI 2026 (Rev.2)'!$B$6:$BI$51,MATCH(B7,'SO JUNI 2026 (Rev.2)'!$B$6:$B$51,0),MATCH($CR$3,'SO JUNI 2026 (Rev.2)'!$B$5:$XI$5,0)) -> 0 | CS7: =INDEX('Summary sales'!$A$6:$BY$50,MATCH($B7,'Summary sales'!$A$6:$A$50,0),MATCH($CR$3,'Summary sales'!$A$7:$BY$7,0)) -> 0 | CT7: =CS7-CR7 -> 0 | CU7: =CO7/CN7 -> 0.43405455 | CV7: =INDEX('SO JUNI 2026 (Rev.2)'!$B$6:$BI$51,MATCH(B7,'SO JUNI 2026 (Rev.2)'!$B$6:$B$51,0),MATCH($CV$3,'SO JUNI 2026 (Rev.2)'!$B$5:$XI$5,0)) -> 4000 | CW7: =INDEX('Summary sales'!$A$6:$BY$50,MATCH($B7,'Summary sales'!$A$6:$A$50,0),MATCH($CV$3,'Summary sales'!$A$7:$BY$7,0)) -> 3545 | CX7: =CW7-CV7 -> -455 | CY7: =CW7/CV7 -> 0.88625 | CZ7: =INDEX('SO JUNI 2026 (Rev.2)'!$B$6:$BI$51,MATCH(B7,'SO JUNI 2026 (Rev.2)'!$B$6:$B$51,0),MATCH($CZ$3,'SO JUNI 2026 (Rev.2)'!$B$5:$XI$5,0)) -> 5000 | DA7: =INDEX('Summary sales'!$A$6:$BY$50,MATCH($B7,'Summary sales'!$A$6:$A$50,0),MATCH($CZ$3,'Summary sales'!$A$7:$BY$7,0)) -> 5326.39 | DB7: =DA7-CZ7 -> 326.39 | DC7: =CW7/CV7 -> 0.88625 | DD7: =INDEX('SO JUNI 2026 (Rev.2)'!$B$6:$BI$51,MATCH(B7,'SO JUNI 2026 (Rev.2)'!$B$6:$B$51,0),MATCH($DD$3,'SO JUNI 2026 (Rev.2)'!$B$5:$XI$5,0)) -> 8000 | DE7: =INDEX('Summary sales'!$A$6:$BY$50,MATCH($B7,'Summary sales'!$A$6:$A$50,0),MATCH($DD$3,'Summary sales'!$A$7:$BY$7,0)) -> 12374 | DF7: =DE7-DD7 -> 4374 | DG7: =DE7/DD7 -> 1.54675 | DH7: =INDEX('SO JUNI 2026 (Rev.2)'!$B$6:$BI$51,MATCH(B7,'SO JUNI 2026 (Rev.2)'!$B$6:$B$51,0),MATCH($DH$3,'SO JUNI 2026 (Rev.2)'!$B$5:$XI$5,0)) -> 16000 | DI7: =INDEX('Summary sales'!$A$6:$BY$50,MATCH($B7,'Summary sales'!$A$6:$A$50,0),MATCH($DH$3,'Summary sales'!$A$7:$BY$7,0)) -> 15200.598 | DJ7: =DI7-DH7 -> -799.402 | DK7: =DI7/DH7 -> 0.95003737 | DL7: =INDEX('SO JUNI 2026 (Rev.2)'!$B$6:$BI$51,MATCH(B7,'SO JUNI 2026 (Rev.2)'!$B$6:$B$51,0),MATCH($DL$3,'SO JUNI 2026 (Rev.2)'!$B$5:$XI$5,0)) -> 2020.8603 | DM7: =INDEX('Summary sales'!$A$6:$BY$50,MATCH($B7,'Summary sales'!$A$6:$A$50,0),MATCH($DL$3,'Summary sales'!$A$7:$BY$7,0)) -> 2391.63 | DN7: =DM7-DL7 -> 370.76968 | DO7: =DM7/DL7 -> 1.1834712 | DP7: =INDEX('SO JUNI 2026 (Rev.2)'!$B$6:$BI$51,MATCH(B7,'SO JUNI 2026 (Rev.2)'!$B$6:$B$51,0),MATCH($DP$3,'SO JUNI 2026 (Rev.2)'!$B$5:$XI$5,0)) -> 800 | DQ7: =INDEX('Summary sales'!$A$6:$BY$50,MATCH($B7,'Summary sales'!$A$6:$A$50,0),MATCH($DP$3,'Summary sales'!$A$7:$BY$7,0)) -> 635.15 | DR7: =DQ7-DP7 -> -164.85 | DS7: =DQ7/DP7 -> 0.7939375 | DT7: =INDEX('SO JUNI 2026 (Rev.2)'!$B$6:$BI$51,MATCH(B7,'SO JUNI 2026 (Rev.2)'!$B$6:$B$51,0),MATCH($DT$3,'SO JUNI 2026 (Rev.2)'!$B$5:$XI$5,0)) -> 7200 | DU7: =INDEX('Summary sales'!$A$6:$BY$50,MATCH($B7,'Summary sales'!$A$6:$A$50,0),MATCH($DT$3,'Summary sales'!$A$7:$BY$7,0)) -> 9017.92 | DV7: =DU7-DT7 -> 1817.92 | DW7: =DU7/DT7 -> 1.2524889 | DX7: =INDEX('SO JUNI 2026 (Rev.2)'!$B$6:$BI$51,MATCH(B7,'SO JUNI 2026 (Rev.2)'!$B$6:$B$51,0),MATCH($DX$3,'SO JUNI 2026 (Rev.2)'!$B$5:$XI$5,0)) -> 3499.8768 | DY7: =INDEX('Summary sales'!$A$6:$BY$50,MATCH($B7,'Summary sales'!$A$6:$A$50,0),MATCH($DX$3,'Summary sales'!$A$7:$BY$7,0)) -> 1743.54 | DZ7: =DY7-DX7 -> -1756.3368 | EA7: =DY7/DX7 -> 0.49817183 | EB7: =INDEX('SO JUNI 2026 (Rev.2)'!$B$6:$BI$51,MATCH(B7,'SO JUNI 2026 (Rev.2)'!$B$6:$B$51,0),MATCH($EB$3,'SO JUNI 2026 (Rev.2)'!$B$5:$XI$5,0)) -> 2043.2745 | EC7: =INDEX('Summary sales'!$A$6:$BY$50,MATCH($B7,'Summary sales'!$A$6:$A$50,0),MATCH($EB$3,'Summary sales'!$A$7:$BY$7,0)) -> 1533.23 | ED7: =EC7-EB7 -> -510.04452 | EE7: =EC7/EB7 -> 0.75037886 | EF7: =INDEX('SO JUNI 2026 (Rev.2)'!$B$6:$BI$51,MATCH(B7,'SO JUNI 2026 (Rev.2)'!$B$6:$B$51,0),MATCH($EF$3,'SO JUNI 2026 (Rev.2)'!$B$5:$XI$5,0)) -> 0 | EG7: =INDEX('Summary sales'!$A$6:$BY$50,MATCH($B7,'Summary sales'!$A$6:$A$50,0),MATCH($EF$3,'Summary sales'!$A$7:$BY$7,0)) -> 334.65 | EH7: =EG7-EF7 -> 334.65 | EI7: =EG7/EF7 -> #DIV/0! | EJ7: =INDEX('SO JUNI 2026 (Rev.2)'!$B$6:$BI$51,MATCH(B7,'SO JUNI 2026 (Rev.2)'!$B$6:$B$51,0),MATCH($EJ$3,'SO JUNI 2026 (Rev.2)'!$B$5:$XI$5,0)) -> 1000 | EK7: =INDEX('Summary sales'!$A$6:$BY$50,MATCH($B7,'Summary sales'!$A$6:$A$50,0),MATCH($EJ$3,'Summary sales'!$A$7:$BY$7,0)) -> 1475.87 | EL7: =EK7-EJ7 -> 475.87 | EM7: =EK7/EJ7 -> 1.47587 | EN7: =INDEX('SO JUNI 2026 (Rev.2)'!$B$6:$BI$51,MATCH(B7,'SO JUNI 2026 (Rev.2)'!$B$6:$B$51,0),MATCH($EN$3,'SO JUNI 2026 (Rev.2)'!$B$5:$XI$5,0)) -> 11007.047 | EO7: =INDEX('Summary sales'!$A$6:$BY$50,MATCH($B7,'Summary sales'!$A$6:$A$50,0),MATCH($EN$3,'Summary sales'!$A$7:$BY$7,0)) -> 13257.56 | EP7: =EO7-EN7 -> 2250.5126 | EQ7: =EO7/EN7 -> 1.2044611 | ER7: =INDEX('SO JUNI 2026 (Rev.2)'!$B$6:$BI$51,MATCH(B7,'SO JUNI 2026 (Rev.2)'!$B$6:$B$51,0),MATCH($ER$3,'SO JUNI 2026 (Rev.2)'!$B$5:$XI$5,0)) -> 1519.5448 | ES7: =INDEX('Summary sales'!$A$6:$BY$50,MATCH($B7,'Summary sales'!$A$6:$A$50,0),MATCH($ER$3,'Summary sales'!$A$7:$BY$7,0)) -> 2531.19 | ET7: =ES7-ER7 -> 1011.6452 | EU7: =ES7/ER7 -> 1.6657554 | EV7: =INDEX('SO JUNI 2026 (Rev.2)'!$B$6:$BI$51,MATCH(B7,'SO JUNI 2026 (Rev.2)'!$B$6:$B$51,0),MATCH($EV$3,'SO JUNI 2026 (Rev.2)'!$B$5:$XI$5,0)) -> 3999.6742 | EW7: =INDEX('Summary sales'!$A$6:$BY$50,MATCH($B7,'Summary sales'!$A$6:$A$50,0),MATCH($EV$3,'Summary sales'!$A$7:$BY$7,0)) -> 5037.68 | EX7: =EW7-EV7 -> 1038.0058 | EY7: =EW7/EV7 -> 1.2595226 | EZ7: =INDEX('SO JUNI 2026 (Rev.2)'!$B$6:$BI$51,MATCH(B7,'SO JUNI 2026 (Rev.2)'!$B$6:$B$51,0),MATCH($EZ$3,'SO JUNI 2026 (Rev.2)'!$B$5:$XI$5,0)) -> 7000 | FA7: =INDEX('Summary sales'!$A$6:$BY$50,MATCH(B7,'Summary sales'!$A$6:$A$50,0),MATCH($EZ$3,'Summary sales'!$A$7:$BY$7,0)) -> 8847.14 | FB7: =FA7-EZ7 -> 1847.14 | FC7: =FA7/EZ7 -> 1.2638771 | FD7: =INDEX('SO JUNI 2026 (Rev.2)'!$B$6:$BI$51,MATCH(B7,'SO JUNI 2026 (Rev.2)'!$B$6:$B$51,0),MATCH($FD$3,'SO JUNI 2026 (Rev.2)'!$B$5:$XI$5,0)) -> 8000 | FE7: =INDEX('Summary sales'!$A$6:$BY$50,MATCH($B7,'Summary sales'!$A$6:$A$50,0),MATCH($FD$3,'Summary sales'!$A$7:$BY$7,0)) -> 5686.78 | FF7: =FE7-FD7 -> -2313.22 | FG7: =FE7/FD7 -> 0.7108475 | FH7: =INDEX('SO JUNI 2026 (Rev.2)'!$B$6:$BI$51,MATCH(B7,'SO JUNI 2026 (Rev.2)'!$B$6:$B$51,0),MATCH($FH$3,'SO JUNI 2026 (Rev.2)'!$B$5:$XI$5,0)) -> 29000 | FI7: =INDEX('Summary sales'!$A$6:$BY$50,MATCH($B7,'Summary sales'!$A$6:$A$50,0),MATCH($FH$3,'Summary sales'!$A$7:$BY$7,0)) -> 58831.27 | FJ7: =FI7-FH7 -> 29831.27 | FK7: =FI7/FH7 -> 2.0286645 | FL7: =INDEX('SO JUNI 2026 (Rev.2)'!$B$6:$BI$51,MATCH(B7,'SO JUNI 2026 (Rev.2)'!$B$6:$B$51,0),MATCH($FL$3,'SO JUNI 2026 (Rev.2)'!$B$5:$XI$5,0)) -> 8000 | FM7: =INDEX('Summary sales'!$A$6:$BY$50,MATCH(B7,'Summary sales'!$A$6:$A$50,0),MATCH($FL$3,'Summary sales'!$A$7:$BY$7,0)) -> 5116.53 | FN7: =FM7-FL7 -> -2883.47 | FO7: =FM7/FL7 -> 0.63956625 | FP7: =INDEX('SO JUNI 2026 (Rev.2)'!$B$6:$BI$51,MATCH(B7,'SO JUNI 2026 (Rev.2)'!$B$6:$B$51,0),MATCH($FP$3,'SO JUNI 2026 (Rev.2)'!$B$5:$XI$5,0)) -> 3500 | FQ7: =INDEX('Summary sales'!$A$6:$BY$50,MATCH(B7,'Summary sales'!$A$6:$A$50,0),MATCH($FP$3,'Summary sales'!$A$7:$BY$7,0)) -> 3032.4 | FR7: =FQ7-FP7 -> -467.6 | FS7: =FQ7/FP7 -> 0.8664 | FT7: =INDEX('SO JUNI 2026 (Rev.2)'!$B$6:$BI$51,MATCH(B7,'SO JUNI 2026 (Rev.2)'!$B$6:$B$51,0),MATCH($FT$3,'SO JUNI 2026 (Rev.2)'!$B$5:$XI$5,0)) -> 850 | FU7: =INDEX('Summary sales'!$A$6:$BY$50,MATCH(B7,'Summary sales'!$A$6:$A$50,0),MATCH($FT$3,'Summary sales'!$A$7:$BY$7,0)) -> 419.59 | FV7: =FU7-FT7 -> -430.41 | FW7: =FU7/FT7 -> 0.49363529 | FX7: =INDEX('SO JUNI 2026 (Rev.2)'!$B$6:$BI$51,MATCH(B7,'SO JUNI 2026 (Rev.2)'!$B$6:$B$51,0),MATCH($FX$3,'SO JUNI 2026 (Rev.2)'!$B$5:$XI$5,0)) -> 3800 | FY7: =INDEX('Summary sales'!$A$6:$BY$50,MATCH(B7,'Summary sales'!$A$6:$A$50,0),MATCH($FX$3,'Summary sales'!$A$7:$BY$7,0)) -> 3191.78 | FZ7: =FY7-FX7 -> -608.22 | GA7: =FY7/FX7 -> 0.83994211 | GB7: =INDEX('SO JUNI 2026 (Rev.2)'!$B$6:$BI$51,MATCH(B7,'SO JUNI 2026 (Rev.2)'!$B$6:$B$51,0),MATCH($GB$3,'SO JUNI 2026 (Rev.2)'!$B$5:$XI$5,0)) -> 2044.9997 | GC7: =INDEX('Summary sales'!$A$6:$BY$50,MATCH(B7,'Summary sales'!$A$6:$A$50,0),MATCH($GB$3,'Summary sales'!$A$7:$BY$7,0)) -> 1093.93 | GD7: =GC7-GB7 -> -951.06968 | GE7: =GC7/GB7 -> 0.53492918 | GF7: =INDEX('SO JUNI 2026 (Rev.2)'!$B$6:$BI$51,MATCH(B7,'SO JUNI 2026 (Rev.2)'!$B$6:$B$51,0),MATCH($GF$3,'SO JUNI 2026 (Rev.2)'!$B$5:$XI$5,0)) -> 369.61071 | GG7: =INDEX('Summary sales'!$A$6:$BY$50,MATCH(B7,'Summary sales'!$A$6:$A$50,0),MATCH($GF$3,'Summary sales'!$A$7:$BY$7,0)) -> 0 | GH7: =GG7-GF7 -> -369.61071 | GI7: =GG7/GF7 -> 0 | GJ7: =INDEX('SO JUNI 2026 (Rev.2)'!$B$6:$BI$51,MATCH(B7,'SO JUNI 2026 (Rev.2)'!$B$6:$B$51,0),MATCH($GJ$3,'SO JUNI 2026 (Rev.2)'!$B$5:$XI$5,0)) -> 0 | GK7: =INDEX('Summary sales'!$A$6:$BY$50,MATCH(B7,'Summary sales'!$A$6:$A$50,0),MATCH($GJ$3,'Summary sales'!$A$7:$BY$7,0)) -> 0 | GL7: =GK7-GJ7 -> 0 | GM7: =GK7/GJ7 -> #DIV/0! | GN7: =INDEX('SO JUNI 2026 (Rev.2)'!$B$6:$BI$51,MATCH(B7,'SO JUNI 2026 (Rev.2)'!$B$6:$B$51,0),MATCH($GN$3,'SO JUNI 2026 (Rev.2)'!$B$5:$XI$5,0)) -> 0 | GO7: =INDEX('Summary sales'!$A$6:$BY$50,MATCH($B7,'Summary sales'!$A$6:$A$50,0),MATCH($GN$3,'Summary sales'!$A$7:$BY$7,0)) -> 0 | GP7: =GO7-GN7 -> 0 | GQ7: =GO7/GN7 -> #DIV/0! | GR7: =INDEX('SO JUNI 2026 (Rev.2)'!$B$6:$BI$51,MATCH(B7,'SO JUNI 2026 (Rev.2)'!$B$6:$B$51,0),MATCH($GR$3,'SO JUNI 2026 (Rev.2)'!$B$5:$XI$5,0)) -> 1121.9003 | GS7: =INDEX('Summary sales'!$A$6:$BY$50,MATCH($B7,'Summary sales'!$A$6:$A$50,0),MATCH($GR$3,'Summary sales'!$A$7:$BY$7,0)) -> 1316.45 | GT7: =GS7-GR7 -> 194.54968 | GU7: =GS7/GR7 -> 1.1734108 | GV7: =INDEX('SO JUNI 2026 (Rev.2)'!$B$6:$BI$51,MATCH(B7,'SO JUNI 2026 (Rev.2)'!$B$6:$B$51,0),MATCH($GV$3,'SO JUNI 2026 (Rev.2)'!$B$5:$XI$5,0)) -> 1800 | GW7: =INDEX('Summary sales'!$A$6:$BY$50,MATCH(B7,'Summary sales'!$A$6:$A$50,0),MATCH($GV$3,'Summary sales'!$A$7:$BY$7,0)) -> 2139.27 | GX7: =GW7-GV7 -> 339.27 | GY7: =GW7/GV7 -> 1.1884833 | GZ7: =INDEX('SO JUNI 2026 (Rev.2)'!$B$6:$BI$51,MATCH(B7,'SO JUNI 2026 (Rev.2)'!$B$6:$B$51,0),MATCH($GZ$3,'SO JUNI 2026 (Rev.2)'!$B$5:$XI$5,0)) -> 2499.7026 | HA7: =INDEX('Summary sales'!$A$6:$BY$50,MATCH(B7,'Summary sales'!$A$6:$A$50,0),MATCH($GZ$3,'Summary sales'!$A$7:$BY$7,0)) -> 1748.08 | HB7: =HA7-GZ7 -> -751.62258 | HC7: =HA7/GZ7 -> 0.6993152 | HD7: =INDEX('SO JUNI 2026 (Rev.2)'!$B$6:$BI$51,MATCH(B7,'SO JUNI 2026 (Rev.2)'!$B$6:$B$51,0),MATCH($HD$3,'SO JUNI 2026 (Rev.2)'!$B$5:$XI$5,0)) -> 0 | HE7: =INDEX('Summary sales'!$A$6:$BY$50,MATCH(B7,'Summary sales'!$A$6:$A$50,0),MATCH($HD$3,'Summary sales'!$A$7:$BY$7,0)) -> 0 | HF7: =HE7-HD7 -> 0 | HG7: =HE7/HD7 -> #DIV/0! | HH7: =INDEX('SO JUNI 2026 (Rev.2)'!$B$6:$BI$51,MATCH(B7,'SO JUNI 2026 (Rev.2)'!$B$6:$B$51,0),MATCH($HH$3,'SO JUNI 2026 (Rev.2)'!$B$5:$XI$5,0)) -> 13500 | HI7: =INDEX('Summary sales'!$A$6:$BY$50,MATCH(B7,'Summary sales'!$A$6:$A$50,0),MATCH($HH$3,'Summary sales'!$A$7:$BY$7,0)) -> 4894.564 | HJ7: =HI7-HH7 -> -8605.436 | HK7: =HI7/HH7 -> 0.3625603
