Workbook
Name ___xlnm._FilterDatabase_2: #REF!
Name ___xlnm._FilterDatabase_2: #REF!
Name ___xlnm._FilterDatabase_2: #REF!
Name ___xlnm._FilterDatabase_2: #REF!
Name ___xlnm._FilterDatabase_2: #REF!
Name ___xlnm._FilterDatabase_2: #REF!
Name ___xlnm._FilterDatabase_2: #REF!
Name ___xlnm._FilterDatabase_2: #REF!
Name ___xlnm._FilterDatabase_2: #REF!
Name ___xlnm._FilterDatabase_2: #REF!
Name ___xlnm._FilterDatabase_2: #REF!
Name ___xlnm._FilterDatabase_2: #REF!
Name ___xlnm._FilterDatabase_2: #REF!
Name ___xlnm._FilterDatabase_2: #REF!
Name ___xlnm._FilterDatabase_2: #REF!
Name ___xlnm._FilterDatabase_2: #REF!
Name ___xlnm._FilterDatabase_2: #REF!
Name __xlnm._FilterDatabase_2: #REF!
Name __xlnm._FilterDatabase_2: #REF!
Name __xlnm._FilterDatabase_2: #REF!
Name __xlnm._FilterDatabase_2: #REF!
Name __xlnm._FilterDatabase_2: #REF!
Name __xlnm._FilterDatabase_2: #REF!
Name __xlnm._FilterDatabase_2: #REF!
Name __xlnm._FilterDatabase_2: #REF!
Name __xlnm._FilterDatabase_2: #REF!
Name __xlnm._FilterDatabase_2: #REF!
Name __xlnm._FilterDatabase_2: #REF!
Name __xlnm._FilterDatabase_2: #REF!
Name __xlnm._FilterDatabase_2: #REF!
Name __xlnm._FilterDatabase_2: #REF!
Name __xlnm._FilterDatabase_2: #REF!
Name __xlnm._FilterDatabase_2: #REF!
Name __xlnm._FilterDatabase_2: #REF!
Name _TES46: #N/A
Name AAAA: #N/A
Name ati: #N/A
Name BS: #N/A
Name CCC: #N/A
Name depr9200: #N/A
Name dfsfd: #N/A
Name Excel_BuiltIn__FilterDatabase_1: #REF!
Name Excel_BuiltIn__FilterDatabase_1: #REF!
Name Excel_BuiltIn__FilterDatabase_1: #REF!
Name Excel_BuiltIn__FilterDatabase_1: #REF!
Name Excel_BuiltIn__FilterDatabase_1: #REF!
Name Excel_BuiltIn__FilterDatabase_1: #REF!
Name Excel_BuiltIn__FilterDatabase_1: #REF!
Name Excel_BuiltIn__FilterDatabase_1: #REF!
Name Excel_BuiltIn__FilterDatabase_1: #REF!
Name Excel_BuiltIn__FilterDatabase_1: #REF!
Name Excel_BuiltIn__FilterDatabase_1: #REF!
Name Excel_BuiltIn__FilterDatabase_1: #REF!
Name Excel_BuiltIn__FilterDatabase_1: #REF!
Name Excel_BuiltIn__FilterDatabase_1: #REF!
Name Excel_BuiltIn__FilterDatabase_1: #REF!
Name Excel_BuiltIn__FilterDatabase_1: #REF!
Name Excel_BuiltIn__FilterDatabase_1: #REF!
Name Excel_BuiltIn_Print_Titles: NA()
Name Export_3: #REF!

Sheet SO FOB Agustus 2026
A2: SALES ORDER
A4: 46235
A6: Week | B6: DATE | D6: TOTAL | E6: FOB SETU-AAE | F6: FOB SETU- SIDO | G6: FOB SETU - GIG | H6: FOB SETU - SALMAH | I6: FOB SETU - NNE | J6: FOB SETU - GAS | K6: FOB SETU -SBE | L6: FOB SETU -DAMASINDO | M6: FOB SETU-LARAS | N6: FOB SETU-KIRANA | O6: FOB KHT-APE | P6: FOB KHT - JPEN | Q6: FOB KHT - Laras | R6: FOB KHT - ANAGATA
A7: =WEEKNUM(B7) -> 31 | B7: =A4 -> 46235 | C7: Sun | D7: =SUM(E7:R7) -> 0 | E7: 0 | F7: 0 | G7: 0 | H7: 0 | I7: 0 | J7: 0 | K7: 0 | L7: 0 | M7: 0 | N7: 0 | O7: 0 | P7: 0 | Q7: 0 | R7: 0
B8: Sub Total | D8: =SUM(D4:D7) -> 0 | E8: =SUM(E4:E7) -> 0 | F8: =SUM(F4:F7) -> 0 | G8: =SUM(G4:G7) -> 0 | H8: =SUM(H4:H7) -> 0 | I8: =SUM(I4:I7) -> 0 | J8: =SUM(J4:J7) -> 0 | K8: =SUM(K4:K7) -> 0 | ... R8: =SUM(R4:R7) -> 0
A10: =WEEKNUM(B10) -> 32 | B10: =B7+1 -> 46236 | C10: Mon | D10: =SUM(E10:R10) -> 0 | E10: 0 | F10: 0 | G10: 0 | H10: 0 | I10: 0 | J10: 0 | K10: 0 | L10: 0 | M10: 0 | N10: 0 | O10: 0 | P10: 0 | Q10: 0 | R10: 0
B11: =B10+1 -> 46237 | C11: Tue | D11: =SUM(E11:R11) -> 0 | E11: 0 | F11: 0 | G11: 0 | H11: 0 | I11: 0 | J11: 0 | K11: 0 | L11: 0 | M11: 0 | N11: 0 | O11: 0 | P11: 0 | Q11: 0 | R11: 0
B12: =B11+1 -> 46238 | C12: Wed | D12: =SUM(E12:R12) -> 0 | E12: 0 | F12: 0 | G12: 0 | H12: 0 | I12: 0 | J12: 0 | K12: 0 | L12: 0 | M12: 0 | N12: 0 | O12: 0 | P12: 0 | Q12: 0 | R12: 0
B13: =B12+1 -> 46239 | C13: Thu | D13: =SUM(E13:R13) -> 0 | E13: 0 | F13: 0 | G13: 0 | H13: 0 | I13: 0 | J13: 0 | K13: 0 | L13: 0 | M13: 0 | N13: 0 | O13: 0 | P13: 0 | Q13: 0 | R13: 0
B14: =B13+1 -> 46240 | C14: Fri | D14: =SUM(E14:R14) -> 0 | E14: 0 | F14: 0 | G14: 0 | H14: 0 | I14: 0 | J14: 0 | K14: 0 | L14: 0 | M14: 0 | N14: 0 | O14: 0 | P14: 0 | Q14: 0 | R14: 0
B15: =B14+1 -> 46241 | C15: Sat | D15: =SUM(E15:R15) -> 0 | E15: 0 | F15: 0 | G15: 0 | H15: 0 | I15: 0 | J15: 0 | K15: 0 | L15: 0 | M15: 0 | N15: 0 | O15: 0 | P15: 0 | Q15: 0 | R15: 0
B16: =B15+1 -> 46242 | C16: Sun | D16: =SUM(E16:R16) -> 0 | E16: 0 | F16: 0 | G16: 0 | H16: 0 | I16: 0 | J16: 0 | K16: 0 | L16: 0 | M16: 0 | N16: 0 | O16: 0 | P16: 0 | Q16: 0 | R16: 0
B17: Sub Total | D17: =SUM(D10:D16) -> 0 | E17: =SUM(E10:E16) -> 0 | F17: =SUM(F10:F16) -> 0 | G17: =SUM(G10:G16) -> 0 | H17: =SUM(H10:H16) -> 0 | I17: =SUM(I10:I16) -> 0 | J17: =SUM(J10:J16) -> 0 | K17: =SUM(K10:K16) -> 0 | ... R17: =SUM(R10:R16) -> 0
A19: =WEEKNUM(B24) -> 33 | B19: =B16+1 -> 46243 | C19: Mon | D19: =SUM(E19:R19) -> 0 | E19: 0 | F19: 0 | G19: 0 | H19: 0 | I19: 0 | J19: 0 | K19: 0 | L19: 0 | M19: 0 | N19: 0 | O19: 0 | P19: 0 | Q19: 0 | R19: 0
B20: =B19+1 -> 46244 | C20: Tue | D20: =SUM(E20:R20) -> 0 | E20: 0 | F20: 0 | G20: 0 | H20: 0 | I20: 0 | J20: 0 | K20: 0 | L20: 0 | M20: 0 | N20: 0 | O20: 0 | P20: 0 | Q20: 0 | R20: 0
B21: =B20+1 -> 46245 | C21: Wed | D21: =SUM(E21:R21) -> 0 | E21: 0 | F21: 0 | G21: 0 | H21: 0 | I21: 0 | J21: 0 | K21: 0 | L21: 0 | M21: 0 | N21: 0 | O21: 0 | P21: 0 | Q21: 0 | R21: 0
B22: =B21+1 -> 46246 | C22: Thu | D22: =SUM(E22:R22) -> 0 | E22: 0 | F22: 0 | G22: 0 | H22: 0 | I22: 0 | J22: 0 | K22: 0 | L22: 0 | M22: 0 | N22: 0 | O22: 0 | P22: 0 | Q22: 0 | R22: 0
B23: =B22+1 -> 46247 | C23: Fri | D23: =SUM(E23:R23) -> 0 | E23: 0 | F23: 0 | G23: 0 | H23: 0 | I23: 0 | J23: 0 | K23: 0 | L23: 0 | M23: 0 | N23: 0 | O23: 0 | P23: 0 | Q23: 0 | R23: 0
B24: =B23+1 -> 46248 | C24: Sat | D24: =SUM(E24:R24) -> 0 | E24: 0 | F24: 0 | G24: 0 | H24: 0 | I24: 0 | J24: 0 | K24: 0 | L24: 0 | M24: 0 | N24: 0 | O24: 0 | P24: 0 | Q24: 0 | R24: 0
B25: =B24+1 -> 46249 | C25: Sun | D25: =SUM(E25:R25) -> 0 | E25: 0 | F25: 0 | G25: 0 | H25: 0 | I25: 0 | J25: 0 | K25: 0 | L25: 0 | M25: 0 | N25: 0 | O25: 0 | P25: 0 | Q25: 0 | R25: 0
B26: Sub Total | D26: =SUM(D19:D25) -> 0 | E26: =SUM(E19:E25) -> 0 | F26: =SUM(F19:F25) -> 0 | G26: =SUM(G19:G25) -> 0 | H26: =SUM(H19:H25) -> 0 | I26: =SUM(I19:I25) -> 0 | J26: =SUM(J19:J25) -> 0 | K26: =SUM(K19:K25) -> 0 | ... R26: =SUM(R19:R25) -> 0
A28: =WEEKNUM(B33) -> 34 | B28: =B25+1 -> 46250 | C28: Mon | D28: =SUM(E28:R28) -> 0 | E28: 0 | F28: 0 | G28: 0 | H28: 0 | I28: 0 | J28: 0 | K28: 0 | L28: 0 | M28: 0 | N28: 0 | O28: 0 | P28: 0 | Q28: 0 | R28: 0
B29: =B28+1 -> 46251 | C29: Tue | D29: =SUM(E29:R29) -> 0 | E29: 0 | F29: 0 | G29: 0 | H29: 0 | I29: 0 | J29: 0 | K29: 0 | L29: 0 | M29: 0 | N29: 0 | O29: 0 | P29: 0 | Q29: 0 | R29: 0
B30: =B29+1 -> 46252 | C30: Wed | D30: =SUM(E30:R30) -> 0 | E30: 0 | F30: 0 | G30: 0 | H30: 0 | I30: 0 | J30: 0 | K30: 0 | L30: 0 | M30: 0 | N30: 0 | O30: 0 | P30: 0 | Q30: 0 | R30: 0
B31: =B30+1 -> 46253 | C31: Thu | D31: =SUM(E31:R31) -> 0 | E31: 0 | F31: 0 | G31: 0 | H31: 0 | I31: 0 | J31: 0 | K31: 0 | L31: 0 | M31: 0 | N31: 0 | O31: 0 | P31: 0 | Q31: 0 | R31: 0
B32: =B31+1 -> 46254 | C32: Fri | D32: =SUM(E32:R32) -> 0 | E32: 0 | F32: 0 | G32: 0 | H32: 0 | I32: 0 | J32: 0 | K32: 0 | L32: 0 | M32: 0 | N32: 0 | O32: 0 | P32: 0 | Q32: 0 | R32: 0
B33: =B32+1 -> 46255 | C33: Sat | D33: =SUM(E33:R33) -> 0 | E33: 0 | F33: 0 | G33: 0 | H33: 0 | I33: 0 | J33: 0 | K33: 0 | L33: 0 | M33: 0 | N33: 0 | O33: 0 | P33: 0 | Q33: 0 | R33: 0
B34: =B33+1 -> 46256 | C34: Sun | D34: =SUM(E34:R34) -> 0 | E34: 0 | F34: 0 | G34: 0 | H34: 0 | I34: 0 | J34: 0 | K34: 0 | L34: 0 | M34: 0 | N34: 0 | O34: 0 | P34: 0 | Q34: 0 | R34: 0
B35: Sub Total | D35: =SUM(D28:D34) -> 0 | E35: =SUM(E28:E34) -> 0 | F35: =SUM(F28:F34) -> 0 | G35: =SUM(G28:G34) -> 0 | H35: =SUM(H28:H34) -> 0 | I35: =SUM(I28:I34) -> 0 | J35: =SUM(J28:J34) -> 0 | K35: =SUM(K28:K34) -> 0 | ... R35: =SUM(R28:R34) -> 0
A37: =WEEKNUM(B42) -> 35 | B37: =B34+1 -> 46257 | C37: Mon | D37: =SUM(E37:R37) -> 0 | E37: 0 | F37: 0 | G37: 0 | H37: 0 | I37: 0 | J37: 0 | K37: 0 | L37: 0 | M37: 0 | N37: 0 | O37: 0 | P37: 0 | Q37: 0 | R37: 0
B38: =B37+1 -> 46258 | C38: Tue | D38: =SUM(E38:R38) -> 0 | E38: 0 | F38: 0 | G38: 0 | H38: 0 | I38: 0 | J38: 0 | K38: 0 | L38: 0 | M38: 0 | N38: 0 | O38: 0 | P38: 0 | Q38: 0 | R38: 0
B39: =B38+1 -> 46259 | C39: Wed | D39: =SUM(E39:R39) -> 0 | E39: 0 | F39: 0 | G39: 0 | H39: 0 | I39: 0 | J39: 0 | K39: 0 | L39: 0 | M39: 0 | N39: 0 | O39: 0 | P39: 0 | Q39: 0 | R39: 0
B40: =B39+1 -> 46260 | C40: Thu | D40: =SUM(E40:R40) -> 0 | E40: 0 | F40: 0 | G40: 0 | H40: 0 | I40: 0 | J40: 0 | K40: 0 | L40: 0 | M40: 0 | N40: 0 | O40: 0 | P40: 0 | Q40: 0 | R40: 0
B41: =B40+1 -> 46261 | C41: Fri | D41: =SUM(E41:R41) -> 0 | E41: 0 | F41: 0 | G41: 0 | H41: 0 | I41: 0 | J41: 0 | K41: 0 | L41: 0 | M41: 0 | N41: 0 | O41: 0 | P41: 0 | Q41: 0 | R41: 0
B42: =B41+1 -> 46262 | C42: Sat | D42: =SUM(E42:R42) -> 0 | E42: 0 | F42: 0 | G42: 0 | H42: 0 | I42: 0 | J42: 0 | K42: 0 | L42: 0 | M42: 0 | N42: 0 | O42: 0 | P42: 0 | Q42: 0 | R42: 0
B43: =B42+1 -> 46263 | C43: Sun | D43: =SUM(E43:R43) -> 0 | E43: 0 | F43: 0 | G43: 0 | H43: 0 | I43: 0 | J43: 0 | K43: 0 | L43: 0 | M43: 0 | N43: 0 | O43: 0 | P43: 0 | Q43: 0 | R43: 0
B44: Sub Total | D44: =SUM(D37:D43) -> 0 | E44: =SUM(E37:E43) -> 0 | F44: =SUM(F37:F43) -> 0 | G44: =SUM(G37:G43) -> 0 | H44: =SUM(H37:H43) -> 0 | I44: =SUM(I37:I43) -> 0 | J44: =SUM(J37:J43) -> 0 | K44: =SUM(K37:K43) -> 0 | ... R44: =SUM(R37:R43) -> 0
A46: =WEEKNUM(B46) -> 36 | B46: =B43+1 -> 46264 | C46: Mon | D46: =SUM(E46:R46) -> 0 | E46: 0 | F46: 0 | G46: 0 | H46: 0 | I46: 0 | J46: 0 | K46: 0 | L46: 0 | M46: 0 | N46: 0 | O46: 0 | P46: 0 | Q46: 0 | R46: 0
B47: =B46+1 -> 46265 | C47: Tue | D47: =SUM(E47:R47) -> 0 | E47: 0 | F47: 0 | G47: 0 | H47: 0 | I47: 0 | J47: 0 | K47: 0 | L47: 0 | M47: 0 | N47: 0 | O47: 0 | P47: 0 | Q47: 0 | R47: 0
B48: Sub Total | D48: =SUM(D41:D47) -> 0 | E48: =SUM(E41:E47) -> 0 | F48: =SUM(F41:F47) -> 0 | G48: =SUM(G41:G47) -> 0 | H48: =SUM(H41:H47) -> 0 | I48: =SUM(I41:I47) -> 0 | J48: =SUM(J41:J47) -> 0 | K48: =SUM(K41:K47) -> 0 | ... R48: =SUM(R41:R47) -> 0
B50: Sub Total | D50: =SUM(D35,D26,D17,D8,D44,D48) -> 0 | E50: =SUM(E35,E26,E17,E8,E44,E48) -> 0 | F50: =SUM(F35,F26,F17,F8,F44,F48) -> 0 | G50: =SUM(G35,G26,G17,G8,G44,G48) -> 0 | H50: =SUM(H35,H26,H17,H8,H44,H48) -> 0 | I50: =SUM(I35,I26,I17,I8,I44,I48) -> 0 | J50: =SUM(J35,J26,J17,J8,J44,J48) -> 0 | K50: =SUM(K35,K26,K17,K8,K44,K48) -> 0 | ... R50: =SUM(R35,R26,R17,R8,R44,R48) -> 0
B51: Total | D51: =SUM(D28:D34,D19:D25,D10:D16,D7,D37:D43,D46:D47) -> 0 | E51: =SUM(E28:E34,E19:E25,E10:E16,E7,E37:E43,E46:E47) -> 0 | F51: =SUM(F28:F34,F19:F25,F10:F16,F7,F37:F43,F46:F47) -> 0 | G51: =SUM(G28:G34,G19:G25,G10:G16,G7,G37:G43,G46:G47) -> 0 | H51: =SUM(H28:H34,H19:H25,H10:H16,H7,H37:H43,H46:H47) -> 0 | I51: =SUM(I28:I34,I19:I25,I10:I16,I7,I37:I43,I46:I47) -> 0 | J51: =SUM(J28:J34,J19:J25,J10:J16,J7,J37:J43,J46:J47) -> 0 | K51: =SUM(K28:K34,K19:K25,K10:K16,K7,K37:K43,K46:K47) -> 0 | ... R51: =SUM(R28:R34,R19:R25,R10:R16,R7,R37:R43,R46:R47) -> 0
B52: Difference

Sheet SO Agustus 2026 Rev.3
A2: SALES ORDER
A3: 46235 | O3: =O21/24 -> 208.33333
X4: =X6/24 -> 270.83333
A5: Week | B5: DATE | D5: TOTAL | E5: CLIN | F5: BI | G5: MKG | H5: STM | I5: OAJ | J5: NNI | K5: SHB | L5: GTL | M5: TWK | N5: BYC | O5: GF RANCA | P5: SMA | Q5: UMI | R5: HLI | S5: ASAHIMAS | T5: DIC | U5: HCI | V5: KSN | W5: ADP | X5: KSN RANCA | Y5: Greenpulse | Z5: ALT (KSO MASAMI) | AA5: IDP (KSO AAE) | AB5: FJI (KSO SALMAH) | AC5: WINGLOK (KSO EBM) | AD5: CISF (KSO RRS) | AE5: KGM (KSO RRS) | AF5: PUJ - LUBRICANT | AG5: CALBEE (KSO BMI) | AH5: IP | AI5: BEM | AJ5: AMI | AK5: KA | AL5: KTN | AM5: NIAGA GARAM | AN5: PCI 84 | AO5: PCI MENGGER | AP5: INDOFOOD | AQ5: CERES | AR5: ABC KOGEN | AS5: TONGJI ( KSO GAS) | AT5: CITYMALL GARUT | AU5: PERHUTANI (KSO PTGN) | AV5: PA | AW5: RB | AX5: GF ATOM | AY5: GF KULIT | AZ5: SDM | BA5: JARGAS | BB5: SBI | BC5: DJARUM | BD5: SP GLOBAL | BE5: PENTAWIRA (KSO REN)
A6: =WEEKNUM(B6) -> 31 | B6: =A3 -> 46235 | C6: =TEXT(B6,"ddd") -> Sab | D6: =SUM(E6:BE6) -> 187116.62 | E6: 700 | F6: 1000 | G6: 1200 | H6: 3300 | I6: 644.02065 | J6: 0 | K6: 150 | L6: 603.76323 | M6: 673.27548 | N6: 4500 | O6: 5000 | P6: 1000 | Q6: 16000 | R6: 10300 | S6: 19000 | T6: 5000 | U6: 0 | V6: 6500 | W6: 500 | X6: 6500 | Y6: 500 | Z6: 1000 | AA6: 5500 | AB6: 0 | AC6: 89.451613 | AD6: 3500 | AE6: 1300 | AF6: 0 | AG6: 15000 | AH6: 2000 | AI6: 800 | AJ6: 7200 | AK6: 0 | AL6: 2000 | AM6: 1000 | AN6: 11000 | AO6: 2000 | AP6: 5500 | AQ6: 6000 | AR6: 8000 | AS6: 3500 | AV6: 700 | AW6: 3500 | AX6: 2000 | AY6: 369.61071 | AZ6: 0 | BA6: 2499.7026 | BB6: 2499.7026 | BC6: =111200/31 -> 3587.0968 | BD6: 0 | BE6: =4500*3 -> 13500
B7: =B6+1 -> 46236 | C7: =TEXT(B7,"ddd") -> Mgg | D7: =SUM(E7:BE7) -> 156625.55 | E7: 700 | F7: 1000 | G7: 1200 | H7: 999.51613 | I7: 644.02065 | J7: 0 | K7: 0 | L7: 603.76323 | M7: 673.27548 | N7: 0 | O7: 5000 | P7: 300 | Q7: 6659.5545 | R7: 10300 | S7: 19000 | T7: 5000 | U7: 0 | V7: 6500 | W7: 500 | X7: 6500 | Y7: 500 | Z7: 0 | AA7: 2500 | AB7: 0 | AC7: 89.451613 | AD7: 1000 | AE7: 1300 | AF7: 0 | AG7: 15000 | AH7: 2000 | AI7: 0 | AJ7: 2999.8519 | AK7: 0 | AL7: 2000 | AM7: 0 | AN7: 11000 | AO7: 2000 | AP7: 5500 | AQ7: 5000 | AR7: 8000 | AS7: 3500 | AT7: 0 | AU7: 0 | AV7: 700 | AW7: 3500 | AX7: 2000 | AY7: 369.61071 | AZ7: 0 | BA7: 2499.7026 | BB7: 2499.7026 | BC7: 3587.0968 | BD7: 0 | BE7: 13500
B8: Sub Total | D8: =SUM(D6:D7) -> 343742.17 | E8: =SUM(E6:E7) -> 1400 | F8: =SUM(F6:F7) -> 2000 | G8: =SUM(G6:G7) -> 2400 | H8: 4299.5161 | I8: 1288.0413 | J8: =SUM(J6:J7) -> 0 | K8: 150 | L8: 1207.5265 | M8: =SUM(M6:M7) -> 1346.551 | N8: =SUM(N6:N7) -> 4500 | O8: 10000 | P8: =SUM(P6:P7) -> 1300 | Q8: =SUM(Q6:Q7) -> 22659.555 | R8: =SUM(R6:R7) -> 20600 | S8: =SUM(S6:S7) -> 38000 | T8: =SUM(T6:T7) -> 10000 | U8: =SUM(U6:U7) -> 0 | V8: =SUM(V6:V7) -> 13000 | W8: =SUM(W6:W7) -> 1000 | ... AF8: =SUM(AF6:AF7) -> 0 | AG8: 30000 | AH8: =SUM(AH6:AH7) -> 4000 | AI8: =SUM(AI6:AI7) -> 800 | AJ8: =SUM(AJ6:AJ7) -> 10199.852 | AK8: =SUM(AK6:AK7) -> 0 | AL8: =SUM(AL6:AL7) -> 4000 | AM8: =SUM(AM6:AM7) -> 1000 | AN8: =SUM(AN6:AN7) -> 22000 | AO8: =SUM(AO6:AO7) -> 4000 | ... BE8: =SUM(BE6:BE7) -> 27000
A10: =WEEKNUM(B10) -> 32 | B10: =B7+1 -> 46237 | C10: =TEXT(B10,"ddd") -> Sen | D10: =SUM(E10:BE10) -> 206238.15 | E10: 1199.5729 | F10: 2000 | G10: 1200 | H10: 3300 | I10: 644.02065 | J10: 0 | K10: 150 | L10: 603.76323 | M10: 673.27548 | N10: 5500 | O10: 5000 | P10: 2500 | Q10: 16000 | R10: 10300 | S10: 19000 | T10: 5000 | U10: 7000 | V10: 6500 | W10: 500 | X10: 6500 | Y10: 500 | Z10: 1000 | AA10: 5500 | AB10: 0 | AC10: 89.451613 | AD10: 3500 | AE10: 1300 | AF10: 3000 | AG10: 15000 | AH10: 2000 | AI10: 800 | AJ10: 7200 | AK10: 2500 | AL10: 2000 | AM10: 1000 | AN10: 11000 | AO10: 2000 | AP10: 4000 | AQ10: 9000.0571 | AR10: 8000 | AS10: 3500 | AT10: 0 | AU10: 0 | AV10: 700 | AW10: 3500 | AX10: 2000 | AY10: 369.61071 | AZ10: 1121.9003 | BA10: 2499.7026 | BB10: 2499.7026 | BC10: 3587.0968 | BD10: 0 | BE10: 13500
B11: =B10+1 -> 46238 | C11: =TEXT(B11,"ddd") -> Sel | D11: =SUM(E11:BE11) -> 206238.15 | E11: 1199.5729 | F11: 2000 | G11: 1200 | H11: 3300 | I11: 644.02065 | J11: 0 | K11: 150 | L11: 603.76323 | M11: 673.27548 | N11: 5500 | O11: 5000 | P11: 2500 | Q11: 16000 | R11: 10300 | S11: 19000 | T11: 5000 | U11: 7000 | V11: 6500 | W11: 500 | X11: 6500 | Y11: 500 | Z11: 1000 | AA11: 5500 | AB11: 0 | AC11: 89.451613 | AD11: 3500 | AE11: 1300 | AF11: 3000 | AG11: 15000 | AH11: 2000 | AI11: 800 | AJ11: 7200 | AK11: 2500 | AL11: 2000 | AM11: 1000 | AN11: 11000 | AO11: 2000 | AP11: 4000 | AQ11: 9000.0571 | AR11: 8000 | AS11: 3500 | AT11: 0 | AU11: 0 | AV11: 700 | AW11: 3500 | AX11: 2000 | AY11: 369.61071 | AZ11: 1121.9003 | BA11: 2499.7026 | BB11: 2499.7026 | BC11: 3587.0968 | BD11: 0 | BE11: 13500
B12: =B11+1 -> 46239 | C12: =TEXT(B12,"ddd") -> Rab | D12: =SUM(E12:BE12) -> 206238.15 | E12: 1199.5729 | F12: 2000 | G12: 1200 | H12: 3300 | I12: 644.02065 | J12: 0 | K12: 150 | L12: 603.76323 | M12: 673.27548 | N12: 5500 | O12: 5000 | P12: 2500 | Q12: 16000 | R12: 10300 | S12: 19000 | T12: 5000 | U12: 7000 | V12: 6500 | W12: 500 | X12: 6500 | Y12: 500 | Z12: 1000 | AA12: 5500 | AB12: 0 | AC12: 89.451613 | AD12: 3500 | AE12: 1300 | AF12: 3000 | AG12: 15000 | AH12: 2000 | AI12: 800 | AJ12: 7200 | AK12: 2500 | AL12: 2000 | AM12: 1000 | AN12: 11000 | AO12: 2000 | AP12: 4000 | AQ12: 9000.0571 | AR12: 8000 | AS12: 3500 | AT12: 0 | AU12: 0 | AV12: 700 | AW12: 3500 | AX12: 2000 | AY12: 369.61071 | AZ12: 1121.9003 | BA12: 2499.7026 | BB12: 2499.7026 | BC12: 3587.0968 | BD12: 0 | BE12: 13500
B13: =B12+1 -> 46240 | C13: =TEXT(B13,"ddd") -> Kam | D13: =SUM(E13:BE13) -> 206238.15 | E13: 1199.5729 | F13: 2000 | G13: 1200 | H13: 3300 | I13: 644.02065 | J13: 0 | K13: 150 | L13: 603.76323 | M13: 673.27548 | N13: 5500 | O13: 5000 | P13: 2500 | Q13: 16000 | R13: 10300 | S13: 19000 | T13: 5000 | U13: 7000 | V13: 6500 | W13: 500 | X13: 6500 | Y13: 500 | Z13: 1000 | AA13: 5500 | AB13: 0 | AC13: 89.451613 | AD13: 3500 | AE13: 1300 | AF13: 3000 | AG13: 15000 | AH13: 2000 | AI13: 800 | AJ13: 7200 | AK13: 2500 | AL13: 2000 | AM13: 1000 | AN13: 11000 | AO13: 2000 | AP13: 4000 | AQ13: 9000.0571 | AR13: 8000 | AS13: 3500 | AT13: 0 | AU13: 0 | AV13: 700 | AW13: 3500 | AX13: 2000 | AY13: 369.61071 | AZ13: 1121.9003 | BA13: 2499.7026 | BB13: 2499.7026 | BC13: 3587.0968 | BD13: 0 | BE13: 13500
B14: =B13+1 -> 46241 | C14: =TEXT(B14,"ddd") -> Jum | D14: =SUM(E14:BE14) -> 206238.15 | E14: 1199.5729 | F14: 2000 | G14: 1200 | H14: 3300 | I14: 644.02065 | J14: 0 | K14: 150 | L14: 603.76323 | M14: 673.27548 | N14: 5500 | O14: 5000 | P14: 2500 | Q14: 16000 | R14: 10300 | S14: 19000 | T14: 5000 | U14: 7000 | V14: 6500 | W14: 500 | X14: 6500 | Y14: 500 | Z14: 1000 | AA14: 5500 | AB14: 0 | AC14: 89.451613 | AD14: 3500 | AE14: 1300 | AF14: 3000 | AG14: 15000 | AH14: 2000 | AI14: 800 | AJ14: 7200 | AK14: 2500 | AL14: 2000 | AM14: 1000 | AN14: 11000 | AO14: 2000 | AP14: 4000 | AQ14: 9000.0571 | AR14: 8000 | AS14: 3500 | AT14: 0 | AU14: 0 | AV14: 700 | AW14: 3500 | AX14: 2000 | AY14: 369.61071 | AZ14: 1121.9003 | BA14: 2499.7026 | BB14: 2499.7026 | BC14: 3587.0968 | BD14: 0 | BE14: 13500
B15: =B14+1 -> 46242 | C15: =TEXT(B15,"ddd") -> Sab | D15: =SUM(E15:BE15) -> 187116.62 | E15: 700 | F15: 1000 | G15: 1200 | H15: 3300 | I15: 644.02065 | J15: 0 | K15: 150 | L15: 603.76323 | M15: 673.27548 | N15: 4500 | O15: 5000 | P15: 1000 | Q15: 16000 | R15: 10300 | S15: 19000 | T15: 5000 | U15: 0 | V15: 6500 | W15: 500 | X15: 6500 | Y15: 500 | Z15: 1000 | AA15: 5500 | AB15: 0 | AC15: 89.451613 | AD15: 3500 | AE15: 1300 | AF15: 0 | AG15: 15000 | AH15: 2000 | AI15: 800 | AJ15: 7200 | AK15: 0 | AL15: 2000 | AM15: 1000 | AN15: 11000 | AO15: 2000 | AP15: 5500 | AQ15: 6000 | AR15: 8000 | AS15: 3500 | AT15: 0 | AU15: 0 | AV15: 700 | AW15: 3500 | AX15: 2000 | AY15: 369.61071 | AZ15: 0 | BA15: 2499.7026 | BB15: 2499.7026 | BC15: 3587.0968 | BD15: 0 | BE15: 13500
B16: =B15+1 -> 46243 | C16: =TEXT(B16,"ddd") -> Mgg | D16: =SUM(E16:BE16) -> 156625.55 | E16: 700 | F16: 1000 | G16: 1200 | H16: 999.51613 | I16: 644.02065 | J16: 0 | K16: 0 | L16: 603.76323 | M16: 673.27548 | N16: 0 | O16: 5000 | P16: 300 | Q16: 6659.5545 | R16: 10300 | S16: 19000 | T16: 5000 | U16: 0 | V16: 6500 | W16: 500 | X16: 6500 | Y16: 500 | Z16: 0 | AA16: 2500 | AB16: 0 | AC16: 89.451613 | AD16: 1000 | AE16: 1300 | AF16: 0 | AG16: 15000 | AH16: 2000 | AI16: 0 | AJ16: 2999.8519 | AK16: 0 | AL16: 2000 | AM16: 0 | AN16: 11000 | AO16: 2000 | AP16: 5500 | AQ16: 5000 | AR16: 8000 | AS16: 3500 | AT16: 0 | AU16: 0 | AV16: 700 | AW16: 3500 | AX16: 2000 | AY16: 369.61071 | AZ16: 0 | BA16: 2499.7026 | BB16: 2499.7026 | BC16: 3587.0968 | BD16: 0 | BE16: 13500
B17: Sub Total | D17: =SUM(D10:D16) -> 1374932.9 | E17: =SUM(E10:E16) -> 7397.8645 | F17: =SUM(F10:F16) -> 12000 | G17: =SUM(G10:G16) -> 8400 | H17: 20799.516 | I17: 4508.1445 | J17: =SUM(J10:J16) -> 0 | K17: 900 | L17: 4226.3426 | M17: =SUM(M10:M16) -> 4712.9284 | N17: =SUM(N10:N16) -> 32000 | O17: 35000 | P17: =SUM(P10:P16) -> 13800 | Q17: =SUM(Q10:Q16) -> 102659.55 | R17: =SUM(R10:R16) -> 72100 | S17: =SUM(S10:S16) -> 133000 | T17: =SUM(T10:T16) -> 35000 | U17: =SUM(U10:U16) -> 35000 | V17: =SUM(V10:V16) -> 45500 | W17: =SUM(W10:W16) -> 3500 | ... AF17: =SUM(AF10:AF16) -> 15000 | AG17: 105000 | AH17: =SUM(AH10:AH16) -> 14000 | AI17: =SUM(AI10:AI16) -> 4800 | AJ17: =SUM(AJ10:AJ16) -> 46199.852 | AK17: =SUM(AK10:AK16) -> 12500 | AL17: =SUM(AL10:AL16) -> 14000 | AM17: =SUM(AM10:AM16) -> 6000 | AN17: =SUM(AN10:AN16) -> 77000 | AO17: =SUM(AO10:AO16) -> 14000 | ... BE17: =SUM(BE10:BE16) -> 94500
A19: =WEEKNUM(B19) -> 33 | B19: =B16+1 -> 46244 | C19: =TEXT(B19,"ddd") -> Sen | D19: =SUM(E19:BE19) -> 191194.13 | E19: 1199.5729 | F19: 1300 | G19: 1200 | H19: 3300 | I19: 800 | J19: 1500 | K19: 150 | L19: 603.76323 | M19: 673.27548 | N19: 5500 | O19: 5000 | P19: 2500 | Q19: 16000 | R19: 10300 | S19: 19000 | T19: 5000 | U19: 7000 | V19: 6500 | W19: 500 | X19: 6500 | Y19: 0 | Z19: 1000 | AA19: 5500 | AB19: 0 | AC19: 89.451613 | AD19: 3500 | AE19: 1300 | AF19: 3000 | AG19: 0 | AH19: 2000 | AI19: 800 | AJ19: 7200 | AK19: 2000 | AL19: 2000 | AM19: 1000 | AN19: 11000 | AO19: 2000 | AP19: 4000 | AQ19: 9000.0571 | AR19: 8000 | AS19: 3500 | AT19: 0 | AU19: 0 | AV19: 700 | AW19: 3500 | AX19: 2000 | AY19: 369.61071 | AZ19: 1121.9003 | BA19: 2499.7026 | BB19: 2499.7026 | BC19: 3587.0968 | BD19: 0 | BE19: 13500
B20: =B19+1 -> 46245 | C20: =TEXT(B20,"ddd") -> Sel | D20: =SUM(E20:BE20) -> 191194.13 | E20: 1199.5729 | F20: 1300 | G20: 1200 | H20: 3300 | I20: 800 | J20: 1500 | K20: 150 | L20: 603.76323 | M20: 673.27548 | N20: 5500 | O20: 5000 | P20: 2500 | Q20: 16000 | R20: 10300 | S20: 19000 | T20: 5000 | U20: 7000 | V20: 6500 | W20: 500 | X20: 6500 | Y20: 0 | Z20: 1000 | AA20: 5500 | AB20: 0 | AC20: 89.451613 | AD20: 3500 | AE20: 1300 | AF20: 3000 | AG20: 0 | AH20: 2000 | AI20: 800 | AJ20: 7200 | AK20: 2000 | AL20: 2000 | AM20: 1000 | AN20: 11000 | AO20: 2000 | AP20: 4000 | AQ20: 9000.0571 | AR20: 8000 | AS20: 3500 | AT20: 0 | AU20: 0 | AV20: 700 | AW20: 3500 | AX20: 2000 | AY20: 369.61071 | AZ20: 1121.9003 | BA20: 2499.7026 | BB20: 2499.7026 | BC20: 3587.0968 | BD20: 0 | BE20: 13500
B21: =B20+1 -> 46246 | C21: =TEXT(B21,"ddd") -> Rab | D21: =SUM(E21:BE21) -> 191194.13 | E21: 1199.5729 | F21: 1300 | G21: 1200 | H21: 3300 | I21: 800 | J21: 1500 | K21: 150 | L21: 603.76323 | M21: 673.27548 | N21: 5500 | O21: 5000 | P21: 2500 | Q21: 16000 | R21: 10300 | S21: 19000 | T21: 5000 | U21: 7000 | V21: 6500 | W21: 500 | X21: 6500 | Y21: 0 | Z21: 1000 | AA21: 5500 | AC21: 89.451613 | AD21: 3500 | AE21: 1300 | AF21: 3000 | AG21: 0 | AH21: 2000 | AI21: 800 | AJ21: 7200 | AK21: 2000 | AL21: 2000 | AM21: 1000 | AN21: 11000 | AO21: 2000 | AP21: 4000 | AQ21: 9000.0571 | AR21: 8000 | AS21: 3500 | AV21: 700 | AW21: 3500 | AX21: 2000 | AY21: 369.61071 | AZ21: 1121.9003 | BA21: 2499.7026 | BB21: 2499.7026 | BC21: 3587.0968 | BD21: 0 | BE21: 13500
B22: =B21+1 -> 46247 | C22: =TEXT(B22,"ddd") -> Kam | D22: =SUM(E22:BE22) -> 191194.13 | E22: 1199.5729 | F22: 1300 | G22: 1200 | H22: 3300 | I22: 800 | J22: 1500 | K22: 150 | L22: 603.76323 | M22: 673.27548 | N22: 5500 | O22: 5000 | P22: 2500 | Q22: 16000 | R22: 10300 | S22: 19000 | T22: 5000 | U22: 7000 | V22: 6500 | W22: 500 | X22: 6500 | Y22: 0 | Z22: 1000 | AA22: 5500 | AB22: 0 | AC22: 89.451613 | AD22: 3500 | AE22: 1300 | AF22: 3000 | AG22: 0 | AH22: 2000 | AI22: 800 | AJ22: 7200 | AK22: 2000 | AL22: 2000 | AM22: 1000 | AN22: 11000 | AO22: 2000 | AP22: 4000 | AQ22: 9000.0571 | AR22: 8000 | AS22: 3500 | AT22: 0 | AU22: 0 | AV22: 700 | AW22: 3500 | AX22: 2000 | AY22: 369.61071 | AZ22: 1121.9003 | BA22: 2499.7026 | BB22: 2499.7026 | BC22: 3587.0968 | BD22: 0 | BE22: 13500
B23: =B22+1 -> 46248 | C23: =TEXT(B23,"ddd") -> Jum | D23: =SUM(E23:BE23) -> 191194.13 | E23: 1199.5729 | F23: 1300 | G23: 1200 | H23: 3300 | I23: 800 | J23: 1500 | K23: 150 | L23: 603.76323 | M23: 673.27548 | N23: 5500 | O23: 5000 | P23: 2500 | Q23: 16000 | R23: 10300 | S23: 19000 | T23: 5000 | U23: 7000 | V23: 6500 | W23: 500 | X23: 6500 | Y23: 0 | Z23: 1000 | AA23: 5500 | AB23: 0 | AC23: 89.451613 | AD23: 3500 | AE23: 1300 | AF23: 3000 | AG23: 0 | AH23: 2000 | AI23: 800 | AJ23: 7200 | AK23: 2000 | AL23: 2000 | AM23: 1000 | AN23: 11000 | AO23: 2000 | AP23: 4000 | AQ23: 9000.0571 | AR23: 8000 | AS23: 3500 | AT23: =SUM(AT16:AT22) -> 0 | AU23: =SUM(AU16:AU22) -> 0 | AV23: 700 | AW23: 3500 | AX23: 2000 | AY23: 369.61071 | AZ23: 1121.9003 | BA23: 2499.7026 | BB23: 2499.7026 | BC23: 3587.0968 | BD23: 0 | BE23: 13500
B24: =B23+1 -> 46249 | C24: =TEXT(B24,"ddd") -> Sab | D24: =SUM(E24:BE24) -> 172272.6 | E24: 700 | F24: 500 | G24: 1000 | H24: 3300 | I24: 500 | J24: 1000 | K24: 150 | L24: 603.76323 | M24: 673.27548 | N24: 4500 | O24: 2000 | P24: 1000 | Q24: 16000 | R24: 10300 | S24: 19000 | T24: 5000 | U24: 3500 | V24: 6500 | W24: 500 | X24: 6500 | Y24: 0 | Z24: 1000 | AA24: 5500 | AB24: 0 | AC24: 89.451613 | AD24: 3500 | AE24: 1300 | AF24: 0 | AG24: 0 | AH24: 2000 | AI24: 800 | AJ24: 7200 | AK24: 0 | AL24: 2000 | AM24: 1000 | AN24: 11000 | AO24: 2000 | AP24: 5500 | AQ24: 6000 | AR24: 8000 | AS24: 3500 | AV24: 700 | AW24: 3500 | AX24: 2000 | AY24: 369.61071 | AZ24: 0 | BA24: 2499.7026 | BB24: 2499.7026 | BC24: 3587.0968 | BD24: 0 | BE24: 13500
B25: =B24+1 -> 46250 | C25: =TEXT(B25,"ddd") -> Mgg | D25: =SUM(E25:BE25) -> 136781.53 | E25: 700 | F25: 500 | G25: 1000 | H25: 999.51613 | I25: 500 | J25: 1000 | K25: 0 | L25: 603.76323 | M25: 673.27548 | N25: 0 | O25: 2000 | P25: 300 | Q25: 6659.5545 | R25: 10300 | S25: 19000 | T25: 5000 | U25: 0 | V25: 6500 | W25: 500 | X25: 6500 | Y25: 0 | Z25: 0 | AA25: 2500 | AB25: 0 | AC25: 89.451613 | AD25: 1000 | AE25: 1300 | AF25: 0 | AG25: 0 | AH25: 500 | AI25: 0 | AJ25: 2999.8519 | AK25: 0 | AL25: 2000 | AM25: 0 | AN25: 11000 | AO25: 2000 | AP25: 5500 | AQ25: 5000 | AR25: 8000 | AS25: 3500 | AT25: 0 | AU25: 0 | AV25: 700 | AW25: 3500 | AX25: 2000 | AY25: 369.61071 | AZ25: 0 | BA25: 2499.7026 | BB25: 2499.7026 | BC25: 3587.0968 | BD25: 0 | BE25: 13500
B26: Sub Total | D26: =SUM(D19:D25) -> 1265024.8 | E26: =SUM(E19:E25) -> 7397.8645 | F26: =SUM(F19:F25) -> 7500 | G26: =SUM(G19:G25) -> 8000 | H26: 20799.516 | I26: 5000 | J26: =SUM(J19:J25) -> 9500 | K26: 900 | L26: 4226.3426 | M26: =SUM(M19:M25) -> 4712.9284 | N26: =SUM(N19:N25) -> 32000 | O26: 29000 | P26: =SUM(P19:P25) -> 13800 | Q26: =SUM(Q19:Q25) -> 102659.55 | R26: =SUM(R19:R25) -> 72100 | S26: =SUM(S19:S25) -> 133000 | T26: =SUM(T19:T25) -> 35000 | U26: =SUM(U19:U25) -> 38500 | V26: =SUM(V19:V25) -> 45500 | W26: =SUM(W19:W25) -> 3500 | ... AF26: =SUM(AF19:AF25) -> 15000 | AG26: 0 | AH26: =SUM(AH19:AH25) -> 12500 | AI26: =SUM(AI19:AI25) -> 4800 | AJ26: =SUM(AJ19:AJ25) -> 46199.852 | AK26: =SUM(AK19:AK25) -> 10000 | AL26: =SUM(AL19:AL25) -> 14000 | AM26: =SUM(AM19:AM25) -> 6000 | AN26: =SUM(AN19:AN25) -> 77000 | AO26: =SUM(AO19:AO25) -> 14000 | ... BE26: =SUM(BE19:BE25) -> 94500
A28: =WEEKNUM(B28) -> 34 | B28: =B25+1 -> 46251 | C28: =TEXT(B28,"ddd") -> Sen | D28: =SUM(E28:BE28) -> 109622.6 | E28: 0 | F28: 0 | G28: 1200 | H28: 1000 | I28: 800 | J28: 0 | K28: 0 | L28: 603.76323 | M28: 673.27548 | N28: 0 | O28: 0 | P28: 300 | Q28: 6500 | R28: 10300 | S28: 19000 | T28: 0 | U28: 0 | V28: 6500 | W28: 0 | X28: 6500 | Y28: 500 | Z28: 0 | AA28: 0 | AB28: 0 | AC28: 89.451613 | AD28: 0 | AE28: 1300 | AF28: 0 | AG28: 0 | AH28: 0 | AI28: 0 | AJ28: 7200 | AK28: 0 | AL28: 0 | AM28: 0 | AN28: 5000 | AO28: 1000 | AP28: 0 | AQ28: 4500 | AR28: 8000 | AS28: 0 | AT28: 0 | AU28: 0 | AV28: 700 | AW28: 3500 | AX28: 2000 | AY28: 369.61071 | AZ28: 0 | BA28: 2499.7026 | BB28: 2499.7026 | BC28: 3587.0968 | BD28: 0 | BE28: 13500
B29: =B28+1 -> 46252 | C29: =TEXT(B29,"ddd") -> Sel | D29: =SUM(E29:BE29) -> 187194.13 | E29: 1199.5729 | F29: 1300 | G29: 1200 | H29: 3300 | I29: 800 | J29: 1000 | K29: 150 | L29: 603.76323 | M29: 673.27548 | N29: 5500 | O29: 5000 | P29: 2500 | Q29: 16000 | R29: 10300 | S29: 19000 | T29: 5000 | U29: 7000 | V29: 6500 | W29: 500 | X29: 6500 | Y29: 500 | Z29: 1000 | AA29: 5500 | AB29: 0 | AC29: 89.451613 | AD29: 3500 | AE29: 1300 | AF29: 3000 | AG29: 0 | AH29: 2000 | AI29: 800 | AJ29: 7200 | AK29: 2000 | AL29: 2000 | AM29: 1000 | AN29: 11000 | AO29: 2000 | AP29: 4000 | AQ29: 9000.0571 | AR29: 4000 | AS29: 3500 | AT29: 0 | AU29: 0 | AV29: 700 | AW29: 3500 | AX29: 2000 | AY29: 369.61071 | AZ29: 1121.9003 | BA29: 2499.7026 | BB29: 2499.7026 | BC29: 3587.0968 | BD29: 0 | BE29: 13500
B30: =B29+1 -> 46253 | C30: =TEXT(B30,"ddd") -> Rab | D30: =SUM(E30:BE30) -> 187194.13 | E30: 1199.5729 | F30: 1300 | G30: 1200 | H30: 3300 | I30: 800 | J30: 1000 | K30: 150 | L30: 603.76323 | M30: 673.27548 | N30: 5500 | O30: 5000 | P30: 2500 | Q30: 16000 | R30: 10300 | S30: 19000 | T30: 5000 | U30: 7000 | V30: 6500 | W30: 500 | X30: 6500 | Y30: 500 | Z30: 1000 | AA30: 5500 | AC30: 89.451613 | AD30: 3500 | AE30: 1300 | AF30: 3000 | AG30: 0 | AH30: 2000 | AI30: 800 | AJ30: 7200 | AK30: 2000 | AL30: 2000 | AM30: 1000 | AN30: 11000 | AO30: 2000 | AP30: 4000 | AQ30: 9000.0571 | AR30: 4000 | AS30: 3500 | AV30: 700 | AW30: 3500 | AX30: 2000 | AY30: 369.61071 | AZ30: 1121.9003 | BA30: 2499.7026 | BB30: 2499.7026 | BC30: 3587.0968 | BD30: 0 | BE30: 13500
B31: =B30+1 -> 46254 | C31: =TEXT(B31,"ddd") -> Kam | D31: =SUM(E31:BE31) -> 187194.13 | E31: 1199.5729 | F31: 1300 | G31: 1200 | H31: 3300 | I31: 800 | J31: 1000 | K31: 150 | L31: 603.76323 | M31: 673.27548 | N31: 5500 | O31: 5000 | P31: 2500 | Q31: 16000 | R31: 10300 | S31: 19000 | T31: 5000 | U31: 7000 | V31: 6500 | W31: 500 | X31: 6500 | Y31: 500 | Z31: 1000 | AA31: 5500 | AB31: 0 | AC31: 89.451613 | AD31: 3500 | AE31: 1300 | AF31: 3000 | AG31: 0 | AH31: 2000 | AI31: 800 | AJ31: 7200 | AK31: 2000 | AL31: 2000 | AM31: 1000 | AN31: 11000 | AO31: 2000 | AP31: 4000 | AQ31: 9000.0571 | AR31: 4000 | AS31: 3500 | AT31: 0 | AU31: 0 | AV31: 700 | AW31: 3500 | AX31: 2000 | AY31: 369.61071 | AZ31: 1121.9003 | BA31: 2499.7026 | BB31: 2499.7026 | BC31: 3587.0968 | BD31: 0 | BE31: 13500
B32: =B31+1 -> 46255 | C32: =TEXT(B32,"ddd") -> Jum | D32: =SUM(E32:BE32) -> 187194.13 | E32: 1199.5729 | F32: 1300 | G32: 1200 | H32: 3300 | I32: 800 | J32: 1000 | K32: 150 | L32: 603.76323 | M32: 673.27548 | N32: 5500 | O32: 5000 | P32: 2500 | Q32: 16000 | R32: 10300 | S32: 19000 | T32: 5000 | U32: 7000 | V32: 6500 | W32: 500 | X32: 6500 | Y32: 500 | Z32: 1000 | AA32: 5500 | AB32: 0 | AC32: 89.451613 | AD32: 3500 | AE32: 1300 | AF32: 3000 | AG32: 0 | AH32: 2000 | AI32: 800 | AJ32: 7200 | AK32: 2000 | AL32: 2000 | AM32: 1000 | AN32: 11000 | AO32: 2000 | AP32: 4000 | AQ32: 9000.0571 | AR32: 4000 | AS32: 3500 | AT32: =SUM(AT25:AT31) -> 0 | AU32: =SUM(AU25:AU31) -> 0 | AV32: 700 | AW32: 3500 | AX32: 2000 | AY32: 369.61071 | AZ32: 1121.9003 | BA32: 2499.7026 | BB32: 2499.7026 | BC32: 3587.0968 | BD32: 0 | BE32: 13500
B33: =B32+1 -> 46256 | C33: =TEXT(B33,"ddd") -> Sab | D33: =SUM(E33:BE33) -> 181272.6 | E33: 700 | F33: 500 | G33: 1000 | H33: 3300 | I33: 500 | J33: 1000 | K33: 150 | L33: 603.76323 | M33: 673.27548 | N33: 4500 | O33: 2000 | P33: 1000 | Q33: 16000 | R33: 10300 | S33: 19000 | T33: 5000 | U33: 0 | V33: 6500 | W33: 500 | X33: 6500 | Y33: 500 | Z33: 1000 | AA33: 5500 | AB33: 0 | AC33: 89.451613 | AD33: 3500 | AE33: 1300 | AF33: 0 | AG33: 12000 | AH33: 2000 | AI33: 800 | AJ33: 7200 | AK33: 0 | AL33: 2000 | AM33: 1000 | AN33: 11000 | AO33: 2000 | AP33: 5500 | AQ33: 6000 | AR33: 8000 | AS33: 3500 | AV33: 700 | AW33: 3500 | AX33: 2000 | AY33: 369.61071 | AZ33: 0 | BA33: 2499.7026 | BB33: 2499.7026 | BC33: 3587.0968 | BD33: 0 | BE33: 13500
B34: =B33+1 -> 46257 | C34: =TEXT(B34,"ddd") -> Mgg | D34: =SUM(E34:BE34) -> 148281.53 | E34: 700 | F34: 500 | G34: 1000 | H34: 999.51613 | I34: 500 | J34: 0 | K34: 0 | L34: 603.76323 | M34: 673.27548 | N34: 0 | O34: 2000 | P34: 300 | Q34: 6659.5545 | R34: 10300 | S34: 19000 | T34: 5000 | U34: 0 | V34: 6500 | W34: 500 | X34: 6500 | Y34: 500 | Z34: 0 | AA34: 2500 | AB34: 0 | AC34: 89.451613 | AD34: 1000 | AE34: 1300 | AF34: 0 | AG34: 12000 | AH34: 500 | AI34: 0 | AJ34: 2999.8519 | AK34: 0 | AL34: 2000 | AM34: 0 | AN34: 11000 | AO34: 2000 | AP34: 5500 | AQ34: 5000 | AR34: 8000 | AS34: 3500 | AT34: 0 | AU34: 0 | AV34: 700 | AW34: 3500 | AX34: 2000 | AY34: 369.61071 | AZ34: 0 | BA34: 2499.7026 | BB34: 2499.7026 | BC34: 3587.0968 | BD34: 0 | BE34: 13500
B35: Sub Total | D35: =SUM(D28:D34) -> 1187953.3 | E35: =SUM(E28:E34) -> 6198.2916 | F35: =SUM(F28:F34) -> 6200 | G35: =SUM(G28:G34) -> 8000 | H35: 18499.516 | I35: 5000 | J35: =SUM(J28:J34) -> 5000 | K35: 750 | L35: 4226.3426 | M35: =SUM(M28:M34) -> 4712.9284 | N35: =SUM(N28:N34) -> 26500 | O35: 24000 | P35: =SUM(P28:P34) -> 11600 | Q35: =SUM(Q28:Q34) -> 93159.555 | R35: =SUM(R28:R34) -> 72100 | S35: =SUM(S28:S34) -> 133000 | T35: =SUM(T28:T34) -> 30000 | U35: =SUM(U28:U34) -> 28000 | V35: =SUM(V28:V34) -> 45500 | W35: =SUM(W28:W34) -> 3000 | ... AF35: =SUM(AF28:AF34) -> 12000 | AG35: 24000 | AH35: =SUM(AH28:AH34) -> 10500 | AI35: =SUM(AI28:AI34) -> 4000 | AJ35: =SUM(AJ28:AJ34) -> 46199.852 | AK35: =SUM(AK28:AK34) -> 8000 | AL35: =SUM(AL28:AL34) -> 12000 | AM35: =SUM(AM28:AM34) -> 5000 | AN35: =SUM(AN28:AN34) -> 71000 | AO35: =SUM(AO28:AO34) -> 13000 | ... BE35: =SUM(BE28:BE34) -> 94500
A37: =WEEKNUM(B37) -> 35 | B37: =B34+1 -> 46258 | C37: =TEXT(B37,"ddd") -> Sen | D37: =SUM(E37:BE37) -> 203194.13 | E37: 1199.5729 | F37: 1300 | G37: 1200 | H37: 3300 | I37: 800 | J37: 1000 | K37: 150 | L37: 603.76323 | M37: 673.27548 | N37: 5500 | O37: 5000 | P37: 2500 | Q37: 16000 | R37: 10300 | S37: 19000 | T37: 5000 | U37: 7000 | V37: 6500 | W37: 500 | X37: 6500 | Y37: 500 | Z37: 1000 | AA37: 5500 | AB37: 0 | AC37: 89.451613 | AD37: 3500 | AE37: 1300 | AF37: 3000 | AG37: 12000 | AH37: 2000 | AI37: 800 | AJ37: 7200 | AK37: 2000 | AL37: 2000 | AM37: 1000 | AN37: 11000 | AO37: 2000 | AP37: 4000 | AQ37: 9000.0571 | AR37: 8000 | AS37: 3500 | AT37: 0 | AU37: 0 | AV37: 700 | AW37: 3500 | AX37: 2000 | AY37: 369.61071 | AZ37: 1121.9003 | BA37: 2499.7026 | BB37: 2499.7026 | BC37: 3587.0968 | BD37: 0 | BE37: 13500
B38: =B37+1 -> 46259 | C38: =TEXT(B38,"ddd") -> Sel | D38: =SUM(E38:BE38) -> 187194.13 | E38: 1199.5729 | F38: 1300 | G38: 1200 | H38: 3300 | I38: 800 | J38: 0 | K38: 150 | L38: 603.76323 | M38: 673.27548 | N38: 5500 | O38: 5000 | P38: 2500 | Q38: 16000 | R38: 10300 | S38: 19000 | T38: 0 | U38: 0 | V38: 6500 | W38: 500 | X38: 6500 | Y38: 500 | Z38: 1000 | AA38: 5500 | AB38: =SUM(AB31:AB37) -> 0 | AC38: 89.451613 | AD38: 3500 | AE38: 1300 | AF38: 0 | AG38: 12000 | AH38: 2000 | AI38: 800 | AJ38: 7200 | AK38: 2000 | AL38: 2000 | AM38: 1000 | AN38: 11000 | AO38: 2000 | AP38: 4000 | AQ38: 9000.0571 | AR38: 8000 | AS38: 3500 | AT38: =SUM(AT31:AT37) -> 0 | AU38: =SUM(AU31:AU37) -> 0 | AV38: 700 | AW38: 3500 | AX38: 2000 | AY38: 369.61071 | AZ38: 1121.9003 | BA38: 2499.7026 | BB38: 2499.7026 | BC38: 3587.0968 | BD38: 0 | BE38: 13500
B39: =B38+1 -> 46260 | C39: =TEXT(B39,"ddd") -> Rab | D39: =SUM(E39:BE39) -> 203194.13 | E39: 1199.5729 | F39: 1300 | G39: 1200 | H39: 3300 | I39: 800 | J39: 1000 | K39: 150 | L39: 603.76323 | M39: 673.27548 | N39: 5500 | O39: 5000 | P39: 2500 | Q39: 16000 | R39: 10300 | S39: 19000 | T39: 5000 | U39: 7000 | V39: 6500 | W39: 500 | X39: 6500 | Y39: 500 | Z39: 1000 | AA39: 5500 | AC39: 89.451613 | AD39: 3500 | AE39: 1300 | AF39: 3000 | AG39: 12000 | AH39: 2000 | AI39: 800 | AJ39: 7200 | AK39: 2000 | AL39: 2000 | AM39: 1000 | AN39: 11000 | AO39: 2000 | AP39: 4000 | AQ39: 9000.0571 | AR39: 8000 | AS39: 3500 | AV39: 700 | AW39: 3500 | AX39: 2000 | AY39: 369.61071 | AZ39: 1121.9003 | BA39: 2499.7026 | BB39: 2499.7026 | BC39: 3587.0968 | BD39: 0 | BE39: 13500
B40: =B39+1 -> 46261 | C40: =TEXT(B40,"ddd") -> Kam | D40: =SUM(E40:BE40) -> 203194.13 | E40: 1199.5729 | F40: 1300 | G40: 1200 | H40: 3300 | I40: 800 | J40: 1000 | K40: 150 | L40: 603.76323 | M40: 673.27548 | N40: 5500 | O40: 5000 | P40: 2500 | Q40: 16000 | R40: 10300 | S40: 19000 | T40: 5000 | U40: 7000 | V40: 6500 | W40: 500 | X40: 6500 | Y40: 500 | Z40: 1000 | AA40: 5500 | AB40: 0 | AC40: 89.451613 | AD40: 3500 | AE40: 1300 | AF40: 3000 | AG40: 12000 | AH40: 2000 | AI40: 800 | AJ40: 7200 | AK40: 2000 | AL40: 2000 | AM40: 1000 | AN40: 11000 | AO40: 2000 | AP40: 4000 | AQ40: 9000.0571 | AR40: 8000 | AS40: 3500 | AT40: 0 | AU40: 0 | AV40: 700 | AW40: 3500 | AX40: 2000 | AY40: 369.61071 | AZ40: 1121.9003 | BA40: 2499.7026 | BB40: 2499.7026 | BC40: 3587.0968 | BD40: 0 | BE40: 13500
B41: =B40+1 -> 46262 | C41: =TEXT(B41,"ddd") -> Jum | D41: =SUM(E41:BE41) -> 203194.13 | E41: 1199.5729 | F41: 1300 | G41: 1200 | H41: 3300 | I41: 800 | J41: 1000 | K41: 150 | L41: 603.76323 | M41: 673.27548 | N41: 5500 | O41: 5000 | P41: 2500 | Q41: 16000 | R41: 10300 | S41: 19000 | T41: 5000 | U41: 7000 | V41: 6500 | W41: 500 | X41: 6500 | Y41: 500 | Z41: 1000 | AA41: 5500 | AB41: 0 | AC41: 89.451613 | AD41: 3500 | AE41: 1300 | AF41: 3000 | AG41: 12000 | AH41: 2000 | AI41: 800 | AJ41: 7200 | AK41: 2000 | AL41: 2000 | AM41: 1000 | AN41: 11000 | AO41: 2000 | AP41: 4000 | AQ41: 9000.0571 | AR41: 8000 | AS41: 3500 | AT41: 0 | AU41: 0 | AV41: 700 | AW41: 3500 | AX41: 2000 | AY41: 369.61071 | AZ41: 1121.9003 | BA41: 2499.7026 | BB41: 2499.7026 | BC41: 3587.0968 | BD41: 0 | BE41: 13500
B42: =B41+1 -> 46263 | C42: =TEXT(B42,"ddd") -> Sab | D42: =SUM(E42:BE42) -> 181272.6 | E42: 700 | F42: 500 | G42: 1000 | H42: 3300 | I42: 500 | J42: 1000 | K42: 150 | L42: 603.76323 | M42: 673.27548 | N42: 4500 | O42: 2000 | P42: 1000 | Q42: 16000 | R42: 10300 | S42: 19000 | T42: 5000 | U42: 0 | V42: 6500 | W42: 500 | X42: 6500 | Y42: 500 | Z42: 1000 | AA42: 5500 | AB42: 0 | AC42: 89.451613 | AD42: 3500 | AE42: 1300 | AF42: 0 | AG42: 12000 | AH42: 2000 | AI42: 800 | AJ42: 7200 | AK42: 0 | AL42: 2000 | AM42: 1000 | AN42: 11000 | AO42: 2000 | AP42: 5500 | AQ42: 6000 | AR42: 8000 | AS42: 3500 | AT42: 0 | AU42: 0 | AV42: 700 | AW42: 3500 | AX42: 2000 | AY42: 369.61071 | AZ42: 0 | BA42: 2499.7026 | BB42: 2499.7026 | BC42: 3587.0968 | BD42: 0 | BE42: 13500
B43: =B42+1 -> 46264 | C43: =TEXT(B43,"ddd") -> Mgg | D43: =SUM(E43:BE43) -> 149281.53 | E43: 700 | F43: 500 | G43: 1000 | H43: 999.51613 | I43: 500 | J43: 1000 | K43: 0 | L43: 603.76323 | M43: 673.27548 | N43: 0 | O43: 2000 | P43: 300 | Q43: 6659.5545 | R43: 10300 | S43: 19000 | T43: 5000 | U43: 0 | V43: 6500 | W43: 500 | X43: 6500 | Y43: 500 | Z43: 0 | AA43: 2500 | AB43: 0 | AC43: 89.451613 | AD43: 1000 | AE43: 1300 | AF43: 0 | AG43: 12000 | AH43: 500 | AI43: 0 | AJ43: 2999.8519 | AK43: 0 | AL43: 2000 | AM43: 0 | AN43: 11000 | AO43: 2000 | AP43: 5500 | AQ43: 5000 | AR43: 8000 | AS43: 3500 | AT43: 0 | AU43: 0 | AV43: 700 | AW43: 3500 | AX43: 2000 | AY43: 369.61071 | AZ43: 0 | BA43: 2499.7026 | BB43: 2499.7026 | BC43: 3587.0968 | BD43: 0 | BE43: 13500
B44: Sub Total | D44: =SUM(D37:D43) -> 1330524.8 | E44: =SUM(E37:E43) -> 7397.8645 | F44: =SUM(F37:F43) -> 7500 | G44: =SUM(G37:G43) -> 8000 | H44: 20799.516 | I44: 5000 | J44: =SUM(J37:J43) -> 6000 | K44: 900 | L44: 4226.3426 | M44: =SUM(M37:M43) -> 4712.9284 | N44: =SUM(N37:N43) -> 32000 | O44: 29000 | P44: =SUM(P37:P43) -> 13800 | Q44: =SUM(Q37:Q43) -> 102659.55 | R44: =SUM(R37:R43) -> 72100 | S44: =SUM(S37:S43) -> 133000 | T44: =SUM(T37:T43) -> 30000 | U44: =SUM(U37:U43) -> 28000 | V44: =SUM(V37:V43) -> 45500 | W44: =SUM(W37:W43) -> 3500 | ... AF44: =SUM(AF37:AF43) -> 12000 | AG44: 84000 | AH44: =SUM(AH37:AH43) -> 12500 | AI44: =SUM(AI37:AI43) -> 4800 | AJ44: =SUM(AJ37:AJ43) -> 46199.852 | AK44: =SUM(AK37:AK43) -> 10000 | AL44: =SUM(AL37:AL43) -> 14000 | AM44: =SUM(AM37:AM43) -> 6000 | AN44: =SUM(AN37:AN43) -> 77000 | AO44: =SUM(AO37:AO43) -> 14000 | ... BE44: =SUM(BE37:BE43) -> 94500
A46: =WEEKNUM(B46) -> 36 | B46: =B43+1 -> 46265 | C46: =TEXT(B46,"ddd") -> Sen | D46: =SUM(E46:BE46) -> 196194.13 | E46: 1199.5729 | F46: 1300 | G46: 1200 | H46: 3300 | I46: 800 | J46: 1000 | K46: 150 | L46: 603.76323 | M46: 673.27548 | N46: 5500 | O46: 5000 | P46: 2500 | Q46: 16000 | R46: 10300 | S46: 19000 | T46: 5000 | U46: 0 | V46: 6500 | W46: 500 | X46: 6500 | Y46: 500 | Z46: 1000 | AA46: 5500 | AB46: 0 | AC46: 89.451613 | AD46: 3500 | AE46: 1300 | AF46: 3000 | AG46: 12000 | AH46: 2000 | AI46: 800 | AJ46: 7200 | AK46: 2000 | AL46: 2000 | AM46: 1000 | AN46: 11000 | AO46: 2000 | AP46: 4000 | AQ46: 9000.0571 | AR46: 8000 | AS46: 3500 | AT46: 0 | AU46: 0 | AV46: 700 | AW46: 3500 | AX46: 2000 | AY46: 369.61071 | AZ46: 1121.9003 | BA46: 2499.7026 | BB46: 2499.7026 | BC46: 3587.0968 | BD46: 0 | BE46: 13500
B47: Sub Total | D47: =SUM(D46) -> 196194.13 | E47: =E46 -> 1199.5729 | F47: =F46 -> 1300 | G47: =G46 -> 1200 | H47: 3300 | I47: 800 | J47: =J46 -> 1000 | K47: 150 | L47: 603.76323 | M47: =SUM(M46) -> 673.27548 | N47: =SUM(N46) -> 5500 | O47: =SUM(O46) -> 5000 | P47: =SUM(P46) -> 2500 | Q47: =SUM(Q46) -> 16000 | R47: =SUM(R46) -> 10300 | S47: =SUM(S46) -> 19000 | T47: =T46 -> 5000 | U47: =SUM(U46) -> 0 | V47: =SUM(V46) -> 6500 | W47: =SUM(W46) -> 500 | X47: =SUM(X46) -> 6500 | Y47: =Y46 -> 500 | Z47: =Z46 -> 1000 | AA47: =SUM(AA46) -> 5500 | AB47: =SUM(AB46) -> 0 | AC47: =SUM(AC46) -> 89.451613 | AD47: =SUM(AD46) -> 3500 | AE47: =SUM(AE46) -> 1300 | AF47: =SUM(AF46) -> 3000 | AG47: 12000 | AH47: =AH46 -> 2000 | AI47: =AI46 -> 800 | AJ47: =AJ46 -> 7200 | AK47: =AK46 -> 2000 | AL47: =AL46 -> 2000 | AM47: =AM46 -> 1000 | AN47: =AN46 -> 11000 | AO47: =AO46 -> 2000 | ... AS47: =AS46 -> 3500 | AT47: =SUM(AT46) -> 0 | AU47: =SUM(AU46) -> 0 | AV47: =AV46 -> 700 | AW47: =AW46 -> 3500 | AX47: =AX46 -> 2000 | AY47: =AY46 -> 369.61071 | AZ47: =AZ46 -> 1121.9003 | BA47: =BA46 -> 2499.7026 | BB47: =BB46 -> 2499.7026 | BC47: =SUM(BC46) -> 3587.0968 | BD47: =BD46 -> 0 | BE47: =SUM(BE46) -> 13500
B49: Sub Total | D49: =SUM(D47,D44,D35,D26,D17,D8) -> 5698372.1 | E49: =SUM(E47,E44,E35,E26,E17,E8) -> 30991.458 | F49: =SUM(F47,F44,F35,F26,F17,F8) -> 36500 | G49: =SUM(G47,G44,G35,G26,G17,G8) -> 36000 | H49: =SUM(H47,H44,H35,H26,H17,H8) -> 88497.581 | I49: =SUM(I47,I44,I35,I26,I17,I8) -> 21596.186 | J49: =SUM(J47,J44,J35,J26,J17,J8) -> 21500 | K49: =SUM(K47,K44,K35,K26,K17,K8) -> 3750 | ... AA49: =SUM(AA47,AA44,AA35,AA26,AA17,AA8) -> 150000 | AB49: =SUM(AB45,AB38,AB29,AB20,AB11) -> 0 | AC49: =SUM(AC47,AC44,AC35,AC26,AC17,AC8) -> 2773 | AD49: =SUM(AD47,AD44,AD35,AD26,AD17,AD8) -> 92500 | AE49: =SUM(AE47,AE44,AE35,AE26,AE17,AE8) -> 40300 | AF49: =SUM(AF47,AF44,AF35,AF26,AF17,AF8) -> 57000 | AG49: =SUM(AG47,AG44,AG35,AG26,AG17,AG8) -> 255000 | AH49: =SUM(AH47,AH44,AH35,AH26,AH17,AH8) -> 55500 | AI49: =SUM(AI47,AI44,AI35,AI26,AI17,AI8) -> 20000 | AJ49: =SUM(AJ47,AJ44,AJ35,AJ26,AJ17,AJ8) -> 202199.26 | ... AS49: =SUM(AS47,AS44,AS35,AS26,AS17,AS8) -> 105000 | AT49: =SUM(AT45,AT38,AT29,AT20,AT11) -> 0 | AU49: =SUM(AU45,AU38,AU29,AU20,AU11) -> 0 | AV49: =SUM(AV47,AV44,AV35,AV26,AV17,AV8) -> 21700 | AW49: =SUM(AW47,AW44,AW35,AW26,AW17,AW8) -> 108500 | AX49: =SUM(AX47,AX44,AX35,AX26,AX17,AX8) -> 62000 | AY49: =SUM(AY47,AY44,AY35,AY26,AY17,AY8) -> 11457.932 | AZ49: =SUM(AZ47,AZ44,AZ35,AZ26,AZ17,AZ8) -> 22438.006 | BA49: =SUM(BA47,BA44,BA35,BA26,BA17,BA8) -> 77490.78 | BB49: =SUM(BB47,BB44,BB35,BB26,BB17,BB8) -> 77490.78 | BC49: =SUM(BC47,BC44,BC35,BC26,BC17,BC8) -> 111200 | ... BE49: =SUM(BE47,BE44,BE35,BE26,BE17,BE8) -> 418500
B50: Total | D50: =SUM(D46,D37:D43,D28:D34,D19:D25,D10:D16,D6:D7) -> 5698372.1 | E50: =SUM(E46,E37:E43,E28:E34,E19:E25,E10:E16,E6:E7) -> 30991.458 | F50: =SUM(F46,F37:F43,F28:F34,F19:F25,F10:F16,F6:F7) -> 36500 | G50: =SUM(G46,G37:G43,G28:G34,G19:G25,G10:G16,G6:G7) -> 36000 | H50: =SUM(H46,H37:H43,H28:H34,H19:H25,H10:H16,H6:H7) -> 88497.581 | I50: =SUM(I46,I37:I43,I28:I34,I19:I25,I10:I16,I6:I7) -> 21596.186 | J50: =SUM(J46,J37:J43,J28:J34,J19:J25,J10:J16,J6:J7) -> 21500 | K50: =SUM(K46,K37:K43,K28:K34,K19:K25,K10:K16,K6:K7) -> 3750 | ... AA50: =SUM(AA46,AA37:AA43,AA28:AA34,AA19:AA25,AA10:AA16,AA6:AA7) -> 150000 | AB50: =SUM(AB40:AB44,AB31:AB37,AB22:AB28,AB13:AB19,AB6:AB10) -> 0 | AC50: =SUM(AC46,AC37:AC43,AC28:AC34,AC19:AC25,AC10:AC16,AC6:AC7) -> 2773 | AD50: =SUM(AD46,AD37:AD43,AD28:AD34,AD19:AD25,AD10:AD16,AD6:AD7) -> 92500 | AE50: =SUM(AE46,AE37:AE43,AE28:AE34,AE19:AE25,AE10:AE16,AE6:AE7) -> 40300 | AF50: =SUM(AF46,AF37:AF43,AF28:AF34,AF19:AF25,AF10:AF16,AF6:AF7) -> 57000 | AG50: =SUM(AG46,AG37:AG43,AG28:AG34,AG19:AG25,AG10:AG16,AG6:AG7) -> 255000 | AH50: =SUM(AH46,AH37:AH43,AH28:AH34,AH19:AH25,AH10:AH16,AH6:AH7) -> 55500 | AI50: =SUM(AI46,AI37:AI43,AI28:AI34,AI19:AI25,AI10:AI16,AI6:AI7) -> 20000 | AJ50: =SUM(AJ46,AJ37:AJ43,AJ28:AJ34,AJ19:AJ25,AJ10:AJ16,AJ6:AJ7) -> 202199.26 | ... AS50: =SUM(AS46,AS37:AS43,AS28:AS34,AS19:AS25,AS10:AS16,AS6:AS7) -> 105000 | AT50: =SUM(AT40:AT44,AT31:AT37,AT22:AT28,AT13:AT19,AT6:AT10) -> 0 | AU50: =SUM(AU40:AU44,AU31:AU37,AU22:AU28,AU13:AU19,AU6:AU10) -> 0 | AV50: =SUM(AV46,AV37:AV43,AV28:AV34,AV19:AV25,AV10:AV16,AV6:AV7) -> 21700 | AW50: =SUM(AW46,AW37:AW43,AW28:AW34,AW19:AW25,AW10:AW16,AW6:AW7) -> 108500 | AX50: =SUM(AX46,AX37:AX43,AX28:AX34,AX19:AX25,AX10:AX16,AX6:AX7) -> 62000 | AY50: =SUM(AY46,AY37:AY43,AY28:AY34,AY19:AY25,AY10:AY16,AY6:AY7) -> 11457.932 | AZ50: =SUM(AZ46,AZ37:AZ43,AZ28:AZ34,AZ19:AZ25,AZ10:AZ16,AZ6:AZ7) -> 22438.006 | BA50: =SUM(BA46,BA37:BA43,BA28:BA34,BA19:BA25,BA10:BA16,BA6:BA7) -> 77490.78 | BB50: =SUM(BB46,BB37:BB43,BB28:BB34,BB19:BB25,BB10:BB16,BB6:BB7) -> 77490.78 | BC50: =SUM(BC46,BC37:BC43,BC28:BC34,BC19:BC25,BC10:BC16,BC6:BC7) -> 111200 | ... BE50: =SUM(BE46,BE37:BE43,BE28:BE34,BE19:BE25,BE10:BE16,BE6:BE7) -> 418500
B61: 5. Penyesuaian volume MS SETU, kuota Torabika IC di tambahkan ke Torabika Cikupa mulai April 2025
B62: 5. Penyesuaian volume MS SETU, kuota Torabika IC di tambahkan ke Torabika Cikupa mulai April 2025
B63: 5. Penyesuaian volume MS SETU, kuota Torabika IC di tambahkan ke Torabika Cikupa mulai April 2025
B64: 5. Penyesuaian volume MS SETU, kuota Torabika IC di tambahkan ke Torabika Cikupa mulai April 2025
B65: 5. Penyesuaian volume MS SETU, kuota Torabika IC di tambahkan ke Torabika Cikupa mulai April 2025
B66: 5. Penyesuaian volume MS SETU, kuota Torabika IC di tambahkan ke Torabika Cikupa mulai April 2025
B67: 5. Penyesuaian volume MS SETU, kuota Torabika IC di tambahkan ke Torabika Cikupa mulai April 2025
B68: 5. Penyesuaian volume MS SETU, kuota Torabika IC di tambahkan ke Torabika Cikupa mulai April 2025
B69: 5. Penyesuaian volume MS SETU, kuota Torabika IC di tambahkan ke Torabika Cikupa mulai April 2025
B70: 5. Penyesuaian volume MS SETU, kuota Torabika IC di tambahkan ke Torabika Cikupa mulai April 2025
B71: 5. Penyesuaian volume MS SETU, kuota Torabika IC di tambahkan ke Torabika Cikupa mulai April 2025
B72: 5. Penyesuaian volume MS SETU, kuota Torabika IC di tambahkan ke Torabika Cikupa mulai April 2025
... B79: 6. Pengurangan volume MS SETU PT Ceres, customer off mulai 22 April 2025

Sheet KEBUTUHAN GAS
A1: KEBUTUHAN GAS
A4: ='SO FOB Agustus 2026'!A4 -> 46235 | F4: KEBUTUHAN GAS | J4: KUOTA GAS
A5: Week | B5: DATE | D5: SELISIH GAS JABAR | E5: SELISIH GAS TOTAL | F5: JABAR | G5: JATENG | H5: JATIM | I5: TOTAL | J5: MS SETU | K5: MS KHT | L5: MS BLORA | M5: MS BITUNG | N5: MS ZEBRA | O5: MS TAMBAKLOROK | P5: MS BaGS | Q5: MS SADANG | R5: TOTAL
A6: =WEEKNUM(B6) -> 31 | B6: =A4 -> 46235 | C6: =TEXT(B6,"ddd") -> Sab | D6: =(J6+K6)-F6 -> -15953.511 | E6: =R6-I6 -> -16722.527 | F6: =SUM('SO Agustus 2026 Rev.3'!E6:AS6) -> 158460.51 | G6: =SUM('SO Agustus 2026 Rev.3'!AV6:BB6) -> 11569.016 | H6: =SUM('SO Agustus 2026 Rev.3'!BC6:BE6) -> 17087.097 | I6: =SUM(F6:H6) -> 187116.62 | J6: ='SO MS'!E6 -> 108187 | K6: ='SO MS'!F6 -> 34320 | L6: ='SO MS'!G6 -> 10800 | M6: ='SO MS'!H6 -> 0 | N6: ='SO MS'!I6 -> 3587.0968 | O6: ='SO MS'!J6 -> 0 | P6: ='SO MS'!K6 -> 13500 | Q6: ='SO MS'!L6 -> 0 | R6: =SUM(J6:Q6) -> 170394.1
B7: =B6+1 -> 46236 | C7: =TEXT(B7,"ddd") -> Mgg | D7: =(J7+K7)-F7 -> 14777.566 | E7: =R7-I7 -> 14008.551 | F7: =SUM('SO Agustus 2026 Rev.3'!E7:AS7) -> 127969.43 | G7: =SUM('SO Agustus 2026 Rev.3'!AV7:BB7) -> 11569.016 | H7: =SUM('SO Agustus 2026 Rev.3'!BC7:BE7) -> 17087.097 | I7: =SUM(F7:H7) -> 156625.55 | J7: ='SO MS'!E7 -> 108187 | K7: ='SO MS'!F7 -> 34560 | L7: ='SO MS'!G7 -> 10800 | M7: ='SO MS'!H7 -> 0 | N7: ='SO MS'!I7 -> 3587.0968 | O7: ='SO MS'!J7 -> 0 | P7: ='SO MS'!K7 -> 13500 | Q7: ='SO MS'!L7 -> 0 | R7: =SUM(J7:Q7) -> 170634.1
B8: Sub Total | D8: =SUM(D6:D7) -> -1175.9445 | E8: =SUM(E6:E7) -> -2713.9763 | F8: =SUM(F6:F7) -> 286429.94 | G8: =SUM(G6:G7) -> 23138.032 | H8: =SUM(H6:H7) -> 34174.194 | I8: =SUM(I6:I7) -> 343742.17 | J8: =SUM(J6:J7) -> 216374 | K8: =SUM(K6:K7) -> 68880 | ... R8: =SUM(R6:R7) -> 341028.19
B10: =B7+1 -> 46237 | C10: =TEXT(B10,"ddd") -> Sen | D10: =(J10+K10)-F10 -> -33713.141 | E10: =R10-I10 -> -35604.057 | F10: =SUM('SO Agustus 2026 Rev.3'!E10:AS10) -> 176460.14 | G10: =SUM('SO Agustus 2026 Rev.3'!AV10:BB10) -> 12690.916 | H10: =SUM('SO Agustus 2026 Rev.3'!BC10:BE10) -> 17087.097 | I10: =SUM(F10:H10) -> 206238.15 | J10: ='SO MS'!E10 -> 108187 | K10: ='SO MS'!F10 -> 34560 | L10: ='SO MS'!G10 -> 10800 | M10: ='SO MS'!H10 -> 0 | N10: ='SO MS'!I10 -> 3587.0968 | O10: ='SO MS'!J10 -> 0 | P10: ='SO MS'!K10 -> 13500 | Q10: ='SO MS'!L10 -> 0 | R10: =SUM(J10:Q10) -> 170634.1
B11: =B10+1 -> 46238 | C11: =TEXT(B11,"ddd") -> Sel | D11: =(J11+K11)-F11 -> -33713.141 | E11: =R11-I11 -> -35604.057 | F11: =SUM('SO Agustus 2026 Rev.3'!E11:AS11) -> 176460.14 | G11: =SUM('SO Agustus 2026 Rev.3'!AV11:BB11) -> 12690.916 | H11: =SUM('SO Agustus 2026 Rev.3'!BC11:BE11) -> 17087.097 | I11: =SUM(F11:H11) -> 206238.15 | J11: ='SO MS'!E11 -> 108187 | K11: ='SO MS'!F11 -> 34560 | L11: ='SO MS'!G11 -> 10800 | M11: ='SO MS'!H11 -> 0 | N11: ='SO MS'!I11 -> 3587.0968 | O11: ='SO MS'!J11 -> 0 | P11: ='SO MS'!K11 -> 13500 | Q11: ='SO MS'!L11 -> 0 | R11: =SUM(J11:Q11) -> 170634.1
B12: =B11+1 -> 46239 | C12: =TEXT(B12,"ddd") -> Rab | D12: =(J12+K12)-F12 -> -33713.141 | E12: =R12-I12 -> -35604.057 | F12: =SUM('SO Agustus 2026 Rev.3'!E12:AS12) -> 176460.14 | G12: =SUM('SO Agustus 2026 Rev.3'!AV12:BB12) -> 12690.916 | H12: =SUM('SO Agustus 2026 Rev.3'!BC12:BE12) -> 17087.097 | I12: =SUM(F12:H12) -> 206238.15 | J12: ='SO MS'!E12 -> 108187 | K12: ='SO MS'!F12 -> 34560 | L12: ='SO MS'!G12 -> 10800 | M12: ='SO MS'!H12 -> 0 | N12: ='SO MS'!I12 -> 3587.0968 | O12: ='SO MS'!J12 -> 0 | P12: ='SO MS'!K12 -> 13500 | Q12: ='SO MS'!L12 -> 0 | R12: =SUM(J12:Q12) -> 170634.1
A13: =WEEKNUM(B13) -> 32 | B13: =B12+1 -> 46240 | C13: =TEXT(B13,"ddd") -> Kam | D13: =(J13+K13)-F13 -> -22273.141 | E13: =R13-I13 -> -24164.057 | F13: =SUM('SO Agustus 2026 Rev.3'!E13:AS13) -> 176460.14 | G13: =SUM('SO Agustus 2026 Rev.3'!AV13:BB13) -> 12690.916 | H13: =SUM('SO Agustus 2026 Rev.3'!BC13:BE13) -> 17087.097 | I13: =SUM(F13:H13) -> 206238.15 | J13: ='SO MS'!E13 -> 108187 | K13: ='SO MS'!F13 -> 46000 | L13: ='SO MS'!G13 -> 10800 | M13: ='SO MS'!H13 -> 0 | N13: ='SO MS'!I13 -> 3587.0968 | O13: ='SO MS'!J13 -> 0 | P13: ='SO MS'!K13 -> 13500 | Q13: ='SO MS'!L13 -> 0 | R13: =SUM(J13:Q13) -> 182074.1
B14: =B13+1 -> 46241 | C14: =TEXT(B14,"ddd") -> Jum | D14: =(J14+K14)-F14 -> 12365.859 | E14: =R14-I14 -> 10474.943 | F14: =SUM('SO Agustus 2026 Rev.3'!E14:AS14) -> 176460.14 | G14: =SUM('SO Agustus 2026 Rev.3'!AV14:BB14) -> 12690.916 | H14: =SUM('SO Agustus 2026 Rev.3'!BC14:BE14) -> 17087.097 | I14: =SUM(F14:H14) -> 206238.15 | J14: ='SO MS'!E14 -> 142826 | K14: ='SO MS'!F14 -> 46000 | L14: ='SO MS'!G14 -> 10800 | M14: ='SO MS'!H14 -> 0 | N14: ='SO MS'!I14 -> 3587.0968 | O14: ='SO MS'!J14 -> 0 | P14: ='SO MS'!K14 -> 13500 | Q14: ='SO MS'!L14 -> 0 | R14: =SUM(J14:Q14) -> 216713.1
B15: =B14+1 -> 46242 | C15: =TEXT(B15,"ddd") -> Sab | D15: =(J15+K15)-F15 -> 30365.489 | E15: =R15-I15 -> 29596.473 | F15: =SUM('SO Agustus 2026 Rev.3'!E15:AS15) -> 158460.51 | G15: =SUM('SO Agustus 2026 Rev.3'!AV15:BB15) -> 11569.016 | H15: =SUM('SO Agustus 2026 Rev.3'!BC15:BE15) -> 17087.097 | I15: =SUM(F15:H15) -> 187116.62 | J15: ='SO MS'!E15 -> 142826 | K15: ='SO MS'!F15 -> 46000 | L15: ='SO MS'!G15 -> 10800 | M15: ='SO MS'!H15 -> 0 | N15: ='SO MS'!I15 -> 3587.0968 | O15: ='SO MS'!J15 -> 0 | P15: ='SO MS'!K15 -> 13500 | Q15: ='SO MS'!L15 -> 0 | R15: =SUM(J15:Q15) -> 216713.1
B16: =B15+1 -> 46243 | C16: =TEXT(B16,"ddd") -> Mgg | D16: =(J16+K16)-F16 -> 60856.566 | E16: =R16-I16 -> 60087.551 | F16: =SUM('SO Agustus 2026 Rev.3'!E16:AS16) -> 127969.43 | G16: =SUM('SO Agustus 2026 Rev.3'!AV16:BB16) -> 11569.016 | H16: =SUM('SO Agustus 2026 Rev.3'!BC16:BE16) -> 17087.097 | I16: =SUM(F16:H16) -> 156625.55 | J16: ='SO MS'!E16 -> 142826 | K16: ='SO MS'!F16 -> 46000 | L16: ='SO MS'!G16 -> 10800 | M16: ='SO MS'!H16 -> 0 | N16: ='SO MS'!I16 -> 3587.0968 | O16: ='SO MS'!J16 -> 0 | P16: ='SO MS'!K16 -> 13500 | Q16: ='SO MS'!L16 -> 0 | R16: =SUM(J16:Q16) -> 216713.1
B17: Sub Total | D17: =SUM(D10:D16) -> -19824.649 | E17: =SUM(E10:E16) -> -30817.262 | F17: =SUM(F10:F16) -> 1168730.6 | G17: =SUM(G10:G16) -> 86592.613 | H17: =SUM(H10:H16) -> 119609.68 | I17: =SUM(I10:I16) -> 1374932.9 | J17: =SUM(J10:J16) -> 861226 | K17: =SUM(K10:K16) -> 287680 | ... R17: =SUM(R10:R16) -> 1344115.7
B19: =B16+1 -> 46244 | C19: =TEXT(B19,"ddd") -> Sen | D19: =(J19+K19)-F19 -> 27409.88 | E19: =R19-I19 -> 25518.963 | F19: =SUM('SO Agustus 2026 Rev.3'!E19:AS19) -> 161416.12 | G19: =SUM('SO Agustus 2026 Rev.3'!AV19:BB19) -> 12690.916 | H19: =SUM('SO Agustus 2026 Rev.3'!BC19:BE19) -> 17087.097 | I19: =SUM(F19:H19) -> 191194.13 | J19: ='SO MS'!E19 -> 142826 | K19: ='SO MS'!F19 -> 46000 | L19: ='SO MS'!G19 -> 10800 | M19: ='SO MS'!H19 -> 0 | N19: ='SO MS'!I19 -> 3587.0968 | O19: ='SO MS'!J19 -> 0 | P19: ='SO MS'!K19 -> 13500 | Q19: ='SO MS'!L19 -> 0 | R19: =SUM(J19:Q19) -> 216713.1
B20: =B19+1 -> 46245 | C20: =TEXT(B20,"ddd") -> Sel | D20: =(J20+K20)-F20 -> 27409.88 | E20: =R20-I20 -> 25518.963 | F20: =SUM('SO Agustus 2026 Rev.3'!E20:AS20) -> 161416.12 | G20: =SUM('SO Agustus 2026 Rev.3'!AV20:BB20) -> 12690.916 | H20: =SUM('SO Agustus 2026 Rev.3'!BC20:BE20) -> 17087.097 | I20: =SUM(F20:H20) -> 191194.13 | J20: ='SO MS'!E20 -> 142826 | K20: ='SO MS'!F20 -> 46000 | L20: ='SO MS'!G20 -> 10800 | M20: ='SO MS'!H20 -> 0 | N20: ='SO MS'!I20 -> 3587.0968 | O20: ='SO MS'!J20 -> 0 | P20: ='SO MS'!K20 -> 13500 | Q20: ='SO MS'!L20 -> 0 | R20: =SUM(J20:Q20) -> 216713.1
B21: =B20+1 -> 46246 | C21: =TEXT(B21,"ddd") -> Rab | D21: =(J21+K21)-F21 -> 27409.88 | E21: =R21-I21 -> 25518.963 | F21: =SUM('SO Agustus 2026 Rev.3'!E21:AS21) -> 161416.12 | G21: =SUM('SO Agustus 2026 Rev.3'!AV21:BB21) -> 12690.916 | H21: =SUM('SO Agustus 2026 Rev.3'!BC21:BE21) -> 17087.097 | I21: =SUM(F21:H21) -> 191194.13 | J21: ='SO MS'!E21 -> 142826 | K21: ='SO MS'!F21 -> 46000 | L21: ='SO MS'!G21 -> 10800 | M21: ='SO MS'!H21 -> 0 | N21: ='SO MS'!I21 -> 3587.0968 | O21: ='SO MS'!J21 -> 0 | P21: ='SO MS'!K21 -> 13500 | Q21: ='SO MS'!L21 -> 0 | R21: =SUM(J21:Q21) -> 216713.1
A22: =WEEKNUM(B22) -> 33 | B22: =B21+1 -> 46247 | C22: =TEXT(B22,"ddd") -> Kam | D22: =(J22+K22)-F22 -> 27409.88 | E22: =R22-I22 -> 25518.963 | F22: =SUM('SO Agustus 2026 Rev.3'!E22:AS22) -> 161416.12 | G22: =SUM('SO Agustus 2026 Rev.3'!AV22:BB22) -> 12690.916 | H22: =SUM('SO Agustus 2026 Rev.3'!BC22:BE22) -> 17087.097 | I22: =SUM(F22:H22) -> 191194.13 | J22: ='SO MS'!E22 -> 142826 | K22: ='SO MS'!F22 -> 46000 | L22: ='SO MS'!G22 -> 10800 | M22: ='SO MS'!H22 -> 0 | N22: ='SO MS'!I22 -> 3587.0968 | O22: ='SO MS'!J22 -> 0 | P22: ='SO MS'!K22 -> 13500 | Q22: ='SO MS'!L22 -> 0 | R22: =SUM(J22:Q22) -> 216713.1
B23: =B22+1 -> 46248 | C23: =TEXT(B23,"ddd") -> Jum | D23: =(J23+K23)-F23 -> 27409.88 | E23: =R23-I23 -> 25518.963 | F23: =SUM('SO Agustus 2026 Rev.3'!E23:AS23) -> 161416.12 | G23: =SUM('SO Agustus 2026 Rev.3'!AV23:BB23) -> 12690.916 | H23: =SUM('SO Agustus 2026 Rev.3'!BC23:BE23) -> 17087.097 | I23: =SUM(F23:H23) -> 191194.13 | J23: ='SO MS'!E23 -> 142826 | K23: ='SO MS'!F23 -> 46000 | L23: ='SO MS'!G23 -> 10800 | M23: ='SO MS'!H23 -> 0 | N23: ='SO MS'!I23 -> 3587.0968 | O23: ='SO MS'!J23 -> 0 | P23: ='SO MS'!K23 -> 13500 | Q23: ='SO MS'!L23 -> 0 | R23: =SUM(J23:Q23) -> 216713.1
B24: =B23+1 -> 46249 | C24: =TEXT(B24,"ddd") -> Sab | D24: =(J24+K24)-F24 -> 45209.51 | E24: =R24-I24 -> 44440.494 | F24: =SUM('SO Agustus 2026 Rev.3'!E24:AS24) -> 143616.49 | G24: =SUM('SO Agustus 2026 Rev.3'!AV24:BB24) -> 11569.016 | H24: =SUM('SO Agustus 2026 Rev.3'!BC24:BE24) -> 17087.097 | I24: =SUM(F24:H24) -> 172272.6 | J24: ='SO MS'!E24 -> 142826 | K24: ='SO MS'!F24 -> 46000 | L24: ='SO MS'!G24 -> 10800 | M24: ='SO MS'!H24 -> 0 | N24: ='SO MS'!I24 -> 3587.0968 | O24: ='SO MS'!J24 -> 0 | P24: ='SO MS'!K24 -> 13500 | Q24: ='SO MS'!L24 -> 0 | R24: =SUM(J24:Q24) -> 216713.1
B25: =B24+1 -> 46250 | C25: =TEXT(B25,"ddd") -> Mgg | D25: =(J25+K25)-F25 -> 80700.587 | E25: =R25-I25 -> 79931.571 | F25: =SUM('SO Agustus 2026 Rev.3'!E25:AS25) -> 108125.41 | G25: =SUM('SO Agustus 2026 Rev.3'!AV25:BB25) -> 11569.016 | H25: =SUM('SO Agustus 2026 Rev.3'!BC25:BE25) -> 17087.097 | I25: =SUM(F25:H25) -> 136781.53 | J25: ='SO MS'!E25 -> 142826 | K25: ='SO MS'!F25 -> 46000 | L25: ='SO MS'!G25 -> 10800 | M25: ='SO MS'!H25 -> 0 | N25: ='SO MS'!I25 -> 3587.0968 | O25: ='SO MS'!J25 -> 0 | P25: ='SO MS'!K25 -> 13500 | Q25: ='SO MS'!L25 -> 0 | R25: =SUM(J25:Q25) -> 216713.1
B26: Sub Total | D26: =SUM(D19:D25) -> 262959.5 | E26: =SUM(E19:E25) -> 251966.88 | F26: =SUM(F19:F25) -> 1058822.5 | G26: =SUM(G19:G25) -> 86592.613 | H26: =SUM(H19:H25) -> 119609.68 | I26: =SUM(I19:I25) -> 1265024.8 | J26: =SUM(J19:J25) -> 999782 | K26: =SUM(K19:K25) -> 322000 | ... R26: =SUM(R19:R25) -> 1516991.7
B28: =B25+1 -> 46251 | C28: =TEXT(B28,"ddd") -> Sen | D28: =(J28+K28)-F28 -> 107859.51 | E28: =R28-I28 -> 107090.49 | F28: =SUM('SO Agustus 2026 Rev.3'!E28:AS28) -> 80966.49 | G28: =SUM('SO Agustus 2026 Rev.3'!AV28:BB28) -> 11569.016 | H28: =SUM('SO Agustus 2026 Rev.3'!BC28:BE28) -> 17087.097 | I28: =SUM(F28:H28) -> 109622.6 | J28: ='SO MS'!E28 -> 142826 | K28: ='SO MS'!F28 -> 46000 | L28: ='SO MS'!G28 -> 10800 | M28: ='SO MS'!H28 -> 0 | N28: ='SO MS'!I28 -> 3587.0968 | O28: ='SO MS'!J28 -> 0 | P28: ='SO MS'!K28 -> 13500 | Q28: ='SO MS'!L28 -> 0 | R28: =SUM(J28:Q28) -> 216713.1
B29: =B28+1 -> 46252 | C29: =TEXT(B29,"ddd") -> Sel | D29: =(J29+K29)-F29 -> 31409.88 | E29: =R29-I29 -> 29518.963 | F29: =SUM('SO Agustus 2026 Rev.3'!E29:AS29) -> 157416.12 | G29: =SUM('SO Agustus 2026 Rev.3'!AV29:BB29) -> 12690.916 | H29: =SUM('SO Agustus 2026 Rev.3'!BC29:BE29) -> 17087.097 | I29: =SUM(F29:H29) -> 187194.13 | J29: ='SO MS'!E29 -> 142826 | K29: ='SO MS'!F29 -> 46000 | L29: ='SO MS'!G29 -> 10800 | M29: ='SO MS'!H29 -> 0 | N29: ='SO MS'!I29 -> 3587.0968 | O29: ='SO MS'!J29 -> 0 | P29: ='SO MS'!K29 -> 13500 | Q29: ='SO MS'!L29 -> 0 | R29: =SUM(J29:Q29) -> 216713.1
B30: =B29+1 -> 46253 | C30: =TEXT(B30,"ddd") -> Rab | D30: =(J30+K30)-F30 -> 31409.88 | E30: =R30-I30 -> 29518.963 | F30: =SUM('SO Agustus 2026 Rev.3'!E30:AS30) -> 157416.12 | G30: =SUM('SO Agustus 2026 Rev.3'!AV30:BB30) -> 12690.916 | H30: =SUM('SO Agustus 2026 Rev.3'!BC30:BE30) -> 17087.097 | I30: =SUM(F30:H30) -> 187194.13 | J30: ='SO MS'!E30 -> 142826 | K30: ='SO MS'!F30 -> 46000 | L30: ='SO MS'!G30 -> 10800 | M30: ='SO MS'!H30 -> 0 | N30: ='SO MS'!I30 -> 3587.0968 | O30: ='SO MS'!J30 -> 0 | P30: ='SO MS'!K30 -> 13500 | Q30: ='SO MS'!L30 -> 0 | R30: =SUM(J30:Q30) -> 216713.1
A31: =WEEKNUM(B31) -> 34 | B31: =B30+1 -> 46254 | C31: =TEXT(B31,"ddd") -> Kam | D31: =(J31+K31)-F31 -> 31409.88 | E31: =R31-I31 -> 29518.963 | F31: =SUM('SO Agustus 2026 Rev.3'!E31:AS31) -> 157416.12 | G31: =SUM('SO Agustus 2026 Rev.3'!AV31:BB31) -> 12690.916 | H31: =SUM('SO Agustus 2026 Rev.3'!BC31:BE31) -> 17087.097 | I31: =SUM(F31:H31) -> 187194.13 | J31: ='SO MS'!E31 -> 142826 | K31: ='SO MS'!F31 -> 46000 | L31: ='SO MS'!G31 -> 10800 | M31: ='SO MS'!H31 -> 0 | N31: ='SO MS'!I31 -> 3587.0968 | O31: ='SO MS'!J31 -> 0 | P31: ='SO MS'!K31 -> 13500 | Q31: ='SO MS'!L31 -> 0 | R31: =SUM(J31:Q31) -> 216713.1
B32: =B31+1 -> 46255 | C32: =TEXT(B32,"ddd") -> Jum | D32: =(J32+K32)-F32 -> 31409.88 | E32: =R32-I32 -> 29518.963 | F32: =SUM('SO Agustus 2026 Rev.3'!E32:AS32) -> 157416.12 | G32: =SUM('SO Agustus 2026 Rev.3'!AV32:BB32) -> 12690.916 | H32: =SUM('SO Agustus 2026 Rev.3'!BC32:BE32) -> 17087.097 | I32: =SUM(F32:H32) -> 187194.13 | J32: ='SO MS'!E32 -> 142826 | K32: ='SO MS'!F32 -> 46000 | L32: ='SO MS'!G32 -> 10800 | M32: ='SO MS'!H32 -> 0 | N32: ='SO MS'!I32 -> 3587.0968 | O32: ='SO MS'!J32 -> 0 | P32: ='SO MS'!K32 -> 13500 | Q32: ='SO MS'!L32 -> 0 | R32: =SUM(J32:Q32) -> 216713.1
B33: =B32+1 -> 46256 | C33: =TEXT(B33,"ddd") -> Sab | D33: =(J33+K33)-F33 -> 36209.51 | E33: =R33-I33 -> 35440.494 | F33: =SUM('SO Agustus 2026 Rev.3'!E33:AS33) -> 152616.49 | G33: =SUM('SO Agustus 2026 Rev.3'!AV33:BB33) -> 11569.016 | H33: =SUM('SO Agustus 2026 Rev.3'!BC33:BE33) -> 17087.097 | I33: =SUM(F33:H33) -> 181272.6 | J33: ='SO MS'!E33 -> 142826 | K33: ='SO MS'!F33 -> 46000 | L33: ='SO MS'!G33 -> 10800 | M33: ='SO MS'!H33 -> 0 | N33: ='SO MS'!I33 -> 3587.0968 | O33: ='SO MS'!J33 -> 0 | P33: ='SO MS'!K33 -> 13500 | Q33: ='SO MS'!L33 -> 0 | R33: =SUM(J33:Q33) -> 216713.1
B34: =B33+1 -> 46257 | C34: =TEXT(B34,"ddd") -> Mgg | D34: =(J34+K34)-F34 -> 69200.587 | E34: =R34-I34 -> 68431.571 | F34: =SUM('SO Agustus 2026 Rev.3'!E34:AS34) -> 119625.41 | G34: =SUM('SO Agustus 2026 Rev.3'!AV34:BB34) -> 11569.016 | H34: =SUM('SO Agustus 2026 Rev.3'!BC34:BE34) -> 17087.097 | I34: =SUM(F34:H34) -> 148281.53 | J34: ='SO MS'!E34 -> 142826 | K34: ='SO MS'!F34 -> 46000 | L34: ='SO MS'!G34 -> 10800 | M34: ='SO MS'!H34 -> 0 | N34: ='SO MS'!I34 -> 3587.0968 | O34: ='SO MS'!J34 -> 0 | P34: ='SO MS'!K34 -> 13500 | Q34: ='SO MS'!L34 -> 0 | R34: =SUM(J34:Q34) -> 216713.1
B35: Sub Total | D35: =SUM(D28:D34) -> 338909.13 | E35: =SUM(E28:E34) -> 329038.41 | F35: =SUM(F28:F34) -> 982872.87 | G35: =SUM(G28:G34) -> 85470.712 | H35: =SUM(H28:H34) -> 119609.68 | I35: =SUM(I28:I34) -> 1187953.3 | J35: =SUM(J28:J34) -> 999782 | K35: =SUM(K28:K34) -> 322000 | ... R35: =SUM(R28:R34) -> 1516991.7
B37: =B34+1 -> 46258 | C37: =TEXT(B37,"ddd") -> Sen | D37: =(J37+K37)-F37 -> 15409.88 | E37: =R37-I37 -> 13518.963 | F37: =SUM('SO Agustus 2026 Rev.3'!E37:AS37) -> 173416.12 | G37: =SUM('SO Agustus 2026 Rev.3'!AV37:BB37) -> 12690.916 | H37: =SUM('SO Agustus 2026 Rev.3'!BC37:BE37) -> 17087.097 | I37: =SUM(F37:H37) -> 203194.13 | J37: ='SO MS'!E37 -> 142826 | K37: ='SO MS'!F37 -> 46000 | L37: ='SO MS'!G37 -> 10800 | M37: ='SO MS'!H37 -> 0 | N37: ='SO MS'!I37 -> 3587.0968 | O37: ='SO MS'!J37 -> 0 | P37: ='SO MS'!K37 -> 13500 | Q37: ='SO MS'!L37 -> 0 | R37: =SUM(J37:Q37) -> 216713.1
B38: =B37+1 -> 46259 | C38: =TEXT(B38,"ddd") -> Sel | D38: =(J38+K38)-F38 -> 31409.88 | E38: =R38-I38 -> 29518.963 | F38: =SUM('SO Agustus 2026 Rev.3'!E38:AS38) -> 157416.12 | G38: =SUM('SO Agustus 2026 Rev.3'!AV38:BB38) -> 12690.916 | H38: =SUM('SO Agustus 2026 Rev.3'!BC38:BE38) -> 17087.097 | I38: =SUM(F38:H38) -> 187194.13 | J38: ='SO MS'!E38 -> 142826 | K38: ='SO MS'!F38 -> 46000 | L38: ='SO MS'!G38 -> 10800 | M38: ='SO MS'!H38 -> 0 | N38: ='SO MS'!I38 -> 3587.0968 | O38: ='SO MS'!J38 -> 0 | P38: ='SO MS'!K38 -> 13500 | Q38: ='SO MS'!L38 -> 0 | R38: =SUM(J38:Q38) -> 216713.1
B39: =B38+1 -> 46260 | C39: =TEXT(B39,"ddd") -> Rab | D39: =(J39+K39)-F39 -> 15409.88 | E39: =R39-I39 -> 13518.963 | F39: =SUM('SO Agustus 2026 Rev.3'!E39:AS39) -> 173416.12 | G39: =SUM('SO Agustus 2026 Rev.3'!AV39:BB39) -> 12690.916 | H39: =SUM('SO Agustus 2026 Rev.3'!BC39:BE39) -> 17087.097 | I39: =SUM(F39:H39) -> 203194.13 | J39: ='SO MS'!E39 -> 142826 | K39: ='SO MS'!F39 -> 46000 | L39: ='SO MS'!G39 -> 10800 | M39: ='SO MS'!H39 -> 0 | N39: ='SO MS'!I39 -> 3587.0968 | O39: ='SO MS'!J39 -> 0 | P39: ='SO MS'!K39 -> 13500 | Q39: ='SO MS'!L39 -> 0 | R39: =SUM(J39:Q39) -> 216713.1
A40: =WEEKNUM(B40) -> 35 | B40: =B39+1 -> 46261 | C40: =TEXT(B40,"ddd") -> Kam | D40: =(J40+K40)-F40 -> 15409.88 | E40: =R40-I40 -> 13518.963 | F40: =SUM('SO Agustus 2026 Rev.3'!E40:AS40) -> 173416.12 | G40: =SUM('SO Agustus 2026 Rev.3'!AV40:BB40) -> 12690.916 | H40: =SUM('SO Agustus 2026 Rev.3'!BC40:BE40) -> 17087.097 | I40: =SUM(F40:H40) -> 203194.13 | J40: ='SO MS'!E40 -> 142826 | K40: ='SO MS'!F40 -> 46000 | L40: ='SO MS'!G40 -> 10800 | M40: ='SO MS'!H40 -> 0 | N40: ='SO MS'!I40 -> 3587.0968 | O40: ='SO MS'!J40 -> 0 | P40: ='SO MS'!K40 -> 13500 | Q40: ='SO MS'!L40 -> 0 | R40: =SUM(J40:Q40) -> 216713.1
B41: =B40+1 -> 46262 | C41: =TEXT(B41,"ddd") -> Jum | D41: =(J41+K41)-F41 -> 15409.88 | E41: =R41-I41 -> 13518.963 | F41: =SUM('SO Agustus 2026 Rev.3'!E41:AS41) -> 173416.12 | G41: =SUM('SO Agustus 2026 Rev.3'!AV41:BB41) -> 12690.916 | H41: =SUM('SO Agustus 2026 Rev.3'!BC41:BE41) -> 17087.097 | I41: =SUM(F41:H41) -> 203194.13 | J41: ='SO MS'!E41 -> 142826 | K41: ='SO MS'!F41 -> 46000 | L41: ='SO MS'!G41 -> 10800 | M41: ='SO MS'!H41 -> 0 | N41: ='SO MS'!I41 -> 3587.0968 | O41: ='SO MS'!J41 -> 0 | P41: ='SO MS'!K41 -> 13500 | Q41: ='SO MS'!L41 -> 0 | R41: =SUM(J41:Q41) -> 216713.1
B42: =B41+1 -> 46263 | C42: =TEXT(B42,"ddd") -> Sab | D42: =(J42+K42)-F42 -> 36209.51 | E42: =R42-I42 -> 35440.494 | F42: =SUM('SO Agustus 2026 Rev.3'!E42:AS42) -> 152616.49 | G42: =SUM('SO Agustus 2026 Rev.3'!AV42:BB42) -> 11569.016 | H42: =SUM('SO Agustus 2026 Rev.3'!BC42:BE42) -> 17087.097 | I42: =SUM(F42:H42) -> 181272.6 | J42: ='SO MS'!E42 -> 142826 | K42: ='SO MS'!F42 -> 46000 | L42: ='SO MS'!G42 -> 10800 | M42: ='SO MS'!H42 -> 0 | N42: ='SO MS'!I42 -> 3587.0968 | O42: ='SO MS'!J42 -> 0 | P42: ='SO MS'!K42 -> 13500 | Q42: ='SO MS'!L42 -> 0 | R42: =SUM(J42:Q42) -> 216713.1
B43: =B42+1 -> 46264 | C43: =TEXT(B43,"ddd") -> Mgg | D43: =(J43+K43)-F43 -> 68200.587 | E43: =R43-I43 -> 67431.571 | F43: =SUM('SO Agustus 2026 Rev.3'!E43:AS43) -> 120625.41 | G43: =SUM('SO Agustus 2026 Rev.3'!AV43:BB43) -> 11569.016 | H43: =SUM('SO Agustus 2026 Rev.3'!BC43:BE43) -> 17087.097 | I43: =SUM(F43:H43) -> 149281.53 | J43: ='SO MS'!E43 -> 142826 | K43: ='SO MS'!F43 -> 46000 | L43: ='SO MS'!G43 -> 10800 | M43: ='SO MS'!H43 -> 0 | N43: ='SO MS'!I43 -> 3587.0968 | O43: ='SO MS'!J43 -> 0 | P43: ='SO MS'!K43 -> 13500 | Q43: ='SO MS'!L43 -> 0 | R43: =SUM(J43:Q43) -> 216713.1
B44: Sub Total | D44: =SUM(D37:D43) -> 197459.5 | E44: =SUM(E37:E43) -> 186466.88 | F44: =SUM(F37:F43) -> 1124322.5 | G44: =SUM(G37:G43) -> 86592.613 | H44: =SUM(H37:H43) -> 119609.68 | I44: =SUM(I37:I43) -> 1330524.8 | J44: =SUM(J37:J43) -> 999782 | K44: =SUM(K37:K43) -> 322000 | ... R44: =SUM(R37:R43) -> 1516991.7
B46: =B43+1 -> 46265 | C46: =TEXT(B46,"ddd") -> Sen | D46: =(J46+K46)-F46 -> 22409.88 | E46: =R46-I46 -> 20518.963 | F46: =SUM('SO Agustus 2026 Rev.3'!E46:AS46) -> 166416.12 | G46: =SUM('SO Agustus 2026 Rev.3'!AV46:BB46) -> 12690.916 | H46: =SUM('SO Agustus 2026 Rev.3'!BC46:BE46) -> 17087.097 | I46: =SUM(F46:H46) -> 196194.13 | J46: ='SO MS'!E37 -> 142826 | K46: ='SO MS'!F46 -> 46000 | L46: ='SO MS'!G46 -> 10800 | M46: ='SO MS'!H46 -> 0 | N46: ='SO MS'!I46 -> 3587.0968 | O46: ='SO MS'!J46 -> 0 | P46: ='SO MS'!K46 -> 13500 | Q46: ='SO MS'!L46 -> 0 | R46: =SUM(J46:Q46) -> 216713.1
D47: =SUM(D45:D46) -> 22409.88 | E47: =SUM(E45:E46) -> 20518.963 | F47: =SUM(F45:F46) -> 166416.12 | G47: =SUM(G45:G46) -> 12690.916 | H47: =SUM(H45:H46) -> 17087.097 | I47: =SUM(I45:I46) -> 196194.13 | J47: =SUM(J45:J46) -> 142826 | K47: =SUM(K45:K46) -> 46000 | ... R47: =SUM(R45:R46) -> 216713.1
B49: Sub Total | D49: =D8+D17+D26+D35+D44+D47 -> 800737.4 | E49: =E8+E17+E26+E35+E44+E47 -> 754459.9 | F49: =F8+F17+F26+F35+F44+F47 -> 4787594.6 | G49: =G8+G17+G26+G35+G44+G47 -> 381077.5 | H49: =H8+H17+H26+H35+H44+H47 -> 529700 | I49: =I8+I17+I26+I35+I44+I47 -> 5698372.1 | J49: =J8+J17+J26+J35+J44+J47 -> 4219772 | K49: =K8+K17+K26+K35+K44+K47 -> 1368560 | ... R49: =R8+R17+R26+R35+R44+R47 -> 6452832
B50: Total | D50: =SUM(D37:D43,D28:D34,D18:D25,D9:D16,D6:D7)+D46 -> 800737.4 | E50: =SUM(E37:E43,E28:E34,E18:E25,E9:E16,E6:E7)+E46 -> 754459.9 | F50: =SUM(F37:F43,F28:F34,F18:F25,F9:F16,F6:F7)+F46 -> 4787594.6 | G50: =SUM(G37:G43,G28:G34,G18:G25,G9:G16,G6:G7)+G46 -> 381077.5 | H50: =SUM(H37:H43,H28:H34,H18:H25,H9:H16,H6:H7)+H46 -> 529700 | I50: =SUM(I37:I43,I28:I34,I18:I25,I9:I16,I6:I7)+I46 -> 5698372.1 | J50: =SUM(J37:J43,J28:J34,J18:J25,J9:J16,J6:J7)+J46 -> 4219772 | K50: =SUM(K37:K43,K28:K34,K18:K25,K9:K16,K6:K7)+K46 -> 1368560 | ... R50: =SUM(R37:R43,R28:R34,R18:R25,R9:R16,R6:R7)+R46 -> 6452832

Sheet SO MS
A1: SALES ORDER GAS
A4: ='SO FOB Agustus 2026'!A4 -> 46235
A5: Week | B5: DATE | D5: TOTAL | E5: MS SETU | F5: MS KHT | G5: MS BLORA | H5: MS BITUNG | I5: MS ZEBRA | J5: MS TAMBAKLOROK | K5: MS BaGS | L5: MS SADANG
A6: =WEEKNUM(B6) -> 31 | B6: =A4 -> 46235 | C6: =TEXT(B6,"ddd") -> Sab | D6: =SUM(E6:O6) -> 170394.1 | E6: 108187 | F6: =1.43*24000 -> 34320 | G6: =0.45*24000 -> 10800 | H6: 0 | I6: ='SO Agustus 2026 Rev.3'!BC6+'SO Agustus 2026 Rev.3'!BD6 -> 3587.0968 | J6: 0 | K6: ='SO Agustus 2026 Rev.3'!BE6 -> 13500 | L6: ='Summary sales'!L8 -> 0
B7: =B6+1 -> 46236 | C7: =TEXT(B7,"ddd") -> Mgg | D7: =SUM(E7:O7) -> 170634.1 | E7: 108187 | F7: =1.44*24000 -> 34560 | G7: =0.45*24000 -> 10800 | H7: 0 | I7: ='SO Agustus 2026 Rev.3'!BC7+'SO Agustus 2026 Rev.3'!BD7 -> 3587.0968 | J7: 0 | K7: ='SO Agustus 2026 Rev.3'!BE7 -> 13500 | L7: ='Summary sales'!L9 -> 0
B8: Sub Total | D8: =SUM(D6:D7) -> 341028.19 | E8: =SUM(E6:E7) -> 216374 | F8: =SUM(F6:F7) -> 68880 | G8: =SUM(G6:G7) -> 21600 | H8: =SUM(H6:H7) -> 0 | I8: =SUM(I6:I7) -> 7174.1935 | J8: =SUM(J6:J7) -> 0 | K8: =SUM(K6:K7) -> 27000 | L8: =SUM(L6:L7) -> 0
B10: =B7+1 -> 46237 | C10: =TEXT(B10,"ddd") -> Sen | D10: =SUM(E10:O10) -> 170634.1 | E10: 108187 | F10: =1.44*24000 -> 34560 | G10: =0.45*24000 -> 10800 | H10: 0 | I10: ='SO Agustus 2026 Rev.3'!BC10+'SO Agustus 2026 Rev.3'!BD10 -> 3587.0968 | J10: 0 | K10: ='SO Agustus 2026 Rev.3'!BE10 -> 13500 | L10: ='Summary sales'!L12 -> 0
B11: =B10+1 -> 46238 | C11: =TEXT(B11,"ddd") -> Sel | D11: =SUM(E11:O11) -> 170634.1 | E11: 108187 | F11: =1.44*24000 -> 34560 | G11: =0.45*24000 -> 10800 | H11: 0 | I11: ='SO Agustus 2026 Rev.3'!BC11+'SO Agustus 2026 Rev.3'!BD11 -> 3587.0968 | J11: 0 | K11: ='SO Agustus 2026 Rev.3'!BE11 -> 13500 | L11: ='Summary sales'!L13 -> 0
B12: =B11+1 -> 46239 | C12: =TEXT(B12,"ddd") -> Rab | D12: =SUM(E12:O12) -> 170634.1 | E12: 108187 | F12: =1.44*24000 -> 34560 | G12: =0.45*24000 -> 10800 | H12: 0 | I12: ='SO Agustus 2026 Rev.3'!BC12+'SO Agustus 2026 Rev.3'!BD12 -> 3587.0968 | J12: 0 | K12: ='SO Agustus 2026 Rev.3'!BE12 -> 13500 | L12: ='Summary sales'!L14 -> 0
A13: =WEEKNUM(B13) -> 32 | B13: =B12+1 -> 46240 | C13: =TEXT(B13,"ddd") -> Kam | D13: =SUM(E13:O13) -> 182074.1 | E13: 108187 | F13: 46000 | G13: =0.45*24000 -> 10800 | H13: 0 | I13: ='SO Agustus 2026 Rev.3'!BC13+'SO Agustus 2026 Rev.3'!BD13 -> 3587.0968 | J13: 0 | K13: ='SO Agustus 2026 Rev.3'!BE13 -> 13500 | L13: ='Summary sales'!L15 -> 0
B14: =B13+1 -> 46241 | C14: =TEXT(B14,"ddd") -> Jum | D14: =SUM(E14:O14) -> 216713.1 | E14: 142826 | F14: 46000 | G14: =0.45*24000 -> 10800 | H14: 0 | I14: ='SO Agustus 2026 Rev.3'!BC14+'SO Agustus 2026 Rev.3'!BD14 -> 3587.0968 | J14: 0 | K14: ='SO Agustus 2026 Rev.3'!BE14 -> 13500 | L14: ='Summary sales'!L16 -> 0
B15: =B14+1 -> 46242 | C15: =TEXT(B15,"ddd") -> Sab | D15: =SUM(E15:O15) -> 216713.1 | E15: 142826 | F15: 46000 | G15: =0.45*24000 -> 10800 | H15: 0 | I15: ='SO Agustus 2026 Rev.3'!BC15+'SO Agustus 2026 Rev.3'!BD15 -> 3587.0968 | J15: 0 | K15: ='SO Agustus 2026 Rev.3'!BE15 -> 13500 | L15: ='Summary sales'!L17 -> 0
B16: =B15+1 -> 46243 | C16: =TEXT(B16,"ddd") -> Mgg | D16: =SUM(E16:O16) -> 216713.1 | E16: 142826 | F16: 46000 | G16: =0.45*24000 -> 10800 | H16: 0 | I16: ='SO Agustus 2026 Rev.3'!BC16+'SO Agustus 2026 Rev.3'!BD16 -> 3587.0968 | J16: 0 | K16: ='SO Agustus 2026 Rev.3'!BE16 -> 13500 | L16: ='Summary sales'!L18 -> 0
B17: Sub Total | D17: =SUM(D10:D16) -> 1344115.7 | E17: =SUM(E10:E16) -> 861226 | F17: =SUM(F10:F16) -> 287680 | G17: =SUM(G10:G16) -> 75600 | H17: =SUM(H10:H16) -> 0 | I17: =SUM(I10:I16) -> 25109.677 | J17: =SUM(J10:J16) -> 0 | K17: =SUM(K10:K16) -> 94500 | L17: =SUM(L10:L16) -> 0
B19: =B16+1 -> 46244 | C19: =TEXT(B19,"ddd") -> Sen | D19: =SUM(E19:O19) -> 216713.1 | E19: 142826 | F19: 46000 | G19: =0.45*24000 -> 10800 | H19: 0 | I19: ='SO Agustus 2026 Rev.3'!BC19+'SO Agustus 2026 Rev.3'!BD19 -> 3587.0968 | J19: 0 | K19: ='SO Agustus 2026 Rev.3'!BE19 -> 13500 | L19: ='Summary sales'!L21 -> 0
B20: =B19+1 -> 46245 | C20: =TEXT(B20,"ddd") -> Sel | D20: =SUM(E20:O20) -> 216713.1 | E20: 142826 | F20: 46000 | G20: =0.45*24000 -> 10800 | H20: 0 | I20: ='SO Agustus 2026 Rev.3'!BC20+'SO Agustus 2026 Rev.3'!BD20 -> 3587.0968 | J20: 0 | K20: ='SO Agustus 2026 Rev.3'!BE20 -> 13500 | L20: ='Summary sales'!L22 -> 0
B21: =B20+1 -> 46246 | C21: =TEXT(B21,"ddd") -> Rab | D21: =SUM(E21:O21) -> 216713.1 | E21: 142826 | F21: 46000 | G21: =0.45*24000 -> 10800 | H21: 0 | I21: ='SO Agustus 2026 Rev.3'!BC21+'SO Agustus 2026 Rev.3'!BD21 -> 3587.0968 | J21: 0 | K21: ='SO Agustus 2026 Rev.3'!BE21 -> 13500 | L21: ='Summary sales'!L23 -> 0
A22: =WEEKNUM(B22) -> 33 | B22: =B21+1 -> 46247 | C22: =TEXT(B22,"ddd") -> Kam | D22: =SUM(E22:O22) -> 216713.1 | E22: 142826 | F22: 46000 | G22: =0.45*24000 -> 10800 | H22: 0 | I22: ='SO Agustus 2026 Rev.3'!BC22+'SO Agustus 2026 Rev.3'!BD22 -> 3587.0968 | J22: 0 | K22: ='SO Agustus 2026 Rev.3'!BE22 -> 13500 | L22: ='Summary sales'!L24 -> 0
B23: =B22+1 -> 46248 | C23: =TEXT(B23,"ddd") -> Jum | D23: =SUM(E23:O23) -> 216713.1 | E23: 142826 | F23: 46000 | G23: =0.45*24000 -> 10800 | H23: 0 | I23: ='SO Agustus 2026 Rev.3'!BC23+'SO Agustus 2026 Rev.3'!BD23 -> 3587.0968 | J23: 0 | K23: ='SO Agustus 2026 Rev.3'!BE23 -> 13500 | L23: ='Summary sales'!L25 -> 0
B24: =B23+1 -> 46249 | C24: =TEXT(B24,"ddd") -> Sab | D24: =SUM(E24:O24) -> 216713.1 | E24: 142826 | F24: 46000 | G24: =0.45*24000 -> 10800 | H24: 0 | I24: ='SO Agustus 2026 Rev.3'!BC24+'SO Agustus 2026 Rev.3'!BD24 -> 3587.0968 | J24: 0 | K24: ='SO Agustus 2026 Rev.3'!BE24 -> 13500 | L24: ='Summary sales'!L26 -> 0
B25: =B24+1 -> 46250 | C25: =TEXT(B25,"ddd") -> Mgg | D25: =SUM(E25:O25) -> 216713.1 | E25: 142826 | F25: 46000 | G25: =0.45*24000 -> 10800 | H25: 0 | I25: ='SO Agustus 2026 Rev.3'!BC25+'SO Agustus 2026 Rev.3'!BD25 -> 3587.0968 | J25: 0 | K25: ='SO Agustus 2026 Rev.3'!BE25 -> 13500 | L25: ='Summary sales'!L27 -> 0
B26: Sub Total | D26: =SUM(D19:D25) -> 1516991.7 | E26: =SUM(E19:E25) -> 999782 | F26: =SUM(F19:F25) -> 322000 | G26: =SUM(G19:G25) -> 75600 | H26: =SUM(H19:H25) -> 0 | I26: =SUM(I19:I25) -> 25109.677 | J26: =SUM(J19:J25) -> 0 | K26: =SUM(K19:K25) -> 94500 | L26: =SUM(L19:L25) -> 0
B28: =B25+1 -> 46251 | C28: =TEXT(B28,"ddd") -> Sen | D28: =SUM(E28:O28) -> 216713.1 | E28: 142826 | F28: 46000 | G28: =0.45*24000 -> 10800 | H28: 0 | I28: ='SO Agustus 2026 Rev.3'!BC28+'SO Agustus 2026 Rev.3'!BD28 -> 3587.0968 | J28: 0 | K28: ='SO Agustus 2026 Rev.3'!BE28 -> 13500 | L28: ='Summary sales'!L30 -> 0
B29: =B28+1 -> 46252 | C29: =TEXT(B29,"ddd") -> Sel | D29: =SUM(E29:O29) -> 216713.1 | E29: 142826 | F29: 46000 | G29: =0.45*24000 -> 10800 | H29: 0 | I29: ='SO Agustus 2026 Rev.3'!BC29+'SO Agustus 2026 Rev.3'!BD29 -> 3587.0968 | J29: 0 | K29: ='SO Agustus 2026 Rev.3'!BE29 -> 13500 | L29: ='Summary sales'!L31 -> 0
B30: =B29+1 -> 46253 | C30: =TEXT(B30,"ddd") -> Rab | D30: =SUM(E30:O30) -> 216713.1 | E30: 142826 | F30: 46000 | G30: =0.45*24000 -> 10800 | H30: 0 | I30: ='SO Agustus 2026 Rev.3'!BC30+'SO Agustus 2026 Rev.3'!BD30 -> 3587.0968 | J30: 0 | K30: ='SO Agustus 2026 Rev.3'!BE30 -> 13500 | L30: ='Summary sales'!L32 -> 0
A31: =WEEKNUM(B31) -> 34 | B31: =B30+1 -> 46254 | C31: =TEXT(B31,"ddd") -> Kam | D31: =SUM(E31:O31) -> 216713.1 | E31: 142826 | F31: 46000 | G31: =0.45*24000 -> 10800 | H31: 0 | I31: ='SO Agustus 2026 Rev.3'!BC31+'SO Agustus 2026 Rev.3'!BD31 -> 3587.0968 | J31: 0 | K31: ='SO Agustus 2026 Rev.3'!BE31 -> 13500 | L31: ='Summary sales'!L33 -> 0
B32: =B31+1 -> 46255 | C32: =TEXT(B32,"ddd") -> Jum | D32: =SUM(E32:O32) -> 216713.1 | E32: 142826 | F32: 46000 | G32: =0.45*24000 -> 10800 | H32: 0 | I32: ='SO Agustus 2026 Rev.3'!BC32+'SO Agustus 2026 Rev.3'!BD32 -> 3587.0968 | J32: 0 | K32: ='SO Agustus 2026 Rev.3'!BE32 -> 13500 | L32: ='Summary sales'!L34 -> 0
B33: =B32+1 -> 46256 | C33: =TEXT(B33,"ddd") -> Sab | D33: =SUM(E33:O33) -> 216713.1 | E33: 142826 | F33: 46000 | G33: =0.45*24000 -> 10800 | H33: 0 | I33: ='SO Agustus 2026 Rev.3'!BC33+'SO Agustus 2026 Rev.3'!BD33 -> 3587.0968 | J33: 0 | K33: ='SO Agustus 2026 Rev.3'!BE33 -> 13500 | L33: ='Summary sales'!L35 -> 0
B34: =B33+1 -> 46257 | C34: =TEXT(B34,"ddd") -> Mgg | D34: =SUM(E34:O34) -> 216713.1 | E34: 142826 | F34: 46000 | G34: =0.45*24000 -> 10800 | H34: 0 | I34: ='SO Agustus 2026 Rev.3'!BC34+'SO Agustus 2026 Rev.3'!BD34 -> 3587.0968 | J34: 0 | K34: ='SO Agustus 2026 Rev.3'!BE34 -> 13500 | L34: ='Summary sales'!L36 -> 0
B35: Sub Total | D35: =SUM(D28:D34) -> 1516991.7 | E35: =SUM(E28:E34) -> 999782 | F35: =SUM(F28:F34) -> 322000 | G35: =SUM(G28:G34) -> 75600 | H35: =SUM(H28:H34) -> 0 | I35: =SUM(I28:I34) -> 25109.677 | J35: =SUM(J28:J34) -> 0 | K35: =SUM(K28:K34) -> 94500 | L35: =SUM(L28:L34) -> 0
B37: =B34+1 -> 46258 | C37: =TEXT(B37,"ddd") -> Sen | D37: =SUM(E37:O37) -> 216713.1 | E37: 142826 | F37: 46000 | G37: =0.45*24000 -> 10800 | H37: 0 | I37: ='SO Agustus 2026 Rev.3'!BC37+'SO Agustus 2026 Rev.3'!BD37 -> 3587.0968 | J37: 0 | K37: ='SO Agustus 2026 Rev.3'!BE37 -> 13500 | L37: ='Summary sales'!L39 -> 0
B38: =B37+1 -> 46259 | C38: =TEXT(B38,"ddd") -> Sel | D38: =SUM(E38:O38) -> 216713.1 | E38: 142826 | F38: 46000 | G38: =0.45*24000 -> 10800 | H38: 0 | I38: ='SO Agustus 2026 Rev.3'!BC38+'SO Agustus 2026 Rev.3'!BD38 -> 3587.0968 | J38: 0 | K38: ='SO Agustus 2026 Rev.3'!BE38 -> 13500 | L38: ='Summary sales'!L40 -> 0
B39: =B38+1 -> 46260 | C39: =TEXT(B39,"ddd") -> Rab | D39: =SUM(E39:O39) -> 216713.1 | E39: 142826 | F39: 46000 | G39: =0.45*24000 -> 10800 | H39: 0 | I39: ='SO Agustus 2026 Rev.3'!BC39+'SO Agustus 2026 Rev.3'!BD39 -> 3587.0968 | J39: 0 | K39: ='SO Agustus 2026 Rev.3'!BE39 -> 13500 | L39: ='Summary sales'!L41 -> 0
A40: =WEEKNUM(B40) -> 35 | B40: =B39+1 -> 46261 | C40: =TEXT(B40,"ddd") -> Kam | D40: =SUM(E40:O40) -> 216713.1 | E40: 142826 | F40: 46000 | G40: =0.45*24000 -> 10800 | H40: 0 | I40: ='SO Agustus 2026 Rev.3'!BC40+'SO Agustus 2026 Rev.3'!BD40 -> 3587.0968 | J40: 0 | K40: ='SO Agustus 2026 Rev.3'!BE40 -> 13500 | L40: ='Summary sales'!L42 -> 0
B41: =B40+1 -> 46262 | C41: =TEXT(B41,"ddd") -> Jum | D41: =SUM(E41:O41) -> 216713.1 | E41: 142826 | F41: 46000 | G41: =0.45*24000 -> 10800 | H41: 0 | I41: ='SO Agustus 2026 Rev.3'!BC41+'SO Agustus 2026 Rev.3'!BD41 -> 3587.0968 | J41: 0 | K41: ='SO Agustus 2026 Rev.3'!BE41 -> 13500 | L41: ='Summary sales'!L43 -> 0
B42: =B41+1 -> 46263 | C42: =TEXT(B42,"ddd") -> Sab | D42: =SUM(E42:O42) -> 216713.1 | E42: 142826 | F42: 46000 | G42: =0.45*24000 -> 10800 | H42: 0 | I42: ='SO Agustus 2026 Rev.3'!BC42+'SO Agustus 2026 Rev.3'!BD42 -> 3587.0968 | J42: 0 | K42: ='SO Agustus 2026 Rev.3'!BE42 -> 13500 | L42: ='Summary sales'!L44 -> 0
B43: =B42+1 -> 46264 | C43: =TEXT(B43,"ddd") -> Mgg | D43: =SUM(E43:O43) -> 216713.1 | E43: 142826 | F43: 46000 | G43: =0.45*24000 -> 10800 | H43: 0 | I43: ='SO Agustus 2026 Rev.3'!BC43+'SO Agustus 2026 Rev.3'!BD43 -> 3587.0968 | J43: 0 | K43: ='SO Agustus 2026 Rev.3'!BE43 -> 13500 | L43: ='Summary sales'!L45 -> 0
B44: Sub Total | D44: =SUM(D37:D43) -> 1516991.7 | E44: =SUM(E37:E43) -> 999782 | F44: =SUM(F37:F43) -> 322000 | G44: =SUM(G37:G43) -> 75600 | H44: =SUM(H37:H43) -> 0 | I44: =SUM(I37:I43) -> 25109.677 | J44: =SUM(J37:J43) -> 0 | K44: =SUM(K37:K43) -> 94500 | L44: =SUM(L37:L43) -> 0
B46: =B43+1 -> 46265 | C46: =TEXT(B46,"ddd") -> Sen | D46: =SUM(E46:O46) -> 216713.1 | E46: 142826 | F46: 46000 | G46: =0.45*24000 -> 10800 | H46: 0 | I46: ='SO Agustus 2026 Rev.3'!BC46+'SO Agustus 2026 Rev.3'!BD46 -> 3587.0968 | J46: 0 | K46: ='SO Agustus 2026 Rev.3'!BE46 -> 13500 | L46: ='Summary sales'!L48 -> 0
B47: Sub Total | D47: =SUM(D45:D46) -> 216713.1 | E47: =SUM(E45:E46) -> 142826 | F47: =SUM(F45:F46) -> 46000 | G47: =SUM(G45:G46) -> 10800 | H47: =SUM(H45:H46) -> 0 | I47: =SUM(I45:I46) -> 3587.0968 | J47: =SUM(J45:J46) -> 0 | K47: =SUM(K45:K46) -> 13500 | L47: =SUM(L45:L46) -> 0
B49: Sub Total | D49: =D8+D17+D26+D35+D44+D47 -> 6452832 | E49: =E8+E17+E26+E35+E44+E47 -> 4219772 | F49: =F8+F17+F26+F35+F44+F47 -> 1368560 | G49: =G8+G17+G26+G35+G44+G47 -> 334800 | H49: =H8+H17+H26+H35+H44+H47 -> 0 | I49: =I8+I17+I26+I35+I44+I47 -> 111200 | J49: =J8+J17+J26+J35+J44+J47 -> 0 | K49: =K8+K17+K26+K35+K44+K47 -> 418500 | L49: =L8+L17+L26+L35+L44+L47 -> 0
B50: Total | D50: =SUM(D37:D43,D28:D34,D18:D25,D9:D16,D6:D7)+D46 -> 6452832 | E50: =SUM(E37:E43,E28:E34,E18:E25,E9:E16,E6:E7)+E46 -> 4219772 | F50: =SUM(F37:F43,F28:F34,F18:F25,F9:F16,F6:F7)+F46 -> 1368560 | G50: =SUM(G37:G43,G28:G34,G18:G25,G9:G16,G6:G7)+G46 -> 334800 | H50: =SUM(H37:H43,H28:H34,H18:H25,H9:H16,H6:H7)+H46 -> 0 | I50: =SUM(I37:I43,I28:I34,I18:I25,I9:I16,I6:I7)+I46 -> 111200 | J50: =SUM(J37:J43,J28:J34,J18:J25,J9:J16,J6:J7)+J46 -> 0 | K50: =SUM(K37:K43,K28:K34,K18:K25,K9:K16,K6:K7)+K46 -> 418500 | L50: =SUM(L37:L43,L28:L34,L18:L25,L9:L16,L6:L7)+L46 -> 0

Sheet Daily Sales
A1: Daily Sales
A2: 46235 | H2: =H19/24 -> 49.982204 | L2: =L19/24 -> 54.166667 | P2: =P19/24 -> 50 | T2: =T19/24 -> 137.5 | X2: =X19/24 -> 33.333333 | AB2: =AB19/24 -> 6.25 | AF2: =AF19/24 -> 25.156801 | AJ2: =AJ19/24 -> 28.053145 | AN2: =AN19/24 -> 229.16667 | AR2: =AR19/24 -> 208.33333 | AV2: =AV19/24 -> 104.16667 | AZ2: =AZ19/24 -> 20.833333 | BD2: =BD19/24 -> 429.16667 | BH2: =BH19/24 -> 375.00238 | BL2: =BL19/24 -> 41.666667 | BP2: =BP19/24 -> 229.16667 | BT2: =BT19/24 -> 62.5 | CB2: =CB19/24 -> 145.83333 | CF2: =CF19/24 -> 54.166667 | CJ2: =CJ19/12 -> 250 | CN2: =CN19/24 -> 270.83333 | CR2: =CR39/24 -> 500 | CV2: =CV19/24 -> 666.66667 | CZ2: =CZ19/24 -> 83.333333 | DD2: =DD19/24 -> 33.333333 | DH2: =DH19/24 -> 300 | DL2: =DL19/17 -> 117.64706 | DP2: =DP19/24 -> 83.333333 | DT2: =DT19/24 -> 41.666667 | DX2: =DX19/24 -> 458.33333 | EB2: =EB19/24 -> 83.333333 | EF2: =EF19/24 -> 166.66667 | EJ2: =EJ19/24 -> 291.66667 | EN2: =EN19/24 -> 208.33333 | ER2: =ER33/24 -> 791.66667 | EV2: =EV19/16 -> 500 | EZ2: =EZ19/24 -> 145.83333 | FP2: =FP19/24 -> 270.83333 | FT2: =FT19/24 -> 145.83333 | FX2: =FX19/24 -> 83.333333 | GB2: =GB19/24 -> 15.400446 | GF2: =GF19/24 -> 562.5 | GJ2: =GJ19/24 -> 46.745847 | GV2: =GV19/24 -> 104.15427 | GZ2: =GZ19/24 -> 0
A3: Week | B3: DATE | C3: DAY | D3: Total | H3: CLIN | L3: BI | P3: MKG | T3: STM | X3: OAJ | AB3: SHB | AF3: GTL | AJ3: TWK | AN3: BYC | AR3: GF RANCA | AV3: SMA | AZ3: ADP | BD3: HLI | BH3: CERES | BL3: ALT (KSO MASAMI) | BP3: IDP (KSO AAE) | BT3: NNI | BX3: WINGLOK (KSO EBM) | CB3: CISF (KSO RRS) | CF3: KGM (KSO RRS) | CJ3: PUJ - LUBRICANT | CN3: KSN | CR3: CALBEE (KSO BMI) | CV3: UMI | CZ3: IP | DD3: BEM | DH3: AMI | DL3: KA | DP3: KTN | DT3: NIAGA GARAM | DX3: PCI 84 | EB3: PCI MENGGER | EF3: INDOFOOD | EJ3: HCI | EN3: DIC | ER3: ASAHIMAS | EV3: ABC KOGEN | EZ3: TONGJI ( KSO GAS) | FD3: GREENPULSE | FH3: PERHUTANI (KSO PTGN) | FL3: PA | FP3: KSN RANCA | FT3: RB | FX3: GF ATOM | GB3: GF KULIT | GF3: PENTAWIRA (KSO REN) | GG3: PENTAWIRA (KSO REN) | GH3: PENTAWIRA (KSO REN) | GJ3: SDM | GN3: JARGAS | GR3: DJARUM | GV3: SBI | GZ3: SP GLOBAL
D4: TARGET | E4: ACTUAL | F4: SELISIH | G4: PERSENTASE | H4: TARGET | I4: ACTUAL | J4: SELISIH | K4: PERSENTASE | L4: TARGET | M4: ACTUAL | N4: SELISIH | O4: PERSENTASE | P4: TARGET | Q4: ACTUAL | R4: SELISIH | S4: PERSENTASE | T4: TARGET | U4: ACTUAL | V4: SELISIH | W4: PERSENTASE | X4: TARGET | Y4: ACTUAL | Z4: SELISIH | AA4: PERSENTASE | AB4: TARGET | AC4: ACTUAL | AD4: SELISIH | AE4: PERSENTASE | AF4: TARGET | AG4: ACTUAL | AH4: SELISIH | AI4: PERSENTASE | AJ4: TARGET | AK4: ACTUAL | AL4: SELISIH | AM4: PERSENTASE | AN4: TARGET | AO4: ACTUAL | AP4: SELISIH | AQ4: PERSENTASE | AR4: TARGET | AS4: ACTUAL | AT4: SELISIH | AU4: PERSENTASE | AV4: TARGET | AW4: ACTUAL | AX4: SELISIH | AY4: PERSENTASE | AZ4: TARGET | BA4: ACTUAL | BB4: SELISIH | BC4: PERSENTASE | BD4: TARGET | BE4: ACTUAL | BF4: SELISIH | BG4: PERSENTASE | BH4: TARGET | BI4: ACTUAL | BJ4: SELISIH | BK4: PERSENTASE | BL4: TARGET | BM4: ACTUAL | BN4: SELISIH | BO4: PERSENTASE | BP4: TARGET | BQ4: ACTUAL | BR4: SELISIH | BS4: PERSENTASE | BT4: TARGET | BU4: ACTUAL | BV4: SELISIH | BW4: PERSENTASE | BX4: TARGET | BY4: ACTUAL | BZ4: SELISIH | CA4: PERSENTASE | CB4: TARGET | CC4: ACTUAL | CD4: SELISIH | CE4: PERSENTASE | CF4: TARGET | CG4: ACTUAL | CH4: SELISIH | CI4: PERSENTASE | CJ4: TARGET | CK4: ACTUAL | CL4: SELISIH | CM4: PERSENTASE | CN4: TARGET | CO4: ACTUAL | CP4: SELISIH | CQ4: PERSENTASE | CR4: TARGET | CS4: ACTUAL | CT4: SELISIH | CU4: PERSENTASE | CV4: TARGET | CW4: ACTUAL | CX4: SELISIH | CY4: PERSENTASE | CZ4: TARGET | DA4: ACTUAL | DB4: SELISIH | DC4: PERSENTASE | DD4: TARGET | DE4: ACTUAL | DF4: SELISIH | DG4: PERSENTASE | DH4: TARGET | DI4: ACTUAL | DJ4: SELISIH | DK4: PERSENTASE | DL4: TARGET | DM4: ACTUAL | DN4: SELISIH | DO4: PERSENTASE | DP4: TARGET | DQ4: ACTUAL | DR4: SELISIH | DS4: PERSENTASE | DT4: TARGET | DU4: ACTUAL | DV4: SELISIH | DW4: PERSENTASE | DX4: TARGET | DY4: ACTUAL | DZ4: SELISIH | EA4: PERSENTASE | EB4: TARGET | EC4: ACTUAL | ED4: SELISIH | EE4: PERSENTASE | EF4: TARGET | EG4: ACTUAL | EH4: SELISIH | EI4: PERSENTASE | EJ4: TARGET | EK4: ACTUAL | EL4: SELISIH | EM4: PERSENTASE | EN4: TARGET | EO4: ACTUAL | EP4: SELISIH | EQ4: PERSENTASE | ER4: TARGET | ES4: ACTUAL | ET4: SELISIH | EU4: PERSENTASE | EV4: TARGET | EW4: ACTUAL | EX4: SELISIH | EY4: PERSENTASE | EZ4: TARGET | FA4: ACTUAL | FB4: SELISIH | FC4: PERSENTASE | FD4: TARGET | FE4: ACTUAL | FF4: SELISIH | FG4: PERSENTASE | FH4: TARGET | FI4: ACTUAL | FJ4: SELISIH | FK4: PERSENTASE | FL4: TARGET | FM4: ACTUAL | FN4: SELISIH | FO4: PERSENTASE | FP4: TARGET | FQ4: ACTUAL | FR4: SELISIH | FS4: PERSENTASE | FT4: TARGET | FU4: ACTUAL | FV4: SELISIH | FW4: PERSENTASE | FX4: TARGET | FY4: ACTUAL | FZ4: SELISIH | GA4: PERSENTASE | GB4: TARGET | GC4: ACTUAL | GD4: SELISIH | GE4: PERSENTASE | GF4: TARGET | GG4: ACTUAL | GH4: SELISIH | GI4: PERSENTASE | GJ4: TARGET | GK4: ACTUAL | GL4: SELISIH | GM4: PERSENTASE | GN4: TARGET | GO4: ACTUAL | GP4: SELISIH | GQ4: PERSENTASE | GR4: TARGET | GS4: ACTUAL | GT4: SELISIH | GU4: PERSENTASE | GV4: TARGET | GW4: ACTUAL | GX4: SELISIH | GY4: PERSENTASE | GZ4: TARGET | HA4: ACTUAL | HB4: SELISIH | HC4: PERSENTASE
A5: =WEEKNUM(B5) -> 31 | B5: =A2 -> 46235 | C5: =TEXT(B5,"ddd") -> Sab | D5: =SUMIF($H$4:$HB$4,$D$4,H5:HB5) -> 187116.62 | E5: =SUMIF($H$4:$HB$4,$E$4,H5:HB5) -> 157373.2 | F5: =E5-D5 -> -29743.424 | G5: =E5/D5 -> 0.84104339 | H5: =INDEX('SO Agustus 2026 Rev.3'!$B$6:$BK$52,MATCH(B5,'SO Agustus 2026 Rev.3'!$B$6:$B$52,0),MATCH($H$3,'SO Agustus 2026 Rev.3'!$B$5:$XK$5,0)) -> 700 | I5: =INDEX('Summary sales'!$A$6:$CB$50,MATCH($B5,'Summary sales'!$A$6:$A$50,0),MATCH($H$3,'Summary sales'!$A$7:$CB$7,0)) -> 1061.87 | J5: =I5-H5 -> 361.87 | K5: =I5/H5 -> 1.5169571 | L5: =INDEX('SO Agustus 2026 Rev.3'!$B$6:$BK$52,MATCH(B5,'SO Agustus 2026 Rev.3'!$B$6:$B$52,0),MATCH($L$3,'SO Agustus 2026 Rev.3'!$B$5:$XK$5,0)) -> 1000 | M5: =INDEX('Summary sales'!$A$6:$CB$50,MATCH($B5,'Summary sales'!$A$6:$A$50,0),MATCH($L$3,'Summary sales'!$A$7:$CB$7,0)) -> 1012.9 | N5: =M5-L5 -> 12.9 | O5: =M5/L5 -> 1.0129 | P5: =INDEX('SO Agustus 2026 Rev.3'!$B$6:$BK$52,MATCH(B5,'SO Agustus 2026 Rev.3'!$B$6:$B$52,0),MATCH($P$3,'SO Agustus 2026 Rev.3'!$B$5:$XK$5,0)) -> 1200 | Q5: =INDEX('Summary sales'!$A$6:$CB$50,MATCH($B5,'Summary sales'!$A$6:$A$50,0),MATCH($P$3,'Summary sales'!$A$7:$CB$7,0)) -> 791.12 | R5: =Q5-P5 -> -408.88 | S5: =Q5/P5 -> 0.65926667 | T5: =INDEX('SO Agustus 2026 Rev.3'!$B$6:$BK$52,MATCH(B5,'SO Agustus 2026 Rev.3'!$B$6:$B$52,0),MATCH($T$3,'SO Agustus 2026 Rev.3'!$B$5:$XK$5,0)) -> 3300 | U5: =INDEX('Summary sales'!$A$6:$CB$50,MATCH($B5,'Summary sales'!$A$6:$A$50,0),MATCH($T$3,'Summary sales'!$A$7:$CB$7,0)) -> 898.2 | V5: =U5-T5 -> -2401.8 | W5: =U5/T5 -> 0.27218182 | X5: =INDEX('SO Agustus 2026 Rev.3'!$B$6:$BK$52,MATCH(B5,'SO Agustus 2026 Rev.3'!$B$6:$B$52,0),MATCH($X$3,'SO Agustus 2026 Rev.3'!$B$5:$XK$5,0)) -> 644.02065 | Y5: =INDEX('Summary sales'!$A$6:$CB$50,MATCH($B5,'Summary sales'!$A$6:$A$50,0),MATCH($X$3,'Summary sales'!$A$7:$CB$7,0)) -> 802.73 | Z5: =Y5-X5 -> 158.70935 | AA5: =Y5/X5 -> 1.2464352 | AB5: =INDEX('SO Agustus 2026 Rev.3'!$B$6:$BK$52,MATCH(B5,'SO Agustus 2026 Rev.3'!$B$6:$B$52,0),MATCH($AB$3,'SO Agustus 2026 Rev.3'!$B$5:$XK$5,0)) -> 150 | AC5: =INDEX('Summary sales'!$A$6:$CB$50,MATCH($B5,'Summary sales'!$A$6:$A$50,0),MATCH($AB$3,'Summary sales'!$A$7:$CB$7,0)) -> 2.39 | AD5: =AC5-AB5 -> -147.61 | AE5: =AC5/AB5 -> 0.015933333 | AF5: =INDEX('SO Agustus 2026 Rev.3'!$B$6:$BK$52,MATCH(B5,'SO Agustus 2026 Rev.3'!$B$6:$B$52,0),MATCH($AF$3,'SO Agustus 2026 Rev.3'!$B$5:$XK$5,0)) -> 603.76323 | AG5: =INDEX('Summary sales'!$A$6:$CB$50,MATCH($B5,'Summary sales'!$A$6:$A$50,0),MATCH($AF$3,'Summary sales'!$A$7:$CB$7,0)) -> 694.22 | AH5: =AG5-AF5 -> 90.456774 | AI5: =AG5/AF5 -> 1.1498216 | AJ5: =INDEX('SO Agustus 2026 Rev.3'!$B$6:$BK$52,MATCH(B5,'SO Agustus 2026 Rev.3'!$B$6:$B$52,0),MATCH($AJ$3,'SO Agustus 2026 Rev.3'!$B$5:$XK$5,0)) -> 673.27548 | AK5: =INDEX('Summary sales'!$A$6:$CB$50,MATCH($B5,'Summary sales'!$A$6:$A$50,0),MATCH($AJ$3,'Summary sales'!$A$7:$CB$7,0)) -> 527.29 | AL5: =AK5-AJ5 -> -145.98548 | AM5: =AK5/AJ5 -> 0.78317125 | AN5: =INDEX('SO Agustus 2026 Rev.3'!$B$6:$BK$52,MATCH(B5,'SO Agustus 2026 Rev.3'!$B$6:$B$52,0),MATCH($AN$3,'SO Agustus 2026 Rev.3'!$B$5:$XK$5,0)) -> 4500 | AO5: =INDEX('Summary sales'!$A$6:$CB$50,MATCH($B5,'Summary sales'!$A$6:$A$50,0),MATCH($AN$3,'Summary sales'!$A$7:$CB$7,0)) -> 5257.15 | AP5: =AO5-AN5 -> 757.15 | AQ5: =AO5/AN5 -> 1.1682556 | AR5: =INDEX('SO Agustus 2026 Rev.3'!$B$6:$BK$52,MATCH(B5,'SO Agustus 2026 Rev.3'!$B$6:$B$52,0),MATCH($AR$3,'SO Agustus 2026 Rev.3'!$B$5:$XK$5,0)) -> 5000 | AS5: =INDEX('Summary sales'!$A$6:$CB$50,MATCH($B5,'Summary sales'!$A$6:$A$50,0),MATCH($AR$3,'Summary sales'!$A$7:$CB$7,0)) -> 2085.67 | AT5: =AS5-AR5 -> -2914.33 | AU5: =AS5/AR5 -> 0.417134 | AV5: =INDEX('SO Agustus 2026 Rev.3'!$B$6:$BK$52,MATCH(B5,'SO Agustus 2026 Rev.3'!$B$6:$B$52,0),MATCH($AV$3,'SO Agustus 2026 Rev.3'!$B$5:$XK$5,0)) -> 1000 | AW5: =INDEX('Summary sales'!$A$6:$CB$50,MATCH($B5,'Summary sales'!$A$6:$A$50,0),MATCH($AV$3,'Summary sales'!$A$7:$CB$7,0)) -> 953.61 | AX5: =AW5-AV5 -> -46.39 | AY5: =AW5/AV5 -> 0.95361 | AZ5: =INDEX('SO Agustus 2026 Rev.3'!$B$6:$BK$52,MATCH(B5,'SO Agustus 2026 Rev.3'!$B$6:$B$52,0),MATCH($AZ$3,'SO Agustus 2026 Rev.3'!$B$5:$XK$5,0)) -> 500 | BA5: =INDEX('Summary sales'!$A$6:$CB$50,MATCH($B5,'Summary sales'!$A$6:$A$50,0),MATCH($AZ$3,'Summary sales'!$A$7:$CB$7,0)) -> 1229.09 | BB5: =BA5-AZ5 -> 729.09 | BC5: =BA5/AZ5 -> 2.45818 | BD5: =INDEX('SO Agustus 2026 Rev.3'!$B$6:$BK$52,MATCH(B5,'SO Agustus 2026 Rev.3'!$B$6:$B$52,0),MATCH($BD$3,'SO Agustus 2026 Rev.3'!$B$5:$XK$5,0)) -> 10300 | BE5: =INDEX('Summary sales'!$A$6:$CB$50,MATCH($B5,'Summary sales'!$A$6:$A$50,0),MATCH($BD$3,'Summary sales'!$A$7:$CB$7,0)) -> 10995.68 | BF5: =BE5-BD5 -> 695.68 | BG5: =BE5/BD5 -> 1.0675417 | BH5: =INDEX('SO Agustus 2026 Rev.3'!$B$6:$BK$52,MATCH(B5,'SO Agustus 2026 Rev.3'!$B$6:$B$52,0),MATCH($BH$3,'SO Agustus 2026 Rev.3'!$B$5:$XK$5,0)) -> 6000 | BI5: =INDEX('Summary sales'!$A$6:$CB$50,MATCH($B5,'Summary sales'!$A$6:$A$50,0),MATCH($BH$3,'Summary sales'!$A$7:$CB$7,0)) -> 7106.17 | BJ5: =BI5-BH5 -> 1106.17 | BK5: =BI5/BH5 -> 1.1843617 | BL5: =INDEX('SO Agustus 2026 Rev.3'!$B$6:$BK$52,MATCH(B5,'SO Agustus 2026 Rev.3'!$B$6:$B$52,0),MATCH($BL$3,'SO Agustus 2026 Rev.3'!$B$5:$XK$5,0)) -> 1000 | BM5: =INDEX('Summary sales'!$A$6:$CB$50,MATCH($B5,'Summary sales'!$A$6:$A$50,0),MATCH($BL$3,'Summary sales'!$A$7:$CB$7,0)) -> 0 | BN5: =BM5-BL5 -> -1000 | BO5: =BM5/BL5 -> 0 | BP5: =INDEX('SO Agustus 2026 Rev.3'!$B$6:$BK$52,MATCH(B5,'SO Agustus 2026 Rev.3'!$B$6:$B$52,0),MATCH($BP$3,'SO Agustus 2026 Rev.3'!$B$5:$XK$5,0)) -> 5500 | BQ5: =INDEX('Summary sales'!$A$6:$CB$50,MATCH($B5,'Summary sales'!$A$6:$A$50,0),MATCH($BP$3,'Summary sales'!$A$7:$CB$7,0)) -> 0 | BR5: =BQ5-BP5 -> -5500 | BS5: =BQ5/BP5 -> 0 | BT5: =INDEX('SO Agustus 2026 Rev.3'!$B$6:$BK$52,MATCH(B5,'SO Agustus 2026 Rev.3'!$B$6:$B$52,0),MATCH($BT$3,'SO Agustus 2026 Rev.3'!$B$5:$XK$5,0)) -> 0 | BU5: =INDEX('Summary sales'!$A$6:$CB$50,MATCH($B5,'Summary sales'!$A$6:$A$50,0),MATCH($BT$3,'Summary sales'!$A$7:$CB$7,0)) -> 0 | BV5: =BU5-BT5 -> 0 | BW5: =BU5/BT5 -> #DIV/0! | BX5: =INDEX('SO Agustus 2026 Rev.3'!$B$6:$BK$52,MATCH(B5,'SO Agustus 2026 Rev.3'!$B$6:$B$52,0),MATCH($BX$3,'SO Agustus 2026 Rev.3'!$B$5:$XK$5,0)) -> 89.451613 | BY5: =INDEX('Summary sales'!$A$6:$CB$50,MATCH($B5,'Summary sales'!$A$6:$A$50,0),MATCH($BX$3,'Summary sales'!$A$7:$CB$7,0)) -> 113.6 | BZ5: =BY5-BX5 -> 24.148387 | CA5: =BY5/BX5 -> 1.2699603 | CB5: =INDEX('SO Agustus 2026 Rev.3'!$B$6:$BK$52,MATCH(B5,'SO Agustus 2026 Rev.3'!$B$6:$B$52,0),MATCH($CB$3,'SO Agustus 2026 Rev.3'!$B$5:$XK$5,0)) -> 3500 | CC5: =INDEX('Summary sales'!$A$6:$CB$50,MATCH($B5,'Summary sales'!$A$6:$A$50,0),MATCH($CB$3,'Summary sales'!$A$7:$CB$7,0)) -> 2426.2 | CD5: =CC5-CB5 -> -1073.8 | CE5: =CC5/CB5 -> 0.6932 | CF5: =INDEX('SO Agustus 2026 Rev.3'!$B$6:$BK$52,MATCH(B5,'SO Agustus 2026 Rev.3'!$B$6:$B$52,0),MATCH($CF$3,'SO Agustus 2026 Rev.3'!$B$5:$XK$5,0)) -> 1300 | CG5: =INDEX('Summary sales'!$A$6:$CB$50,MATCH($B5,'Summary sales'!$A$6:$A$50,0),MATCH($CF$3,'Summary sales'!$A$7:$CB$7,0)) -> 958.13 | CH5: =CG5-CF5 -> -341.87 | CI5: =CG5/CF5 -> 0.73702308 | CJ5: =INDEX('SO Agustus 2026 Rev.3'!$B$6:$BK$52,MATCH(B5,'SO Agustus 2026 Rev.3'!$B$6:$B$52,0),MATCH($CJ$3,'SO Agustus 2026 Rev.3'!$B$5:$XK$5,0)) -> 0 | CK5: =INDEX('Summary sales'!$A$6:$CB$50,MATCH($B5,'Summary sales'!$A$6:$A$50,0),MATCH($CJ$3,'Summary sales'!$A$7:$CB$7,0)) -> 0 | CL5: =CK5-CJ5 -> 0 | CM5: =CK5/CJ5 -> #DIV/0! | CN5: =INDEX('SO Agustus 2026 Rev.3'!$B$6:$BK$52,MATCH(B5,'SO Agustus 2026 Rev.3'!$B$6:$B$52,0),MATCH($CN$3,'SO Agustus 2026 Rev.3'!$B$5:$XK$5,0)) -> 6500 | CO5: =INDEX('Summary sales'!$A$6:$CB$50,MATCH($B5,'Summary sales'!$A$6:$A$50,0),MATCH($CN$3,'Summary sales'!$A$7:$CB$7,0)) -> 3523.51 | CP5: =CO5-CN5 -> -2976.49 | CQ5: =CO5/CN5 -> 0.54207846 | CR5: =INDEX('SO Agustus 2026 Rev.3'!$B$6:$BK$52,MATCH(B5,'SO Agustus 2026 Rev.3'!$B$6:$B$52,0),MATCH($CR$3,'SO Agustus 2026 Rev.3'!$B$5:$XK$5,0)) -> 15000 | CS5: =INDEX('Summary sales'!$A$6:$CB$50,MATCH($B5,'Summary sales'!$A$6:$A$50,0),MATCH($CR$3,'Summary sales'!$A$7:$CB$7,0)) -> 10735.3 | CT5: =CS5-CR5 -> -4264.7 | CU5: =CS5/CR5 -> 0.71568667 | CV5: =INDEX('SO Agustus 2026 Rev.3'!$B$6:$BK$52,MATCH(B5,'SO Agustus 2026 Rev.3'!$B$6:$B$52,0),MATCH($CV$3,'SO Agustus 2026 Rev.3'!$B$5:$XK$5,0)) -> 16000 | CW5: =INDEX('Summary sales'!$A$6:$CB$50,MATCH($B5,'Summary sales'!$A$6:$A$50,0),MATCH($CV$3,'Summary sales'!$A$7:$CB$7,0)) -> 12900.431 | CX5: =CW5-CV5 -> -3099.569 | CY5: =CW5/CV5 -> 0.80627694 | CZ5: =INDEX('SO Agustus 2026 Rev.3'!$B$6:$BK$52,MATCH(B5,'SO Agustus 2026 Rev.3'!$B$6:$B$52,0),MATCH($CZ$3,'SO Agustus 2026 Rev.3'!$B$5:$XK$5,0)) -> 2000 | DA5: =INDEX('Summary sales'!$A$6:$CB$50,MATCH($B5,'Summary sales'!$A$6:$A$50,0),MATCH($CZ$3,'Summary sales'!$A$7:$CB$7,0)) -> 2191.3 | DB5: =DA5-CZ5 -> 191.3 | DC5: =DA5/CZ5 -> 1.09565 | DD5: =INDEX('SO Agustus 2026 Rev.3'!$B$6:$BK$52,MATCH(B5,'SO Agustus 2026 Rev.3'!$B$6:$B$52,0),MATCH($DD$3,'SO Agustus 2026 Rev.3'!$B$5:$XK$5,0)) -> 800 | DE5: =INDEX('Summary sales'!$A$6:$CB$50,MATCH($B5,'Summary sales'!$A$6:$A$50,0),MATCH($DD$3,'Summary sales'!$A$7:$CB$7,0)) -> 991.44 | DF5: =DE5-DD5 -> 191.44 | DG5: =DE5/DD5 -> 1.2393 | DH5: =INDEX('SO Agustus 2026 Rev.3'!$B$6:$BK$52,MATCH(B5,'SO Agustus 2026 Rev.3'!$B$6:$B$52,0),MATCH($DH$3,'SO Agustus 2026 Rev.3'!$B$5:$XK$5,0)) -> 7200 | DI5: =INDEX('Summary sales'!$A$6:$CB$50,MATCH($B5,'Summary sales'!$A$6:$A$50,0),MATCH($DH$3,'Summary sales'!$A$7:$CB$7,0)) -> 3828.77 | DJ5: =DI5-DH5 -> -3371.23 | DK5: =DI5/DH5 -> 0.53177361 | DL5: =INDEX('SO Agustus 2026 Rev.3'!$B$6:$BK$52,MATCH(B5,'SO Agustus 2026 Rev.3'!$B$6:$B$52,0),MATCH($DL$3,'SO Agustus 2026 Rev.3'!$B$5:$XK$5,0)) -> 0 | DM5: =INDEX('Summary sales'!$A$6:$CB$50,MATCH($B5,'Summary sales'!$A$6:$A$50,0),MATCH($DL$3,'Summary sales'!$A$7:$CB$7,0)) -> 0 | DN5: =DM5-DL5 -> 0 | DO5: =DM5/DL5 -> #DIV/0! | DP5: =INDEX('SO Agustus 2026 Rev.3'!$B$6:$BK$52,MATCH(B5,'SO Agustus 2026 Rev.3'!$B$6:$B$52,0),MATCH($DP$3,'SO Agustus 2026 Rev.3'!$B$5:$XK$5,0)) -> 2000 | DQ5: =INDEX('Summary sales'!$A$6:$CB$50,MATCH($B5,'Summary sales'!$A$6:$A$50,0),MATCH($DP$3,'Summary sales'!$A$7:$CB$7,0)) -> 1948.8 | DR5: =DQ5-DP5 -> -51.2 | DS5: =DQ5/DP5 -> 0.9744 | DT5: =INDEX('SO Agustus 2026 Rev.3'!$B$6:$BK$52,MATCH(B5,'SO Agustus 2026 Rev.3'!$B$6:$B$52,0),MATCH($DT$3,'SO Agustus 2026 Rev.3'!$B$5:$XK$5,0)) -> 1000 | DU5: =INDEX('Summary sales'!$A$6:$CB$50,MATCH($B5,'Summary sales'!$A$6:$A$50,0),MATCH($DT$3,'Summary sales'!$A$7:$CB$7,0)) -> 0 | DV5: =DU5-DT5 -> -1000 | DW5: =DU5/DT5 -> 0 | DX5: =INDEX('SO Agustus 2026 Rev.3'!$B$6:$BK$52,MATCH(B5,'SO Agustus 2026 Rev.3'!$B$6:$B$52,0),MATCH($DX$3,'SO Agustus 2026 Rev.3'!$B$5:$XK$5,0)) -> 11000 | DY5: =INDEX('Summary sales'!$A$6:$CB$50,MATCH($B5,'Summary sales'!$A$6:$A$50,0),MATCH($DX$3,'Summary sales'!$A$7:$CB$7,0)) -> 11976.21 | DZ5: =DY5-DX5 -> 976.21 | EA5: =DY5/DX5 -> 1.0887464 | EB5: =INDEX('SO Agustus 2026 Rev.3'!$B$6:$BK$52,MATCH(B5,'SO Agustus 2026 Rev.3'!$B$6:$B$52,0),MATCH($EB$3,'SO Agustus 2026 Rev.3'!$B$5:$XK$5,0)) -> 2000 | EC5: =INDEX('Summary sales'!$A$6:$CB$50,MATCH($B5,'Summary sales'!$A$6:$A$50,0),MATCH($EB$3,'Summary sales'!$A$7:$CB$7,0)) -> 2426.3 | ED5: =EC5-EB5 -> 426.3 | EE5: =EC5/EB5 -> 1.21315 | EF5: =INDEX('SO Agustus 2026 Rev.3'!$B$6:$BK$52,MATCH(B5,'SO Agustus 2026 Rev.3'!$B$6:$B$52,0),MATCH($EF$3,'SO Agustus 2026 Rev.3'!$B$5:$XK$5,0)) -> 5500 | EG5: =INDEX('Summary sales'!$A$6:$CB$50,MATCH($B5,'Summary sales'!$A$6:$A$50,0),MATCH($EF$3,'Summary sales'!$A$7:$CB$7,0)) -> 6733.34 | EH5: =EG5-EF5 -> 1233.34 | EI5: =EG5/EF5 -> 1.2242436 | EJ5: =INDEX('SO Agustus 2026 Rev.3'!$B$6:$BK$52,MATCH(B5,'SO Agustus 2026 Rev.3'!$B$6:$B$52,0),MATCH($EJ$3,'SO Agustus 2026 Rev.3'!$B$5:$XK$5,0)) -> 0 | EK5: =INDEX('Summary sales'!$A$6:$CB$50,MATCH(B5,'Summary sales'!$A$6:$A$50,0),MATCH($EJ$3,'Summary sales'!$A$7:$CB$7,0)) -> 2805.02 | EL5: =EK5-EJ5 -> 2805.02 | EM5: =EK5/EJ5 -> #DIV/0! | EN5: =INDEX('SO Agustus 2026 Rev.3'!$B$6:$BK$52,MATCH(B5,'SO Agustus 2026 Rev.3'!$B$6:$B$52,0),MATCH($EN$3,'SO Agustus 2026 Rev.3'!$B$5:$XK$5,0)) -> 5000 | EO5: =INDEX('Summary sales'!$A$6:$CB$50,MATCH($B5,'Summary sales'!$A$6:$A$50,0),MATCH($EN$3,'Summary sales'!$A$7:$CB$7,0)) -> 8207.88 | EP5: =EO5-EN5 -> 3207.88 | EQ5: =EO5/EN5 -> 1.641576 | ER5: =INDEX('SO Agustus 2026 Rev.3'!$B$6:$BK$52,MATCH(B5,'SO Agustus 2026 Rev.3'!$B$6:$B$52,0),MATCH($ER$3,'SO Agustus 2026 Rev.3'!$B$5:$XK$5,0)) -> 19000 | ES5: =INDEX('Summary sales'!$A$6:$CB$50,MATCH($B5,'Summary sales'!$A$6:$A$50,0),MATCH($ER$3,'Summary sales'!$A$7:$CB$7,0)) -> 14299.39 | ET5: =ES5-ER5 -> -4700.61 | EU5: =ES5/ER5 -> 0.75259947 | EV5: =INDEX('SO Agustus 2026 Rev.3'!$B$6:$BK$52,MATCH(B5,'SO Agustus 2026 Rev.3'!$B$6:$B$52,0),MATCH($EV$3,'SO Agustus 2026 Rev.3'!$B$5:$XK$5,0)) -> 8000 | EW5: =INDEX('Summary sales'!$A$6:$CB$50,MATCH(B5,'Summary sales'!$A$6:$A$50,0),MATCH($EV$3,'Summary sales'!$A$7:$CB$7,0)) -> 9184.24 | EX5: =EW5-EV5 -> 1184.24 | EY5: =EW5/EV5 -> 1.14803 | EZ5: =INDEX('SO Agustus 2026 Rev.3'!$B$6:$BK$52,MATCH(B5,'SO Agustus 2026 Rev.3'!$B$6:$B$52,0),MATCH($EZ$3,'SO Agustus 2026 Rev.3'!$B$5:$XK$5,0)) -> 3500 | FA5: =INDEX('Summary sales'!$A$6:$CB$50,MATCH(B5,'Summary sales'!$A$6:$A$50,0),MATCH($EZ$3,'Summary sales'!$A$7:$CB$7,0)) -> 1573 | FB5: =FA5-EZ5 -> -1927 | FC5: =FA5/EZ5 -> 0.44942857 | FD5: =INDEX('SO Agustus 2026 Rev.3'!$B$6:$BK$52,MATCH(B5,'SO Agustus 2026 Rev.3'!$B$6:$B$52,0),MATCH($FD$3,'SO Agustus 2026 Rev.3'!$B$5:$XK$5,0)) -> 500 | FE5: =INDEX('Summary sales'!$A$6:$CB$50,MATCH(B5,'Summary sales'!$A$6:$A$50,0),MATCH($FD$3,'Summary sales'!$A$7:$CB$7,0)) -> 0 | FF5: =FE5-FD5 -> -500 | FG5: =FE5/FD5 -> 0 | FH5: =INDEX('SO Agustus 2026 Rev.3'!$B$6:$BK$52,MATCH(B5,'SO Agustus 2026 Rev.3'!$B$6:$B$52,0),MATCH($FH$3,'SO Agustus 2026 Rev.3'!$B$5:$XK$5,0)) -> 0 | FI5: =INDEX('Summary sales'!$A$6:$CB$50,MATCH(B5,'Summary sales'!$A$6:$A$50,0),MATCH($FH$3,'Summary sales'!$A$7:$CB$7,0)) -> 0 | FJ5: =FI5-FH5 -> 0 | FK5: =FI5/FH5 -> #DIV/0! | FL5: =INDEX('SO Agustus 2026 Rev.3'!$B$6:$BK$52,MATCH(B5,'SO Agustus 2026 Rev.3'!$B$6:$B$52,0),MATCH($FL$3,'SO Agustus 2026 Rev.3'!$B$5:$XK$5,0)) -> 700 | FM5: =INDEX('Summary sales'!$A$6:$CB$50,MATCH(B5,'Summary sales'!$A$6:$A$50,0),MATCH($FL$3,'Summary sales'!$A$7:$CB$7,0)) -> 1484.9 | FN5: =FM5-FL5 -> 784.9 | FO5: =FM5/FL5 -> 2.1212857 | FP5: =INDEX('SO Agustus 2026 Rev.3'!$B$6:$BK$52,MATCH(B5,'SO Agustus 2026 Rev.3'!$B$6:$B$52,0),MATCH($FP$3,'SO Agustus 2026 Rev.3'!$B$5:$XK$5,0)) -> 6500 | FQ5: =INDEX('Summary sales'!$A$6:$CB$50,MATCH(B5,'Summary sales'!$A$6:$A$50,0),MATCH($FP$3,'Summary sales'!$A$7:$CB$7,0)) -> 7777.82 | FR5: =FQ5-FP5 -> 1277.82 | FS5: =FQ5/FP5 -> 1.1965877 | FT5: =INDEX('SO Agustus 2026 Rev.3'!$B$6:$BK$52,MATCH(B5,'SO Agustus 2026 Rev.3'!$B$6:$B$52,0),MATCH($FT$3,'SO Agustus 2026 Rev.3'!$B$5:$XK$5,0)) -> 3500 | FU5: =INDEX('Summary sales'!$A$6:$CB$50,MATCH(B5,'Summary sales'!$A$6:$A$50,0),MATCH($FT$3,'Summary sales'!$A$7:$CB$7,0)) -> 4153.94 | FV5: =FU5-FT5 -> 653.94 | FW5: =FU5/FT5 -> 1.18684 | FX5: =INDEX('SO Agustus 2026 Rev.3'!$B$6:$BK$52,MATCH(B5,'SO Agustus 2026 Rev.3'!$B$6:$B$52,0),MATCH($FX$3,'SO Agustus 2026 Rev.3'!$B$5:$XK$5,0)) -> 2000 | FY5: =INDEX('Summary sales'!$A$6:$CB$50,MATCH(B5,'Summary sales'!$A$6:$A$50,0),MATCH($FX$3,'Summary sales'!$A$7:$CB$7,0)) -> 1416.64 | FZ5: =FY5-FX5 -> -583.36 | GA5: =FY5/FX5 -> 0.70832 | GB5: =INDEX('SO Agustus 2026 Rev.3'!$B$6:$BK$52,MATCH(B5,'SO Agustus 2026 Rev.3'!$B$6:$B$52,0),MATCH($GB$3,'SO Agustus 2026 Rev.3'!$B$5:$XK$5,0)) -> 369.61071 | GC5: =INDEX('Summary sales'!$A$6:$CB$50,MATCH(B5,'Summary sales'!$A$6:$A$50,0),MATCH($GB$3,'Summary sales'!$A$7:$CB$7,0)) -> 0 | GD5: =GC5-GB5 -> -369.61071 | GE5: =GC5/GB5 -> 0 | GF5: =INDEX('SO Agustus 2026 Rev.3'!$B$6:$BK$52,MATCH(B5,'SO Agustus 2026 Rev.3'!$B$6:$B$52,0),MATCH($GF$3,'SO Agustus 2026 Rev.3'!$B$5:$XK$5,0)) -> 13500 | GG5: =INDEX('Summary sales'!$A$6:$CB$50,MATCH(B5,'Summary sales'!$A$6:$A$50,0),MATCH($GF$3,'Summary sales'!$A$7:$CB$7,0)) -> 8630.709 | GH5: =GG5-GF5 -> -4869.291 | GI5: =GG5/GF5 -> 0.63931178 | GJ5: =INDEX('SO Agustus 2026 Rev.3'!$B$6:$BK$52,MATCH(B5,'SO Agustus 2026 Rev.3'!$B$6:$B$52,0),MATCH($GJ$3,'SO Agustus 2026 Rev.3'!$B$5:$XK$5,0)) -> 0 | GK5: =INDEX('Summary sales'!$A$6:$CB$50,MATCH($B5,'Summary sales'!$A$6:$A$50,0),MATCH($GJ$3,'Summary sales'!$A$7:$CB$7,0)) -> 4.04 | GL5: =GK5-GJ5 -> 4.04 | GM5: =GK5/GJ5 -> #DIV/0! | GN5: =INDEX('SO Agustus 2026 Rev.3'!$B$6:$BK$52,MATCH(B5,'SO Agustus 2026 Rev.3'!$B$6:$B$52,0),MATCH($GN$3,'SO Agustus 2026 Rev.3'!$B$5:$XK$5,0)) -> 2499.7026 | GO5: =INDEX('Summary sales'!$A$6:$CB$50,MATCH(B5,'Summary sales'!$A$6:$A$50,0),MATCH($GN$3,'Summary sales'!$A$7:$CB$7,0)) -> 2578.82 | GP5: =GO5-GN5 -> 79.117419 | GQ5: =GO5/GN5 -> 1.0316507 | GR5: =INDEX('SO Agustus 2026 Rev.3'!$B$6:$BK$52,MATCH(B5,'SO Agustus 2026 Rev.3'!$B$6:$B$52,0),MATCH($GR$3,'SO Agustus 2026 Rev.3'!$B$5:$XK$5,0)) -> 3587.0968 | GS5: =INDEX('Summary sales'!$A$6:$CB$50,MATCH(B5,'Summary sales'!$A$6:$A$50,0),MATCH($GR$3,'Summary sales'!$A$7:$CB$7,0)) -> 0 | GT5: =GS5-GR5 -> -3587.0968 | GU5: =GS5/GR5 -> 0 | GV5: =INDEX('SO Agustus 2026 Rev.3'!$B$6:$BK$52,MATCH(B5,'SO Agustus 2026 Rev.3'!$B$6:$B$52,0),MATCH($GV$3,'SO Agustus 2026 Rev.3'!$B$5:$XK$5,0)) -> 2499.7026 | GW5: =INDEX('Summary sales'!$A$6:$CB$50,MATCH(B5,'Summary sales'!$A$6:$A$50,0),MATCH($GV$3,'Summary sales'!$A$7:$CB$7,0)) -> 1085.38 | GX5: =GW5-GV5 -> -1414.3226 | GY5: =GW5/GV5 -> 0.43420366 | GZ5: =INDEX('SO Agustus 2026 Rev.3'!$B$6:$BK$52,MATCH(B5,'SO Agustus 2026 Rev.3'!$B$6:$B$52,0),MATCH($GZ$3,'SO Agustus 2026 Rev.3'!$B$5:$XK$5,0)) -> 0 | HA5: =INDEX('Summary sales'!$A$6:$CB$50,MATCH(B5,'Summary sales'!$A$6:$A$50,0),MATCH($GZ$3,'Summary sales'!$A$7:$CB$7,0)) -> 0 | HB5: =HA5-GZ5 -> 0 | HC5: =HA5/GZ5 -> #DIV/0!
B6: =B5+1 -> 46236 | C6: =TEXT(B6,"ddd") -> Mgg | D6: =SUMIF($H$4:$HB$4,$D$4,H6:HB6) -> 156625.55 | E6: =SUMIF($H$4:$HB$4,$E$4,H6:HB6) -> 126716.38 | F6: =E6-D6 -> -29909.167 | G6: =E6/D6 -> 0.8090403 | H6: =INDEX('SO Agustus 2026 Rev.3'!$B$6:$BK$52,MATCH(B6,'SO Agustus 2026 Rev.3'!$B$6:$B$52,0),MATCH($H$3,'SO Agustus 2026 Rev.3'!$B$5:$XK$5,0)) -> 700 | I6: =INDEX('Summary sales'!$A$6:$CB$50,MATCH($B6,'Summary sales'!$A$6:$A$50,0),MATCH($H$3,'Summary sales'!$A$7:$CB$7,0)) -> 715.23 | J6: =I6-H6 -> 15.23 | K6: =I6/H6 -> 1.0217571 | L6: =INDEX('SO Agustus 2026 Rev.3'!$B$6:$BK$52,MATCH(B6,'SO Agustus 2026 Rev.3'!$B$6:$B$52,0),MATCH($L$3,'SO Agustus 2026 Rev.3'!$B$5:$XK$5,0)) -> 1000 | M6: =INDEX('Summary sales'!$A$6:$CB$50,MATCH($B6,'Summary sales'!$A$6:$A$50,0),MATCH($L$3,'Summary sales'!$A$7:$CB$7,0)) -> 1108.17 | N6: =M6-L6 -> 108.17 | O6: =M6/L6 -> 1.10817 | P6: =INDEX('SO Agustus 2026 Rev.3'!$B$6:$BK$52,MATCH(B6,'SO Agustus 2026 Rev.3'!$B$6:$B$52,0),MATCH($P$3,'SO Agustus 2026 Rev.3'!$B$5:$XK$5,0)) -> 1200 | Q6: =INDEX('Summary sales'!$A$6:$CB$50,MATCH($B6,'Summary sales'!$A$6:$A$50,0),MATCH($P$3,'Summary sales'!$A$7:$CB$7,0)) -> 547.61 | R6: =Q6-P6 -> -652.39 | S6: =Q6/P6 -> 0.45634167 | T6: =INDEX('SO Agustus 2026 Rev.3'!$B$6:$BK$52,MATCH(B6,'SO Agustus 2026 Rev.3'!$B$6:$B$52,0),MATCH($T$3,'SO Agustus 2026 Rev.3'!$B$5:$XK$5,0)) -> 999.51613 | U6: =INDEX('Summary sales'!$A$6:$CB$50,MATCH($B6,'Summary sales'!$A$6:$A$50,0),MATCH($T$3,'Summary sales'!$A$7:$CB$7,0)) -> 0 | V6: =U6-T6 -> -999.51613 | W6: =U6/T6 -> 0 | X6: =INDEX('SO Agustus 2026 Rev.3'!$B$6:$BK$52,MATCH(B6,'SO Agustus 2026 Rev.3'!$B$6:$B$52,0),MATCH($X$3,'SO Agustus 2026 Rev.3'!$B$5:$XK$5,0)) -> 644.02065 | Y6: =INDEX('Summary sales'!$A$6:$CB$50,MATCH($B6,'Summary sales'!$A$6:$A$50,0),MATCH($X$3,'Summary sales'!$A$7:$CB$7,0)) -> 389.94 | Z6: =Y6-X6 -> -254.08065 | AA6: =Y6/X6 -> 0.60547748 | AB6: =INDEX('SO Agustus 2026 Rev.3'!$B$6:$BK$52,MATCH(B6,'SO Agustus 2026 Rev.3'!$B$6:$B$52,0),MATCH($AB$3,'SO Agustus 2026 Rev.3'!$B$5:$XK$5,0)) -> 0 | AC6: =INDEX('Summary sales'!$A$6:$CB$50,MATCH($B6,'Summary sales'!$A$6:$A$50,0),MATCH($AB$3,'Summary sales'!$A$7:$CB$7,0)) -> 0 | AD6: =AC6-AB6 -> 0 | AE6: =AC6/AB6 -> #DIV/0! | AF6: =INDEX('SO Agustus 2026 Rev.3'!$B$6:$BK$52,MATCH(B6,'SO Agustus 2026 Rev.3'!$B$6:$B$52,0),MATCH($AF$3,'SO Agustus 2026 Rev.3'!$B$5:$XK$5,0)) -> 603.76323 | AG6: =INDEX('Summary sales'!$A$6:$CB$50,MATCH($B6,'Summary sales'!$A$6:$A$50,0),MATCH($AF$3,'Summary sales'!$A$7:$CB$7,0)) -> 666.02 | AH6: =AG6-AF6 -> 62.256774 | AI6: =AG6/AF6 -> 1.1031146 | AJ6: =INDEX('SO Agustus 2026 Rev.3'!$B$6:$BK$52,MATCH(B6,'SO Agustus 2026 Rev.3'!$B$6:$B$52,0),MATCH($AJ$3,'SO Agustus 2026 Rev.3'!$B$5:$XK$5,0)) -> 673.27548 | AK6: =INDEX('Summary sales'!$A$6:$CB$50,MATCH($B6,'Summary sales'!$A$6:$A$50,0),MATCH($AJ$3,'Summary sales'!$A$7:$CB$7,0)) -> 459.5 | AL6: =AK6-AJ6 -> -213.77548 | AM6: =AK6/AJ6 -> 0.68248438 | AN6: =INDEX('SO Agustus 2026 Rev.3'!$B$6:$BK$52,MATCH(B6,'SO Agustus 2026 Rev.3'!$B$6:$B$52,0),MATCH($AN$3,'SO Agustus 2026 Rev.3'!$B$5:$XK$5,0)) -> 0 | AO6: =INDEX('Summary sales'!$A$6:$CB$50,MATCH($B6,'Summary sales'!$A$6:$A$50,0),MATCH($AN$3,'Summary sales'!$A$7:$CB$7,0)) -> 0 | AP6: =AO6-AN6 -> 0 | AQ6: =AO6/AN6 -> #DIV/0! | AR6: =INDEX('SO Agustus 2026 Rev.3'!$B$6:$BK$52,MATCH(B6,'SO Agustus 2026 Rev.3'!$B$6:$B$52,0),MATCH($AR$3,'SO Agustus 2026 Rev.3'!$B$5:$XK$5,0)) -> 5000 | AS6: =INDEX('Summary sales'!$A$6:$CB$50,MATCH($B6,'Summary sales'!$A$6:$A$50,0),MATCH($AR$3,'Summary sales'!$A$7:$CB$7,0)) -> 1351.13 | AT6: =AS6-AR6 -> -3648.87 | AU6: =AS6/AR6 -> 0.270226 | AV6: =INDEX('SO Agustus 2026 Rev.3'!$B$6:$BK$52,MATCH(B6,'SO Agustus 2026 Rev.3'!$B$6:$B$52,0),MATCH($AV$3,'SO Agustus 2026 Rev.3'!$B$5:$XK$5,0)) -> 300 | AW6: =INDEX('Summary sales'!$A$6:$CB$50,MATCH($B6,'Summary sales'!$A$6:$A$50,0),MATCH($AV$3,'Summary sales'!$A$7:$CB$7,0)) -> 401.36 | AX6: =AW6-AV6 -> 101.36 | AY6: =AW6/AV6 -> 1.3378667 | AZ6: =INDEX('SO Agustus 2026 Rev.3'!$B$6:$BK$52,MATCH(B6,'SO Agustus 2026 Rev.3'!$B$6:$B$52,0),MATCH($AZ$3,'SO Agustus 2026 Rev.3'!$B$5:$XK$5,0)) -> 500 | BA6: =INDEX('Summary sales'!$A$6:$CB$50,MATCH($B6,'Summary sales'!$A$6:$A$50,0),MATCH($AZ$3,'Summary sales'!$A$7:$CB$7,0)) -> 0 | BB6: =BA6-AZ6 -> -500 | BC6: =BA6/AZ6 -> 0 | BD6: =INDEX('SO Agustus 2026 Rev.3'!$B$6:$BK$52,MATCH(B6,'SO Agustus 2026 Rev.3'!$B$6:$B$52,0),MATCH($BD$3,'SO Agustus 2026 Rev.3'!$B$5:$XK$5,0)) -> 10300 | BE6: =INDEX('Summary sales'!$A$6:$CB$50,MATCH($B6,'Summary sales'!$A$6:$A$50,0),MATCH($BD$3,'Summary sales'!$A$7:$CB$7,0)) -> 11352.35 | BF6: =BE6-BD6 -> 1052.35 | BG6: =BE6/BD6 -> 1.1021699 | BH6: =INDEX('SO Agustus 2026 Rev.3'!$B$6:$BK$52,MATCH(B6,'SO Agustus 2026 Rev.3'!$B$6:$B$52,0),MATCH($BH$3,'SO Agustus 2026 Rev.3'!$B$5:$XK$5,0)) -> 5000 | BI6: =INDEX('Summary sales'!$A$6:$CB$50,MATCH($B6,'Summary sales'!$A$6:$A$50,0),MATCH($BH$3,'Summary sales'!$A$7:$CB$7,0)) -> 4627.92 | BJ6: =BI6-BH6 -> -372.08 | BK6: =BI6/BH6 -> 0.925584 | BL6: =INDEX('SO Agustus 2026 Rev.3'!$B$6:$BK$52,MATCH(B6,'SO Agustus 2026 Rev.3'!$B$6:$B$52,0),MATCH($BL$3,'SO Agustus 2026 Rev.3'!$B$5:$XK$5,0)) -> 0 | BM6: =INDEX('Summary sales'!$A$6:$CB$50,MATCH($B6,'Summary sales'!$A$6:$A$50,0),MATCH($BL$3,'Summary sales'!$A$7:$CB$7,0)) -> 0 | BN6: =BM6-BL6 -> 0 | BO6: =BM6/BL6 -> #DIV/0! | BP6: =INDEX('SO Agustus 2026 Rev.3'!$B$6:$BK$52,MATCH(B6,'SO Agustus 2026 Rev.3'!$B$6:$B$52,0),MATCH($BP$3,'SO Agustus 2026 Rev.3'!$B$5:$XK$5,0)) -> 2500 | BQ6: =INDEX('Summary sales'!$A$6:$CB$50,MATCH($B6,'Summary sales'!$A$6:$A$50,0),MATCH($BP$3,'Summary sales'!$A$7:$CB$7,0)) -> 0 | BR6: =BQ6-BP6 -> -2500 | BS6: =BQ6/BP6 -> 0 | BT6: =INDEX('SO Agustus 2026 Rev.3'!$B$6:$BK$52,MATCH(B6,'SO Agustus 2026 Rev.3'!$B$6:$B$52,0),MATCH($BT$3,'SO Agustus 2026 Rev.3'!$B$5:$XK$5,0)) -> 0 | BU6: =INDEX('Summary sales'!$A$6:$CB$50,MATCH($B6,'Summary sales'!$A$6:$A$50,0),MATCH($BT$3,'Summary sales'!$A$7:$CB$7,0)) -> 0 | BV6: =BU6-BT6 -> 0 | BW6: =BU6/BT6 -> #DIV/0! | BX6: =INDEX('SO Agustus 2026 Rev.3'!$B$6:$BK$52,MATCH(B6,'SO Agustus 2026 Rev.3'!$B$6:$B$52,0),MATCH($BX$3,'SO Agustus 2026 Rev.3'!$B$5:$XK$5,0)) -> 89.451613 | BY6: =INDEX('Summary sales'!$A$6:$CB$50,MATCH($B6,'Summary sales'!$A$6:$A$50,0),MATCH($BX$3,'Summary sales'!$A$7:$CB$7,0)) -> 69.89 | BZ6: =BY6-BX6 -> -19.561613 | CA6: =BY6/BX6 -> 0.78131626 | CB6: =INDEX('SO Agustus 2026 Rev.3'!$B$6:$BK$52,MATCH(B6,'SO Agustus 2026 Rev.3'!$B$6:$B$52,0),MATCH($CB$3,'SO Agustus 2026 Rev.3'!$B$5:$XK$5,0)) -> 1000 | CC6: =INDEX('Summary sales'!$A$6:$CB$50,MATCH($B6,'Summary sales'!$A$6:$A$50,0),MATCH($CB$3,'Summary sales'!$A$7:$CB$7,0)) -> 107.2 | CD6: =CC6-CB6 -> -892.8 | CE6: =CC6/CB6 -> 0.1072 | CF6: =INDEX('SO Agustus 2026 Rev.3'!$B$6:$BK$52,MATCH(B6,'SO Agustus 2026 Rev.3'!$B$6:$B$52,0),MATCH($CF$3,'SO Agustus 2026 Rev.3'!$B$5:$XK$5,0)) -> 1300 | CG6: =INDEX('Summary sales'!$A$6:$CB$50,MATCH($B6,'Summary sales'!$A$6:$A$50,0),MATCH($CF$3,'Summary sales'!$A$7:$CB$7,0)) -> 1900.35 | CH6: =CG6-CF6 -> 600.35 | CI6: =CG6/CF6 -> 1.4618077 | CJ6: =INDEX('SO Agustus 2026 Rev.3'!$B$6:$BK$52,MATCH(B6,'SO Agustus 2026 Rev.3'!$B$6:$B$52,0),MATCH($CJ$3,'SO Agustus 2026 Rev.3'!$B$5:$XK$5,0)) -> 0 | CK6: =INDEX('Summary sales'!$A$6:$CB$50,MATCH($B6,'Summary sales'!$A$6:$A$50,0),MATCH($CJ$3,'Summary sales'!$A$7:$CB$7,0)) -> 0 | CL6: =CK6-CJ6 -> 0 | CM6: =CK6/CJ6 -> #DIV/0! | CN6: =INDEX('SO Agustus 2026 Rev.3'!$B$6:$BK$52,MATCH(B6,'SO Agustus 2026 Rev.3'!$B$6:$B$52,0),MATCH($CN$3,'SO Agustus 2026 Rev.3'!$B$5:$XK$5,0)) -> 6500 | CO6: =INDEX('Summary sales'!$A$6:$CB$50,MATCH($B6,'Summary sales'!$A$6:$A$50,0),MATCH($CN$3,'Summary sales'!$A$7:$CB$7,0)) -> 989.93 | CP6: =CO6-CN6 -> -5510.07 | CQ6: =CO6/CN6 -> 0.15229692 | CR6: =INDEX('SO Agustus 2026 Rev.3'!$B$6:$BK$52,MATCH(B6,'SO Agustus 2026 Rev.3'!$B$6:$B$52,0),MATCH($CR$3,'SO Agustus 2026 Rev.3'!$B$5:$XK$5,0)) -> 15000 | CS6: =INDEX('Summary sales'!$A$6:$CB$50,MATCH($B6,'Summary sales'!$A$6:$A$50,0),MATCH($CR$3,'Summary sales'!$A$7:$CB$7,0)) -> 10417.3 | CT6: =CS6-CR6 -> -4582.7 | CU6: =CS6/CR6 -> 0.69448667 | CV6: =INDEX('SO Agustus 2026 Rev.3'!$B$6:$BK$52,MATCH(B6,'SO Agustus 2026 Rev.3'!$B$6:$B$52,0),MATCH($CV$3,'SO Agustus 2026 Rev.3'!$B$5:$XK$5,0)) -> 6659.5545 | CW6: =INDEX('Summary sales'!$A$6:$CB$50,MATCH($B6,'Summary sales'!$A$6:$A$50,0),MATCH($CV$3,'Summary sales'!$A$7:$CB$7,0)) -> 9242.184 | CX6: =CW6-CV6 -> 2582.6295 | CY6: =CW6/CV6 -> 1.3878081 | CZ6: =INDEX('SO Agustus 2026 Rev.3'!$B$6:$BK$52,MATCH(B6,'SO Agustus 2026 Rev.3'!$B$6:$B$52,0),MATCH($CZ$3,'SO Agustus 2026 Rev.3'!$B$5:$XK$5,0)) -> 2000 | DA6: =INDEX('Summary sales'!$A$6:$CB$50,MATCH($B6,'Summary sales'!$A$6:$A$50,0),MATCH($CZ$3,'Summary sales'!$A$7:$CB$7,0)) -> 56.01 | DB6: =DA6-CZ6 -> -1943.99 | DC6: =DA6/CZ6 -> 0.028005 | DD6: =INDEX('SO Agustus 2026 Rev.3'!$B$6:$BK$52,MATCH(B6,'SO Agustus 2026 Rev.3'!$B$6:$B$52,0),MATCH($DD$3,'SO Agustus 2026 Rev.3'!$B$5:$XK$5,0)) -> 0 | DE6: =INDEX('Summary sales'!$A$6:$CB$50,MATCH($B6,'Summary sales'!$A$6:$A$50,0),MATCH($DD$3,'Summary sales'!$A$7:$CB$7,0)) -> 27.94 | DF6: =DE6-DD6 -> 27.94 | DG6: =DE6/DD6 -> #DIV/0! | DH6: =INDEX('SO Agustus 2026 Rev.3'!$B$6:$BK$52,MATCH(B6,'SO Agustus 2026 Rev.3'!$B$6:$B$52,0),MATCH($DH$3,'SO Agustus 2026 Rev.3'!$B$5:$XK$5,0)) -> 2999.8519 | DI6: =INDEX('Summary sales'!$A$6:$CB$50,MATCH($B6,'Summary sales'!$A$6:$A$50,0),MATCH($DH$3,'Summary sales'!$A$7:$CB$7,0)) -> 2972.46 | DJ6: =DI6-DH6 -> -27.391935 | DK6: =DI6/DH6 -> 0.9908689 | DL6: =INDEX('SO Agustus 2026 Rev.3'!$B$6:$BK$52,MATCH(B6,'SO Agustus 2026 Rev.3'!$B$6:$B$52,0),MATCH($DL$3,'SO Agustus 2026 Rev.3'!$B$5:$XK$5,0)) -> 0 | DM6: =INDEX('Summary sales'!$A$6:$CB$50,MATCH($B6,'Summary sales'!$A$6:$A$50,0),MATCH($DL$3,'Summary sales'!$A$7:$CB$7,0)) -> 0 | DN6: =DM6-DL6 -> 0 | DO6: =DM6/DL6 -> #DIV/0! | DP6: =INDEX('SO Agustus 2026 Rev.3'!$B$6:$BK$52,MATCH(B6,'SO Agustus 2026 Rev.3'!$B$6:$B$52,0),MATCH($DP$3,'SO Agustus 2026 Rev.3'!$B$5:$XK$5,0)) -> 2000 | DQ6: =INDEX('Summary sales'!$A$6:$CB$50,MATCH($B6,'Summary sales'!$A$6:$A$50,0),MATCH($DP$3,'Summary sales'!$A$7:$CB$7,0)) -> 2077.61 | DR6: =DQ6-DP6 -> 77.61 | DS6: =DQ6/DP6 -> 1.038805 | DT6: =INDEX('SO Agustus 2026 Rev.3'!$B$6:$BK$52,MATCH(B6,'SO Agustus 2026 Rev.3'!$B$6:$B$52,0),MATCH($DT$3,'SO Agustus 2026 Rev.3'!$B$5:$XK$5,0)) -> 0 | DU6: =INDEX('Summary sales'!$A$6:$CB$50,MATCH($B6,'Summary sales'!$A$6:$A$50,0),MATCH($DT$3,'Summary sales'!$A$7:$CB$7,0)) -> 0 | DV6: =DU6-DT6 -> 0 | DW6: =DU6/DT6 -> #DIV/0! | DX6: =INDEX('SO Agustus 2026 Rev.3'!$B$6:$BK$52,MATCH(B6,'SO Agustus 2026 Rev.3'!$B$6:$B$52,0),MATCH($DX$3,'SO Agustus 2026 Rev.3'!$B$5:$XK$5,0)) -> 11000 | DY6: =INDEX('Summary sales'!$A$6:$CB$50,MATCH($B6,'Summary sales'!$A$6:$A$50,0),MATCH($DX$3,'Summary sales'!$A$7:$CB$7,0)) -> 11398.89 | DZ6: =DY6-DX6 -> 398.89 | EA6: =DY6/DX6 -> 1.0362627 | EB6: =INDEX('SO Agustus 2026 Rev.3'!$B$6:$BK$52,MATCH(B6,'SO Agustus 2026 Rev.3'!$B$6:$B$52,0),MATCH($EB$3,'SO Agustus 2026 Rev.3'!$B$5:$XK$5,0)) -> 2000 | EC6: =INDEX('Summary sales'!$A$6:$CB$50,MATCH($B6,'Summary sales'!$A$6:$A$50,0),MATCH($EB$3,'Summary sales'!$A$7:$CB$7,0)) -> 3639.78 | ED6: =EC6-EB6 -> 1639.78 | EE6: =EC6/EB6 -> 1.81989 | EF6: =INDEX('SO Agustus 2026 Rev.3'!$B$6:$BK$52,MATCH(B6,'SO Agustus 2026 Rev.3'!$B$6:$B$52,0),MATCH($EF$3,'SO Agustus 2026 Rev.3'!$B$5:$XK$5,0)) -> 5500 | EG6: =INDEX('Summary sales'!$A$6:$CB$50,MATCH($B6,'Summary sales'!$A$6:$A$50,0),MATCH($EF$3,'Summary sales'!$A$7:$CB$7,0)) -> 7213.36 | EH6: =EG6-EF6 -> 1713.36 | EI6: =EG6/EF6 -> 1.31152 | EJ6: =INDEX('SO Agustus 2026 Rev.3'!$B$6:$BK$52,MATCH(B6,'SO Agustus 2026 Rev.3'!$B$6:$B$52,0),MATCH($EJ$3,'SO Agustus 2026 Rev.3'!$B$5:$XK$5,0)) -> 0 | EK6: =INDEX('Summary sales'!$A$6:$CB$50,MATCH(B6,'Summary sales'!$A$6:$A$50,0),MATCH($EJ$3,'Summary sales'!$A$7:$CB$7,0)) -> 77.08 | EL6: =EK6-EJ6 -> 77.08 | EM6: =EK6/EJ6 -> #DIV/0! | EN6: =INDEX('SO Agustus 2026 Rev.3'!$B$6:$BK$52,MATCH(B6,'SO Agustus 2026 Rev.3'!$B$6:$B$52,0),MATCH($EN$3,'SO Agustus 2026 Rev.3'!$B$5:$XK$5,0)) -> 5000 | EO6: =INDEX('Summary sales'!$A$6:$CB$50,MATCH($B6,'Summary sales'!$A$6:$A$50,0),MATCH($EN$3,'Summary sales'!$A$7:$CB$7,0)) -> 7750.12 | EP6: =EO6-EN6 -> 2750.12 | EQ6: =EO6/EN6 -> 1.550024 | ER6: =INDEX('SO Agustus 2026 Rev.3'!$B$6:$BK$52,MATCH(B6,'SO Agustus 2026 Rev.3'!$B$6:$B$52,0),MATCH($ER$3,'SO Agustus 2026 Rev.3'!$B$5:$XK$5,0)) -> 19000 | ES6: =INDEX('Summary sales'!$A$6:$CB$50,MATCH($B6,'Summary sales'!$A$6:$A$50,0),MATCH($ER$3,'Summary sales'!$A$7:$CB$7,0)) -> 12960.56 | ET6: =ES6-ER6 -> -6039.44 | EU6: =ES6/ER6 -> 0.68213474 | EV6: =INDEX('SO Agustus 2026 Rev.3'!$B$6:$BK$52,MATCH(B6,'SO Agustus 2026 Rev.3'!$B$6:$B$52,0),MATCH($EV$3,'SO Agustus 2026 Rev.3'!$B$5:$XK$5,0)) -> 8000 | EW6: =INDEX('Summary sales'!$A$6:$CB$50,MATCH(B6,'Summary sales'!$A$6:$A$50,0),MATCH($EV$3,'Summary sales'!$A$7:$CB$7,0)) -> 12931.91 | EX6: =EW6-EV6 -> 4931.91 | EY6: =EW6/EV6 -> 1.6164888 | EZ6: =INDEX('SO Agustus 2026 Rev.3'!$B$6:$BK$52,MATCH(B6,'SO Agustus 2026 Rev.3'!$B$6:$B$52,0),MATCH($EZ$3,'SO Agustus 2026 Rev.3'!$B$5:$XK$5,0)) -> 3500 | FA6: =INDEX('Summary sales'!$A$6:$CB$50,MATCH(B6,'Summary sales'!$A$6:$A$50,0),MATCH($EZ$3,'Summary sales'!$A$7:$CB$7,0)) -> 2199.7 | FB6: =FA6-EZ6 -> -1300.3 | FC6: =FA6/EZ6 -> 0.62848571 | FD6: =INDEX('SO Agustus 2026 Rev.3'!$B$6:$BK$52,MATCH(B6,'SO Agustus 2026 Rev.3'!$B$6:$B$52,0),MATCH($FD$3,'SO Agustus 2026 Rev.3'!$B$5:$XK$5,0)) -> 500 | FE6: =INDEX('Summary sales'!$A$6:$CB$50,MATCH(B6,'Summary sales'!$A$6:$A$50,0),MATCH($FD$3,'Summary sales'!$A$7:$CB$7,0)) -> 0 | FF6: =FE6-FD6 -> -500 | FG6: =FE6/FD6 -> 0 | FH6: =INDEX('SO Agustus 2026 Rev.3'!$B$6:$BK$52,MATCH(B6,'SO Agustus 2026 Rev.3'!$B$6:$B$52,0),MATCH($FH$3,'SO Agustus 2026 Rev.3'!$B$5:$XK$5,0)) -> 0 | FI6: =INDEX('Summary sales'!$A$6:$CB$50,MATCH(B6,'Summary sales'!$A$6:$A$50,0),MATCH($FH$3,'Summary sales'!$A$7:$CB$7,0)) -> 0 | FJ6: =FI6-FH6 -> 0 | FK6: =FI6/FH6 -> #DIV/0! | FL6: =INDEX('SO Agustus 2026 Rev.3'!$B$6:$BK$52,MATCH(B6,'SO Agustus 2026 Rev.3'!$B$6:$B$52,0),MATCH($FL$3,'SO Agustus 2026 Rev.3'!$B$5:$XK$5,0)) -> 700 | FM6: =INDEX('Summary sales'!$A$6:$CB$50,MATCH(B6,'Summary sales'!$A$6:$A$50,0),MATCH($FL$3,'Summary sales'!$A$7:$CB$7,0)) -> 398.32 | FN6: =FM6-FL6 -> -301.68 | FO6: =FM6/FL6 -> 0.56902857 | FP6: =INDEX('SO Agustus 2026 Rev.3'!$B$6:$BK$52,MATCH(B6,'SO Agustus 2026 Rev.3'!$B$6:$B$52,0),MATCH($FP$3,'SO Agustus 2026 Rev.3'!$B$5:$XK$5,0)) -> 6500 | FQ6: =INDEX('Summary sales'!$A$6:$CB$50,MATCH(B6,'Summary sales'!$A$6:$A$50,0),MATCH($FP$3,'Summary sales'!$A$7:$CB$7,0)) -> 6702.32 | FR6: =FQ6-FP6 -> 202.32 | FS6: =FQ6/FP6 -> 1.0311262 | FT6: =INDEX('SO Agustus 2026 Rev.3'!$B$6:$BK$52,MATCH(B6,'SO Agustus 2026 Rev.3'!$B$6:$B$52,0),MATCH($FT$3,'SO Agustus 2026 Rev.3'!$B$5:$XK$5,0)) -> 3500 | FU6: =INDEX('Summary sales'!$A$6:$CB$50,MATCH(B6,'Summary sales'!$A$6:$A$50,0),MATCH($FT$3,'Summary sales'!$A$7:$CB$7,0)) -> 4305.19 | FV6: =FU6-FT6 -> 805.19 | FW6: =FU6/FT6 -> 1.2300543 | FX6: =INDEX('SO Agustus 2026 Rev.3'!$B$6:$BK$52,MATCH(B6,'SO Agustus 2026 Rev.3'!$B$6:$B$52,0),MATCH($FX$3,'SO Agustus 2026 Rev.3'!$B$5:$XK$5,0)) -> 2000 | FY6: =INDEX('Summary sales'!$A$6:$CB$50,MATCH(B6,'Summary sales'!$A$6:$A$50,0),MATCH($FX$3,'Summary sales'!$A$7:$CB$7,0)) -> 0 | FZ6: =FY6-FX6 -> -2000 | GA6: =FY6/FX6 -> 0 | GB6: =INDEX('SO Agustus 2026 Rev.3'!$B$6:$BK$52,MATCH(B6,'SO Agustus 2026 Rev.3'!$B$6:$B$52,0),MATCH($GB$3,'SO Agustus 2026 Rev.3'!$B$5:$XK$5,0)) -> 369.61071 | GC6: =INDEX('Summary sales'!$A$6:$CB$50,MATCH(B6,'Summary sales'!$A$6:$A$50,0),MATCH($GB$3,'Summary sales'!$A$7:$CB$7,0)) -> 0 | GD6: =GC6-GB6 -> -369.61071 | GE6: =GC6/GB6 -> 0 | GF6: =INDEX('SO Agustus 2026 Rev.3'!$B$6:$BK$52,MATCH(B6,'SO Agustus 2026 Rev.3'!$B$6:$B$52,0),MATCH($GF$3,'SO Agustus 2026 Rev.3'!$B$5:$XK$5,0)) -> 13500 | GG6: =INDEX('Summary sales'!$A$6:$CB$50,MATCH(B6,'Summary sales'!$A$6:$A$50,0),MATCH($GF$3,'Summary sales'!$A$7:$CB$7,0)) -> 4204.325 | GH6: =GG6-GF6 -> -9295.675 | GI6: =GG6/GF6 -> 0.31143148 | GJ6: =INDEX('SO Agustus 2026 Rev.3'!$B$6:$BK$52,MATCH(B6,'SO Agustus 2026 Rev.3'!$B$6:$B$52,0),MATCH($GJ$3,'SO Agustus 2026 Rev.3'!$B$5:$XK$5,0)) -> 0 | GK6: =INDEX('Summary sales'!$A$6:$CB$50,MATCH($B6,'Summary sales'!$A$6:$A$50,0),MATCH($GJ$3,'Summary sales'!$A$7:$CB$7,0)) -> 0 | GL6: =GK6-GJ6 -> 0 | GM6: =GK6/GJ6 -> #DIV/0! | GN6: =INDEX('SO Agustus 2026 Rev.3'!$B$6:$BK$52,MATCH(B6,'SO Agustus 2026 Rev.3'!$B$6:$B$52,0),MATCH($GN$3,'SO Agustus 2026 Rev.3'!$B$5:$XK$5,0)) -> 2499.7026 | GO6: =INDEX('Summary sales'!$A$6:$CB$50,MATCH(B6,'Summary sales'!$A$6:$A$50,0),MATCH($GN$3,'Summary sales'!$A$7:$CB$7,0)) -> 2663 | GP6: =GO6-GN6 -> 163.29742 | GQ6: =GO6/GN6 -> 1.0653267 | GR6: =INDEX('SO Agustus 2026 Rev.3'!$B$6:$BK$52,MATCH(B6,'SO Agustus 2026 Rev.3'!$B$6:$B$52,0),MATCH($GR$3,'SO Agustus 2026 Rev.3'!$B$5:$XK$5,0)) -> 3587.0968 | GS6: =INDEX('Summary sales'!$A$6:$CB$50,MATCH(B6,'Summary sales'!$A$6:$A$50,0),MATCH($GR$3,'Summary sales'!$A$7:$CB$7,0)) -> 558.63 | GT6: =GS6-GR6 -> -3028.4668 | GU6: =GS6/GR6 -> 0.15573318 | GV6: =INDEX('SO Agustus 2026 Rev.3'!$B$6:$BK$52,MATCH(B6,'SO Agustus 2026 Rev.3'!$B$6:$B$52,0),MATCH($GV$3,'SO Agustus 2026 Rev.3'!$B$5:$XK$5,0)) -> 2499.7026 | GW6: =INDEX('Summary sales'!$A$6:$CB$50,MATCH(B6,'Summary sales'!$A$6:$A$50,0),MATCH($GV$3,'Summary sales'!$A$7:$CB$7,0)) -> 233.09 | GX6: =GW6-GV6 -> -2266.6126 | GY6: =GW6/GV6 -> 0.093247093 | GZ6: =INDEX('SO Agustus 2026 Rev.3'!$B$6:$BK$52,MATCH(B6,'SO Agustus 2026 Rev.3'!$B$6:$B$52,0),MATCH($GZ$3,'SO Agustus 2026 Rev.3'!$B$5:$XK$5,0)) -> 0 | HA6: =INDEX('Summary sales'!$A$6:$CB$50,MATCH(B6,'Summary sales'!$A$6:$A$50,0),MATCH($GZ$3,'Summary sales'!$A$7:$CB$7,0)) -> 0 | HB6: =HA6-GZ6 -> 0 | HC6: =HA6/GZ6 -> #DIV/0!
B7: Sub Total | D7: =SUM(D5:D6) -> 343742.17 | E7: =SUM(E5:E6) -> 284089.58 | F7: =SUM(F5:F6) -> -59652.591 | G7: =AVERAGE(G5:G6) -> 0.82504185 | H7: =SUM(H5:H6) -> 1400 | I7: =SUM(I5:I6) -> 1777.1 | J7: =SUM(J5:J6) -> 377.1 | K7: =AVERAGE(K5:K6) -> 1.2693571 | L7: =SUM(L5:L6) -> 2000 | M7: =SUM(M5:M6) -> 2121.07 | N7: =SUM(N5:N6) -> 121.07 | O7: =AVERAGE(O5:O6) -> 1.060535 | P7: =SUM(P5:P6) -> 2400 | Q7: =SUM(Q5:Q6) -> 1338.73 | R7: =SUM(R5:R6) -> -1061.27 | S7: =AVERAGE(S5:S6) -> 0.55780417 | T7: =SUM(T5:T6) -> 4299.5161 | U7: =SUM(U5:U6) -> 898.2 | V7: =SUM(V5:V6) -> -3401.3161 | W7: =AVERAGE(W5:W6) -> 0.13609091 | X7: =SUM(X5:X6) -> 1288.0413 | Y7: =SUM(Y5:Y6) -> 1192.67 | Z7: =SUM(Z5:Z6) -> -95.37129 | AA7: =AVERAGE(AA5:AA6) -> 0.92595634 | AB7: =SUM(AB5:AB6) -> 150 | AC7: =SUM(AC5:AC6) -> 2.39 | AD7: =SUM(AD5:AD6) -> -147.61 | AE7: =AVERAGE(AE5:AE6) -> #DIV/0! | AF7: =SUM(AF5:AF6) -> 1207.5265 | AG7: =SUM(AG5:AG6) -> 1360.24 | AH7: =SUM(AH5:AH6) -> 152.71355 | AI7: =AVERAGE(AI5:AI6) -> 1.1264681 | AJ7: =SUM(AJ5:AJ6) -> 1346.551 | AK7: =SUM(AK5:AK6) -> 986.79 | AL7: =SUM(AL5:AL6) -> -359.76097 | AM7: =AVERAGE(AM5:AM6) -> 0.73282781 | AN7: =SUM(AN5:AN6) -> 4500 | AO7: =SUM(AO5:AO6) -> 5257.15 | AP7: =SUM(AP5:AP6) -> 757.15 | AQ7: =AVERAGE(AQ5:AQ6) -> #DIV/0! | AR7: =SUM(AR5:AR6) -> 10000 | AS7: =SUM(AS5:AS6) -> 3436.8 | AT7: =SUM(AT5:AT6) -> -6563.2 | AU7: =AVERAGE(AU5:AU6) -> 0.34368 | AV7: =SUM(AV5:AV6) -> 1300 | AW7: =SUM(AW5:AW6) -> 1354.97 | AX7: =SUM(AX5:AX6) -> 54.97 | AY7: =AVERAGE(AY5:AY6) -> 1.1457383 | AZ7: =SUM(AZ5:AZ6) -> 1000 | BA7: =SUM(BA5:BA6) -> 1229.09 | BB7: =SUM(BB5:BB6) -> 229.09 | BC7: =AVERAGE(BC5:BC6) -> 1.22909 | BD7: =SUM(BD5:BD6) -> 20600 | BE7: =SUM(BE5:BE6) -> 22348.03 | BF7: =SUM(BF5:BF6) -> 1748.03 | BG7: =AVERAGE(BG5:BG6) -> 1.0848558 | BH7: =SUM(BH5:BH6) -> 11000 | BI7: =SUM(BI5:BI6) -> 11734.09 | BJ7: =SUM(BJ5:BJ6) -> 734.09 | BK7: =AVERAGE(BK5:BK6) -> 1.0549728 | BL7: =SUM(BL5:BL6) -> 1000 | BM7: =SUM(BM5:BM6) -> 0 | BN7: =SUM(BN5:BN6) -> -1000 | BO7: =AVERAGE(BO5:BO6) -> #DIV/0! | BP7: =SUM(BP5:BP6) -> 8000 | BQ7: =SUM(BQ5:BQ6) -> 0 | BR7: =SUM(BR5:BR6) -> -8000 | BS7: =AVERAGE(BS5:BS6) -> 0 | BT7: =SUM(BT5:BT6) -> 0 | BU7: =SUM(BU5:BU6) -> 0 | BV7: =SUM(BV5:BV6) -> 0 | BW7: =AVERAGE(BW5:BW6) -> #DIV/0! | BX7: =SUM(BX5:BX6) -> 178.90323 | BY7: =SUM(BY5:BY6) -> 183.49 | BZ7: =SUM(BZ5:BZ6) -> 4.5867742 | CA7: =AVERAGE(CA5:CA6) -> 1.0256383 | CB7: =SUM(CB5:CB6) -> 4500 | CC7: =SUM(CC5:CC6) -> 2533.4 | CD7: =SUM(CD5:CD6) -> -1966.6 | CE7: =AVERAGE(CE5:CE6) -> 0.4002 | CF7: =SUM(CF5:CF6) -> 2600 | CG7: =SUM(CG5:CG6) -> 2858.48 | CH7: =SUM(CH5:CH6) -> 258.48 | CI7: =AVERAGE(CI5:CI6) -> 1.0994154 | CJ7: =SUM(CJ5:CJ6) -> 0 | CK7: =SUM(CK5:CK6) -> 0 | CL7: =SUM(CL5:CL6) -> 0 | CM7: =AVERAGE(CM5:CM6) -> #DIV/0! | CN7: =SUM(CN5:CN6) -> 13000 | CO7: =SUM(CO5:CO6) -> 4513.44 | CP7: =SUM(CP5:CP6) -> -8486.56 | CQ7: =AVERAGE(CQ5:CQ6) -> 0.34718769 | CR7: =SUM(CR5:CR6) -> 30000 | CS7: =SUM(CS5:CS6) -> 21152.6 | CT7: =SUM(CT5:CT6) -> -8847.4 | CU7: =AVERAGE(CU5:CU6) -> 0.70508667 | CV7: =SUM(CV5:CV6) -> 22659.555 | CW7: =SUM(CW5:CW6) -> 22142.615 | CX7: =SUM(CX5:CX6) -> -516.93955 | CY7: =AVERAGE(CY5:CY6) -> 1.0970425 | CZ7: =SUM(CZ5:CZ6) -> 4000 | DA7: =SUM(DA5:DA6) -> 2247.31 | DB7: =SUM(DB5:DB6) -> -1752.69 | DC7: =AVERAGE(DC5:DC6) -> 0.5618275 | DD7: =SUM(DD5:DD6) -> 800 | DE7: =SUM(DE5:DE6) -> 1019.38 | DF7: =SUM(DF5:DF6) -> 219.38 | DG7: =AVERAGE(DG5:DG6) -> #DIV/0! | DH7: =SUM(DH5:DH6) -> 10199.852 | DI7: =SUM(DI5:DI6) -> 6801.23 | DJ7: =SUM(DJ5:DJ6) -> -3398.6219 | DK7: =AVERAGE(DK5:DK6) -> 0.76132126 | DL7: =SUM(DL5:DL6) -> 0 | DM7: =SUM(DM5:DM6) -> 0 | DN7: =SUM(DN5:DN6) -> 0 | DO7: =AVERAGE(DO5:DO6) -> #DIV/0! | DP7: =SUM(DP5:DP6) -> 4000 | DQ7: =SUM(DQ5:DQ6) -> 4026.41 | DR7: =SUM(DR5:DR6) -> 26.41 | DS7: =AVERAGE(DS5:DS6) -> 1.0066025 | DT7: =SUM(DT5:DT6) -> 1000 | DU7: =SUM(DU5:DU6) -> 0 | DV7: =SUM(DV5:DV6) -> -1000 | DW7: =AVERAGE(DW5:DW6) -> #DIV/0! | DX7: =SUM(DX5:DX6) -> 22000 | DY7: =SUM(DY5:DY6) -> 23375.1 | DZ7: =SUM(DZ5:DZ6) -> 1375.1 | EA7: =AVERAGE(EA5:EA6) -> 1.0625045 | EB7: =SUM(EB5:EB6) -> 4000 | EC7: =SUM(EC5:EC6) -> 6066.08 | ED7: =SUM(ED5:ED6) -> 2066.08 | EE7: =AVERAGE(EE5:EE6) -> 1.51652 | EF7: =SUM(EF5:EF6) -> 11000 | EG7: =SUM(EG5:EG6) -> 13946.7 | EH7: =SUM(EH5:EH6) -> 2946.7 | EI7: =AVERAGE(EI5:EI6) -> 1.2678818 | EJ7: =SUM(EJ5:EJ6) -> 0 | EK7: =SUM(EK5:EK6) -> 2882.1 | EL7: =SUM(EL5:EL6) -> 2882.1 | EM7: =AVERAGE(EM5:EM6) -> #DIV/0! | EN7: =SUM(EN5:EN6) -> 10000 | EO7: =SUM(EO5:EO6) -> 15958 | EP7: =SUM(EP5:EP6) -> 5958 | EQ7: =AVERAGE(EQ5:EQ6) -> 1.5958 | ER7: =SUM(ER5:ER6) -> 38000 | ES7: =SUM(ES5:ES6) -> 27259.95 | ET7: =SUM(ET5:ET6) -> -10740.05 | EU7: =AVERAGE(EU5:EU6) -> 0.71736711 | EV7: =SUM(EV5:EV6) -> 16000 | EW7: =SUM(EW5:EW6) -> 22116.15 | EX7: =SUM(EX5:EX6) -> 6116.15 | EY7: =AVERAGE(EY5:EY6) -> 1.3822594 | EZ7: =SUM(EZ5:EZ6) -> 7000 | FA7: =SUM(FA5:FA6) -> 3772.7 | FB7: =SUM(FB5:FB6) -> -3227.3 | FC7: =AVERAGE(FC5:FC6) -> 0.53895714 | FD7: =SUM(FD5:FD6) -> 1000 | FE7: =SUM(FE5:FE6) -> 0 | FF7: =SUM(FF5:FF6) -> -1000 | FG7: =AVERAGE(FG5:FG6) -> 0 | FH7: =SUM(FH5:FH6) -> 0 | FI7: =SUM(FI5:FI6) -> 0 | FJ7: =SUM(FJ5:FJ6) -> 0 | FK7: =SUM(FK5:FK6) -> #DIV/0! | FL7: =SUM(FL5:FL6) -> 1400 | FM7: =SUM(FM5:FM6) -> 1883.22 | FN7: =SUM(FN5:FN6) -> 483.22 | FO7: =AVERAGE(FO5:FO6) -> 1.3451571 | FP7: =SUM(FP5:FP6) -> 13000 | FQ7: =SUM(FQ5:FQ6) -> 14480.14 | FR7: =SUM(FR5:FR6) -> 1480.14 | FS7: =AVERAGE(FS5:FS6) -> 1.1138569 | FT7: =SUM(FT5:FT6) -> 7000 | FU7: =SUM(FU5:FU6) -> 8459.13 | FV7: =SUM(FV5:FV6) -> 1459.13 | FW7: =AVERAGE(FW5:FW6) -> 1.2084471 | FX7: =SUM(FX5:FX6) -> 4000 | FY7: =SUM(FY5:FY6) -> 1416.64 | FZ7: =SUM(FZ5:FZ6) -> -2583.36 | GA7: =AVERAGE(GA5:GA6) -> 0.35416 | GB7: =SUM(GB5:GB6) -> 739.22142 | GC7: =SUM(GC5:GC6) -> 0 | GD7: =SUM(GD5:GD6) -> -739.22142 | GE7: =AVERAGE(GE5:GE6) -> 0 | GF7: =SUM(GF5:GF6) -> 27000 | GG7: =SUM(GG5:GG6) -> 12835.034 | GH7: =SUM(GH5:GH6) -> -14164.966 | GI7: =AVERAGE(GI5:GI6) -> 0.47537163 | GJ7: =SUM(GJ5:GJ6) -> 0 | GK7: =SUM(GK5:GK6) -> 4.04 | GL7: =SUM(GL5:GL6) -> 4.04 | GM7: =AVERAGE(GM5:GM6) -> #DIV/0! | GN7: =SUM(GN5:GN6) -> 4999.4052 | GO7: =SUM(GO5:GO6) -> 5241.82 | GP7: =SUM(GP5:GP6) -> 242.41484 | GQ7: =AVERAGE(GQ5:GQ6) -> 1.0484887 | GR7: =SUM(GR5:GR6) -> 7174.1935 | GS7: =SUM(GS5:GS6) -> 558.63 | GT7: =SUM(GT5:GT6) -> -6615.5635 | GU7: =AVERAGE(GU5:GU6) -> 0.077866592 | GV7: =SUM(GV5:GV6) -> 4999.4052 | GW7: =SUM(GW5:GW6) -> 1318.47 | GX7: =SUM(GX5:GX6) -> -3680.9352 | GY7: =AVERAGE(GY5:GY6) -> 0.26372537 | GZ7: =SUM(GZ5:GZ6) -> 0 | HA7: =SUM(HA5:HA6) -> 0 | HB7: =SUM(HB5:HB6) -> 0 | HC7: =AVERAGE(HC5:HC6) -> #DIV/0!
B9: =B6+1 -> 46237 | C9: =TEXT(B9,"ddd") -> Sen | D9: =SUMIF($H$4:$HB$4,$D$4,H9:HB9) -> 206238.15 | E9: =SUMIF($H$4:$HB$4,$E$4,H9:HB9) -> 184282.44 | F9: =E9-D9 -> -21955.711 | G9: =E9/D9 -> 0.89354195 | H9: =INDEX('SO Agustus 2026 Rev.3'!$B$6:$BK$52,MATCH(B9,'SO Agustus 2026 Rev.3'!$B$6:$B$52,0),MATCH($H$3,'SO Agustus 2026 Rev.3'!$B$5:$XK$5,0)) -> 1199.5729 | I9: =INDEX('Summary sales'!$A$6:$CB$50,MATCH($B9,'Summary sales'!$A$6:$A$50,0),MATCH($H$3,'Summary sales'!$A$7:$CB$7,0)) -> 950.24 | J9: =I9-H9 -> -249.3329 | K9: =I9/H9 -> 0.7921486 | L9: =INDEX('SO Agustus 2026 Rev.3'!$B$6:$BK$52,MATCH(B9,'SO Agustus 2026 Rev.3'!$B$6:$B$52,0),MATCH($L$3,'SO Agustus 2026 Rev.3'!$B$5:$XK$5,0)) -> 2000 | M9: =INDEX('Summary sales'!$A$6:$CB$50,MATCH($B9,'Summary sales'!$A$6:$A$50,0),MATCH($L$3,'Summary sales'!$A$7:$CB$7,0)) -> 1228.33 | N9: =M9-L9 -> -771.67 | O9: =M9/L9 -> 0.614165 | P9: =INDEX('SO Agustus 2026 Rev.3'!$B$6:$BK$52,MATCH(B9,'SO Agustus 2026 Rev.3'!$B$6:$B$52,0),MATCH($P$3,'SO Agustus 2026 Rev.3'!$B$5:$XK$5,0)) -> 1200 | Q9: =INDEX('Summary sales'!$A$6:$CB$50,MATCH($B9,'Summary sales'!$A$6:$A$50,0),MATCH($P$3,'Summary sales'!$A$7:$CB$7,0)) -> 1372.5 | R9: =Q9-P9 -> 172.5 | S9: =Q9/P9 -> 1.14375 | T9: =INDEX('SO Agustus 2026 Rev.3'!$B$6:$BK$52,MATCH(B9,'SO Agustus 2026 Rev.3'!$B$6:$B$52,0),MATCH($T$3,'SO Agustus 2026 Rev.3'!$B$5:$XK$5,0)) -> 3300 | U9: =INDEX('Summary sales'!$A$6:$CB$50,MATCH($B9,'Summary sales'!$A$6:$A$50,0),MATCH($T$3,'Summary sales'!$A$7:$CB$7,0)) -> 2119.4 | V9: =U9-T9 -> -1180.6 | W9: =U9/T9 -> 0.64224242 | X9: =INDEX('SO Agustus 2026 Rev.3'!$B$6:$BK$52,MATCH(B9,'SO Agustus 2026 Rev.3'!$B$6:$B$52,0),MATCH($X$3,'SO Agustus 2026 Rev.3'!$B$5:$XK$5,0)) -> 644.02065 | Y9: =INDEX('Summary sales'!$A$6:$CB$50,MATCH($B9,'Summary sales'!$A$6:$A$50,0),MATCH($X$3,'Summary sales'!$A$7:$CB$7,0)) -> 1091.54 | Z9: =Y9-X9 -> 447.51935 | AA9: =Y9/X9 -> 1.6948836 | AB9: =INDEX('SO Agustus 2026 Rev.3'!$B$6:$BK$52,MATCH(B9,'SO Agustus 2026 Rev.3'!$B$6:$B$52,0),MATCH($AB$3,'SO Agustus 2026 Rev.3'!$B$5:$XK$5,0)) -> 150 | AC9: =INDEX('Summary sales'!$A$6:$CB$50,MATCH($B9,'Summary sales'!$A$6:$A$50,0),MATCH($AB$3,'Summary sales'!$A$7:$CB$7,0)) -> 0 | AD9: =AC9-AB9 -> -150 | AE9: =AC9/AB9 -> 0 | AF9: =INDEX('SO Agustus 2026 Rev.3'!$B$6:$BK$52,MATCH(B9,'SO Agustus 2026 Rev.3'!$B$6:$B$52,0),MATCH($AF$3,'SO Agustus 2026 Rev.3'!$B$5:$XK$5,0)) -> 603.76323 | AG9: =INDEX('Summary sales'!$A$6:$CB$50,MATCH($B9,'Summary sales'!$A$6:$A$50,0),MATCH($AF$3,'Summary sales'!$A$7:$CB$7,0)) -> 915.94 | AH9: =AG9-AF9 -> 312.17677 | AI9: =AG9/AF9 -> 1.5170517 | AJ9: =INDEX('SO Agustus 2026 Rev.3'!$B$6:$BK$52,MATCH(B9,'SO Agustus 2026 Rev.3'!$B$6:$B$52,0),MATCH($AJ$3,'SO Agustus 2026 Rev.3'!$B$5:$XK$5,0)) -> 673.27548 | AK9: =INDEX('Summary sales'!$A$6:$CB$50,MATCH($B9,'Summary sales'!$A$6:$A$50,0),MATCH($AJ$3,'Summary sales'!$A$7:$CB$7,0)) -> 738.04 | AL9: =AK9-AJ9 -> 64.764516 | AM9: =AK9/AJ9 -> 1.0961932 | AN9: =INDEX('SO Agustus 2026 Rev.3'!$B$6:$BK$52,MATCH(B9,'SO Agustus 2026 Rev.3'!$B$6:$B$52,0),MATCH($AN$3,'SO Agustus 2026 Rev.3'!$B$5:$XK$5,0)) -> 5500 | AO9: =INDEX('Summary sales'!$A$6:$CB$50,MATCH($B9,'Summary sales'!$A$6:$A$50,0),MATCH($AN$3,'Summary sales'!$A$7:$CB$7,0)) -> 6624.49 | AP9: =AO9-AN9 -> 1124.49 | AQ9: =AO9/AN9 -> 1.2044527 | AR9: =INDEX('SO Agustus 2026 Rev.3'!$B$6:$BK$52,MATCH(B9,'SO Agustus 2026 Rev.3'!$B$6:$B$52,0),MATCH($AR$3,'SO Agustus 2026 Rev.3'!$B$5:$XK$5,0)) -> 5000 | AS9: =INDEX('Summary sales'!$A$6:$CB$50,MATCH($B9,'Summary sales'!$A$6:$A$50,0),MATCH($AR$3,'Summary sales'!$A$7:$CB$7,0)) -> 4650.77 | AT9: =AS9-AR9 -> -349.23 | AU9: =AS9/AR9 -> 0.930154 | AV9: =INDEX('SO Agustus 2026 Rev.3'!$B$6:$BK$52,MATCH(B9,'SO Agustus 2026 Rev.3'!$B$6:$B$52,0),MATCH($AV$3,'SO Agustus 2026 Rev.3'!$B$5:$XK$5,0)) -> 2500 | AW9: =INDEX('Summary sales'!$A$6:$CB$50,MATCH($B9,'Summary sales'!$A$6:$A$50,0),MATCH($AV$3,'Summary sales'!$A$7:$CB$7,0)) -> 3039.46 | AX9: =AW9-AV9 -> 539.46 | AY9: =AW9/AV9 -> 1.215784 | AZ9: =INDEX('SO Agustus 2026 Rev.3'!$B$6:$BK$52,MATCH(B9,'SO Agustus 2026 Rev.3'!$B$6:$B$52,0),MATCH($AZ$3,'SO Agustus 2026 Rev.3'!$B$5:$XK$5,0)) -> 500 | BA9: =INDEX('Summary sales'!$A$6:$CB$50,MATCH($B9,'Summary sales'!$A$6:$A$50,0),MATCH($AZ$3,'Summary sales'!$A$7:$CB$7,0)) -> 942.17 | BB9: =BA9-AZ9 -> 442.17 | BC9: =BA9/AZ9 -> 1.88434 | BD9: =INDEX('SO Agustus 2026 Rev.3'!$B$6:$BK$52,MATCH(B9,'SO Agustus 2026 Rev.3'!$B$6:$B$52,0),MATCH($BD$3,'SO Agustus 2026 Rev.3'!$B$5:$XK$5,0)) -> 10300 | BE9: =INDEX('Summary sales'!$A$6:$CB$50,MATCH($B9,'Summary sales'!$A$6:$A$50,0),MATCH($BD$3,'Summary sales'!$A$7:$CB$7,0)) -> 10992.92 | BF9: =BE9-BD9 -> 692.92 | BG9: =BE9/BD9 -> 1.0672738 | BH9: =INDEX('SO Agustus 2026 Rev.3'!$B$6:$BK$52,MATCH(B9,'SO Agustus 2026 Rev.3'!$B$6:$B$52,0),MATCH($BH$3,'SO Agustus 2026 Rev.3'!$B$5:$XK$5,0)) -> 9000.0571 | BI9: =INDEX('Summary sales'!$A$6:$CB$50,MATCH($B9,'Summary sales'!$A$6:$A$50,0),MATCH($BH$3,'Summary sales'!$A$7:$CB$7,0)) -> 9198.07 | BJ9: =BI9-BH9 -> 198.0129 | BK9: =BI9/BH9 -> 1.0220013 | BL9: =INDEX('SO Agustus 2026 Rev.3'!$B$6:$BK$52,MATCH(B9,'SO Agustus 2026 Rev.3'!$B$6:$B$52,0),MATCH($BL$3,'SO Agustus 2026 Rev.3'!$B$5:$XK$5,0)) -> 1000 | BM9: =INDEX('Summary sales'!$A$6:$CB$50,MATCH($B9,'Summary sales'!$A$6:$A$50,0),MATCH($BL$3,'Summary sales'!$A$7:$CB$7,0)) -> 1533.793 | BN9: =BM9-BL9 -> 533.793 | BO9: =BM9/BL9 -> 1.533793 | BP9: =INDEX('SO Agustus 2026 Rev.3'!$B$6:$BK$52,MATCH(B9,'SO Agustus 2026 Rev.3'!$B$6:$B$52,0),MATCH($BP$3,'SO Agustus 2026 Rev.3'!$B$5:$XK$5,0)) -> 5500 | BQ9: =INDEX('Summary sales'!$A$6:$CB$50,MATCH($B9,'Summary sales'!$A$6:$A$50,0),MATCH($BP$3,'Summary sales'!$A$7:$CB$7,0)) -> 2816.9 | BR9: =BQ9-BP9 -> -2683.1 | BS9: =BQ9/BP9 -> 0.51216364 | BT9: =INDEX('SO Agustus 2026 Rev.3'!$B$6:$BK$52,MATCH(B9,'SO Agustus 2026 Rev.3'!$B$6:$B$52,0),MATCH($BT$3,'SO Agustus 2026 Rev.3'!$B$5:$XK$5,0)) -> 0 | BU9: =INDEX('Summary sales'!$A$6:$CB$50,MATCH($B9,'Summary sales'!$A$6:$A$50,0),MATCH($BT$3,'Summary sales'!$A$7:$CB$7,0)) -> 0 | BV9: =BU9-BT9 -> 0 | BW9: =BU9/BT9 -> #DIV/0! | BX9: =INDEX('SO Agustus 2026 Rev.3'!$B$6:$BK$52,MATCH(B9,'SO Agustus 2026 Rev.3'!$B$6:$B$52,0),MATCH($BX$3,'SO Agustus 2026 Rev.3'!$B$5:$XK$5,0)) -> 89.451613 | BY9: =INDEX('Summary sales'!$A$6:$CB$50,MATCH($B9,'Summary sales'!$A$6:$A$50,0),MATCH($BX$3,'Summary sales'!$A$7:$CB$7,0)) -> 70.36 | BZ9: =BY9-BX9 -> -19.091613 | CA9: =BY9/BX9 -> 0.7865705 | CB9: =INDEX('SO Agustus 2026 Rev.3'!$B$6:$BK$52,MATCH(B9,'SO Agustus 2026 Rev.3'!$B$6:$B$52,0),MATCH($CB$3,'SO Agustus 2026 Rev.3'!$B$5:$XK$5,0)) -> 3500 | CC9: =INDEX('Summary sales'!$A$6:$CB$50,MATCH($B9,'Summary sales'!$A$6:$A$50,0),MATCH($CB$3,'Summary sales'!$A$7:$CB$7,0)) -> 3530.9 | CD9: =CC9-CB9 -> 30.9 | CE9: =CC9/CB9 -> 1.0088286 | CF9: =INDEX('SO Agustus 2026 Rev.3'!$B$6:$BK$52,MATCH(B9,'SO Agustus 2026 Rev.3'!$B$6:$B$52,0),MATCH($CF$3,'SO Agustus 2026 Rev.3'!$B$5:$XK$5,0)) -> 1300 | CG9: =INDEX('Summary sales'!$A$6:$CB$50,MATCH($B9,'Summary sales'!$A$6:$A$50,0),MATCH($CF$3,'Summary sales'!$A$7:$CB$7,0)) -> 887.17 | CH9: =CG9-CF9 -> -412.83 | CI9: =CG9/CF9 -> 0.68243846 | CJ9: =INDEX('SO Agustus 2026 Rev.3'!$B$6:$BK$52,MATCH(B9,'SO Agustus 2026 Rev.3'!$B$6:$B$52,0),MATCH($CJ$3,'SO Agustus 2026 Rev.3'!$B$5:$XK$5,0)) -> 3000 | CK9: =INDEX('Summary sales'!$A$6:$CB$50,MATCH($B9,'Summary sales'!$A$6:$A$50,0),MATCH($CJ$3,'Summary sales'!$A$7:$CB$7,0)) -> 5803.5 | CL9: =CK9-CJ9 -> 2803.5 | CM9: =CK9/CJ9 -> 1.9345 | CN9: =INDEX('SO Agustus 2026 Rev.3'!$B$6:$BK$52,MATCH(B9,'SO Agustus 2026 Rev.3'!$B$6:$B$52,0),MATCH($CN$3,'SO Agustus 2026 Rev.3'!$B$5:$XK$5,0)) -> 6500 | CO9: =INDEX('Summary sales'!$A$6:$CB$50,MATCH($B9,'Summary sales'!$A$6:$A$50,0),MATCH($CN$3,'Summary sales'!$A$7:$CB$7,0)) -> 5015.66 | CP9: =CO9-CN9 -> -1484.34 | CQ9: =CO9/CN9 -> 0.77164 | CR9: =INDEX('SO Agustus 2026 Rev.3'!$B$6:$BK$52,MATCH(B9,'SO Agustus 2026 Rev.3'!$B$6:$B$52,0),MATCH($CR$3,'SO Agustus 2026 Rev.3'!$B$5:$XK$5,0)) -> 15000 | CS9: =INDEX('Summary sales'!$A$6:$CB$50,MATCH($B9,'Summary sales'!$A$6:$A$50,0),MATCH($CR$3,'Summary sales'!$A$7:$CB$7,0)) -> 4712.2 | CT9: =CS9-CR9 -> -10287.8 | CU9: =CS9/CR9 -> 0.31414667 | CV9: =INDEX('SO Agustus 2026 Rev.3'!$B$6:$BK$52,MATCH(B9,'SO Agustus 2026 Rev.3'!$B$6:$B$52,0),MATCH($CV$3,'SO Agustus 2026 Rev.3'!$B$5:$XK$5,0)) -> 16000 | CW9: =INDEX('Summary sales'!$A$6:$CB$50,MATCH($B9,'Summary sales'!$A$6:$A$50,0),MATCH($CV$3,'Summary sales'!$A$7:$CB$7,0)) -> 14750.859 | CX9: =CW9-CV9 -> -1249.141 | CY9: =CW9/CV9 -> 0.92192869 | CZ9: =INDEX('SO Agustus 2026 Rev.3'!$B$6:$BK$52,MATCH(B9,'SO Agustus 2026 Rev.3'!$B$6:$B$52,0),MATCH($CZ$3,'SO Agustus 2026 Rev.3'!$B$5:$XK$5,0)) -> 2000 | DA9: =INDEX('Summary sales'!$A$6:$CB$50,MATCH($B9,'Summary sales'!$A$6:$A$50,0),MATCH($CZ$3,'Summary sales'!$A$7:$CB$7,0)) -> 880.48 | DB9: =DA9-CZ9 -> -1119.52 | DC9: =DA9/CZ9 -> 0.44024 | DD9: =INDEX('SO Agustus 2026 Rev.3'!$B$6:$BK$52,MATCH(B9,'SO Agustus 2026 Rev.3'!$B$6:$B$52,0),MATCH($DD$3,'SO Agustus 2026 Rev.3'!$B$5:$XK$5,0)) -> 800 | DE9: =INDEX('Summary sales'!$A$6:$CB$50,MATCH($B9,'Summary sales'!$A$6:$A$50,0),MATCH($DD$3,'Summary sales'!$A$7:$CB$7,0)) -> 681.56 | DF9: =DE9-DD9 -> -118.44 | DG9: =DE9/DD9 -> 0.85195 | DH9: =INDEX('SO Agustus 2026 Rev.3'!$B$6:$BK$52,MATCH(B9,'SO Agustus 2026 Rev.3'!$B$6:$B$52,0),MATCH($DH$3,'SO Agustus 2026 Rev.3'!$B$5:$XK$5,0)) -> 7200 | DI9: =INDEX('Summary sales'!$A$6:$CB$50,MATCH($B9,'Summary sales'!$A$6:$A$50,0),MATCH($DH$3,'Summary sales'!$A$7:$CB$7,0)) -> 8693.73 | DJ9: =DI9-DH9 -> 1493.73 | DK9: =DI9/DH9 -> 1.2074625 | DL9: =INDEX('SO Agustus 2026 Rev.3'!$B$6:$BK$52,MATCH(B9,'SO Agustus 2026 Rev.3'!$B$6:$B$52,0),MATCH($DL$3,'SO Agustus 2026 Rev.3'!$B$5:$XK$5,0)) -> 2500 | DM9: =INDEX('Summary sales'!$A$6:$CB$50,MATCH($B9,'Summary sales'!$A$6:$A$50,0),MATCH($DL$3,'Summary sales'!$A$7:$CB$7,0)) -> 2050.66 | DN9: =DM9-DL9 -> -449.34 | DO9: =DM9/DL9 -> 0.820264 | DP9: =INDEX('SO Agustus 2026 Rev.3'!$B$6:$BK$52,MATCH(B9,'SO Agustus 2026 Rev.3'!$B$6:$B$52,0),MATCH($DP$3,'SO Agustus 2026 Rev.3'!$B$5:$XK$5,0)) -> 2000 | DQ9: =INDEX('Summary sales'!$A$6:$CB$50,MATCH($B9,'Summary sales'!$A$6:$A$50,0),MATCH($DP$3,'Summary sales'!$A$7:$CB$7,0)) -> 1935.5 | DR9: =DQ9-DP9 -> -64.5 | DS9: =DQ9/DP9 -> 0.96775 | DT9: =INDEX('SO Agustus 2026 Rev.3'!$B$6:$BK$52,MATCH(B9,'SO Agustus 2026 Rev.3'!$B$6:$B$52,0),MATCH($DT$3,'SO Agustus 2026 Rev.3'!$B$5:$XK$5,0)) -> 1000 | DU9: =INDEX('Summary sales'!$A$6:$CB$50,MATCH($B9,'Summary sales'!$A$6:$A$50,0),MATCH($DT$3,'Summary sales'!$A$7:$CB$7,0)) -> 462.34 | DV9: =DU9-DT9 -> -537.66 | DW9: =DU9/DT9 -> 0.46234 | DX9: =INDEX('SO Agustus 2026 Rev.3'!$B$6:$BK$52,MATCH(B9,'SO Agustus 2026 Rev.3'!$B$6:$B$52,0),MATCH($DX$3,'SO Agustus 2026 Rev.3'!$B$5:$XK$5,0)) -> 11000 | DY9: =INDEX('Summary sales'!$A$6:$CB$50,MATCH($B9,'Summary sales'!$A$6:$A$50,0),MATCH($DX$3,'Summary sales'!$A$7:$CB$7,0)) -> 10329.84 | DZ9: =DY9-DX9 -> -670.16 | EA9: =DY9/DX9 -> 0.93907636 | EB9: =INDEX('SO Agustus 2026 Rev.3'!$B$6:$BK$52,MATCH(B9,'SO Agustus 2026 Rev.3'!$B$6:$B$52,0),MATCH($EB$3,'SO Agustus 2026 Rev.3'!$B$5:$XK$5,0)) -> 2000 | EC9: =INDEX('Summary sales'!$A$6:$CB$50,MATCH($B9,'Summary sales'!$A$6:$A$50,0),MATCH($EB$3,'Summary sales'!$A$7:$CB$7,0)) -> 1525.24 | ED9: =EC9-EB9 -> -474.76 | EE9: =EC9/EB9 -> 0.76262 | EF9: =INDEX('SO Agustus 2026 Rev.3'!$B$6:$BK$52,MATCH(B9,'SO Agustus 2026 Rev.3'!$B$6:$B$52,0),MATCH($EF$3,'SO Agustus 2026 Rev.3'!$B$5:$XK$5,0)) -> 4000 | EG9: =INDEX('Summary sales'!$A$6:$CB$50,MATCH($B9,'Summary sales'!$A$6:$A$50,0),MATCH($EF$3,'Summary sales'!$A$7:$CB$7,0)) -> 5964.06 | EH9: =EG9-EF9 -> 1964.06 | EI9: =EG9/EF9 -> 1.491015 | EJ9: =INDEX('SO Agustus 2026 Rev.3'!$B$6:$BK$52,MATCH(B9,'SO Agustus 2026 Rev.3'!$B$6:$B$52,0),MATCH($EJ$3,'SO Agustus 2026 Rev.3'!$B$5:$XK$5,0)) -> 7000 | EK9: =INDEX('Summary sales'!$A$6:$CB$50,MATCH(B9,'Summary sales'!$A$6:$A$50,0),MATCH($EJ$3,'Summary sales'!$A$7:$CB$7,0)) -> 6153.19 | EL9: =EK9-EJ9 -> -846.81 | EM9: =EK9/EJ9 -> 0.87902714 | EN9: =INDEX('SO Agustus 2026 Rev.3'!$B$6:$BK$52,MATCH(B9,'SO Agustus 2026 Rev.3'!$B$6:$B$52,0),MATCH($EN$3,'SO Agustus 2026 Rev.3'!$B$5:$XK$5,0)) -> 5000 | EO9: =INDEX('Summary sales'!$A$6:$CB$50,MATCH($B9,'Summary sales'!$A$6:$A$50,0),MATCH($EN$3,'Summary sales'!$A$7:$CB$7,0)) -> 7316.25 | EP9: =EO9-EN9 -> 2316.25 | EQ9: =EO9/EN9 -> 1.46325 | ER9: =INDEX('SO Agustus 2026 Rev.3'!$B$6:$BK$52,MATCH(B9,'SO Agustus 2026 Rev.3'!$B$6:$B$52,0),MATCH($ER$3,'SO Agustus 2026 Rev.3'!$B$5:$XK$5,0)) -> 19000 | ES9: =INDEX('Summary sales'!$A$6:$CB$50,MATCH($B9,'Summary sales'!$A$6:$A$50,0),MATCH($ER$3,'Summary sales'!$A$7:$CB$7,0)) -> 12429.68 | ET9: =ES9-ER9 -> -6570.32 | EU9: =ES9/ER9 -> 0.65419368 | EV9: =INDEX('SO Agustus 2026 Rev.3'!$B$6:$BK$52,MATCH(B9,'SO Agustus 2026 Rev.3'!$B$6:$B$52,0),MATCH($EV$3,'SO Agustus 2026 Rev.3'!$B$5:$XK$5,0)) -> 8000 | EW9: =INDEX('Summary sales'!$A$6:$CB$50,MATCH(B9,'Summary sales'!$A$6:$A$50,0),MATCH($EV$3,'Summary sales'!$A$7:$CB$7,0)) -> 6318.53 | EX9: =EW9-EV9 -> -1681.47 | EY9: =EW9/EV9 -> 0.78981625 | EZ9: =INDEX('SO Agustus 2026 Rev.3'!$B$6:$BK$52,MATCH(B9,'SO Agustus 2026 Rev.3'!$B$6:$B$52,0),MATCH($EZ$3,'SO Agustus 2026 Rev.3'!$B$5:$XK$5,0)) -> 3500 | FA9: =INDEX('Summary sales'!$A$6:$CB$50,MATCH(B9,'Summary sales'!$A$6:$A$50,0),MATCH($EZ$3,'Summary sales'!$A$7:$CB$7,0)) -> 2978.9 | FB9: =FA9-EZ9 -> -521.1 | FC9: =FA9/EZ9 -> 0.85111429 | FD9: =INDEX('SO Agustus 2026 Rev.3'!$B$6:$BK$52,MATCH(B9,'SO Agustus 2026 Rev.3'!$B$6:$B$52,0),MATCH($FD$3,'SO Agustus 2026 Rev.3'!$B$5:$XK$5,0)) -> 500 | FE9: =INDEX('Summary sales'!$A$6:$CB$50,MATCH(B9,'Summary sales'!$A$6:$A$50,0),MATCH($FD$3,'Summary sales'!$A$7:$CB$7,0)) -> 0 | FF9: =FE9-FD9 -> -500 | FG9: =FE9/FD9 -> 0 | FH9: =INDEX('SO Agustus 2026 Rev.3'!$B$6:$BK$52,MATCH(B9,'SO Agustus 2026 Rev.3'!$B$6:$B$52,0),MATCH($FH$3,'SO Agustus 2026 Rev.3'!$B$5:$XK$5,0)) -> 0 | FI9: =INDEX('Summary sales'!$A$6:$CB$50,MATCH(B9,'Summary sales'!$A$6:$A$50,0),MATCH($FH$3,'Summary sales'!$A$7:$CB$7,0)) -> 0 | FJ9: =FI9-FH9 -> 0 | FK9: =FI9/FH9 -> #DIV/0! | FL9: =INDEX('SO Agustus 2026 Rev.3'!$B$6:$BK$52,MATCH(B9,'SO Agustus 2026 Rev.3'!$B$6:$B$52,0),MATCH($FL$3,'SO Agustus 2026 Rev.3'!$B$5:$XK$5,0)) -> 700 | FM9: =INDEX('Summary sales'!$A$6:$CB$50,MATCH(B9,'Summary sales'!$A$6:$A$50,0),MATCH($FL$3,'Summary sales'!$A$7:$CB$7,0)) -> 424.27 | FN9: =FM9-FL9 -> -275.73 | FO9: =FM9/FL9 -> 0.6061 | FP9: =INDEX('SO Agustus 2026 Rev.3'!$B$6:$BK$52,MATCH(B9,'SO Agustus 2026 Rev.3'!$B$6:$B$52,0),MATCH($FP$3,'SO Agustus 2026 Rev.3'!$B$5:$XK$5,0)) -> 6500 | FQ9: =INDEX('Summary sales'!$A$6:$CB$50,MATCH(B9,'Summary sales'!$A$6:$A$50,0),MATCH($FP$3,'Summary sales'!$A$7:$CB$7,0)) -> 5707.08 | FR9: =FQ9-FP9 -> -792.92 | FS9: =FQ9/FP9 -> 0.87801231 | FT9: =INDEX('SO Agustus 2026 Rev.3'!$B$6:$BK$52,MATCH(B9,'SO Agustus 2026 Rev.3'!$B$6:$B$52,0),MATCH($FT$3,'SO Agustus 2026 Rev.3'!$B$5:$XK$5,0)) -> 3500 | FU9: =INDEX('Summary sales'!$A$6:$CB$50,MATCH(B9,'Summary sales'!$A$6:$A$50,0),MATCH($FT$3,'Summary sales'!$A$7:$CB$7,0)) -> 4108.36 | FV9: =FU9-FT9 -> 608.36 | FW9: =FU9/FT9 -> 1.1738171 | FX9: =INDEX('SO Agustus 2026 Rev.3'!$B$6:$BK$52,MATCH(B9,'SO Agustus 2026 Rev.3'!$B$6:$B$52,0),MATCH($FX$3,'SO Agustus 2026 Rev.3'!$B$5:$XK$5,0)) -> 2000 | FY9: =INDEX('Summary sales'!$A$6:$CB$50,MATCH(B9,'Summary sales'!$A$6:$A$50,0),MATCH($FX$3,'Summary sales'!$A$7:$CB$7,0)) -> 1893.86 | FZ9: =FY9-FX9 -> -106.14 | GA9: =FY9/FX9 -> 0.94693 | GB9: =INDEX('SO Agustus 2026 Rev.3'!$B$6:$BK$52,MATCH(B9,'SO Agustus 2026 Rev.3'!$B$6:$B$52,0),MATCH($GB$3,'SO Agustus 2026 Rev.3'!$B$5:$XK$5,0)) -> 369.61071 | GC9: =INDEX('Summary sales'!$A$6:$CB$50,MATCH(B9,'Summary sales'!$A$6:$A$50,0),MATCH($GB$3,'Summary sales'!$A$7:$CB$7,0)) -> 0 | GD9: =GC9-GB9 -> -369.61071 | GE9: =GC9/GB9 -> 0 | GF9: =INDEX('SO Agustus 2026 Rev.3'!$B$6:$BK$52,MATCH(B9,'SO Agustus 2026 Rev.3'!$B$6:$B$52,0),MATCH($GF$3,'SO Agustus 2026 Rev.3'!$B$5:$XK$5,0)) -> 13500 | GG9: =INDEX('Summary sales'!$A$6:$CB$50,MATCH(B9,'Summary sales'!$A$6:$A$50,0),MATCH($GF$3,'Summary sales'!$A$7:$CB$7,0)) -> 8852.381 | GH9: =GG9-GF9 -> -4647.619 | GI9: =GG9/GF9 -> 0.65573193 | GJ9: =INDEX('SO Agustus 2026 Rev.3'!$B$6:$BK$52,MATCH(B9,'SO Agustus 2026 Rev.3'!$B$6:$B$52,0),MATCH($GJ$3,'SO Agustus 2026 Rev.3'!$B$5:$XK$5,0)) -> 1121.9003 | GK9: =INDEX('Summary sales'!$A$6:$CB$50,MATCH($B9,'Summary sales'!$A$6:$A$50,0),MATCH($GJ$3,'Summary sales'!$A$7:$CB$7,0)) -> 620.69 | GL9: =GK9-GJ9 -> -501.21032 | GM9: =GK9/GJ9 -> 0.55324879 | GN9: =INDEX('SO Agustus 2026 Rev.3'!$B$6:$BK$52,MATCH(B9,'SO Agustus 2026 Rev.3'!$B$6:$B$52,0),MATCH($GN$3,'SO Agustus 2026 Rev.3'!$B$5:$XK$5,0)) -> 2499.7026 | GO9: =INDEX('Summary sales'!$A$6:$CB$50,MATCH(B9,'Summary sales'!$A$6:$A$50,0),MATCH($GN$3,'Summary sales'!$A$7:$CB$7,0)) -> 2778.13 | GP9: =GO9-GN9 -> 278.42742 | GQ9: =GO9/GN9 -> 1.1113842 | GR9: =INDEX('SO Agustus 2026 Rev.3'!$B$6:$BK$52,MATCH(B9,'SO Agustus 2026 Rev.3'!$B$6:$B$52,0),MATCH($GR$3,'SO Agustus 2026 Rev.3'!$B$5:$XK$5,0)) -> 3587.0968 | GS9: =INDEX('Summary sales'!$A$6:$CB$50,MATCH(B9,'Summary sales'!$A$6:$A$50,0),MATCH($GR$3,'Summary sales'!$A$7:$CB$7,0)) -> 9026.79 | GT9: =GS9-GR9 -> 5439.6932 | GU9: =GS9/GR9 -> 2.5164612 | GV9: =INDEX('SO Agustus 2026 Rev.3'!$B$6:$BK$52,MATCH(B9,'SO Agustus 2026 Rev.3'!$B$6:$B$52,0),MATCH($GV$3,'SO Agustus 2026 Rev.3'!$B$5:$XK$5,0)) -> 2499.7026 | GW9: =INDEX('Summary sales'!$A$6:$CB$50,MATCH(B9,'Summary sales'!$A$6:$A$50,0),MATCH($GV$3,'Summary sales'!$A$7:$CB$7,0)) -> 165.71 | GX9: =GW9-GV9 -> -2333.9926 | GY9: =GW9/GV9 -> 0.066291887 | GZ9: =INDEX('SO Agustus 2026 Rev.3'!$B$6:$BK$52,MATCH(B9,'SO Agustus 2026 Rev.3'!$B$6:$B$52,0),MATCH($GZ$3,'SO Agustus 2026 Rev.3'!$B$5:$XK$5,0)) -> 0 | HA9: =INDEX('Summary sales'!$A$6:$CB$50,MATCH(B9,'Summary sales'!$A$6:$A$50,0),MATCH($GZ$3,'Summary sales'!$A$7:$CB$7,0)) -> 0 | HB9: =HA9-GZ9 -> 0 | HC9: =HA9/GZ9 -> #DIV/0!
B10: =B9+1 -> 46238 | C10: =TEXT(B10,"ddd") -> Sel | D10: =SUMIF($H$4:$HB$4,$D$4,H10:HB10) -> 206238.15 | E10: =SUMIF($H$4:$HB$4,$E$4,H10:HB10) -> 195241.97 | F10: =E10-D10 -> -10996.183 | G10: =E10/D10 -> 0.94668211 | H10: =INDEX('SO Agustus 2026 Rev.3'!$B$6:$BK$52,MATCH(B10,'SO Agustus 2026 Rev.3'!$B$6:$B$52,0),MATCH($H$3,'SO Agustus 2026 Rev.3'!$B$5:$XK$5,0)) -> 1199.5729 | I10: =INDEX('Summary sales'!$A$6:$CB$50,MATCH($B10,'Summary sales'!$A$6:$A$50,0),MATCH($H$3,'Summary sales'!$A$7:$CB$7,0)) -> 906.66 | J10: =I10-H10 -> -292.9129 | K10: =I10/H10 -> 0.75581901 | L10: =INDEX('SO Agustus 2026 Rev.3'!$B$6:$BK$52,MATCH(B10,'SO Agustus 2026 Rev.3'!$B$6:$B$52,0),MATCH($L$3,'SO Agustus 2026 Rev.3'!$B$5:$XK$5,0)) -> 2000 | M10: =INDEX('Summary sales'!$A$6:$CB$50,MATCH($B10,'Summary sales'!$A$6:$A$50,0),MATCH($L$3,'Summary sales'!$A$7:$CB$7,0)) -> 1209.09 | N10: =M10-L10 -> -790.91 | O10: =M10/L10 -> 0.604545 | P10: =INDEX('SO Agustus 2026 Rev.3'!$B$6:$BK$52,MATCH(B10,'SO Agustus 2026 Rev.3'!$B$6:$B$52,0),MATCH($P$3,'SO Agustus 2026 Rev.3'!$B$5:$XK$5,0)) -> 1200 | Q10: =INDEX('Summary sales'!$A$6:$CB$50,MATCH($B10,'Summary sales'!$A$6:$A$50,0),MATCH($P$3,'Summary sales'!$A$7:$CB$7,0)) -> 1371.5 | R10: =Q10-P10 -> 171.5 | S10: =Q10/P10 -> 1.1429167 | T10: =INDEX('SO Agustus 2026 Rev.3'!$B$6:$BK$52,MATCH(B10,'SO Agustus 2026 Rev.3'!$B$6:$B$52,0),MATCH($T$3,'SO Agustus 2026 Rev.3'!$B$5:$XK$5,0)) -> 3300 | U10: =INDEX('Summary sales'!$A$6:$CB$50,MATCH($B10,'Summary sales'!$A$6:$A$50,0),MATCH($T$3,'Summary sales'!$A$7:$CB$7,0)) -> 3479.2 | V10: =U10-T10 -> 179.2 | W10: =U10/T10 -> 1.054303 | X10: =INDEX('SO Agustus 2026 Rev.3'!$B$6:$BK$52,MATCH(B10,'SO Agustus 2026 Rev.3'!$B$6:$B$52,0),MATCH($X$3,'SO Agustus 2026 Rev.3'!$B$5:$XK$5,0)) -> 644.02065 | Y10: =INDEX('Summary sales'!$A$6:$CB$50,MATCH($B10,'Summary sales'!$A$6:$A$50,0),MATCH($X$3,'Summary sales'!$A$7:$CB$7,0)) -> 955.75 | Z10: =Y10-X10 -> 311.72935 | AA10: =Y10/X10 -> 1.4840363 | AB10: =INDEX('SO Agustus 2026 Rev.3'!$B$6:$BK$52,MATCH(B10,'SO Agustus 2026 Rev.3'!$B$6:$B$52,0),MATCH($AB$3,'SO Agustus 2026 Rev.3'!$B$5:$XK$5,0)) -> 150 | AC10: =INDEX('Summary sales'!$A$6:$CB$50,MATCH($B10,'Summary sales'!$A$6:$A$50,0),MATCH($AB$3,'Summary sales'!$A$7:$CB$7,0)) -> 0 | AD10: =AC10-AB10 -> -150 | AE10: =AC10/AB10 -> 0 | AF10: =INDEX('SO Agustus 2026 Rev.3'!$B$6:$BK$52,MATCH(B10,'SO Agustus 2026 Rev.3'!$B$6:$B$52,0),MATCH($AF$3,'SO Agustus 2026 Rev.3'!$B$5:$XK$5,0)) -> 603.76323 | AG10: =INDEX('Summary sales'!$A$6:$CB$50,MATCH($B10,'Summary sales'!$A$6:$A$50,0),MATCH($AF$3,'Summary sales'!$A$7:$CB$7,0)) -> 682.59 | AH10: =AG10-AF10 -> 78.826774 | AI10: =AG10/AF10 -> 1.1305591 | AJ10: =INDEX('SO Agustus 2026 Rev.3'!$B$6:$BK$52,MATCH(B10,'SO Agustus 2026 Rev.3'!$B$6:$B$52,0),MATCH($AJ$3,'SO Agustus 2026 Rev.3'!$B$5:$XK$5,0)) -> 673.27548 | AK10: =INDEX('Summary sales'!$A$6:$CB$50,MATCH($B10,'Summary sales'!$A$6:$A$50,0),MATCH($AJ$3,'Summary sales'!$A$7:$CB$7,0)) -> 657.52 | AL10: =AK10-AJ10 -> -15.755484 | AM10: =AK10/AJ10 -> 0.97659876 | AN10: =INDEX('SO Agustus 2026 Rev.3'!$B$6:$BK$52,MATCH(B10,'SO Agustus 2026 Rev.3'!$B$6:$B$52,0),MATCH($AN$3,'SO Agustus 2026 Rev.3'!$B$5:$XK$5,0)) -> 5500 | AO10: =INDEX('Summary sales'!$A$6:$CB$50,MATCH($B10,'Summary sales'!$A$6:$A$50,0),MATCH($AN$3,'Summary sales'!$A$7:$CB$7,0)) -> 5733.07 | AP10: =AO10-AN10 -> 233.07 | AQ10: =AO10/AN10 -> 1.0423764 | AR10: =INDEX('SO Agustus 2026 Rev.3'!$B$6:$BK$52,MATCH(B10,'SO Agustus 2026 Rev.3'!$B$6:$B$52,0),MATCH($AR$3,'SO Agustus 2026 Rev.3'!$B$5:$XK$5,0)) -> 5000 | AS10: =INDEX('Summary sales'!$A$6:$CB$50,MATCH($B10,'Summary sales'!$A$6:$A$50,0),MATCH($AR$3,'Summary sales'!$A$7:$CB$7,0)) -> 4621.65 | AT10: =AS10-AR10 -> -378.35 | AU10: =AS10/AR10 -> 0.92433 | AV10: =INDEX('SO Agustus 2026 Rev.3'!$B$6:$BK$52,MATCH(B10,'SO Agustus 2026 Rev.3'!$B$6:$B$52,0),MATCH($AV$3,'SO Agustus 2026 Rev.3'!$B$5:$XK$5,0)) -> 2500 | AW10: =INDEX('Summary sales'!$A$6:$CB$50,MATCH($B10,'Summary sales'!$A$6:$A$50,0),MATCH($AV$3,'Summary sales'!$A$7:$CB$7,0)) -> 3370.92 | AX10: =AW10-AV10 -> 870.92 | AY10: =AW10/AV10 -> 1.348368 | AZ10: =INDEX('SO Agustus 2026 Rev.3'!$B$6:$BK$52,MATCH(B10,'SO Agustus 2026 Rev.3'!$B$6:$B$52,0),MATCH($AZ$3,'SO Agustus 2026 Rev.3'!$B$5:$XK$5,0)) -> 500 | BA10: =INDEX('Summary sales'!$A$6:$CB$50,MATCH($B10,'Summary sales'!$A$6:$A$50,0),MATCH($AZ$3,'Summary sales'!$A$7:$CB$7,0)) -> 1246.38 | BB10: =BA10-AZ10 -> 746.38 | BC10: =BA10/AZ10 -> 2.49276 | BD10: =INDEX('SO Agustus 2026 Rev.3'!$B$6:$BK$52,MATCH(B10,'SO Agustus 2026 Rev.3'!$B$6:$B$52,0),MATCH($BD$3,'SO Agustus 2026 Rev.3'!$B$5:$XK$5,0)) -> 10300 | BE10: =INDEX('Summary sales'!$A$6:$CB$50,MATCH($B10,'Summary sales'!$A$6:$A$50,0),MATCH($BD$3,'Summary sales'!$A$7:$CB$7,0)) -> 10785.48 | BF10: =BE10-BD10 -> 485.48 | BG10: =BE10/BD10 -> 1.047134 | BH10: =INDEX('SO Agustus 2026 Rev.3'!$B$6:$BK$52,MATCH(B10,'SO Agustus 2026 Rev.3'!$B$6:$B$52,0),MATCH($BH$3,'SO Agustus 2026 Rev.3'!$B$5:$XK$5,0)) -> 9000.0571 | BI10: =INDEX('Summary sales'!$A$6:$CB$50,MATCH($B10,'Summary sales'!$A$6:$A$50,0),MATCH($BH$3,'Summary sales'!$A$7:$CB$7,0)) -> 10529.07 | BJ10: =BI10-BH10 -> 1529.0129 | BK10: =BI10/BH10 -> 1.1698892 | BL10: =INDEX('SO Agustus 2026 Rev.3'!$B$6:$BK$52,MATCH(B10,'SO Agustus 2026 Rev.3'!$B$6:$B$52,0),MATCH($BL$3,'SO Agustus 2026 Rev.3'!$B$5:$XK$5,0)) -> 1000 | BM10: =INDEX('Summary sales'!$A$6:$CB$50,MATCH($B10,'Summary sales'!$A$6:$A$50,0),MATCH($BL$3,'Summary sales'!$A$7:$CB$7,0)) -> 1432.867 | BN10: =BM10-BL10 -> 432.867 | BO10: =BM10/BL10 -> 1.432867 | BP10: =INDEX('SO Agustus 2026 Rev.3'!$B$6:$BK$52,MATCH(B10,'SO Agustus 2026 Rev.3'!$B$6:$B$52,0),MATCH($BP$3,'SO Agustus 2026 Rev.3'!$B$5:$XK$5,0)) -> 5500 | BQ10: =INDEX('Summary sales'!$A$6:$CB$50,MATCH($B10,'Summary sales'!$A$6:$A$50,0),MATCH($BP$3,'Summary sales'!$A$7:$CB$7,0)) -> 5047.51 | BR10: =BQ10-BP10 -> -452.49 | BS10: =BQ10/BP10 -> 0.91772909 | BT10: =INDEX('SO Agustus 2026 Rev.3'!$B$6:$BK$52,MATCH(B10,'SO Agustus 2026 Rev.3'!$B$6:$B$52,0),MATCH($BT$3,'SO Agustus 2026 Rev.3'!$B$5:$XK$5,0)) -> 0 | BU10: =INDEX('Summary sales'!$A$6:$CB$50,MATCH($B10,'Summary sales'!$A$6:$A$50,0),MATCH($BT$3,'Summary sales'!$A$7:$CB$7,0)) -> 0 | BV10: =BU10-BT10 -> 0 | BW10: =BU10/BT10 -> #DIV/0! | BX10: =INDEX('SO Agustus 2026 Rev.3'!$B$6:$BK$52,MATCH(B10,'SO Agustus 2026 Rev.3'!$B$6:$B$52,0),MATCH($BX$3,'SO Agustus 2026 Rev.3'!$B$5:$XK$5,0)) -> 89.451613 | BY10: =INDEX('Summary sales'!$A$6:$CB$50,MATCH($B10,'Summary sales'!$A$6:$A$50,0),MATCH($BX$3,'Summary sales'!$A$7:$CB$7,0)) -> 90.15 | BZ10: =BY10-BX10 -> 0.6983871 | CA10: =BY10/BX10 -> 1.0078074 | CB10: =INDEX('SO Agustus 2026 Rev.3'!$B$6:$BK$52,MATCH(B10,'SO Agustus 2026 Rev.3'!$B$6:$B$52,0),MATCH($CB$3,'SO Agustus 2026 Rev.3'!$B$5:$XK$5,0)) -> 3500 | CC10: =INDEX('Summary sales'!$A$6:$CB$50,MATCH($B10,'Summary sales'!$A$6:$A$50,0),MATCH($CB$3,'Summary sales'!$A$7:$CB$7,0)) -> 3727.4 | CD10: =CC10-CB10 -> 227.4 | CE10: =CC10/CB10 -> 1.0649714 | CF10: =INDEX('SO Agustus 2026 Rev.3'!$B$6:$BK$52,MATCH(B10,'SO Agustus 2026 Rev.3'!$B$6:$B$52,0),MATCH($CF$3,'SO Agustus 2026 Rev.3'!$B$5:$XK$5,0)) -> 1300 | CG10: =INDEX('Summary sales'!$A$6:$CB$50,MATCH($B10,'Summary sales'!$A$6:$A$50,0),MATCH($CF$3,'Summary sales'!$A$7:$CB$7,0)) -> 1779.79 | CH10: =CG10-CF10 -> 479.79 | CI10: =CG10/CF10 -> 1.3690692 | CJ10: =INDEX('SO Agustus 2026 Rev.3'!$B$6:$BK$52,MATCH(B10,'SO Agustus 2026 Rev.3'!$B$6:$B$52,0),MATCH($CJ$3,'SO Agustus 2026 Rev.3'!$B$5:$XK$5,0)) -> 3000 | CK10: =INDEX('Summary sales'!$A$6:$CB$50,MATCH($B10,'Summary sales'!$A$6:$A$50,0),MATCH($CJ$3,'Summary sales'!$A$7:$CB$7,0)) -> 5423.3 | CL10: =CK10-CJ10 -> 2423.3 | CM10: =CK10/CJ10 -> 1.8077667 | CN10: =INDEX('SO Agustus 2026 Rev.3'!$B$6:$BK$52,MATCH(B10,'SO Agustus 2026 Rev.3'!$B$6:$B$52,0),MATCH($CN$3,'SO Agustus 2026 Rev.3'!$B$5:$XK$5,0)) -> 6500 | CO10: =INDEX('Summary sales'!$A$6:$CB$50,MATCH($B10,'Summary sales'!$A$6:$A$50,0),MATCH($CN$3,'Summary sales'!$A$7:$CB$7,0)) -> 5752.32 | CP10: =CO10-CN10 -> -747.68 | CQ10: =CO10/CN10 -> 0.88497231 | CR10: =INDEX('SO Agustus 2026 Rev.3'!$B$6:$BK$52,MATCH(B10,'SO Agustus 2026 Rev.3'!$B$6:$B$52,0),MATCH($CR$3,'SO Agustus 2026 Rev.3'!$B$5:$XK$5,0)) -> 15000 | CS10: =INDEX('Summary sales'!$A$6:$CB$50,MATCH($B10,'Summary sales'!$A$6:$A$50,0),MATCH($CR$3,'Summary sales'!$A$7:$CB$7,0)) -> 2593.7 | CT10: =CS10-CR10 -> -12406.3 | CU10: =CS10/CR10 -> 0.17291333 | CV10: =INDEX('SO Agustus 2026 Rev.3'!$B$6:$BK$52,MATCH(B10,'SO Agustus 2026 Rev.3'!$B$6:$B$52,0),MATCH($CV$3,'SO Agustus 2026 Rev.3'!$B$5:$XK$5,0)) -> 16000 | CW10: =INDEX('Summary sales'!$A$6:$CB$50,MATCH($B10,'Summary sales'!$A$6:$A$50,0),MATCH($CV$3,'Summary sales'!$A$7:$CB$7,0)) -> 12568.641 | CX10: =CW10-CV10 -> -3431.359 | CY10: =CW10/CV10 -> 0.78554006 | CZ10: =INDEX('SO Agustus 2026 Rev.3'!$B$6:$BK$52,MATCH(B10,'SO Agustus 2026 Rev.3'!$B$6:$B$52,0),MATCH($CZ$3,'SO Agustus 2026 Rev.3'!$B$5:$XK$5,0)) -> 2000 | DA10: =INDEX('Summary sales'!$A$6:$CB$50,MATCH($B10,'Summary sales'!$A$6:$A$50,0),MATCH($CZ$3,'Summary sales'!$A$7:$CB$7,0)) -> 1803.69 | DB10: =DA10-CZ10 -> -196.31 | DC10: =DA10/CZ10 -> 0.901845 | DD10: =INDEX('SO Agustus 2026 Rev.3'!$B$6:$BK$52,MATCH(B10,'SO Agustus 2026 Rev.3'!$B$6:$B$52,0),MATCH($DD$3,'SO Agustus 2026 Rev.3'!$B$5:$XK$5,0)) -> 800 | DE10: =INDEX('Summary sales'!$A$6:$CB$50,MATCH($B10,'Summary sales'!$A$6:$A$50,0),MATCH($DD$3,'Summary sales'!$A$7:$CB$7,0)) -> 49.64 | DF10: =DE10-DD10 -> -750.36 | DG10: =DE10/DD10 -> 0.06205 | DH10: =INDEX('SO Agustus 2026 Rev.3'!$B$6:$BK$52,MATCH(B10,'SO Agustus 2026 Rev.3'!$B$6:$B$52,0),MATCH($DH$3,'SO Agustus 2026 Rev.3'!$B$5:$XK$5,0)) -> 7200 | DI10: =INDEX('Summary sales'!$A$6:$CB$50,MATCH($B10,'Summary sales'!$A$6:$A$50,0),MATCH($DH$3,'Summary sales'!$A$7:$CB$7,0)) -> 9115.98 | DJ10: =DI10-DH10 -> 1915.98 | DK10: =DI10/DH10 -> 1.2661083 | DL10: =INDEX('SO Agustus 2026 Rev.3'!$B$6:$BK$52,MATCH(B10,'SO Agustus 2026 Rev.3'!$B$6:$B$52,0),MATCH($DL$3,'SO Agustus 2026 Rev.3'!$B$5:$XK$5,0)) -> 2500 | DM10: =INDEX('Summary sales'!$A$6:$CB$50,MATCH($B10,'Summary sales'!$A$6:$A$50,0),MATCH($DL$3,'Summary sales'!$A$7:$CB$7,0)) -> 1643.38 | DN10: =DM10-DL10 -> -856.62 | DO10: =DM10/DL10 -> 0.657352 | DP10: =INDEX('SO Agustus 2026 Rev.3'!$B$6:$BK$52,MATCH(B10,'SO Agustus 2026 Rev.3'!$B$6:$B$52,0),MATCH($DP$3,'SO Agustus 2026 Rev.3'!$B$5:$XK$5,0)) -> 2000 | DQ10: =INDEX('Summary sales'!$A$6:$CB$50,MATCH($B10,'Summary sales'!$A$6:$A$50,0),MATCH($DP$3,'Summary sales'!$A$7:$CB$7,0)) -> 2024.69 | DR10: =DQ10-DP10 -> 24.69 | DS10: =DQ10/DP10 -> 1.012345 | DT10: =INDEX('SO Agustus 2026 Rev.3'!$B$6:$BK$52,MATCH(B10,'SO Agustus 2026 Rev.3'!$B$6:$B$52,0),MATCH($DT$3,'SO Agustus 2026 Rev.3'!$B$5:$XK$5,0)) -> 1000 | DU10: =INDEX('Summary sales'!$A$6:$CB$50,MATCH($B10,'Summary sales'!$A$6:$A$50,0),MATCH($DT$3,'Summary sales'!$A$7:$CB$7,0)) -> 515.16 | DV10: =DU10-DT10 -> -484.84 | DW10: =DU10/DT10 -> 0.51516 | DX10: =INDEX('SO Agustus 2026 Rev.3'!$B$6:$BK$52,MATCH(B10,'SO Agustus 2026 Rev.3'!$B$6:$B$52,0),MATCH($DX$3,'SO Agustus 2026 Rev.3'!$B$5:$XK$5,0)) -> 11000 | DY10: =INDEX('Summary sales'!$A$6:$CB$50,MATCH($B10,'Summary sales'!$A$6:$A$50,0),MATCH($DX$3,'Summary sales'!$A$7:$CB$7,0)) -> 9437.1 | DZ10: =DY10-DX10 -> -1562.9 | EA10: =DY10/DX10 -> 0.85791818 | EB10: =INDEX('SO Agustus 2026 Rev.3'!$B$6:$BK$52,MATCH(B10,'SO Agustus 2026 Rev.3'!$B$6:$B$52,0),MATCH($EB$3,'SO Agustus 2026 Rev.3'!$B$5:$XK$5,0)) -> 2000 | EC10: =INDEX('Summary sales'!$A$6:$CB$50,MATCH($B10,'Summary sales'!$A$6:$A$50,0),MATCH($EB$3,'Summary sales'!$A$7:$CB$7,0)) -> 3314.65 | ED10: =EC10-EB10 -> 1314.65 | EE10: =EC10/EB10 -> 1.657325 | EF10: =INDEX('SO Agustus 2026 Rev.3'!$B$6:$BK$52,MATCH(B10,'SO Agustus 2026 Rev.3'!$B$6:$B$52,0),MATCH($EF$3,'SO Agustus 2026 Rev.3'!$B$5:$XK$5,0)) -> 4000 | EG10: =INDEX('Summary sales'!$A$6:$CB$50,MATCH($B10,'Summary sales'!$A$6:$A$50,0),MATCH($EF$3,'Summary sales'!$A$7:$CB$7,0)) -> 6232.78 | EH10: =EG10-EF10 -> 2232.78 | EI10: =EG10/EF10 -> 1.558195 | EJ10: =INDEX('SO Agustus 2026 Rev.3'!$B$6:$BK$52,MATCH(B10,'SO Agustus 2026 Rev.3'!$B$6:$B$52,0),MATCH($EJ$3,'SO Agustus 2026 Rev.3'!$B$5:$XK$5,0)) -> 7000 | EK10: =INDEX('Summary sales'!$A$6:$CB$50,MATCH(B10,'Summary sales'!$A$6:$A$50,0),MATCH($EJ$3,'Summary sales'!$A$7:$CB$7,0)) -> 9784.43 | EL10: =EK10-EJ10 -> 2784.43 | EM10: =EK10/EJ10 -> 1.3977757 | EN10: =INDEX('SO Agustus 2026 Rev.3'!$B$6:$BK$52,MATCH(B10,'SO Agustus 2026 Rev.3'!$B$6:$B$52,0),MATCH($EN$3,'SO Agustus 2026 Rev.3'!$B$5:$XK$5,0)) -> 5000 | EO10: =INDEX('Summary sales'!$A$6:$CB$50,MATCH($B10,'Summary sales'!$A$6:$A$50,0),MATCH($EN$3,'Summary sales'!$A$7:$CB$7,0)) -> 6311.5 | EP10: =EO10-EN10 -> 1311.5 | EQ10: =EO10/EN10 -> 1.2623 | ER10: =INDEX('SO Agustus 2026 Rev.3'!$B$6:$BK$52,MATCH(B10,'SO Agustus 2026 Rev.3'!$B$6:$B$52,0),MATCH($ER$3,'SO Agustus 2026 Rev.3'!$B$5:$XK$5,0)) -> 19000 | ES10: =INDEX('Summary sales'!$A$6:$CB$50,MATCH($B10,'Summary sales'!$A$6:$A$50,0),MATCH($ER$3,'Summary sales'!$A$7:$CB$7,0)) -> 18409.95 | ET10: =ES10-ER10 -> -590.05 | EU10: =ES10/ER10 -> 0.96894474 | EV10: =INDEX('SO Agustus 2026 Rev.3'!$B$6:$BK$52,MATCH(B10,'SO Agustus 2026 Rev.3'!$B$6:$B$52,0),MATCH($EV$3,'SO Agustus 2026 Rev.3'!$B$5:$XK$5,0)) -> 8000 | EW10: =INDEX('Summary sales'!$A$6:$CB$50,MATCH(B10,'Summary sales'!$A$6:$A$50,0),MATCH($EV$3,'Summary sales'!$A$7:$CB$7,0)) -> 6815.79 | EX10: =EW10-EV10 -> -1184.21 | EY10: =EW10/EV10 -> 0.85197375 | EZ10: =INDEX('SO Agustus 2026 Rev.3'!$B$6:$BK$52,MATCH(B10,'SO Agustus 2026 Rev.3'!$B$6:$B$52,0),MATCH($EZ$3,'SO Agustus 2026 Rev.3'!$B$5:$XK$5,0)) -> 3500 | FA10: =INDEX('Summary sales'!$A$6:$CB$50,MATCH(B10,'Summary sales'!$A$6:$A$50,0),MATCH($EZ$3,'Summary sales'!$A$7:$CB$7,0)) -> 3403.9 | FB10: =FA10-EZ10 -> -96.1 | FC10: =FA10/EZ10 -> 0.97254286 | FD10: =INDEX('SO Agustus 2026 Rev.3'!$B$6:$BK$52,MATCH(B10,'SO Agustus 2026 Rev.3'!$B$6:$B$52,0),MATCH($FD$3,'SO Agustus 2026 Rev.3'!$B$5:$XK$5,0)) -> 500 | FE10: =INDEX('Summary sales'!$A$6:$CB$50,MATCH(B10,'Summary sales'!$A$6:$A$50,0),MATCH($FD$3,'Summary sales'!$A$7:$CB$7,0)) -> 0 | FF10: =FE10-FD10 -> -500 | FG10: =FE10/FD10 -> 0 | FH10: =INDEX('SO Agustus 2026 Rev.3'!$B$6:$BK$52,MATCH(B10,'SO Agustus 2026 Rev.3'!$B$6:$B$52,0),MATCH($FH$3,'SO Agustus 2026 Rev.3'!$B$5:$XK$5,0)) -> 0 | FI10: =INDEX('Summary sales'!$A$6:$CB$50,MATCH(B10,'Summary sales'!$A$6:$A$50,0),MATCH($FH$3,'Summary sales'!$A$7:$CB$7,0)) -> 0 | FJ10: =FI10-FH10 -> 0 | FK10: =FI10/FH10 -> #DIV/0! | FL10: =INDEX('SO Agustus 2026 Rev.3'!$B$6:$BK$52,MATCH(B10,'SO Agustus 2026 Rev.3'!$B$6:$B$52,0),MATCH($FL$3,'SO Agustus 2026 Rev.3'!$B$5:$XK$5,0)) -> 700 | FM10: =INDEX('Summary sales'!$A$6:$CB$50,MATCH(B10,'Summary sales'!$A$6:$A$50,0),MATCH($FL$3,'Summary sales'!$A$7:$CB$7,0)) -> 405.91 | FN10: =FM10-FL10 -> -294.09 | FO10: =FM10/FL10 -> 0.57987143 | FP10: =INDEX('SO Agustus 2026 Rev.3'!$B$6:$BK$52,MATCH(B10,'SO Agustus 2026 Rev.3'!$B$6:$B$52,0),MATCH($FP$3,'SO Agustus 2026 Rev.3'!$B$5:$XK$5,0)) -> 6500 | FQ10: =INDEX('Summary sales'!$A$6:$CB$50,MATCH(B10,'Summary sales'!$A$6:$A$50,0),MATCH($FP$3,'Summary sales'!$A$7:$CB$7,0)) -> 7100.46 | FR10: =FQ10-FP10 -> 600.46 | FS10: =FQ10/FP10 -> 1.0923785 | FT10: =INDEX('SO Agustus 2026 Rev.3'!$B$6:$BK$52,MATCH(B10,'SO Agustus 2026 Rev.3'!$B$6:$B$52,0),MATCH($FT$3,'SO Agustus 2026 Rev.3'!$B$5:$XK$5,0)) -> 3500 | FU10: =INDEX('Summary sales'!$A$6:$CB$50,MATCH(B10,'Summary sales'!$A$6:$A$50,0),MATCH($FT$3,'Summary sales'!$A$7:$CB$7,0)) -> 4110.61 | FV10: =FU10-FT10 -> 610.61 | FW10: =FU10/FT10 -> 1.17446 | FX10: =INDEX('SO Agustus 2026 Rev.3'!$B$6:$BK$52,MATCH(B10,'SO Agustus 2026 Rev.3'!$B$6:$B$52,0),MATCH($FX$3,'SO Agustus 2026 Rev.3'!$B$5:$XK$5,0)) -> 2000 | FY10: =INDEX('Summary sales'!$A$6:$CB$50,MATCH(B10,'Summary sales'!$A$6:$A$50,0),MATCH($FX$3,'Summary sales'!$A$7:$CB$7,0)) -> 3667.21 | FZ10: =FY10-FX10 -> 1667.21 | GA10: =FY10/FX10 -> 1.833605 | GB10: =INDEX('SO Agustus 2026 Rev.3'!$B$6:$BK$52,MATCH(B10,'SO Agustus 2026 Rev.3'!$B$6:$B$52,0),MATCH($GB$3,'SO Agustus 2026 Rev.3'!$B$5:$XK$5,0)) -> 369.61071 | GC10: =INDEX('Summary sales'!$A$6:$CB$50,MATCH(B10,'Summary sales'!$A$6:$A$50,0),MATCH($GB$3,'Summary sales'!$A$7:$CB$7,0)) -> 0 | GD10: =GC10-GB10 -> -369.61071 | GE10: =GC10/GB10 -> 0 | GF10: =INDEX('SO Agustus 2026 Rev.3'!$B$6:$BK$52,MATCH(B10,'SO Agustus 2026 Rev.3'!$B$6:$B$52,0),MATCH($GF$3,'SO Agustus 2026 Rev.3'!$B$5:$XK$5,0)) -> 13500 | GG10: =INDEX('Summary sales'!$A$6:$CB$50,MATCH(B10,'Summary sales'!$A$6:$A$50,0),MATCH($GF$3,'Summary sales'!$A$7:$CB$7,0)) -> 8264.993 | GH10: =GG10-GF10 -> -5235.007 | GI10: =GG10/GF10 -> 0.6122217 | GJ10: =INDEX('SO Agustus 2026 Rev.3'!$B$6:$BK$52,MATCH(B10,'SO Agustus 2026 Rev.3'!$B$6:$B$52,0),MATCH($GJ$3,'SO Agustus 2026 Rev.3'!$B$5:$XK$5,0)) -> 1121.9003 | GK10: =INDEX('Summary sales'!$A$6:$CB$50,MATCH($B10,'Summary sales'!$A$6:$A$50,0),MATCH($GJ$3,'Summary sales'!$A$7:$CB$7,0)) -> 634.28 | GL10: =GK10-GJ10 -> -487.62032 | GM10: =GK10/GJ10 -> 0.56536217 | GN10: =INDEX('SO Agustus 2026 Rev.3'!$B$6:$BK$52,MATCH(B10,'SO Agustus 2026 Rev.3'!$B$6:$B$52,0),MATCH($GN$3,'SO Agustus 2026 Rev.3'!$B$5:$XK$5,0)) -> 2499.7026 | GO10: =INDEX('Summary sales'!$A$6:$CB$50,MATCH(B10,'Summary sales'!$A$6:$A$50,0),MATCH($GN$3,'Summary sales'!$A$7:$CB$7,0)) -> 2870.14 | GP10: =GO10-GN10 -> 370.43742 | GQ10: =GO10/GN10 -> 1.1481926 | GR10: =INDEX('SO Agustus 2026 Rev.3'!$B$6:$BK$52,MATCH(B10,'SO Agustus 2026 Rev.3'!$B$6:$B$52,0),MATCH($GR$3,'SO Agustus 2026 Rev.3'!$B$5:$XK$5,0)) -> 3587.0968 | GS10: =INDEX('Summary sales'!$A$6:$CB$50,MATCH(B10,'Summary sales'!$A$6:$A$50,0),MATCH($GR$3,'Summary sales'!$A$7:$CB$7,0)) -> 4493.87 | GT10: =GS10-GR10 -> 906.77323 | GU10: =GS10/GR10 -> 1.2527875 | GV10: =INDEX('SO Agustus 2026 Rev.3'!$B$6:$BK$52,MATCH(B10,'SO Agustus 2026 Rev.3'!$B$6:$B$52,0),MATCH($GV$3,'SO Agustus 2026 Rev.3'!$B$5:$XK$5,0)) -> 2499.7026 | GW10: =INDEX('Summary sales'!$A$6:$CB$50,MATCH(B10,'Summary sales'!$A$6:$A$50,0),MATCH($GV$3,'Summary sales'!$A$7:$CB$7,0)) -> 867.3 | GX10: =GW10-GV10 -> -1632.4026 | GY10: =GW10/GV10 -> 0.34696128 | GZ10: =INDEX('SO Agustus 2026 Rev.3'!$B$6:$BK$52,MATCH(B10,'SO Agustus 2026 Rev.3'!$B$6:$B$52,0),MATCH($GZ$3,'SO Agustus 2026 Rev.3'!$B$5:$XK$5,0)) -> 0 | HA10: =INDEX('Summary sales'!$A$6:$CB$50,MATCH(B10,'Summary sales'!$A$6:$A$50,0),MATCH($GZ$3,'Summary sales'!$A$7:$CB$7,0)) -> 0 | HB10: =HA10-GZ10 -> 0 | HC10: =HA10/GZ10 -> #DIV/0!
B11: =B10+1 -> 46239 | C11: =TEXT(B11,"ddd") -> Rab | D11: =SUMIF($H$4:$HB$4,$D$4,H11:HB11) -> 206238.15 | E11: =SUMIF($H$4:$HB$4,$E$4,H11:HB11) -> 204459.26 | F11: =E11-D11 -> -1778.8949 | G11: =E11/D11 -> 0.99137456 | H11: =INDEX('SO Agustus 2026 Rev.3'!$B$6:$BK$52,MATCH(B11,'SO Agustus 2026 Rev.3'!$B$6:$B$52,0),MATCH($H$3,'SO Agustus 2026 Rev.3'!$B$5:$XK$5,0)) -> 1199.5729 | I11: =INDEX('Summary sales'!$A$6:$CB$50,MATCH($B11,'Summary sales'!$A$6:$A$50,0),MATCH($H$3,'Summary sales'!$A$7:$CB$7,0)) -> 930.49 | J11: =I11-H11 -> -269.0829 | K11: =I11/H11 -> 0.77568441 | L11: =INDEX('SO Agustus 2026 Rev.3'!$B$6:$BK$52,MATCH(B11,'SO Agustus 2026 Rev.3'!$B$6:$B$52,0),MATCH($L$3,'SO Agustus 2026 Rev.3'!$B$5:$XK$5,0)) -> 2000 | M11: =INDEX('Summary sales'!$A$6:$CB$50,MATCH($B11,'Summary sales'!$A$6:$A$50,0),MATCH($L$3,'Summary sales'!$A$7:$CB$7,0)) -> 1521.51 | N11: =M11-L11 -> -478.49 | O11: =M11/L11 -> 0.760755 | P11: =INDEX('SO Agustus 2026 Rev.3'!$B$6:$BK$52,MATCH(B11,'SO Agustus 2026 Rev.3'!$B$6:$B$52,0),MATCH($P$3,'SO Agustus 2026 Rev.3'!$B$5:$XK$5,0)) -> 1200 | Q11: =INDEX('Summary sales'!$A$6:$CB$50,MATCH($B11,'Summary sales'!$A$6:$A$50,0),MATCH($P$3,'Summary sales'!$A$7:$CB$7,0)) -> 1236.5 | R11: =Q11-P11 -> 36.5 | S11: =Q11/P11 -> 1.0304167 | T11: =INDEX('SO Agustus 2026 Rev.3'!$B$6:$BK$52,MATCH(B11,'SO Agustus 2026 Rev.3'!$B$6:$B$52,0),MATCH($T$3,'SO Agustus 2026 Rev.3'!$B$5:$XK$5,0)) -> 3300 | U11: =INDEX('Summary sales'!$A$6:$CB$50,MATCH($B11,'Summary sales'!$A$6:$A$50,0),MATCH($T$3,'Summary sales'!$A$7:$CB$7,0)) -> 3807.8 | V11: =U11-T11 -> 507.8 | W11: =U11/T11 -> 1.1538788 | X11: =INDEX('SO Agustus 2026 Rev.3'!$B$6:$BK$52,MATCH(B11,'SO Agustus 2026 Rev.3'!$B$6:$B$52,0),MATCH($X$3,'SO Agustus 2026 Rev.3'!$B$5:$XK$5,0)) -> 644.02065 | Y11: =INDEX('Summary sales'!$A$6:$CB$50,MATCH($B11,'Summary sales'!$A$6:$A$50,0),MATCH($X$3,'Summary sales'!$A$7:$CB$7,0)) -> 1050.57 | Z11: =Y11-X11 -> 406.54935 | AA11: =Y11/X11 -> 1.6312676 | AB11: =INDEX('SO Agustus 2026 Rev.3'!$B$6:$BK$52,MATCH(B11,'SO Agustus 2026 Rev.3'!$B$6:$B$52,0),MATCH($AB$3,'SO Agustus 2026 Rev.3'!$B$5:$XK$5,0)) -> 150 | AC11: =INDEX('Summary sales'!$A$6:$CB$50,MATCH($B11,'Summary sales'!$A$6:$A$50,0),MATCH($AB$3,'Summary sales'!$A$7:$CB$7,0)) -> 12.59 | AD11: =AC11-AB11 -> -137.41 | AE11: =AC11/AB11 -> 0.083933333 | AF11: =INDEX('SO Agustus 2026 Rev.3'!$B$6:$BK$52,MATCH(B11,'SO Agustus 2026 Rev.3'!$B$6:$B$52,0),MATCH($AF$3,'SO Agustus 2026 Rev.3'!$B$5:$XK$5,0)) -> 603.76323 | AG11: =INDEX('Summary sales'!$A$6:$CB$50,MATCH($B11,'Summary sales'!$A$6:$A$50,0),MATCH($AF$3,'Summary sales'!$A$7:$CB$7,0)) -> 663.72 | AH11: =AG11-AF11 -> 59.956774 | AI11: =AG11/AF11 -> 1.0993051 | AJ11: =INDEX('SO Agustus 2026 Rev.3'!$B$6:$BK$52,MATCH(B11,'SO Agustus 2026 Rev.3'!$B$6:$B$52,0),MATCH($AJ$3,'SO Agustus 2026 Rev.3'!$B$5:$XK$5,0)) -> 673.27548 | AK11: =INDEX('Summary sales'!$A$6:$CB$50,MATCH($B11,'Summary sales'!$A$6:$A$50,0),MATCH($AJ$3,'Summary sales'!$A$7:$CB$7,0)) -> 697.48 | AL11: =AK11-AJ11 -> 24.204516 | AM11: =AK11/AJ11 -> 1.0359504 | AN11: =INDEX('SO Agustus 2026 Rev.3'!$B$6:$BK$52,MATCH(B11,'SO Agustus 2026 Rev.3'!$B$6:$B$52,0),MATCH($AN$3,'SO Agustus 2026 Rev.3'!$B$5:$XK$5,0)) -> 5500 | AO11: =INDEX('Summary sales'!$A$6:$CB$50,MATCH($B11,'Summary sales'!$A$6:$A$50,0),MATCH($AN$3,'Summary sales'!$A$7:$CB$7,0)) -> 5963.99 | AP11: =AO11-AN11 -> 463.99 | AQ11: =AO11/AN11 -> 1.0843618 | AR11: =INDEX('SO Agustus 2026 Rev.3'!$B$6:$BK$52,MATCH(B11,'SO Agustus 2026 Rev.3'!$B$6:$B$52,0),MATCH($AR$3,'SO Agustus 2026 Rev.3'!$B$5:$XK$5,0)) -> 5000 | AS11: =INDEX('Summary sales'!$A$6:$CB$50,MATCH($B11,'Summary sales'!$A$6:$A$50,0),MATCH($AR$3,'Summary sales'!$A$7:$CB$7,0)) -> 4413.47 | AT11: =AS11-AR11 -> -586.53 | AU11: =AS11/AR11 -> 0.882694 | AV11: =INDEX('SO Agustus 2026 Rev.3'!$B$6:$BK$52,MATCH(B11,'SO Agustus 2026 Rev.3'!$B$6:$B$52,0),MATCH($AV$3,'SO Agustus 2026 Rev.3'!$B$5:$XK$5,0)) -> 2500 | AW11: =INDEX('Summary sales'!$A$6:$CB$50,MATCH($B11,'Summary sales'!$A$6:$A$50,0),MATCH($AV$3,'Summary sales'!$A$7:$CB$7,0)) -> 3025.01 | AX11: =AW11-AV11 -> 525.01 | AY11: =AW11/AV11 -> 1.210004 | AZ11: =INDEX('SO Agustus 2026 Rev.3'!$B$6:$BK$52,MATCH(B11,'SO Agustus 2026 Rev.3'!$B$6:$B$52,0),MATCH($AZ$3,'SO Agustus 2026 Rev.3'!$B$5:$XK$5,0)) -> 500 | BA11: =INDEX('Summary sales'!$A$6:$CB$50,MATCH($B11,'Summary sales'!$A$6:$A$50,0),MATCH($AZ$3,'Summary sales'!$A$7:$CB$7,0)) -> 1331.47 | BB11: =BA11-AZ11 -> 831.47 | BC11: =BA11/AZ11 -> 2.66294 | BD11: =INDEX('SO Agustus 2026 Rev.3'!$B$6:$BK$52,MATCH(B11,'SO Agustus 2026 Rev.3'!$B$6:$B$52,0),MATCH($BD$3,'SO Agustus 2026 Rev.3'!$B$5:$XK$5,0)) -> 10300 | BE11: =INDEX('Summary sales'!$A$6:$CB$50,MATCH($B11,'Summary sales'!$A$6:$A$50,0),MATCH($BD$3,'Summary sales'!$A$7:$CB$7,0)) -> 10560.64 | BF11: =BE11-BD11 -> 260.64 | BG11: =BE11/BD11 -> 1.0253049 | BH11: =INDEX('SO Agustus 2026 Rev.3'!$B$6:$BK$52,MATCH(B11,'SO Agustus 2026 Rev.3'!$B$6:$B$52,0),MATCH($BH$3,'SO Agustus 2026 Rev.3'!$B$5:$XK$5,0)) -> 9000.0571 | BI11: =INDEX('Summary sales'!$A$6:$CB$50,MATCH($B11,'Summary sales'!$A$6:$A$50,0),MATCH($BH$3,'Summary sales'!$A$7:$CB$7,0)) -> 9963.26 | BJ11: =BI11-BH11 -> 963.2029 | BK11: =BI11/BH11 -> 1.1070219 | BL11: =INDEX('SO Agustus 2026 Rev.3'!$B$6:$BK$52,MATCH(B11,'SO Agustus 2026 Rev.3'!$B$6:$B$52,0),MATCH($BL$3,'SO Agustus 2026 Rev.3'!$B$5:$XK$5,0)) -> 1000 | BM11: =INDEX('Summary sales'!$A$6:$CB$50,MATCH($B11,'Summary sales'!$A$6:$A$50,0),MATCH($BL$3,'Summary sales'!$A$7:$CB$7,0)) -> 822.37 | BN11: =BM11-BL11 -> -177.63 | BO11: =BM11/BL11 -> 0.82237 | BP11: =INDEX('SO Agustus 2026 Rev.3'!$B$6:$BK$52,MATCH(B11,'SO Agustus 2026 Rev.3'!$B$6:$B$52,0),MATCH($BP$3,'SO Agustus 2026 Rev.3'!$B$5:$XK$5,0)) -> 5500 | BQ11: =INDEX('Summary sales'!$A$6:$CB$50,MATCH($B11,'Summary sales'!$A$6:$A$50,0),MATCH($BP$3,'Summary sales'!$A$7:$CB$7,0)) -> 5436.18 | BR11: =BQ11-BP11 -> -63.82 | BS11: =BQ11/BP11 -> 0.98839636 | BT11: =INDEX('SO Agustus 2026 Rev.3'!$B$6:$BK$52,MATCH(B11,'SO Agustus 2026 Rev.3'!$B$6:$B$52,0),MATCH($BT$3,'SO Agustus 2026 Rev.3'!$B$5:$XK$5,0)) -> 0 | BU11: =INDEX('Summary sales'!$A$6:$CB$50,MATCH($B11,'Summary sales'!$A$6:$A$50,0),MATCH($BT$3,'Summary sales'!$A$7:$CB$7,0)) -> 0 | BV11: =BU11-BT11 -> 0 | BW11: =BU11/BT11 -> #DIV/0! | BX11: =INDEX('SO Agustus 2026 Rev.3'!$B$6:$BK$52,MATCH(B11,'SO Agustus 2026 Rev.3'!$B$6:$B$52,0),MATCH($BX$3,'SO Agustus 2026 Rev.3'!$B$5:$XK$5,0)) -> 89.451613 | BY11: =INDEX('Summary sales'!$A$6:$CB$50,MATCH($B11,'Summary sales'!$A$6:$A$50,0),MATCH($BX$3,'Summary sales'!$A$7:$CB$7,0)) -> 77 | BZ11: =BY11-BX11 -> -12.451613 | CA11: =BY11/BX11 -> 0.86080058 | CB11: =INDEX('SO Agustus 2026 Rev.3'!$B$6:$BK$52,MATCH(B11,'SO Agustus 2026 Rev.3'!$B$6:$B$52,0),MATCH($CB$3,'SO Agustus 2026 Rev.3'!$B$5:$XK$5,0)) -> 3500 | CC11: =INDEX('Summary sales'!$A$6:$CB$50,MATCH($B11,'Summary sales'!$A$6:$A$50,0),MATCH($CB$3,'Summary sales'!$A$7:$CB$7,0)) -> 3696.1 | CD11: =CC11-CB11 -> 196.1 | CE11: =CC11/CB11 -> 1.0560286 | CF11: =INDEX('SO Agustus 2026 Rev.3'!$B$6:$BK$52,MATCH(B11,'SO Agustus 2026 Rev.3'!$B$6:$B$52,0),MATCH($CF$3,'SO Agustus 2026 Rev.3'!$B$5:$XK$5,0)) -> 1300 | CG11: =INDEX('Summary sales'!$A$6:$CB$50,MATCH($B11,'Summary sales'!$A$6:$A$50,0),MATCH($CF$3,'Summary sales'!$A$7:$CB$7,0)) -> 940.67 | CH11: =CG11-CF11 -> -359.33 | CI11: =CG11/CF11 -> 0.72359231 | CJ11: =INDEX('SO Agustus 2026 Rev.3'!$B$6:$BK$52,MATCH(B11,'SO Agustus 2026 Rev.3'!$B$6:$B$52,0),MATCH($CJ$3,'SO Agustus 2026 Rev.3'!$B$5:$XK$5,0)) -> 3000 | CK11: =INDEX('Summary sales'!$A$6:$CB$50,MATCH($B11,'Summary sales'!$A$6:$A$50,0),MATCH($CJ$3,'Summary sales'!$A$7:$CB$7,0)) -> 5457.1 | CL11: =CK11-CJ11 -> 2457.1 | CM11: =CK11/CJ11 -> 1.8190333 | CN11: =INDEX('SO Agustus 2026 Rev.3'!$B$6:$BK$52,MATCH(B11,'SO Agustus 2026 Rev.3'!$B$6:$B$52,0),MATCH($CN$3,'SO Agustus 2026 Rev.3'!$B$5:$XK$5,0)) -> 6500 | CO11: =INDEX('Summary sales'!$A$6:$CB$50,MATCH($B11,'Summary sales'!$A$6:$A$50,0),MATCH($CN$3,'Summary sales'!$A$7:$CB$7,0)) -> 5321.29 | CP11: =CO11-CN11 -> -1178.71 | CQ11: =CO11/CN11 -> 0.81866 | CR11: =INDEX('SO Agustus 2026 Rev.3'!$B$6:$BK$52,MATCH(B11,'SO Agustus 2026 Rev.3'!$B$6:$B$52,0),MATCH($CR$3,'SO Agustus 2026 Rev.3'!$B$5:$XK$5,0)) -> 15000 | CS11: =INDEX('Summary sales'!$A$6:$CB$50,MATCH($B11,'Summary sales'!$A$6:$A$50,0),MATCH($CR$3,'Summary sales'!$A$7:$CB$7,0)) -> 2933.8 | CT11: =CS11-CR11 -> -12066.2 | CU11: =CS11/CR11 -> 0.19558667 | CV11: =INDEX('SO Agustus 2026 Rev.3'!$B$6:$BK$52,MATCH(B11,'SO Agustus 2026 Rev.3'!$B$6:$B$52,0),MATCH($CV$3,'SO Agustus 2026 Rev.3'!$B$5:$XK$5,0)) -> 16000 | CW11: =INDEX('Summary sales'!$A$6:$CB$50,MATCH($B11,'Summary sales'!$A$6:$A$50,0),MATCH($CV$3,'Summary sales'!$A$7:$CB$7,0)) -> 21467.71 | CX11: =CW11-CV11 -> 5467.71 | CY11: =CW11/CV11 -> 1.3417319 | CZ11: =INDEX('SO Agustus 2026 Rev.3'!$B$6:$BK$52,MATCH(B11,'SO Agustus 2026 Rev.3'!$B$6:$B$52,0),MATCH($CZ$3,'SO Agustus 2026 Rev.3'!$B$5:$XK$5,0)) -> 2000 | DA11: =INDEX('Summary sales'!$A$6:$CB$50,MATCH($B11,'Summary sales'!$A$6:$A$50,0),MATCH($CZ$3,'Summary sales'!$A$7:$CB$7,0)) -> 2047.15 | DB11: =DA11-CZ11 -> 47.15 | DC11: =DA11/CZ11 -> 1.023575 | DD11: =INDEX('SO Agustus 2026 Rev.3'!$B$6:$BK$52,MATCH(B11,'SO Agustus 2026 Rev.3'!$B$6:$B$52,0),MATCH($DD$3,'SO Agustus 2026 Rev.3'!$B$5:$XK$5,0)) -> 800 | DE11: =INDEX('Summary sales'!$A$6:$CB$50,MATCH($B11,'Summary sales'!$A$6:$A$50,0),MATCH($DD$3,'Summary sales'!$A$7:$CB$7,0)) -> 1006.1 | DF11: =DE11-DD11 -> 206.1 | DG11: =DE11/DD11 -> 1.257625 | DH11: =INDEX('SO Agustus 2026 Rev.3'!$B$6:$BK$52,MATCH(B11,'SO Agustus 2026 Rev.3'!$B$6:$B$52,0),MATCH($DH$3,'SO Agustus 2026 Rev.3'!$B$5:$XK$5,0)) -> 7200 | DI11: =INDEX('Summary sales'!$A$6:$CB$50,MATCH($B11,'Summary sales'!$A$6:$A$50,0),MATCH($DH$3,'Summary sales'!$A$7:$CB$7,0)) -> 8197.86 | DJ11: =DI11-DH11 -> 997.86 | DK11: =DI11/DH11 -> 1.1385917 | DL11: =INDEX('SO Agustus 2026 Rev.3'!$B$6:$BK$52,MATCH(B11,'SO Agustus 2026 Rev.3'!$B$6:$B$52,0),MATCH($DL$3,'SO Agustus 2026 Rev.3'!$B$5:$XK$5,0)) -> 2500 | DM11: =INDEX('Summary sales'!$A$6:$CB$50,MATCH($B11,'Summary sales'!$A$6:$A$50,0),MATCH($DL$3,'Summary sales'!$A$7:$CB$7,0)) -> 1665.02 | DN11: =DM11-DL11 -> -834.98 | DO11: =DM11/DL11 -> 0.666008 | DP11: =INDEX('SO Agustus 2026 Rev.3'!$B$6:$BK$52,MATCH(B11,'SO Agustus 2026 Rev.3'!$B$6:$B$52,0),MATCH($DP$3,'SO Agustus 2026 Rev.3'!$B$5:$XK$5,0)) -> 2000 | DQ11: =INDEX('Summary sales'!$A$6:$CB$50,MATCH($B11,'Summary sales'!$A$6:$A$50,0),MATCH($DP$3,'Summary sales'!$A$7:$CB$7,0)) -> 1882.43 | DR11: =DQ11-DP11 -> -117.57 | DS11: =DQ11/DP11 -> 0.941215 | DT11: =INDEX('SO Agustus 2026 Rev.3'!$B$6:$BK$52,MATCH(B11,'SO Agustus 2026 Rev.3'!$B$6:$B$52,0),MATCH($DT$3,'SO Agustus 2026 Rev.3'!$B$5:$XK$5,0)) -> 1000 | DU11: =INDEX('Summary sales'!$A$6:$CB$50,MATCH($B11,'Summary sales'!$A$6:$A$50,0),MATCH($DT$3,'Summary sales'!$A$7:$CB$7,0)) -> 513.4 | DV11: =DU11-DT11 -> -486.6 | DW11: =DU11/DT11 -> 0.5134 | DX11: =INDEX('SO Agustus 2026 Rev.3'!$B$6:$BK$52,MATCH(B11,'SO Agustus 2026 Rev.3'!$B$6:$B$52,0),MATCH($DX$3,'SO Agustus 2026 Rev.3'!$B$5:$XK$5,0)) -> 11000 | DY11: =INDEX('Summary sales'!$A$6:$CB$50,MATCH($B11,'Summary sales'!$A$6:$A$50,0),MATCH($DX$3,'Summary sales'!$A$7:$CB$7,0)) -> 9319.2 | DZ11: =DY11-DX11 -> -1680.8 | EA11: =DY11/DX11 -> 0.8472 | EB11: =INDEX('SO Agustus 2026 Rev.3'!$B$6:$BK$52,MATCH(B11,'SO Agustus 2026 Rev.3'!$B$6:$B$52,0),MATCH($EB$3,'SO Agustus 2026 Rev.3'!$B$5:$XK$5,0)) -> 2000 | EC11: =INDEX('Summary sales'!$A$6:$CB$50,MATCH($B11,'Summary sales'!$A$6:$A$50,0),MATCH($EB$3,'Summary sales'!$A$7:$CB$7,0)) -> 1494.91 | ED11: =EC11-EB11 -> -505.09 | EE11: =EC11/EB11 -> 0.747455 | EF11: =INDEX('SO Agustus 2026 Rev.3'!$B$6:$BK$52,MATCH(B11,'SO Agustus 2026 Rev.3'!$B$6:$B$52,0),MATCH($EF$3,'SO Agustus 2026 Rev.3'!$B$5:$XK$5,0)) -> 4000 | EG11: =INDEX('Summary sales'!$A$6:$CB$50,MATCH($B11,'Summary sales'!$A$6:$A$50,0),MATCH($EF$3,'Summary sales'!$A$7:$CB$7,0)) -> 7358.44 | EH11: =EG11-EF11 -> 3358.44 | EI11: =EG11/EF11 -> 1.83961 | EJ11: =INDEX('SO Agustus 2026 Rev.3'!$B$6:$BK$52,MATCH(B11,'SO Agustus 2026 Rev.3'!$B$6:$B$52,0),MATCH($EJ$3,'SO Agustus 2026 Rev.3'!$B$5:$XK$5,0)) -> 7000 | EK11: =INDEX('Summary sales'!$A$6:$CB$50,MATCH(B11,'Summary sales'!$A$6:$A$50,0),MATCH($EJ$3,'Summary sales'!$A$7:$CB$7,0)) -> 6926.98 | EL11: =EK11-EJ11 -> -73.02 | EM11: =EK11/EJ11 -> 0.98956857 | EN11: =INDEX('SO Agustus 2026 Rev.3'!$B$6:$BK$52,MATCH(B11,'SO Agustus 2026 Rev.3'!$B$6:$B$52,0),MATCH($EN$3,'SO Agustus 2026 Rev.3'!$B$5:$XK$5,0)) -> 5000 | EO11: =INDEX('Summary sales'!$A$6:$CB$50,MATCH($B11,'Summary sales'!$A$6:$A$50,0),MATCH($EN$3,'Summary sales'!$A$7:$CB$7,0)) -> 6780.32 | EP11: =EO11-EN11 -> 1780.32 | EQ11: =EO11/EN11 -> 1.356064 | ER11: =INDEX('SO Agustus 2026 Rev.3'!$B$6:$BK$52,MATCH(B11,'SO Agustus 2026 Rev.3'!$B$6:$B$52,0),MATCH($ER$3,'SO Agustus 2026 Rev.3'!$B$5:$XK$5,0)) -> 19000 | ES11: =INDEX('Summary sales'!$A$6:$CB$50,MATCH($B11,'Summary sales'!$A$6:$A$50,0),MATCH($ER$3,'Summary sales'!$A$7:$CB$7,0)) -> 19752.73 | ET11: =ES11-ER11 -> 752.73 | EU11: =ES11/ER11 -> 1.0396174 | EV11: =INDEX('SO Agustus 2026 Rev.3'!$B$6:$BK$52,MATCH(B11,'SO Agustus 2026 Rev.3'!$B$6:$B$52,0),MATCH($EV$3,'SO Agustus 2026 Rev.3'!$B$5:$XK$5,0)) -> 8000 | EW11: =INDEX('Summary sales'!$A$6:$CB$50,MATCH(B11,'Summary sales'!$A$6:$A$50,0),MATCH($EV$3,'Summary sales'!$A$7:$CB$7,0)) -> 7006.55 | EX11: =EW11-EV11 -> -993.45 | EY11: =EW11/EV11 -> 0.87581875 | EZ11: =INDEX('SO Agustus 2026 Rev.3'!$B$6:$BK$52,MATCH(B11,'SO Agustus 2026 Rev.3'!$B$6:$B$52,0),MATCH($EZ$3,'SO Agustus 2026 Rev.3'!$B$5:$XK$5,0)) -> 3500 | FA11: =INDEX('Summary sales'!$A$6:$CB$50,MATCH(B11,'Summary sales'!$A$6:$A$50,0),MATCH($EZ$3,'Summary sales'!$A$7:$CB$7,0)) -> 3236 | FB11: =FA11-EZ11 -> -264 | FC11: =FA11/EZ11 -> 0.92457143 | FD11: =INDEX('SO Agustus 2026 Rev.3'!$B$6:$BK$52,MATCH(B11,'SO Agustus 2026 Rev.3'!$B$6:$B$52,0),MATCH($FD$3,'SO Agustus 2026 Rev.3'!$B$5:$XK$5,0)) -> 500 | FE11: =INDEX('Summary sales'!$A$6:$CB$50,MATCH(B11,'Summary sales'!$A$6:$A$50,0),MATCH($FD$3,'Summary sales'!$A$7:$CB$7,0)) -> 0 | FF11: =FE11-FD11 -> -500 | FG11: =FE11/FD11 -> 0 | FH11: =INDEX('SO Agustus 2026 Rev.3'!$B$6:$BK$52,MATCH(B11,'SO Agustus 2026 Rev.3'!$B$6:$B$52,0),MATCH($FH$3,'SO Agustus 2026 Rev.3'!$B$5:$XK$5,0)) -> 0 | FI11: =INDEX('Summary sales'!$A$6:$CB$50,MATCH(B11,'Summary sales'!$A$6:$A$50,0),MATCH($FH$3,'Summary sales'!$A$7:$CB$7,0)) -> 0 | FJ11: =FI11-FH11 -> 0 | FK11: =FI11/FH11 -> #DIV/0! | FL11: =INDEX('SO Agustus 2026 Rev.3'!$B$6:$BK$52,MATCH(B11,'SO Agustus 2026 Rev.3'!$B$6:$B$52,0),MATCH($FL$3,'SO Agustus 2026 Rev.3'!$B$5:$XK$5,0)) -> 700 | FM11: =INDEX('Summary sales'!$A$6:$CB$50,MATCH(B11,'Summary sales'!$A$6:$A$50,0),MATCH($FL$3,'Summary sales'!$A$7:$CB$7,0)) -> 432.23 | FN11: =FM11-FL11 -> -267.77 | FO11: =FM11/FL11 -> 0.61747143 | FP11: =INDEX('SO Agustus 2026 Rev.3'!$B$6:$BK$52,MATCH(B11,'SO Agustus 2026 Rev.3'!$B$6:$B$52,0),MATCH($FP$3,'SO Agustus 2026 Rev.3'!$B$5:$XK$5,0)) -> 6500 | FQ11: =INDEX('Summary sales'!$A$6:$CB$50,MATCH(B11,'Summary sales'!$A$6:$A$50,0),MATCH($FP$3,'Summary sales'!$A$7:$CB$7,0)) -> 6292.43 | FR11: =FQ11-FP11 -> -207.57 | FS11: =FQ11/FP11 -> 0.96806615 | FT11: =INDEX('SO Agustus 2026 Rev.3'!$B$6:$BK$52,MATCH(B11,'SO Agustus 2026 Rev.3'!$B$6:$B$52,0),MATCH($FT$3,'SO Agustus 2026 Rev.3'!$B$5:$XK$5,0)) -> 3500 | FU11: =INDEX('Summary sales'!$A$6:$CB$50,MATCH(B11,'Summary sales'!$A$6:$A$50,0),MATCH($FT$3,'Summary sales'!$A$7:$CB$7,0)) -> 3974.48 | FV11: =FU11-FT11 -> 474.48 | FW11: =FU11/FT11 -> 1.1355657 | FX11: =INDEX('SO Agustus 2026 Rev.3'!$B$6:$BK$52,MATCH(B11,'SO Agustus 2026 Rev.3'!$B$6:$B$52,0),MATCH($FX$3,'SO Agustus 2026 Rev.3'!$B$5:$XK$5,0)) -> 2000 | FY11: =INDEX('Summary sales'!$A$6:$CB$50,MATCH(B11,'Summary sales'!$A$6:$A$50,0),MATCH($FX$3,'Summary sales'!$A$7:$CB$7,0)) -> 893.17 | FZ11: =FY11-FX11 -> -1106.83 | GA11: =FY11/FX11 -> 0.446585 | GB11: =INDEX('SO Agustus 2026 Rev.3'!$B$6:$BK$52,MATCH(B11,'SO Agustus 2026 Rev.3'!$B$6:$B$52,0),MATCH($GB$3,'SO Agustus 2026 Rev.3'!$B$5:$XK$5,0)) -> 369.61071 | GC11: =INDEX('Summary sales'!$A$6:$CB$50,MATCH(B11,'Summary sales'!$A$6:$A$50,0),MATCH($GB$3,'Summary sales'!$A$7:$CB$7,0)) -> 0 | GD11: =GC11-GB11 -> -369.61071 | GE11: =GC11/GB11 -> 0 | GF11: =INDEX('SO Agustus 2026 Rev.3'!$B$6:$BK$52,MATCH(B11,'SO Agustus 2026 Rev.3'!$B$6:$B$52,0),MATCH($GF$3,'SO Agustus 2026 Rev.3'!$B$5:$XK$5,0)) -> 13500 | GG11: =INDEX('Summary sales'!$A$6:$CB$50,MATCH(B11,'Summary sales'!$A$6:$A$50,0),MATCH($GF$3,'Summary sales'!$A$7:$CB$7,0)) -> 12580.059 | GH11: =GG11-GF11 -> -919.941 | GI11: =GG11/GF11 -> 0.93185622 | GJ11: =INDEX('SO Agustus 2026 Rev.3'!$B$6:$BK$52,MATCH(B11,'SO Agustus 2026 Rev.3'!$B$6:$B$52,0),MATCH($GJ$3,'SO Agustus 2026 Rev.3'!$B$5:$XK$5,0)) -> 1121.9003 | GK11: =INDEX('Summary sales'!$A$6:$CB$50,MATCH($B11,'Summary sales'!$A$6:$A$50,0),MATCH($GJ$3,'Summary sales'!$A$7:$CB$7,0)) -> 1038.75 | GL11: =GK11-GJ11 -> -83.150323 | GM11: =GK11/GJ11 -> 0.92588439 | GN11: =INDEX('SO Agustus 2026 Rev.3'!$B$6:$BK$52,MATCH(B11,'SO Agustus 2026 Rev.3'!$B$6:$B$52,0),MATCH($GN$3,'SO Agustus 2026 Rev.3'!$B$5:$XK$5,0)) -> 2499.7026 | GO11: =INDEX('Summary sales'!$A$6:$CB$50,MATCH(B11,'Summary sales'!$A$6:$A$50,0),MATCH($GN$3,'Summary sales'!$A$7:$CB$7,0)) -> 2797.14 | GP11: =GO11-GN11 -> 297.43742 | GQ11: =GO11/GN11 -> 1.1189891 | GR11: =INDEX('SO Agustus 2026 Rev.3'!$B$6:$BK$52,MATCH(B11,'SO Agustus 2026 Rev.3'!$B$6:$B$52,0),MATCH($GR$3,'SO Agustus 2026 Rev.3'!$B$5:$XK$5,0)) -> 3587.0968 | GS11: =INDEX('Summary sales'!$A$6:$CB$50,MATCH(B11,'Summary sales'!$A$6:$A$50,0),MATCH($GR$3,'Summary sales'!$A$7:$CB$7,0)) -> 4719.22 | GT11: =GS11-GR11 -> 1132.1232 | GU11: =GS11/GR11 -> 1.3156099 | GV11: =INDEX('SO Agustus 2026 Rev.3'!$B$6:$BK$52,MATCH(B11,'SO Agustus 2026 Rev.3'!$B$6:$B$52,0),MATCH($GV$3,'SO Agustus 2026 Rev.3'!$B$5:$XK$5,0)) -> 2499.7026 | GW11: =INDEX('Summary sales'!$A$6:$CB$50,MATCH(B11,'Summary sales'!$A$6:$A$50,0),MATCH($GV$3,'Summary sales'!$A$7:$CB$7,0)) -> 3213.97 | GX11: =GW11-GV11 -> 714.26742 | GY11: =GW11/GV11 -> 1.285741 | GZ11: =INDEX('SO Agustus 2026 Rev.3'!$B$6:$BK$52,MATCH(B11,'SO Agustus 2026 Rev.3'!$B$6:$B$52,0),MATCH($GZ$3,'SO Agustus 2026 Rev.3'!$B$5:$XK$5,0)) -> 0 | HA11: =INDEX('Summary sales'!$A$6:$CB$50,MATCH(B11,'Summary sales'!$A$6:$A$50,0),MATCH($GZ$3,'Summary sales'!$A$7:$CB$7,0)) -> 0 | HB11: =HA11-GZ11 -> 0 | HC11: =HA11/GZ11 -> #DIV/0!
