Workbook
Name ___xlnm._FilterDatabase_2: #REF!
Name ___xlnm._FilterDatabase_2: #REF!
Name ___xlnm._FilterDatabase_2: #REF!
Name ___xlnm._FilterDatabase_2: #REF!
Name ___xlnm._FilterDatabase_2: #REF!
Name ___xlnm._FilterDatabase_2: #REF!
Name ___xlnm._FilterDatabase_2: #REF!
Name ___xlnm._FilterDatabase_2: #REF!
Name ___xlnm._FilterDatabase_2: #REF!
Name ___xlnm._FilterDatabase_2: #REF!
Name ___xlnm._FilterDatabase_2: #REF!
Name ___xlnm._FilterDatabase_2: #REF!
Name ___xlnm._FilterDatabase_2: #REF!
Name ___xlnm._FilterDatabase_2: #REF!
Name ___xlnm._FilterDatabase_2: #REF!
Name ___xlnm._FilterDatabase_2: #REF!
Name ___xlnm._FilterDatabase_2: #REF!
Name __xlnm._FilterDatabase_2: #REF!
Name __xlnm._FilterDatabase_2: #REF!
Name __xlnm._FilterDatabase_2: #REF!
Name __xlnm._FilterDatabase_2: #REF!
Name __xlnm._FilterDatabase_2: #REF!
Name __xlnm._FilterDatabase_2: #REF!
Name __xlnm._FilterDatabase_2: #REF!
Name __xlnm._FilterDatabase_2: #REF!
Name __xlnm._FilterDatabase_2: #REF!
Name __xlnm._FilterDatabase_2: #REF!
Name __xlnm._FilterDatabase_2: #REF!
Name __xlnm._FilterDatabase_2: #REF!
Name __xlnm._FilterDatabase_2: #REF!
Name __xlnm._FilterDatabase_2: #REF!
Name __xlnm._FilterDatabase_2: #REF!
Name __xlnm._FilterDatabase_2: #REF!
Name __xlnm._FilterDatabase_2: #REF!
Name _TES46: #N/A
Name AAAA: #N/A
Name ati: #N/A
Name BS: #N/A
Name CCC: #N/A
Name depr9200: #N/A
Name dfsfd: #N/A
Name Excel_BuiltIn__FilterDatabase_1: #REF!
Name Excel_BuiltIn__FilterDatabase_1: #REF!
Name Excel_BuiltIn__FilterDatabase_1: #REF!
Name Excel_BuiltIn__FilterDatabase_1: #REF!
Name Excel_BuiltIn__FilterDatabase_1: #REF!
Name Excel_BuiltIn__FilterDatabase_1: #REF!
Name Excel_BuiltIn__FilterDatabase_1: #REF!
Name Excel_BuiltIn__FilterDatabase_1: #REF!
Name Excel_BuiltIn__FilterDatabase_1: #REF!
Name Excel_BuiltIn__FilterDatabase_1: #REF!
Name Excel_BuiltIn__FilterDatabase_1: #REF!
Name Excel_BuiltIn__FilterDatabase_1: #REF!
Name Excel_BuiltIn__FilterDatabase_1: #REF!
Name Excel_BuiltIn__FilterDatabase_1: #REF!
Name Excel_BuiltIn__FilterDatabase_1: #REF!
Name Excel_BuiltIn__FilterDatabase_1: #REF!
Name Excel_BuiltIn__FilterDatabase_1: #REF!
Name Excel_BuiltIn_Print_Titles: NA()
Name Export_3: #REF!

Sheet SO FOB Agustus 2026
A2: SALES ORDER
A4: 46235
A6: Week | B6: DATE | D6: TOTAL | E6: FOB SETU-AAE | F6: FOB SETU- SIDO | G6: FOB SETU - GIG | H6: FOB SETU - SALMAH | I6: FOB SETU - NNE | J6: FOB SETU - GAS | K6: FOB SETU -SBE | L6: FOB SETU -DAMASINDO | M6: FOB SETU-LARAS | N6: FOB SETU-KIRANA | O6: FOB KHT-APE | P6: FOB KHT - JPEN | Q6: FOB KHT - Laras | R6: FOB KHT - ANAGATA
A7: =WEEKNUM(B7) -> 31 | B7: =A4 -> 46235 | C7: Sun | D7: =SUM(E7:R7) -> 0 | E7: 0 | F7: 0 | G7: 0 | H7: 0 | I7: 0 | J7: 0 | K7: 0 | L7: 0 | M7: 0 | N7: 0 | O7: 0 | P7: 0 | Q7: 0 | R7: 0
B8: Sub Total | D8: =SUM(D4:D7) -> 0 | E8: =SUM(E4:E7) -> 0 | F8: =SUM(F4:F7) -> 0 | G8: =SUM(G4:G7) -> 0 | H8: =SUM(H4:H7) -> 0 | I8: =SUM(I4:I7) -> 0 | J8: =SUM(J4:J7) -> 0 | K8: =SUM(K4:K7) -> 0 | ... R8: =SUM(R4:R7) -> 0
A10: =WEEKNUM(B10) -> 32 | B10: =B7+1 -> 46236 | C10: Mon | D10: =SUM(E10:R10) -> 0 | E10: 0 | F10: 0 | G10: 0 | H10: 0 | I10: 0 | J10: 0 | K10: 0 | L10: 0 | M10: 0 | N10: 0 | O10: 0 | P10: 0 | Q10: 0 | R10: 0
B11: =B10+1 -> 46237 | C11: Tue | D11: =SUM(E11:R11) -> 0 | E11: 0 | F11: 0 | G11: 0 | H11: 0 | I11: 0 | J11: 0 | K11: 0 | L11: 0 | M11: 0 | N11: 0 | O11: 0 | P11: 0 | Q11: 0 | R11: 0
B12: =B11+1 -> 46238 | C12: Wed | D12: =SUM(E12:R12) -> 0 | E12: 0 | F12: 0 | G12: 0 | H12: 0 | I12: 0 | J12: 0 | K12: 0 | L12: 0 | M12: 0 | N12: 0 | O12: 0 | P12: 0 | Q12: 0 | R12: 0
B13: =B12+1 -> 46239 | C13: Thu | D13: =SUM(E13:R13) -> 0 | E13: 0 | F13: 0 | G13: 0 | H13: 0 | I13: 0 | J13: 0 | K13: 0 | L13: 0 | M13: 0 | N13: 0 | O13: 0 | P13: 0 | Q13: 0 | R13: 0
B14: =B13+1 -> 46240 | C14: Fri | D14: =SUM(E14:R14) -> 0 | E14: 0 | F14: 0 | G14: 0 | H14: 0 | I14: 0 | J14: 0 | K14: 0 | L14: 0 | M14: 0 | N14: 0 | O14: 0 | P14: 0 | Q14: 0 | R14: 0
B15: =B14+1 -> 46241 | C15: Sat | D15: =SUM(E15:R15) -> 0 | E15: 0 | F15: 0 | G15: 0 | H15: 0 | I15: 0 | J15: 0 | K15: 0 | L15: 0 | M15: 0 | N15: 0 | O15: 0 | P15: 0 | Q15: 0 | R15: 0
B16: =B15+1 -> 46242 | C16: Sun | D16: =SUM(E16:R16) -> 0 | E16: 0 | F16: 0 | G16: 0 | H16: 0 | I16: 0 | J16: 0 | K16: 0 | L16: 0 | M16: 0 | N16: 0 | O16: 0 | P16: 0 | Q16: 0 | R16: 0
B17: Sub Total | D17: =SUM(D10:D16) -> 0 | E17: =SUM(E10:E16) -> 0 | F17: =SUM(F10:F16) -> 0 | G17: =SUM(G10:G16) -> 0 | H17: =SUM(H10:H16) -> 0 | I17: =SUM(I10:I16) -> 0 | J17: =SUM(J10:J16) -> 0 | K17: =SUM(K10:K16) -> 0 | ... R17: =SUM(R10:R16) -> 0
A19: =WEEKNUM(B24) -> 33 | B19: =B16+1 -> 46243 | C19: Mon | D19: =SUM(E19:R19) -> 0 | E19: 0 | F19: 0 | G19: 0 | H19: 0 | I19: 0 | J19: 0 | K19: 0 | L19: 0 | M19: 0 | N19: 0 | O19: 0 | P19: 0 | Q19: 0 | R19: 0
B20: =B19+1 -> 46244 | C20: Tue | D20: =SUM(E20:R20) -> 0 | E20: 0 | F20: 0 | G20: 0 | H20: 0 | I20: 0 | J20: 0 | K20: 0 | L20: 0 | M20: 0 | N20: 0 | O20: 0 | P20: 0 | Q20: 0 | R20: 0
B21: =B20+1 -> 46245 | C21: Wed | D21: =SUM(E21:R21) -> 0 | E21: 0 | F21: 0 | G21: 0 | H21: 0 | I21: 0 | J21: 0 | K21: 0 | L21: 0 | M21: 0 | N21: 0 | O21: 0 | P21: 0 | Q21: 0 | R21: 0
B22: =B21+1 -> 46246 | C22: Thu | D22: =SUM(E22:R22) -> 0 | E22: 0 | F22: 0 | G22: 0 | H22: 0 | I22: 0 | J22: 0 | K22: 0 | L22: 0 | M22: 0 | N22: 0 | O22: 0 | P22: 0 | Q22: 0 | R22: 0
B23: =B22+1 -> 46247 | C23: Fri | D23: =SUM(E23:R23) -> 0 | E23: 0 | F23: 0 | G23: 0 | H23: 0 | I23: 0 | J23: 0 | K23: 0 | L23: 0 | M23: 0 | N23: 0 | O23: 0 | P23: 0 | Q23: 0 | R23: 0
B24: =B23+1 -> 46248 | C24: Sat | D24: =SUM(E24:R24) -> 0 | E24: 0 | F24: 0 | G24: 0 | H24: 0 | I24: 0 | J24: 0 | K24: 0 | L24: 0 | M24: 0 | N24: 0 | O24: 0 | P24: 0 | Q24: 0 | R24: 0
B25: =B24+1 -> 46249 | C25: Sun | D25: =SUM(E25:R25) -> 0 | E25: 0 | F25: 0 | G25: 0 | H25: 0 | I25: 0 | J25: 0 | K25: 0 | L25: 0 | M25: 0 | N25: 0 | O25: 0 | P25: 0 | Q25: 0 | R25: 0
B26: Sub Total | D26: =SUM(D19:D25) -> 0 | E26: =SUM(E19:E25) -> 0 | F26: =SUM(F19:F25) -> 0 | G26: =SUM(G19:G25) -> 0 | H26: =SUM(H19:H25) -> 0 | I26: =SUM(I19:I25) -> 0 | J26: =SUM(J19:J25) -> 0 | K26: =SUM(K19:K25) -> 0 | ... R26: =SUM(R19:R25) -> 0
A28: =WEEKNUM(B33) -> 34 | B28: =B25+1 -> 46250 | C28: Mon | D28: =SUM(E28:R28) -> 0 | E28: 0 | F28: 0 | G28: 0 | H28: 0 | I28: 0 | J28: 0 | K28: 0 | L28: 0 | M28: 0 | N28: 0 | O28: 0 | P28: 0 | Q28: 0 | R28: 0
B29: =B28+1 -> 46251 | C29: Tue | D29: =SUM(E29:R29) -> 0 | E29: 0 | F29: 0 | G29: 0 | H29: 0 | I29: 0 | J29: 0 | K29: 0 | L29: 0 | M29: 0 | N29: 0 | O29: 0 | P29: 0 | Q29: 0 | R29: 0
B30: =B29+1 -> 46252 | C30: Wed | D30: =SUM(E30:R30) -> 0 | E30: 0 | F30: 0 | G30: 0 | H30: 0 | I30: 0 | J30: 0 | K30: 0 | L30: 0 | M30: 0 | N30: 0 | O30: 0 | P30: 0 | Q30: 0 | R30: 0
B31: =B30+1 -> 46253 | C31: Thu | D31: =SUM(E31:R31) -> 0 | E31: 0 | F31: 0 | G31: 0 | H31: 0 | I31: 0 | J31: 0 | K31: 0 | L31: 0 | M31: 0 | N31: 0 | O31: 0 | P31: 0 | Q31: 0 | R31: 0
B32: =B31+1 -> 46254 | C32: Fri | D32: =SUM(E32:R32) -> 0 | E32: 0 | F32: 0 | G32: 0 | H32: 0 | I32: 0 | J32: 0 | K32: 0 | L32: 0 | M32: 0 | N32: 0 | O32: 0 | P32: 0 | Q32: 0 | R32: 0
B33: =B32+1 -> 46255 | C33: Sat | D33: =SUM(E33:R33) -> 0 | E33: 0 | F33: 0 | G33: 0 | H33: 0 | I33: 0 | J33: 0 | K33: 0 | L33: 0 | M33: 0 | N33: 0 | O33: 0 | P33: 0 | Q33: 0 | R33: 0
B34: =B33+1 -> 46256 | C34: Sun | D34: =SUM(E34:R34) -> 0 | E34: 0 | F34: 0 | G34: 0 | H34: 0 | I34: 0 | J34: 0 | K34: 0 | L34: 0 | M34: 0 | N34: 0 | O34: 0 | P34: 0 | Q34: 0 | R34: 0
B35: Sub Total | D35: =SUM(D28:D34) -> 0 | E35: =SUM(E28:E34) -> 0 | F35: =SUM(F28:F34) -> 0 | G35: =SUM(G28:G34) -> 0 | H35: =SUM(H28:H34) -> 0 | I35: =SUM(I28:I34) -> 0 | J35: =SUM(J28:J34) -> 0 | K35: =SUM(K28:K34) -> 0 | ... R35: =SUM(R28:R34) -> 0
A37: =WEEKNUM(B42) -> 35 | B37: =B34+1 -> 46257 | C37: Mon | D37: =SUM(E37:R37) -> 0 | E37: 0 | F37: 0 | G37: 0 | H37: 0 | I37: 0 | J37: 0 | K37: 0 | L37: 0 | M37: 0 | N37: 0 | O37: 0 | P37: 0 | Q37: 0 | R37: 0
B38: =B37+1 -> 46258 | C38: Tue | D38: =SUM(E38:R38) -> 0 | E38: 0 | F38: 0 | G38: 0 | H38: 0 | I38: 0 | J38: 0 | K38: 0 | L38: 0 | M38: 0 | N38: 0 | O38: 0 | P38: 0 | Q38: 0 | R38: 0
B39: =B38+1 -> 46259 | C39: Wed | D39: =SUM(E39:R39) -> 0 | E39: 0 | F39: 0 | G39: 0 | H39: 0 | I39: 0 | J39: 0 | K39: 0 | L39: 0 | M39: 0 | N39: 0 | O39: 0 | P39: 0 | Q39: 0 | R39: 0
B40: =B39+1 -> 46260 | C40: Thu | D40: =SUM(E40:R40) -> 0 | E40: 0 | F40: 0 | G40: 0 | H40: 0 | I40: 0 | J40: 0 | K40: 0 | L40: 0 | M40: 0 | N40: 0 | O40: 0 | P40: 0 | Q40: 0 | R40: 0
B41: =B40+1 -> 46261 | C41: Fri | D41: =SUM(E41:R41) -> 0 | E41: 0 | F41: 0 | G41: 0 | H41: 0 | I41: 0 | J41: 0 | K41: 0 | L41: 0 | M41: 0 | N41: 0 | O41: 0 | P41: 0 | Q41: 0 | R41: 0
B42: =B41+1 -> 46262 | C42: Sat | D42: =SUM(E42:R42) -> 0 | E42: 0 | F42: 0 | G42: 0 | H42: 0 | I42: 0 | J42: 0 | K42: 0 | L42: 0 | M42: 0 | N42: 0 | O42: 0 | P42: 0 | Q42: 0 | R42: 0
B43: =B42+1 -> 46263 | C43: Sun | D43: =SUM(E43:R43) -> 0 | E43: 0 | F43: 0 | G43: 0 | H43: 0 | I43: 0 | J43: 0 | K43: 0 | L43: 0 | M43: 0 | N43: 0 | O43: 0 | P43: 0 | Q43: 0 | R43: 0
B44: Sub Total | D44: =SUM(D37:D43) -> 0 | E44: =SUM(E37:E43) -> 0 | F44: =SUM(F37:F43) -> 0 | G44: =SUM(G37:G43) -> 0 | H44: =SUM(H37:H43) -> 0 | I44: =SUM(I37:I43) -> 0 | J44: =SUM(J37:J43) -> 0 | K44: =SUM(K37:K43) -> 0 | ... R44: =SUM(R37:R43) -> 0
A46: =WEEKNUM(B46) -> 36 | B46: =B43+1 -> 46264 | C46: Mon | D46: =SUM(E46:R46) -> 0 | E46: 0 | F46: 0 | G46: 0 | H46: 0 | I46: 0 | J46: 0 | K46: 0 | L46: 0 | M46: 0 | N46: 0 | O46: 0 | P46: 0 | Q46: 0 | R46: 0
B47: =B46+1 -> 46265 | C47: Tue | D47: =SUM(E47:R47) -> 0 | E47: 0 | F47: 0 | G47: 0 | H47: 0 | I47: 0 | J47: 0 | K47: 0 | L47: 0 | M47: 0 | N47: 0 | O47: 0 | P47: 0 | Q47: 0 | R47: 0
B48: Sub Total | D48: =SUM(D41:D47) -> 0 | E48: =SUM(E41:E47) -> 0 | F48: =SUM(F41:F47) -> 0 | G48: =SUM(G41:G47) -> 0 | H48: =SUM(H41:H47) -> 0 | I48: =SUM(I41:I47) -> 0 | J48: =SUM(J41:J47) -> 0 | K48: =SUM(K41:K47) -> 0 | ... R48: =SUM(R41:R47) -> 0
B50: Sub Total | D50: =SUM(D35,D26,D17,D8,D44,D48) -> 0 | E50: =SUM(E35,E26,E17,E8,E44,E48) -> 0 | F50: =SUM(F35,F26,F17,F8,F44,F48) -> 0 | G50: =SUM(G35,G26,G17,G8,G44,G48) -> 0 | H50: =SUM(H35,H26,H17,H8,H44,H48) -> 0 | I50: =SUM(I35,I26,I17,I8,I44,I48) -> 0 | J50: =SUM(J35,J26,J17,J8,J44,J48) -> 0 | K50: =SUM(K35,K26,K17,K8,K44,K48) -> 0 | ... R50: =SUM(R35,R26,R17,R8,R44,R48) -> 0
B51: Total | D51: =SUM(D28:D34,D19:D25,D10:D16,D7,D37:D43,D46:D47) -> 0 | E51: =SUM(E28:E34,E19:E25,E10:E16,E7,E37:E43,E46:E47) -> 0 | F51: =SUM(F28:F34,F19:F25,F10:F16,F7,F37:F43,F46:F47) -> 0 | G51: =SUM(G28:G34,G19:G25,G10:G16,G7,G37:G43,G46:G47) -> 0 | H51: =SUM(H28:H34,H19:H25,H10:H16,H7,H37:H43,H46:H47) -> 0 | I51: =SUM(I28:I34,I19:I25,I10:I16,I7,I37:I43,I46:I47) -> 0 | J51: =SUM(J28:J34,J19:J25,J10:J16,J7,J37:J43,J46:J47) -> 0 | K51: =SUM(K28:K34,K19:K25,K10:K16,K7,K37:K43,K46:K47) -> 0 | ... R51: =SUM(R28:R34,R19:R25,R10:R16,R7,R37:R43,R46:R47) -> 0
B52: Difference

Sheet SO September 2026 Rev.6
A2: SALES ORDER | E2: =E6/24 -> 49.982204 | F2: =F6/24 -> 50 | G2: =G6/24 -> 137.5 | H2: =H6/24 -> 33.333333 | I2: =I6/24 -> 6.25 | J2: =J6/24 -> 25.156801 | K2: =K6/24 -> 28.053145 | L2: =L6/24 -> 229.16667 | ... O2: =O6/24 -> 666.66667 | P2: =P38/24 -> 450 | Q2: =Q6/24 -> 791.66667 | R2: =R6/24 -> 208.33333 | S2: =S6/24 -> 291.66667 | T2: =T6/24 -> 270.83333 | U2: =U6/24 -> 20.833333 | V2: =V6/24 -> 270.83333 | W2: =W6/24 -> 41.666667 | X2: =X6/24 -> 83.333333 | ... BE2: =BE6/24 -> 1125
A3: 46266
V4: =V6/24 -> 270.83333
A5: Week | B5: DATE | D5: TOTAL | E5: CLIN | F5: MKG | G5: STM | H5: OAJ | I5: SHB | J5: GTL | K5: TWK | L5: BYC | M5: GF RANCA | N5: SMA | O5: UMI | P5: HLI | Q5: ASAHIMAS | R5: DIC | S5: HCI | T5: KSN | U5: ADP | V5: KSN RANCA | W5: NNI | X5: Greenpulse | Y5: Concord | Z5: ALT (KSO MASAMI) | AA5: IDP (KSO AAE) | AB5: WINGLOK (KSO EBM) | AC5: CISF (KSO RRS) | AD5: KGM (KSO RRS) | AE5: PUJ - LUBRICANT | AF5: CALBEE (KSO BMI) | AG5: KF | AH5: IP | AI5: BEM | AJ5: AMI | AK5: KA | AL5: KTN | AM5: NIAGA GARAM | AN5: PCI 84 | AO5: PCI MENGGER | AP5: INDOFOOD | AQ5: CERES | AR5: ABC KOGEN | AS5: TONGJI ( KSO GAS) | AT5: CITYMALL GARUT | AU5: PERHUTANI (KSO PTGN) | AV5: PA | AW5: RB | AX5: GF ATOM | AY5: GF KULIT | AZ5: SDM | BA5: JARGAS | BB5: SBI | BC5: DJARUM | BD5: SP GLOBAL | BE5: PENTAWIRA (KSO REN)
A6: =WEEKNUM(B6) -> 36 | B6: =A3 -> 46266 | C6: =TEXT(B6,"ddd") -> Tue | D6: =SUM(E6:BE6) -> 224572.23 | E6: 1199.5729 | F6: 1200 | G6: 3300 | H6: 800 | I6: 150 | J6: 603.76323 | K6: 673.27548 | L6: 5500 | M6: 5000 | N6: 2500 | O6: 16000 | P6: =650*24 -> 15600 | Q6: 19000 | R6: 5000 | S6: 7000 | T6: 6500 | U6: 500 | V6: 6500 | W6: 1000 | X6: 2000 | Y6: 0 | Z6: 1000 | AA6: 5500 | AB6: 89.451613 | AC6: 3500 | AD6: 1300 | AE6: 3000 | AF6: 12000 | AG6: 3000 | AH6: 2000 | AI6: 800 | AJ6: 7200 | AK6: 2500 | AL6: 2000 | AM6: 1000 | AN6: 11000 | AO6: 2000 | AP6: 4000 | AQ6: 9000.0571 | AR6: 8000 | AS6: 3500 | AV6: 700 | AW6: 3500 | AX6: 2000 | AY6: 369.61071 | BA6: 2499.7026 | BB6: 2499.7026 | BC6: 3587.0968 | BD6: 0 | BE6: 27000
B7: =B6+1 -> 46267 | C7: =TEXT(B7,"ddd") -> Wed | D7: =SUM(E7:BE7) -> 225694.13 | E7: 1199.5729 | F7: 1200 | G7: 3300 | H7: 800 | I7: 150 | J7: 603.76323 | K7: 673.27548 | L7: 5500 | M7: 5000 | N7: 2500 | O7: 16000 | P7: 15600 | Q7: 19000 | R7: 5000 | S7: 7000 | T7: 6500 | U7: 500 | V7: 6500 | W7: 1000 | X7: 2000 | Y7: 0 | Z7: 1000 | AA7: 5500 | AB7: 89.451613 | AC7: 3500 | AD7: 1300 | AE7: 3000 | AF7: 12000 | AG7: 3000 | AH7: 2000 | AI7: 800 | AJ7: 7200 | AK7: 2500 | AL7: 2000 | AM7: 1000 | AN7: 11000 | AO7: 2000 | AP7: 4000 | AQ7: 9000.0571 | AR7: 8000 | AS7: 3500 | AT7: 0 | AU7: 0 | AV7: 700 | AW7: 3500 | AX7: 2000 | AY7: 369.61071 | AZ7: 1121.9003 | BA7: 2499.7026 | BB7: 2499.7026 | BC7: 3587.0968 | BD7: 0 | BE7: 27000
B8: =B7+1 -> 46268 | C8: =TEXT(B8,"ddd") -> Thu | D8: =SUM(E8:BE8) -> 202694.13 | E8: 1199.5729 | F8: 1200 | G8: 3300 | H8: 800 | I8: 150 | J8: 603.76323 | K8: 673.27548 | L8: 5500 | M8: 5000 | N8: 2500 | O8: 16000 | P8: 15600 | Q8: 19000 | R8: 5000 | S8: 7000 | T8: 6000 | U8: 500 | V8: 6500 | W8: 1000 | X8: 1000 | Y8: 0 | Z8: 1000 | AA8: 5500 | AB8: 89.451613 | AC8: 3500 | AD8: 1300 | AE8: 3000 | AF8: 12000 | AG8: 3000 | AH8: 2000 | AI8: 800 | AJ8: 7200 | AK8: 2500 | AL8: 2000 | AM8: 1000 | AN8: 11000 | AO8: 2000 | AP8: 4000 | AQ8: 9000.0571 | AR8: 8000 | AS8: 3500 | AT8: =SUM(AT6:AT7) -> 0 | AU8: =SUM(AU6:AU7) -> 0 | AV8: 700 | AW8: 0 | AX8: 2000 | AY8: 369.61071 | AZ8: 1121.9003 | BA8: 2499.7026 | BB8: 2499.7026 | BC8: 3587.0968 | BD8: 0 | BE8: =4500*2 -> 9000
B9: =B8+1 -> 46269 | C9: =TEXT(B9,"ddd") -> Fri | D9: =SUM(E9:BE9) -> 198694.08 | E9: 1199.5729 | F9: 1200 | G9: 3300 | H9: 800 | I9: 150 | J9: 603.76323 | K9: 673.27548 | L9: 5500 | M9: 5000 | N9: 2500 | O9: 16000 | P9: 15600 | Q9: 17000 | R9: 5000 | S9: 7000 | T9: 6000 | U9: 500 | V9: 6500 | W9: 1000 | X9: 1000 | Y9: 0 | Z9: 1000 | AA9: 5500 | AB9: 89.451613 | AC9: 3500 | AD9: 1300 | AE9: 3000 | AF9: 12000 | AG9: 3000 | AH9: 2000 | AI9: 800 | AJ9: 7200 | AK9: 2500 | AL9: 2000 | AM9: 1000 | AN9: 10000 | AO9: 2000 | AP9: 4000 | AQ9: 8000 | AR9: 8000 | AS9: 3500 | AV9: 700 | AW9: 0 | AX9: 2000 | AY9: 369.61071 | AZ9: 1121.9003 | BA9: 2499.7026 | BB9: 2499.7026 | BC9: 3587.0968 | BD9: 0 | BE9: 9000
B10: =B9+1 -> 46270 | C10: =TEXT(B10,"ddd") -> Sat | D10: =SUM(E10:BE10) -> 188572.6 | E10: 700 | F10: 1000 | G10: 3300 | H10: 500 | I10: 150 | J10: 603.76323 | K10: 673.27548 | L10: 4500 | M10: 2000 | N10: 1000 | O10: 16000 | P10: 15600 | Q10: 27000 | R10: 5000 | S10: 3500 | T10: 6000 | U10: 500 | V10: 6500 | W10: 1000 | X10: 1000 | Y10: 0 | Z10: 1000 | AA10: 5500 | AB10: 89.451613 | AC10: 3500 | AD10: 1300 | AE10: 0 | AF10: 12000 | AG10: 0 | AH10: 2000 | AI10: 800 | AJ10: 7200 | AK10: 0 | AL10: 2000 | AM10: 1000 | AN10: 10000 | AO10: 2000 | AP10: 5500 | AQ10: 6000 | AR10: 8000 | AS10: 3500 | AT10: 0 | AU10: 0 | AV10: 700 | AW10: 0 | AX10: 2000 | AY10: 369.61071 | AZ10: 0 | BA10: 2499.7026 | BB10: 2499.7026 | BC10: 3587.0968 | BD10: 0 | BE10: 9000
B11: =B10+1 -> 46271 | C11: =TEXT(B11,"ddd") -> Sun | D11: =SUM(E11:BE11) -> 157581.53 | E11: 700 | F11: 1000 | G11: 999.51613 | H11: 500 | I11: 0 | J11: 603.76323 | K11: 673.27548 | L11: 0 | M11: 2000 | N11: 300 | O11: 6659.5545 | P11: 15600 | Q11: 27000 | R11: 5000 | S11: 0 | T11: 6000 | U11: 500 | V11: 6500 | W11: 1000 | X11: 1000 | Y11: 0 | Z11: 0 | AA11: 2500 | AB11: 89.451613 | AC11: 1000 | AD11: 1300 | AE11: 0 | AF11: 12000 | AG11: 0 | AH11: 2000 | AI11: 0 | AJ11: 2999.8519 | AK11: 0 | AL11: 2000 | AM11: 0 | AN11: 10000 | AO11: 2000 | AP11: 5500 | AQ11: 5000 | AR11: 8000 | AS11: 3500 | AT11: 0 | AU11: 0 | AV11: 700 | AW11: 0 | AX11: 2000 | AY11: 369.61071 | AZ11: 0 | BA11: 2499.7026 | BB11: 2499.7026 | BC11: 3587.0968 | BD11: 3000 | BE11: 9000
B12: Sub Total | D12: =SUM(D6:D11) -> 1197808.7 | E12: =SUM(E6:E11) -> 6198.2916 | F12: =SUM(F6:F11) -> 6800 | G12: =SUM(G6:G11) -> 17499.516 | H12: =SUM(H6:H11) -> 4200 | I12: =SUM(I6:I11) -> 750 | J12: =SUM(J6:J11) -> 3622.5794 | K12: =SUM(K6:K11) -> 4039.6529 | ... AS12: =SUM(AS6:AS11) -> 21000 | AT12: =SUM(AT10:AT11) -> 0 | AU12: =SUM(AU10:AU11) -> 0 | AV12: =SUM(AV6:AV11) -> 4200 | AW12: =SUM(AW6:AW11) -> 7000 | AX12: =SUM(AX6:AX11) -> 12000 | AY12: =SUM(AY6:AY11) -> 2217.6643 | AZ12: =SUM(AZ6:AZ11) -> 3365.701 | BA12: =SUM(BA6:BA11) -> 14998.215 | BB12: =SUM(BB6:BB11) -> 14998.215 | BC12: =SUM(BC6:BC11) -> 21522.581 | ... BE12: =SUM(BE6:BE11) -> 90000
A14: =WEEKNUM(B19) -> 37 | B14: =B11+1 -> 46272 | C14: =TEXT(B14,"ddd") -> Mon | D14: =SUM(E14:BE14) -> 201994.08 | E14: 1199.5729 | F14: 1200 | G14: 3300 | H14: 800 | I14: 150 | J14: 603.76323 | K14: 673.27548 | L14: 5500 | M14: 5000 | N14: 2500 | O14: 16000 | P14: 15600 | Q14: 17000 | R14: 5000 | S14: 7000 | T14: 6000 | U14: 1300 | V14: 6500 | W14: 1000 | X14: 1000 | Y14: 0 | Z14: 1000 | AA14: 5500 | AB14: 89.451613 | AC14: 3500 | AD14: 1300 | AE14: 3000 | AF14: 12000 | AG14: 3000 | AH14: 2000 | AI14: 800 | AJ14: 7200 | AK14: 2000 | AL14: 2000 | AM14: 1000 | AN14: 10000 | AO14: 2000 | AP14: 4000 | AQ14: 8000 | AR14: 8000 | AS14: 3500 | AT14: 0 | AU14: 0 | AV14: 700 | AW14: 0 | AX14: 2000 | AY14: 369.61071 | AZ14: 1121.9003 | BA14: 2499.7026 | BB14: 2499.7026 | BC14: 3587.0968 | BD14: 3000 | BE14: 9000
B15: =B14+1 -> 46273 | C15: =TEXT(B15,"ddd") -> Tue | D15: =SUM(E15:BE15) -> 201994.08 | E15: 1199.5729 | F15: 1200 | G15: 3300 | H15: 800 | I15: 150 | J15: 603.76323 | K15: 673.27548 | L15: 5500 | M15: 5000 | N15: 2500 | O15: 16000 | P15: 15600 | Q15: 17000 | R15: 5000 | S15: 7000 | T15: 6000 | U15: 1300 | V15: 6500 | W15: 1000 | X15: 1000 | Y15: 0 | Z15: 1000 | AA15: 5500 | AB15: 89.451613 | AC15: 3500 | AD15: 1300 | AE15: 3000 | AF15: 12000 | AG15: 3000 | AH15: 2000 | AI15: 800 | AJ15: 7200 | AK15: 2000 | AL15: 2000 | AM15: 1000 | AN15: 10000 | AO15: 2000 | AP15: 4000 | AQ15: 8000 | AR15: 8000 | AS15: 3500 | AT15: 0 | AU15: 0 | AV15: 700 | AW15: 0 | AX15: 2000 | AY15: 369.61071 | AZ15: 1121.9003 | BA15: 2499.7026 | BB15: 2499.7026 | BC15: 3587.0968 | BD15: 3000 | BE15: 9000
B16: =B15+1 -> 46274 | C16: =TEXT(B16,"ddd") -> Wed | D16: =SUM(E16:BE16) -> 201994.08 | E16: 1199.5729 | F16: 1200 | G16: 3300 | H16: 800 | I16: 150 | J16: 603.76323 | K16: 673.27548 | L16: 5500 | M16: 5000 | N16: 2500 | O16: 16000 | P16: 15600 | Q16: 17000 | R16: 5000 | S16: 7000 | T16: 6000 | U16: 1300 | V16: 6500 | W16: 1000 | X16: 1000 | Y16: 0 | Z16: 1000 | AA16: 5500 | AB16: 89.451613 | AC16: 3500 | AD16: 1300 | AE16: 3000 | AF16: 12000 | AG16: 3000 | AH16: 2000 | AI16: 800 | AJ16: 7200 | AK16: 2000 | AL16: 2000 | AM16: 1000 | AN16: 10000 | AO16: 2000 | AP16: 4000 | AQ16: 8000 | AR16: 8000 | AS16: 3500 | AT16: 0 | AU16: 0 | AV16: 700 | AW16: 0 | AX16: 2000 | AY16: 369.61071 | AZ16: 1121.9003 | BA16: 2499.7026 | BB16: 2499.7026 | BC16: 3587.0968 | BD16: 3000 | BE16: 9000
B17: =B16+1 -> 46275 | C17: =TEXT(B17,"ddd") -> Thu | D17: =SUM(E17:BE17) -> 216994.08 | E17: 1199.5729 | F17: 1200 | G17: 3300 | H17: 800 | I17: 150 | J17: 603.76323 | K17: 673.27548 | L17: 5500 | M17: 5000 | N17: 2500 | O17: 16000 | P17: 15600 | Q17: 17000 | R17: 5000 | S17: 7000 | T17: 6000 | U17: 1300 | V17: 6500 | W17: 1000 | X17: 1000 | Y17: 0 | Z17: 1000 | AA17: 5500 | AB17: 89.451613 | AC17: 3500 | AD17: 1300 | AE17: 3000 | AF17: 12000 | AG17: 3000 | AH17: 2000 | AI17: 800 | AJ17: 7200 | AK17: 2000 | AL17: 2000 | AM17: 1000 | AN17: 10000 | AO17: 2000 | AP17: 4000 | AQ17: 8000 | AR17: 8000 | AS17: 3500 | AT17: =SUM(AT10:AT16) -> 0 | AU17: =SUM(AU10:AU16) -> 0 | AV17: 700 | AW17: 0 | AX17: 2000 | AY17: 369.61071 | AZ17: 1121.9003 | BA17: 2499.7026 | BB17: 2499.7026 | BC17: 3587.0968 | BD17: =4500*4 -> 18000 | BE17: 9000
B18: =B17+1 -> 46276 | C18: =TEXT(B18,"ddd") -> Fri | D18: =SUM(E18:BE18) -> 230494.08 | E18: 1199.5729 | F18: 1200 | G18: 3300 | H18: 800 | I18: 150 | J18: 603.76323 | K18: 673.27548 | L18: 5500 | M18: 5000 | N18: 2500 | O18: 16000 | P18: 15600 | Q18: 17000 | R18: 5000 | S18: 7000 | T18: 6000 | U18: 1300 | V18: 6500 | W18: 1000 | X18: 1000 | Y18: 0 | Z18: 1000 | AA18: 5500 | AB18: 89.451613 | AC18: 3500 | AD18: 1300 | AE18: 3000 | AF18: 12000 | AG18: 3000 | AH18: 2000 | AI18: 800 | AJ18: 7200 | AK18: 2000 | AL18: 2000 | AM18: 1000 | AN18: 10000 | AO18: 2000 | AP18: 4000 | AQ18: 8000 | AR18: 8000 | AS18: 3500 | AV18: 700 | AW18: 0 | AX18: 2000 | AY18: 369.61071 | AZ18: 1121.9003 | BA18: 2499.7026 | BB18: 2499.7026 | BC18: 3587.0968 | BD18: 31500 | BE18: 9000
B19: =B18+1 -> 46277 | C19: =TEXT(B19,"ddd") -> Sat | D19: =SUM(E19:BE19) -> 220872.6 | E19: 700 | F19: 1000 | G19: 3300 | H19: 500 | I19: 150 | J19: 603.76323 | K19: 673.27548 | L19: 4500 | M19: 2000 | N19: 1000 | O19: 16000 | P19: 15600 | Q19: 27000 | R19: 5000 | S19: 3500 | T19: 6000 | U19: 1300 | V19: 6500 | W19: 1000 | X19: 1000 | Y19: 0 | Z19: 1000 | AA19: 5500 | AB19: 89.451613 | AC19: 3500 | AD19: 1300 | AE19: 0 | AF19: 12000 | AG19: 0 | AH19: 2000 | AI19: 800 | AJ19: 7200 | AK19: 0 | AL19: 2000 | AM19: 1000 | AN19: 10000 | AO19: 2000 | AP19: 5500 | AQ19: 6000 | AR19: 8000 | AS19: 3500 | AT19: 0 | AU19: 0 | AV19: 700 | AW19: 0 | AX19: 2000 | AY19: 369.61071 | AZ19: 0 | BA19: 2499.7026 | BB19: 2499.7026 | BC19: 3587.0968 | BD19: 31500 | BE19: 9000
B20: =B19+1 -> 46278 | C20: =TEXT(B20,"ddd") -> Sun | D20: =SUM(E20:BE20) -> 184381.53 | E20: 700 | F20: 1000 | G20: 999.51613 | H20: 500 | I20: 0 | J20: 603.76323 | K20: 673.27548 | L20: 0 | M20: 2000 | N20: 300 | O20: 6659.5545 | P20: 15600 | Q20: 27000 | R20: 5000 | S20: 0 | T20: 6000 | U20: 1300 | V20: 6500 | W20: 0 | X20: 1000 | Y20: 0 | Z20: 0 | AA20: 2500 | AB20: 89.451613 | AC20: 1000 | AD20: 1300 | AE20: 0 | AF20: 12000 | AG20: 0 | AH20: 500 | AI20: 0 | AJ20: 2999.8519 | AK20: 0 | AL20: 2000 | AM20: 0 | AN20: 10000 | AO20: 2000 | AP20: 5500 | AQ20: 5000 | AR20: 8000 | AS20: 3500 | AT20: 0 | AU20: 0 | AV20: 700 | AW20: 0 | AX20: 2000 | AY20: 369.61071 | AZ20: 0 | BA20: 2499.7026 | BB20: 2499.7026 | BC20: 3587.0968 | BD20: 31500 | BE20: 9000
B21: Sub Total | D21: =SUM(D14:D20) -> 1458724.5 | E21: =SUM(E14:E20) -> 7397.8645 | F21: =SUM(F14:F20) -> 8000 | G21: =SUM(G14:G20) -> 20799.516 | H21: =SUM(H14:H20) -> 5000 | I21: =SUM(I14:I20) -> 900 | J21: =SUM(J14:J20) -> 4226.3426 | K21: =SUM(K14:K20) -> 4712.9284 | ... BE21: =SUM(BE14:BE20) -> 63000
A23: =WEEKNUM(B28) -> 38 | B23: =B20+1 -> 46279 | C23: =TEXT(B23,"ddd") -> Mon | D23: =SUM(E23:BE23) -> 231494.08 | E23: 1199.5729 | F23: 1200 | G23: 3300 | H23: 800 | I23: 150 | J23: 603.76323 | K23: 673.27548 | L23: 5500 | M23: 5000 | N23: 2500 | O23: 16000 | P23: 15600 | Q23: 17000 | R23: 5000 | S23: 7000 | T23: 6000 | U23: 1300 | V23: 6500 | W23: 1000 | X23: 2000 | Y23: 0 | Z23: 1000 | AA23: 5500 | AB23: 89.451613 | AC23: 3500 | AD23: 1300 | AE23: 3000 | AF23: 12000 | AG23: 3000 | AH23: 2000 | AI23: 800 | AJ23: 7200 | AK23: 2000 | AL23: 2000 | AM23: 1000 | AN23: 10000 | AO23: 2000 | AP23: 4000 | AQ23: 8000 | AR23: 8000 | AS23: 3500 | AT23: =SUM(AT16:AT22) -> 0 | AU23: =SUM(AU16:AU22) -> 0 | AV23: 700 | AW23: 0 | AX23: 2000 | AY23: 369.61071 | AZ23: 1121.9003 | BA23: 2499.7026 | BB23: 2499.7026 | BC23: 3587.0968 | BD23: 31500 | BE23: 9000
B24: =B23+1 -> 46280 | C24: =TEXT(B24,"ddd") -> Tue | D24: =SUM(E24:BE24) -> 231494.08 | E24: 1199.5729 | F24: 1200 | G24: 3300 | H24: 800 | I24: 150 | J24: 603.76323 | K24: 673.27548 | L24: 5500 | M24: 5000 | N24: 2500 | O24: 16000 | P24: 15600 | Q24: 17000 | R24: 5000 | S24: 7000 | T24: 6000 | U24: 1300 | V24: 6500 | W24: 1000 | X24: 2000 | Y24: 0 | Z24: 1000 | AA24: 5500 | AB24: 89.451613 | AC24: 3500 | AD24: 1300 | AE24: 3000 | AF24: 12000 | AG24: 3000 | AH24: 2000 | AI24: 800 | AJ24: 7200 | AK24: 2000 | AL24: 2000 | AM24: 1000 | AN24: 10000 | AO24: 2000 | AP24: 4000 | AQ24: 8000 | AR24: 8000 | AS24: 3500 | AV24: 700 | AW24: 0 | AX24: 2000 | AY24: 369.61071 | AZ24: 1121.9003 | BA24: 2499.7026 | BB24: 2499.7026 | BC24: 3587.0968 | BD24: 31500 | BE24: 9000
B25: =B24+1 -> 46281 | C25: =TEXT(B25,"ddd") -> Wed | D25: =SUM(E25:BE25) -> 210094.08 | E25: 1199.5729 | F25: 1200 | G25: 3300 | H25: 800 | I25: 150 | J25: 603.76323 | K25: 673.27548 | L25: 5500 | M25: 5000 | N25: 2500 | O25: 13500 | P25: 15600 | Q25: 12000 | R25: 5000 | S25: 7000 | T25: 4000 | U25: 1300 | V25: 6000 | W25: 1000 | X25: 1000 | Y25: 0 | Z25: 1000 | AA25: 5500 | AB25: 89.451613 | AC25: 3100 | AD25: 1300 | AE25: 3000 | AF25: 4000 | AG25: 2000 | AH25: 2000 | AI25: 800 | AJ25: 7200 | AK25: 2000 | AL25: 2000 | AM25: 1000 | AN25: 10000 | AO25: 2000 | AP25: 5500 | AQ25: 8000 | AR25: 6000 | AS25: 3000 | AT25: 0 | AU25: 0 | AV25: 700 | AW25: 0 | AX25: 2000 | AY25: 369.61071 | AZ25: 1121.9003 | BA25: 2499.7026 | BB25: 2499.7026 | BC25: 3587.0968 | BD25: 31500 | BE25: 9000
B26: =B25+1 -> 46282 | C26: =TEXT(B26,"ddd") -> Thu | D26: =SUM(E26:BE26) -> 210094.08 | E26: 1199.5729 | F26: 1200 | G26: 3300 | H26: 800 | I26: 150 | J26: 603.76323 | K26: 673.27548 | L26: 5500 | M26: 5000 | N26: 2500 | O26: 13500 | P26: 15600 | Q26: 12000 | R26: 5000 | S26: 7000 | T26: 4000 | U26: 1300 | V26: 6000 | W26: 1000 | X26: 1000 | Y26: 0 | Z26: 1000 | AA26: 5500 | AB26: 89.451613 | AC26: 3100 | AD26: 1300 | AE26: 3000 | AF26: 4000 | AG26: 2000 | AH26: 2000 | AI26: 800 | AJ26: 7200 | AK26: 2000 | AL26: 2000 | AM26: 1000 | AN26: 10000 | AO26: 2000 | AP26: 5500 | AQ26: 8000 | AR26: 6000 | AS26: 3000 | AT26: =SUM(AT19:AT25) -> 0 | AU26: =SUM(AU19:AU25) -> 0 | AV26: 700 | AW26: 0 | AX26: 2000 | AY26: 369.61071 | AZ26: 1121.9003 | BA26: 2499.7026 | BB26: 2499.7026 | BC26: 3587.0968 | BD26: 31500 | BE26: 9000
B27: =B26+1 -> 46283 | C27: =TEXT(B27,"ddd") -> Fri | D27: =SUM(E27:BE27) -> 210094.08 | E27: 1199.5729 | F27: 1200 | G27: 3300 | H27: 800 | I27: 150 | J27: 603.76323 | K27: 673.27548 | L27: 5500 | M27: 5000 | N27: 2500 | O27: 13500 | P27: 15600 | Q27: 12000 | R27: 5000 | S27: 7000 | T27: 4000 | U27: 1300 | V27: 6000 | W27: 1000 | X27: 1000 | Y27: 0 | Z27: 1000 | AA27: 5500 | AB27: 89.451613 | AC27: 3100 | AD27: 1300 | AE27: 3000 | AF27: 4000 | AG27: 2000 | AH27: 2000 | AI27: 800 | AJ27: 7200 | AK27: 2000 | AL27: 2000 | AM27: 1000 | AN27: 10000 | AO27: 2000 | AP27: 5500 | AQ27: 8000 | AR27: 6000 | AS27: 3000 | AV27: 700 | AW27: 0 | AX27: 2000 | AY27: 369.61071 | AZ27: 1121.9003 | BA27: 2499.7026 | BB27: 2499.7026 | BC27: 3587.0968 | BD27: 31500 | BE27: 9000
B28: =B27+1 -> 46284 | C28: =TEXT(B28,"ddd") -> Sat | D28: =SUM(E28:BE28) -> 207972.6 | E28: 700 | F28: 1000 | G28: 3300 | H28: 500 | I28: 150 | J28: 603.76323 | K28: 673.27548 | L28: 4500 | M28: 2000 | N28: 1000 | O28: 13500 | P28: 15600 | Q28: 30000 | R28: 5000 | S28: 3500 | T28: 4000 | U28: 1300 | V28: 6000 | W28: 1000 | X28: 1000 | Y28: 0 | Z28: 1000 | AA28: 5500 | AB28: 89.451613 | AC28: 3100 | AD28: 1300 | AE28: 0 | AF28: 4000 | AG28: 0 | AH28: 2000 | AI28: 800 | AJ28: 7200 | AK28: 0 | AL28: 2000 | AM28: 1000 | AN28: 10000 | AO28: 2000 | AP28: 5500 | AQ28: 6000 | AR28: 6000 | AS28: 3000 | AT28: 0 | AU28: 0 | AV28: 700 | AW28: 0 | AX28: 2000 | AY28: 369.61071 | AZ28: 0 | BA28: 2499.7026 | BB28: 2499.7026 | BC28: 3587.0968 | BD28: 31500 | BE28: 9000
B29: =B28+1 -> 46285 | C29: =TEXT(B29,"ddd") -> Sun | D29: =SUM(E29:BE29) -> 200381.53 | E29: 700 | F29: 1000 | G29: 999.51613 | H29: 500 | I29: 0 | J29: 603.76323 | K29: 673.27548 | L29: 0 | M29: 2000 | N29: 300 | O29: 6659.5545 | P29: 15600 | Q29: 45000 | R29: 5000 | S29: 0 | T29: 4000 | U29: 1300 | V29: 6000 | W29: 1000 | X29: 1000 | Y29: 10000 | Z29: 0 | AA29: 2500 | AB29: 89.451613 | AC29: 1000 | AD29: 1300 | AE29: 0 | AF29: 4000 | AG29: 0 | AH29: 500 | AI29: 0 | AJ29: 2999.8519 | AK29: 0 | AL29: 2000 | AM29: 0 | AN29: 10000 | AO29: 2000 | AP29: 5500 | AQ29: 5000 | AR29: 6000 | AS29: 3000 | AT29: 0 | AU29: 0 | AV29: 700 | AW29: 0 | AX29: 2000 | AY29: 369.61071 | AZ29: 0 | BA29: 2499.7026 | BB29: 2499.7026 | BC29: 3587.0968 | BD29: 31500 | BE29: 9000
B30: Sub Total | D30: =SUM(D23:D29) -> 1501624.5 | E30: =SUM(E23:E29) -> 7397.8645 | F30: =SUM(F23:F29) -> 8000 | G30: =SUM(G23:G29) -> 20799.516 | H30: =SUM(H23:H29) -> 5000 | I30: =SUM(I23:I29) -> 900 | J30: =SUM(J23:J29) -> 4226.3426 | K30: =SUM(K23:K29) -> 4712.9284 | ... BE30: =SUM(BE23:BE29) -> 63000
A32: =WEEKNUM(B37) -> 39 | B32: =B29+1 -> 46286 | C32: =TEXT(B32,"ddd") -> Mon | D32: =SUM(E32:BE32) -> 223594.08 | E32: 1199.5729 | F32: 1200 | G32: 3300 | H32: 800 | I32: 150 | J32: 603.76323 | K32: 673.27548 | L32: 5500 | M32: 5000 | N32: 2500 | O32: 13500 | P32: 15600 | Q32: 12000 | R32: 5000 | S32: 7000 | T32: 4000 | U32: 1300 | V32: 6000 | W32: 1000 | X32: 1000 | Y32: 10000 | Z32: 1000 | AA32: 5500 | AB32: 89.451613 | AC32: 3100 | AD32: 1300 | AE32: 3000 | AF32: 4000 | AG32: 2000 | AH32: 2000 | AI32: 800 | AJ32: 7200 | AK32: 2000 | AL32: 2000 | AM32: 1000 | AN32: 10000 | AO32: 2000 | AP32: 5500 | AQ32: 8000 | AR32: 6000 | AS32: 3000 | AT32: =SUM(AT25:AT31) -> 0 | AU32: =SUM(AU25:AU31) -> 0 | AV32: 700 | AW32: 3500 | AX32: 2000 | AY32: 369.61071 | AZ32: 1121.9003 | BA32: 2499.7026 | BB32: 2499.7026 | BC32: 3587.0968 | BD32: 31500 | BE32: 9000
B33: =B32+1 -> 46287 | C33: =TEXT(B33,"ddd") -> Tue | D33: =SUM(E33:BE33) -> 222794.08 | E33: 1199.5729 | F33: 1200 | G33: 3300 | H33: 800 | I33: 150 | J33: 603.76323 | K33: 673.27548 | L33: 5500 | M33: 5000 | N33: 1500 | O33: 13500 | P33: =450*24 -> 10800 | Q33: 12000 | R33: 5000 | S33: 12000 | T33: 4000 | U33: 1300 | V33: 6000 | W33: 1000 | X33: 7000 | Y33: 10000 | Z33: 1000 | AA33: 5500 | AB33: 89.451613 | AC33: 3100 | AD33: 1300 | AE33: 3000 | AF33: 0 | AG33: 2000 | AH33: 2000 | AI33: 800 | AJ33: 7200 | AK33: 2000 | AL33: 2000 | AM33: 1000 | AN33: 10000 | AO33: 2000 | AP33: 5500 | AQ33: 8000 | AR33: 4000 | AS33: 3000 | AV33: 700 | AW33: 3500 | AX33: 2000 | AY33: 369.61071 | AZ33: 1121.9003 | BA33: 2499.7026 | BB33: 2499.7026 | BC33: 3587.0968 | BD33: 31500 | BE33: 9000
B34: =B33+1 -> 46288 | C34: =TEXT(B34,"ddd") -> Wed | D34: =SUM(E34:BE34) -> 224794.08 | E34: 1199.5729 | F34: 1200 | G34: 3300 | H34: 800 | I34: 150 | J34: 603.76323 | K34: 673.27548 | L34: 5500 | M34: 5000 | N34: 1500 | O34: 13500 | P34: 10800 | Q34: 12000 | R34: 5000 | S34: 12000 | T34: 4000 | U34: 1300 | V34: 6000 | W34: 1000 | X34: 7000 | Y34: 12000 | Z34: 1000 | AA34: 5500 | AB34: 89.451613 | AC34: 3100 | AD34: 1300 | AE34: 3000 | AF34: 0 | AG34: 2000 | AH34: 2000 | AI34: 800 | AJ34: 7200 | AK34: 2000 | AL34: 2000 | AM34: 1000 | AN34: 10000 | AO34: 2000 | AP34: 5500 | AQ34: 8000 | AR34: 4000 | AS34: 3000 | AT34: 0 | AU34: 0 | AV34: 700 | AW34: 3500 | AX34: 2000 | AY34: 369.61071 | AZ34: 1121.9003 | BA34: 2499.7026 | BB34: 2499.7026 | BC34: 3587.0968 | BD34: 31500 | BE34: 9000
B35: =B34+1 -> 46289 | C35: =TEXT(B35,"ddd") -> Thu | D35: =SUM(E35:BE35) -> 223494.08 | E35: 1199.5729 | F35: 1200 | G35: 3300 | H35: 800 | I35: 150 | J35: 603.76323 | K35: 673.27548 | L35: 5500 | M35: 5000 | N35: 1500 | O35: 13500 | P35: 10800 | Q35: 12000 | R35: 5000 | S35: 12000 | T35: 4000 | U35: 1300 | V35: 6000 | W35: 1000 | X35: 7000 | Y35: 12000 | Z35: 1000 | AA35: 5500 | AB35: 89.451613 | AC35: 3100 | AD35: 0 | AE35: 3000 | AF35: 0 | AG35: 2000 | AH35: 2000 | AI35: 800 | AJ35: 7200 | AK35: 2000 | AL35: 2000 | AM35: 1000 | AN35: 10000 | AO35: 2000 | AP35: 5500 | AQ35: 8000 | AR35: 4000 | AS35: 3000 | AT35: =SUM(AT28:AT34) -> 0 | AU35: =SUM(AU28:AU34) -> 0 | AV35: 700 | AW35: 3500 | AX35: 2000 | AY35: 369.61071 | AZ35: 1121.9003 | BA35: 2499.7026 | BB35: 2499.7026 | BC35: 3587.0968 | BD35: 31500 | BE35: 9000
B36: =B35+1 -> 46290 | C36: =TEXT(B36,"ddd") -> Fri | D36: =SUM(E36:BE36) -> 223494.08 | E36: 1199.5729 | F36: 1200 | G36: 3300 | H36: 800 | I36: 150 | J36: 603.76323 | K36: 673.27548 | L36: 5500 | M36: 5000 | N36: 1500 | O36: 13500 | P36: 10800 | Q36: 12000 | R36: 5000 | S36: 12000 | T36: 4000 | U36: 1300 | V36: 6000 | W36: 1000 | X36: 7000 | Y36: 12000 | Z36: 1000 | AA36: 5500 | AB36: 89.451613 | AC36: 3100 | AD36: 0 | AE36: 3000 | AF36: 0 | AG36: 2000 | AH36: 2000 | AI36: 800 | AJ36: 7200 | AK36: 2000 | AL36: 2000 | AM36: 1000 | AN36: 10000 | AO36: 2000 | AP36: 5500 | AQ36: 8000 | AR36: 4000 | AS36: 3000 | AV36: 700 | AW36: 3500 | AX36: 2000 | AY36: 369.61071 | AZ36: 1121.9003 | BA36: 2499.7026 | BB36: 2499.7026 | BC36: 3587.0968 | BD36: 31500 | BE36: 9000
B37: =B36+1 -> 46291 | C37: =TEXT(B37,"ddd") -> Sat | D37: =SUM(E37:BE37) -> 225872.6 | E37: 700 | F37: 1000 | G37: 3300 | H37: 500 | I37: 150 | J37: 603.76323 | K37: 673.27548 | L37: 4500 | M37: 2000 | N37: 1000 | O37: 13500 | P37: 10800 | Q37: 30000 | R37: 5000 | S37: 12000 | T37: 4000 | U37: 1300 | V37: 6000 | W37: 1000 | X37: 7000 | Y37: 12000 | Z37: 1000 | AA37: 5500 | AB37: 89.451613 | AC37: 3100 | AD37: 0 | AE37: 0 | AF37: 0 | AG37: 0 | AH37: 2000 | AI37: 800 | AJ37: 7200 | AK37: 0 | AL37: 2000 | AM37: 1000 | AN37: 10000 | AO37: 2000 | AP37: 5500 | AQ37: 6000 | AR37: 4000 | AS37: 3000 | AT37: 0 | AU37: 0 | AV37: 700 | AW37: 3500 | AX37: 2000 | AY37: 369.61071 | AZ37: 0 | BA37: 2499.7026 | BB37: 2499.7026 | BC37: 3587.0968 | BD37: 31500 | BE37: 9000
B38: =B37+1 -> 46292 | C38: =TEXT(B38,"ddd") -> Sun | D38: =SUM(E38:BE38) -> 210781.53 | E38: 700 | F38: 1000 | G38: 999.51613 | H38: 500 | I38: 0 | J38: 603.76323 | K38: 673.27548 | L38: 0 | M38: 2000 | N38: 300 | O38: 6659.5545 | P38: 10800 | Q38: 45000 | R38: 5000 | S38: 12000 | T38: 4000 | U38: 1300 | V38: 6000 | W38: 0 | X38: 7000 | Y38: 12000 | Z38: 0 | AA38: 2500 | AB38: 89.451613 | AC38: 1000 | AD38: 0 | AE38: 0 | AF38: 0 | AG38: 0 | AH38: 500 | AI38: 0 | AJ38: 2999.8519 | AK38: 0 | AL38: 2000 | AM38: 0 | AN38: 10000 | AO38: 2000 | AP38: 5500 | AQ38: 5000 | AR38: 4000 | AS38: 3000 | AT38: =SUM(AT31:AT37) -> 0 | AU38: =SUM(AU31:AU37) -> 0 | AV38: 700 | AW38: 3500 | AX38: 2000 | AY38: 369.61071 | AZ38: 0 | BA38: 2499.7026 | BB38: 2499.7026 | BC38: 3587.0968 | BD38: 31500 | BE38: 9000
B39: Sub Total | D39: =SUM(D32:D38) -> 1554824.5 | E39: =SUM(E32:E38) -> 7397.8645 | F39: =SUM(F32:F38) -> 8000 | G39: =SUM(G32:G38) -> 20799.516 | H39: =SUM(H32:H38) -> 5000 | I39: =SUM(I32:I38) -> 900 | J39: =SUM(J32:J38) -> 4226.3426 | K39: =SUM(K32:K38) -> 4712.9284 | ... BE39: =SUM(BE32:BE38) -> 63000
A41: =WEEKNUM(B41) -> 40 | B41: =B38+1 -> 46293 | C41: =TEXT(B41,"ddd") -> Mon | D41: =SUM(E41:BE41) -> 223494.08 | E41: 1199.5729 | F41: 1200 | G41: 3300 | H41: 800 | I41: 150 | J41: 603.76323 | K41: 673.27548 | L41: 5500 | M41: 5000 | N41: 1500 | O41: 13500 | P41: 10800 | Q41: 12000 | R41: 5000 | S41: 12000 | T41: 4000 | U41: 1300 | V41: 6000 | W41: 1000 | X41: 7000 | Y41: 12000 | Z41: 1000 | AA41: 5500 | AB41: 89.451613 | AC41: 3100 | AD41: 0 | AE41: 3000 | AF41: 0 | AG41: 2000 | AH41: 2000 | AI41: 800 | AJ41: 7200 | AK41: 2000 | AL41: 2000 | AM41: 1000 | AN41: 10000 | AO41: 2000 | AP41: 5500 | AQ41: 8000 | AR41: 4000 | AS41: 3000 | AT41: 0 | AU41: 0 | AV41: 700 | AW41: 3500 | AX41: 2000 | AY41: 369.61071 | AZ41: 1121.9003 | BA41: 2499.7026 | BB41: 2499.7026 | BC41: 3587.0968 | BD41: 31500 | BE41: 9000
B42: =B41+1 -> 46294 | C42: =TEXT(B42,"ddd") -> Tue | D42: =SUM(E42:BE42) -> 223494.08 | E42: 1199.5729 | F42: 1200 | G42: 3300 | H42: 800 | I42: 150 | J42: 603.76323 | K42: 673.27548 | L42: 5500 | M42: 5000 | N42: 1500 | O42: 13500 | P42: 10800 | Q42: 12000 | R42: 5000 | S42: 12000 | T42: 4000 | U42: 1300 | V42: 6000 | W42: 1000 | X42: 7000 | Y42: 12000 | Z42: 1000 | AA42: 5500 | AB42: 89.451613 | AC42: 3100 | AD42: 0 | AE42: 3000 | AF42: 0 | AG42: 2000 | AH42: 2000 | AI42: 800 | AJ42: 7200 | AK42: 2000 | AL42: 2000 | AM42: 1000 | AN42: 10000 | AO42: 2000 | AP42: 5500 | AQ42: 8000 | AR42: 4000 | AS42: 3000 | AT42: 0 | AU42: 0 | AV42: 700 | AW42: 3500 | AX42: 2000 | AY42: 369.61071 | AZ42: 1121.9003 | BA42: 2499.7026 | BB42: 2499.7026 | BC42: 3587.0968 | BD42: 31500 | BE42: 9000
B43: =B42+1 -> 46295 | C43: =TEXT(B43,"ddd") -> Wed | D43: =SUM(E43:BE43) -> 223494.08 | E43: 1199.5729 | F43: 1200 | G43: 3300 | H43: 800 | I43: 150 | J43: 603.76323 | K43: 673.27548 | L43: 5500 | M43: 5000 | N43: 1500 | O43: 13500 | P43: 10800 | Q43: 12000 | R43: 5000 | S43: 12000 | T43: 4000 | U43: 1300 | V43: 6000 | W43: 1000 | X43: 7000 | Y43: 12000 | Z43: 1000 | AA43: 5500 | AB43: 89.451613 | AC43: 3100 | AD43: 0 | AE43: 3000 | AF43: 0 | AG43: 2000 | AH43: 2000 | AI43: 800 | AJ43: 7200 | AK43: 2000 | AL43: 2000 | AM43: 1000 | AN43: 10000 | AO43: 2000 | AP43: 5500 | AQ43: 8000 | AR43: 4000 | AS43: 3000 | AT43: 0 | AU43: 0 | AV43: 700 | AW43: 3500 | AX43: 2000 | AY43: 369.61071 | AZ43: 1121.9003 | BA43: 2499.7026 | BB43: 2499.7026 | BC43: 3587.0968 | BD43: 31500 | BE43: 9000
B44: Sub Total | D44: =SUM(D41:D43) -> 670482.23 | E44: =SUM(E41:E43) -> 3598.7187 | F44: =SUM(F41:F43) -> 3600 | G44: =SUM(G41:G43) -> 9900 | H44: =SUM(H41:H43) -> 2400 | I44: =SUM(I41:I43) -> 450 | J44: =SUM(J41:J43) -> 1811.2897 | K44: =SUM(K41:K43) -> 2019.8265 | ... AS44: =SUM(AS41:AS43) -> 9000 | AT44: =SUM(AT37:AT43) -> 0 | AU44: =SUM(AU37:AU43) -> 0 | AV44: =SUM(AV41:AV43) -> 2100 | AW44: =SUM(AW41:AW43) -> 10500 | AX44: =SUM(AX41:AX43) -> 6000 | AY44: =SUM(AY41:AY43) -> 1108.8321 | AZ44: =SUM(AZ41:AZ43) -> 3365.701 | BA44: =SUM(BA41:BA43) -> 7499.1077 | BB44: =SUM(BB41:BB43) -> 7499.1077 | BC44: =SUM(BC41:BC43) -> 10761.29 | ... BE44: =SUM(BE41:BE43) -> 27000
B49: Sub Total | D49: =SUM(D44,D39,D30,D21,D12) -> 6383464.5 | E49: =SUM(E44,E39,E30,E21,E12) -> 31990.604 | F49: =SUM(F44,F39,F30,F21,F12) -> 34400 | G49: =SUM(G44,G39,G30,G21,G12) -> 89798.065 | H49: =SUM(H44,H39,H30,H21,H12) -> 21600 | I49: =SUM(I44,I39,I30,I21,I12) -> 3900 | J49: =SUM(J44,J39,J30,J21,J12) -> 18112.897 | K49: =SUM(K44,K39,K30,K21,K12) -> 20198.265 | ... BE49: =SUM(BE44,BE39,BE30,BE21,BE12) -> 306000
B50: Total | D50: =SUM(D41:D43,D32:D38,D23:D29,D14:D20,D6:D11) -> 6383464.5 | E50: =SUM(E41:E43,E32:E38,E23:E29,E14:E20,E6:E11) -> 31990.604 | F50: =SUM(F41:F43,F32:F38,F23:F29,F14:F20,F6:F11) -> 34400 | G50: =SUM(G41:G43,G32:G38,G23:G29,G14:G20,G6:G11) -> 89798.065 | H50: =SUM(H41:H43,H32:H38,H23:H29,H14:H20,H6:H11) -> 21600 | I50: =SUM(I41:I43,I32:I38,I23:I29,I14:I20,I6:I11) -> 3900 | J50: =SUM(J41:J43,J32:J38,J23:J29,J14:J20,J6:J11) -> 18112.897 | K50: =SUM(K41:K43,K32:K38,K23:K29,K14:K20,K6:K11) -> 20198.265 | ... BE50: =SUM(BE41:BE43,BE32:BE38,BE23:BE29,BE14:BE20,BE6:BE11) -> 306000
B61: 5. Penyesuaian volume MS SETU, kuota Torabika IC di tambahkan ke Torabika Cikupa mulai April 2025
B62: 5. Penyesuaian volume MS SETU, kuota Torabika IC di tambahkan ke Torabika Cikupa mulai April 2025
B63: 5. Penyesuaian volume MS SETU, kuota Torabika IC di tambahkan ke Torabika Cikupa mulai April 2025
B64: 5. Penyesuaian volume MS SETU, kuota Torabika IC di tambahkan ke Torabika Cikupa mulai April 2025
B65: 5. Penyesuaian volume MS SETU, kuota Torabika IC di tambahkan ke Torabika Cikupa mulai April 2025
B66: 5. Penyesuaian volume MS SETU, kuota Torabika IC di tambahkan ke Torabika Cikupa mulai April 2025
B67: 5. Penyesuaian volume MS SETU, kuota Torabika IC di tambahkan ke Torabika Cikupa mulai April 2025
B68: 5. Penyesuaian volume MS SETU, kuota Torabika IC di tambahkan ke Torabika Cikupa mulai April 2025
B69: 5. Penyesuaian volume MS SETU, kuota Torabika IC di tambahkan ke Torabika Cikupa mulai April 2025
B70: 5. Penyesuaian volume MS SETU, kuota Torabika IC di tambahkan ke Torabika Cikupa mulai April 2025
B71: 5. Penyesuaian volume MS SETU, kuota Torabika IC di tambahkan ke Torabika Cikupa mulai April 2025
B72: 5. Penyesuaian volume MS SETU, kuota Torabika IC di tambahkan ke Torabika Cikupa mulai April 2025
... B79: 6. Pengurangan volume MS SETU PT Ceres, customer off mulai 22 April 2025

Sheet KEBUTUHAN GAS
A1: KEBUTUHAN GAS
A4: 46266 | F4: KEBUTUHAN GAS | J4: KUOTA GAS
A5: Week | B5: DATE | D5: SELISIH GAS JABAR | E5: SELISIH GAS TOTAL | F5: JABAR | G5: JATENG | H5: JATIM | I5: TOTAL | J5: MS SETU | K5: MS KHT | L5: MS BLORA | M5: MS BITUNG | N5: MS ZEBRA | O5: MS TAMBAKLOROK | P5: MS BaGS | Q5: MS SADANG | R5: TOTAL
A6: =WEEKNUM(B6) -> 36 | B6: =A4 -> 46266 | C6: =TEXT(B6,"ddd") -> Tue | D6: =(J6+K6)-F6 -> -39909.12 | E6: =R6-I6 -> -40678.136 | F6: =SUM('SO September 2026 Rev.6'!E6:AS6) -> 182416.12 | G6: =SUM('SO September 2026 Rev.6'!AV6:BB6) -> 11569.016 | H6: =SUM('SO September 2026 Rev.6'!BC6:BE6) -> 30587.097 | I6: =SUM(F6:H6) -> 224572.23 | J6: ='SO MS'!E6 -> 108187 | K6: ='SO MS'!F6 -> 34320 | L6: ='SO MS'!G6 -> 10800 | M6: ='SO MS'!H6 -> 0 | N6: ='SO MS'!I6 -> 3587.0968 | O6: ='SO MS'!J6 -> 0 | P6: ='SO MS'!K6 -> 27000 | Q6: ='SO MS'!L6 -> 0 | R6: =SUM(J6:Q6) -> 183894.1
B7: =B6+1 -> 46267 | C7: =TEXT(B7,"ddd") -> Wed | D7: =(J7+K7)-F7 -> -39669.12 | E7: =R7-I7 -> -41560.037 | F7: =SUM('SO September 2026 Rev.6'!E7:AS7) -> 182416.12 | G7: =SUM('SO September 2026 Rev.6'!AV7:BB7) -> 12690.916 | H7: =SUM('SO September 2026 Rev.6'!BC7:BE7) -> 30587.097 | I7: =SUM(F7:H7) -> 225694.13 | J7: ='SO MS'!E7 -> 108187 | K7: ='SO MS'!F7 -> 34560 | L7: ='SO MS'!G7 -> 10800 | M7: ='SO MS'!H7 -> 0 | N7: ='SO MS'!I7 -> 3587.0968 | O7: ='SO MS'!J7 -> 0 | P7: ='SO MS'!K7 -> 27000 | Q7: ='SO MS'!L7 -> 0 | R7: =SUM(J7:Q7) -> 184134.1
B8: =B7+1 -> 46268 | C8: =TEXT(B8,"ddd") -> Thu | D8: =(J8+K8)-F8 -> -38169.12 | E8: =R8-I8 -> -36560.037 | F8: =SUM('SO September 2026 Rev.6'!E8:AS8) -> 180916.12 | G8: =SUM('SO September 2026 Rev.6'!AV8:BB8) -> 9190.9162 | H8: =SUM('SO September 2026 Rev.6'!BC8:BE8) -> 12587.097 | I8: =SUM(F8:H8) -> 202694.13 | J8: ='SO MS'!E8 -> 108187 | K8: ='SO MS'!F8 -> 34560 | L8: ='SO MS'!G8 -> 10800 | M8: ='SO MS'!H8 -> 0 | N8: ='SO MS'!I8 -> 3587.0968 | O8: ='SO MS'!J8 -> 0 | P8: ='SO MS'!K8 -> 9000 | Q8: ='SO MS'!L8 -> 0 | R8: =SUM(J8:Q8) -> 166134.1
B9: =B8+1 -> 46269 | C9: =TEXT(B9,"ddd") -> Fri | D9: =(J9+K9)-F9 -> -34169.063 | E9: =R9-I9 -> -32559.979 | F9: =SUM('SO September 2026 Rev.6'!E9:AS9) -> 176916.06 | G9: =SUM('SO September 2026 Rev.6'!AV9:BB9) -> 9190.9162 | H9: =SUM('SO September 2026 Rev.6'!BC9:BE9) -> 12587.097 | I9: =SUM(F9:H9) -> 198694.08 | J9: ='SO MS'!E9 -> 108187 | K9: ='SO MS'!F9 -> 34560 | L9: ='SO MS'!G9 -> 10800 | M9: ='SO MS'!H9 -> 0 | N9: ='SO MS'!I9 -> 3587.0968 | O9: ='SO MS'!J9 -> 0 | P9: ='SO MS'!K9 -> 9000 | Q9: ='SO MS'!L9 -> 0 | R9: =SUM(J9:Q9) -> 166134.1
B10: =B9+1 -> 46270 | C10: =TEXT(B10,"ddd") -> Sat | D10: =(J10+K10)-F10 -> -25169.49 | E10: =R10-I10 -> -22438.506 | F10: =SUM('SO September 2026 Rev.6'!E10:AS10) -> 167916.49 | G10: =SUM('SO September 2026 Rev.6'!AV10:BB10) -> 8069.0159 | H10: =SUM('SO September 2026 Rev.6'!BC10:BE10) -> 12587.097 | I10: =SUM(F10:H10) -> 188572.6 | J10: ='SO MS'!E10 -> 108187 | K10: ='SO MS'!F10 -> 34560 | L10: ='SO MS'!G10 -> 10800 | M10: ='SO MS'!H10 -> 0 | N10: ='SO MS'!I10 -> 3587.0968 | O10: ='SO MS'!J10 -> 0 | P10: ='SO MS'!K10 -> 9000 | Q10: ='SO MS'!L10 -> 0 | R10: =SUM(J10:Q10) -> 166134.1
B11: =B10+1 -> 46271 | C11: =TEXT(B11,"ddd") -> Sun | D11: =(J11+K11)-F11 -> 8821.5871 | E11: =R11-I11 -> 11552.571 | F11: =SUM('SO September 2026 Rev.6'!E11:AS11) -> 133925.41 | G11: =SUM('SO September 2026 Rev.6'!AV11:BB11) -> 8069.0159 | H11: =SUM('SO September 2026 Rev.6'!BC11:BE11) -> 15587.097 | I11: =SUM(F11:H11) -> 157581.53 | J11: ='SO MS'!E11 -> 108187 | K11: ='SO MS'!F11 -> 34560 | L11: ='SO MS'!G11 -> 10800 | M11: ='SO MS'!H11 -> 0 | N11: ='SO MS'!I11 -> 6587.0968 | O11: ='SO MS'!J11 -> 0 | P11: ='SO MS'!K11 -> 9000 | Q11: ='SO MS'!L11 -> 0 | R11: =SUM(J11:Q11) -> 169134.1
B12: Sub Total | D12: =SUM(D6:D11) -> -168264.33 | E12: =SUM(E6:E11) -> -162244.12 | F12: =SUM(F6:F11) -> 1024506.3 | G12: =SUM(G6:G11) -> 58779.796 | H12: =SUM(H6:H11) -> 114522.58 | I12: =SUM(I6:I11) -> 1197808.7 | J12: =SUM(J6:J11) -> 649122 | K12: =SUM(K6:K11) -> 207120 | ... R12: =SUM(R6:R11) -> 1035564.6
A13: =WEEKNUM(B13) -> 37 | B13: =B11+1 -> 46272 | C13: =TEXT(B13,"ddd") -> Mon | D13: =(J13+K13)-F13 -> 0 | E13: =R13-I13 -> 0 | F13: =SUM('SO September 2026 Rev.6'!E13:AS13) -> 0 | G13: =SUM('SO September 2026 Rev.6'!AV13:BB13) -> 0 | H13: =SUM('SO September 2026 Rev.6'!BC13:BE13) -> 0 | I13: =SUM(F13:H13) -> 0 | J13: ='SO MS'!E13 -> 0 | K13: ='SO MS'!F13 -> 0 | L13: ='SO MS'!G13 -> 0 | M13: ='SO MS'!H13 -> 0 | N13: ='SO MS'!I13 -> 0 | O13: ='SO MS'!J13 -> 0 | P13: ='SO MS'!K13 -> 0 | Q13: ='SO MS'!L13 -> 0 | R13: =SUM(J13:Q13) -> 0
B14: =B13+1 -> 46273 | C14: =TEXT(B14,"ddd") -> Tue | D14: =(J14+K14)-F14 -> 11609.937 | E14: =R14-I14 -> 13219.021 | F14: =SUM('SO September 2026 Rev.6'!E14:AS14) -> 177216.06 | G14: =SUM('SO September 2026 Rev.6'!AV14:BB14) -> 9190.9162 | H14: =SUM('SO September 2026 Rev.6'!BC14:BE14) -> 15587.097 | I14: =SUM(F14:H14) -> 201994.08 | J14: ='SO MS'!E14 -> 142826 | K14: ='SO MS'!F14 -> 46000 | L14: ='SO MS'!G14 -> 10800 | M14: ='SO MS'!H14 -> 0 | N14: ='SO MS'!I14 -> 6587.0968 | O14: ='SO MS'!J14 -> 0 | P14: ='SO MS'!K14 -> 9000 | Q14: ='SO MS'!L14 -> 0 | R14: =SUM(J14:Q14) -> 215213.1
B15: =B14+1 -> 46274 | C15: =TEXT(B15,"ddd") -> Wed | D15: =(J15+K15)-F15 -> 11609.937 | E15: =R15-I15 -> 13219.021 | F15: =SUM('SO September 2026 Rev.6'!E15:AS15) -> 177216.06 | G15: =SUM('SO September 2026 Rev.6'!AV15:BB15) -> 9190.9162 | H15: =SUM('SO September 2026 Rev.6'!BC15:BE15) -> 15587.097 | I15: =SUM(F15:H15) -> 201994.08 | J15: ='SO MS'!E15 -> 142826 | K15: ='SO MS'!F15 -> 46000 | L15: ='SO MS'!G15 -> 10800 | M15: ='SO MS'!H15 -> 0 | N15: ='SO MS'!I15 -> 6587.0968 | O15: ='SO MS'!J15 -> 0 | P15: ='SO MS'!K15 -> 9000 | Q15: ='SO MS'!L15 -> 0 | R15: =SUM(J15:Q15) -> 215213.1
B16: =B15+1 -> 46275 | C16: =TEXT(B16,"ddd") -> Thu | D16: =(J16+K16)-F16 -> 11609.937 | E16: =R16-I16 -> 13219.021 | F16: =SUM('SO September 2026 Rev.6'!E16:AS16) -> 177216.06 | G16: =SUM('SO September 2026 Rev.6'!AV16:BB16) -> 9190.9162 | H16: =SUM('SO September 2026 Rev.6'!BC16:BE16) -> 15587.097 | I16: =SUM(F16:H16) -> 201994.08 | J16: ='SO MS'!E16 -> 142826 | K16: ='SO MS'!F16 -> 46000 | L16: ='SO MS'!G16 -> 10800 | M16: ='SO MS'!H16 -> 0 | N16: ='SO MS'!I16 -> 6587.0968 | O16: ='SO MS'!J16 -> 0 | P16: ='SO MS'!K16 -> 9000 | Q16: ='SO MS'!L16 -> 0 | R16: =SUM(J16:Q16) -> 215213.1
B17: =B16+1 -> 46276 | C17: =TEXT(B17,"ddd") -> Fri | D17: =(J17+K17)-F17 -> 11609.937 | E17: =R17-I17 -> 13219.021 | F17: =SUM('SO September 2026 Rev.6'!E17:AS17) -> 177216.06 | G17: =SUM('SO September 2026 Rev.6'!AV17:BB17) -> 9190.9162 | H17: =SUM('SO September 2026 Rev.6'!BC17:BE17) -> 30587.097 | I17: =SUM(F17:H17) -> 216994.08 | J17: ='SO MS'!E17 -> 142826 | K17: ='SO MS'!F17 -> 46000 | L17: ='SO MS'!G17 -> 10800 | M17: ='SO MS'!H17 -> 0 | N17: ='SO MS'!I17 -> 21587.097 | O17: ='SO MS'!J17 -> 0 | P17: ='SO MS'!K17 -> 9000 | Q17: ='SO MS'!L17 -> 0 | R17: =SUM(J17:Q17) -> 230213.1
B18: =B17+1 -> 46277 | C18: =TEXT(B18,"ddd") -> Sat | D18: =(J18+K18)-F18 -> 11609.937 | E18: =R18-I18 -> 13219.021 | F18: =SUM('SO September 2026 Rev.6'!E18:AS18) -> 177216.06 | G18: =SUM('SO September 2026 Rev.6'!AV18:BB18) -> 9190.9162 | H18: =SUM('SO September 2026 Rev.6'!BC18:BE18) -> 44087.097 | I18: =SUM(F18:H18) -> 230494.08 | J18: ='SO MS'!E18 -> 142826 | K18: ='SO MS'!F18 -> 46000 | L18: ='SO MS'!G18 -> 10800 | M18: ='SO MS'!H18 -> 0 | N18: ='SO MS'!I18 -> 35087.097 | O18: ='SO MS'!J18 -> 0 | P18: ='SO MS'!K18 -> 9000 | Q18: ='SO MS'!L18 -> 0 | R18: =SUM(J18:Q18) -> 243713.1
B19: =B18+1 -> 46278 | C19: =TEXT(B19,"ddd") -> Sun | D19: =(J19+K19)-F19 -> 20109.51 | E19: =R19-I19 -> 22840.494 | F19: =SUM('SO September 2026 Rev.6'!E19:AS19) -> 168716.49 | G19: =SUM('SO September 2026 Rev.6'!AV19:BB19) -> 8069.0159 | H19: =SUM('SO September 2026 Rev.6'!BC19:BE19) -> 44087.097 | I19: =SUM(F19:H19) -> 220872.6 | J19: ='SO MS'!E19 -> 142826 | K19: ='SO MS'!F19 -> 46000 | L19: ='SO MS'!G19 -> 10800 | M19: ='SO MS'!H19 -> 0 | N19: ='SO MS'!I19 -> 35087.097 | O19: ='SO MS'!J19 -> 0 | P19: ='SO MS'!K19 -> 9000 | Q19: ='SO MS'!L19 -> 0 | R19: =SUM(J19:Q19) -> 243713.1
B20: Sub Total | D20: =SUM(D13:D19) -> 78159.194 | E20: =SUM(E13:E19) -> 88935.597 | F20: =SUM(F13:F19) -> 1054796.8 | G20: =SUM(G13:G19) -> 54023.597 | H20: =SUM(H13:H19) -> 165522.58 | I20: =SUM(I13:I19) -> 1274343 | J20: =SUM(J13:J19) -> 856956 | K20: =SUM(K13:K19) -> 276000 | ... R20: =SUM(R13:R19) -> 1363278.6
A21: =WEEKNUM(B22) -> 38 | B21: =B19+1 -> 46279 | C21: =TEXT(B21,"ddd") -> Mon | D21: =(J21+K21)-F21 -> 134759.78 | E21: =R21-I21 -> 148267.17 | F21: =SUM('SO September 2026 Rev.6'!E21:AS21) -> 1187022.2 | G21: =SUM('SO September 2026 Rev.6'!AV21:BB21) -> 62092.613 | H21: =SUM('SO September 2026 Rev.6'!BC21:BE21) -> 209609.68 | I21: =SUM(F21:H21) -> 1458724.5 | J21: ='SO MS'!E21 -> 999782 | K21: ='SO MS'!F21 -> 322000 | L21: ='SO MS'!G21 -> 75600 | M21: ='SO MS'!H21 -> 0 | N21: ='SO MS'!I21 -> 146609.68 | O21: ='SO MS'!J21 -> 0 | P21: ='SO MS'!K21 -> 63000 | Q21: ='SO MS'!L21 -> 0 | R21: =SUM(J21:Q21) -> 1606991.7
B22: =B21+1 -> 46280 | C22: =TEXT(B22,"ddd") -> Tue | D22: =(J22+K22)-F22 -> 0 | E22: =R22-I22 -> 0 | F22: =SUM('SO September 2026 Rev.6'!E22:AS22) -> 0 | G22: =SUM('SO September 2026 Rev.6'!AV22:BB22) -> 0 | H22: =SUM('SO September 2026 Rev.6'!BC22:BE22) -> 0 | I22: =SUM(F22:H22) -> 0 | J22: ='SO MS'!E22 -> 0 | K22: ='SO MS'!F22 -> 0 | L22: ='SO MS'!G22 -> 0 | M22: ='SO MS'!H22 -> 0 | N22: ='SO MS'!I22 -> 0 | O22: ='SO MS'!J22 -> 0 | P22: ='SO MS'!K22 -> 0 | Q22: ='SO MS'!L22 -> 0 | R22: =SUM(J22:Q22) -> 0
B23: =B22+1 -> 46281 | C23: =TEXT(B23,"ddd") -> Wed | D23: =(J23+K23)-F23 -> 10609.937 | E23: =R23-I23 -> 12219.021 | F23: =SUM('SO September 2026 Rev.6'!E23:AS23) -> 178216.06 | G23: =SUM('SO September 2026 Rev.6'!AV23:BB23) -> 9190.9162 | H23: =SUM('SO September 2026 Rev.6'!BC23:BE23) -> 44087.097 | I23: =SUM(F23:H23) -> 231494.08 | J23: ='SO MS'!E23 -> 142826 | K23: ='SO MS'!F23 -> 46000 | L23: ='SO MS'!G23 -> 10800 | M23: ='SO MS'!H23 -> 0 | N23: ='SO MS'!I23 -> 35087.097 | O23: ='SO MS'!J23 -> 0 | P23: ='SO MS'!K23 -> 9000 | Q23: ='SO MS'!L23 -> 0 | R23: =SUM(J23:Q23) -> 243713.1
B24: =B23+1 -> 46282 | C24: =TEXT(B24,"ddd") -> Thu | D24: =(J24+K24)-F24 -> 10609.937 | E24: =R24-I24 -> 12219.021 | F24: =SUM('SO September 2026 Rev.6'!E24:AS24) -> 178216.06 | G24: =SUM('SO September 2026 Rev.6'!AV24:BB24) -> 9190.9162 | H24: =SUM('SO September 2026 Rev.6'!BC24:BE24) -> 44087.097 | I24: =SUM(F24:H24) -> 231494.08 | J24: ='SO MS'!E24 -> 142826 | K24: ='SO MS'!F24 -> 46000 | L24: ='SO MS'!G24 -> 10800 | M24: ='SO MS'!H24 -> 0 | N24: ='SO MS'!I24 -> 35087.097 | O24: ='SO MS'!J24 -> 0 | P24: ='SO MS'!K24 -> 9000 | Q24: ='SO MS'!L24 -> 0 | R24: =SUM(J24:Q24) -> 243713.1
B25: =B24+1 -> 46283 | C25: =TEXT(B25,"ddd") -> Fri | D25: =(J25+K25)-F25 -> 32009.937 | E25: =R25-I25 -> 33619.021 | F25: =SUM('SO September 2026 Rev.6'!E25:AS25) -> 156816.06 | G25: =SUM('SO September 2026 Rev.6'!AV25:BB25) -> 9190.9162 | H25: =SUM('SO September 2026 Rev.6'!BC25:BE25) -> 44087.097 | I25: =SUM(F25:H25) -> 210094.08 | J25: ='SO MS'!E25 -> 142826 | K25: ='SO MS'!F25 -> 46000 | L25: ='SO MS'!G25 -> 10800 | M25: ='SO MS'!H25 -> 0 | N25: ='SO MS'!I25 -> 35087.097 | O25: ='SO MS'!J25 -> 0 | P25: ='SO MS'!K25 -> 9000 | Q25: ='SO MS'!L25 -> 0 | R25: =SUM(J25:Q25) -> 243713.1
B26: =B25+1 -> 46284 | C26: =TEXT(B26,"ddd") -> Sat | D26: =(J26+K26)-F26 -> 32009.937 | E26: =R26-I26 -> 33619.021 | F26: =SUM('SO September 2026 Rev.6'!E26:AS26) -> 156816.06 | G26: =SUM('SO September 2026 Rev.6'!AV26:BB26) -> 9190.9162 | H26: =SUM('SO September 2026 Rev.6'!BC26:BE26) -> 44087.097 | I26: =SUM(F26:H26) -> 210094.08 | J26: ='SO MS'!E26 -> 142826 | K26: ='SO MS'!F26 -> 46000 | L26: ='SO MS'!G26 -> 10800 | M26: ='SO MS'!H26 -> 0 | N26: ='SO MS'!I26 -> 35087.097 | O26: ='SO MS'!J26 -> 0 | P26: ='SO MS'!K26 -> 9000 | Q26: ='SO MS'!L26 -> 0 | R26: =SUM(J26:Q26) -> 243713.1
B27: =B26+1 -> 46285 | C27: =TEXT(B27,"ddd") -> Sun | D27: =(J27+K27)-F27 -> 32009.937 | E27: =R27-I27 -> 33619.021 | F27: =SUM('SO September 2026 Rev.6'!E27:AS27) -> 156816.06 | G27: =SUM('SO September 2026 Rev.6'!AV27:BB27) -> 9190.9162 | H27: =SUM('SO September 2026 Rev.6'!BC27:BE27) -> 44087.097 | I27: =SUM(F27:H27) -> 210094.08 | J27: ='SO MS'!E27 -> 142826 | K27: ='SO MS'!F27 -> 46000 | L27: ='SO MS'!G27 -> 10800 | M27: ='SO MS'!H27 -> 0 | N27: ='SO MS'!I27 -> 35087.097 | O27: ='SO MS'!J27 -> 0 | P27: ='SO MS'!K27 -> 9000 | Q27: ='SO MS'!L27 -> 0 | R27: =SUM(J27:Q27) -> 243713.1
B28: Sub Total | D28: =SUM(D21:D27) -> 252009.46 | E28: =SUM(E21:E27) -> 273562.27 | F28: =SUM(F21:F27) -> 2013902.5 | G28: =SUM(G21:G27) -> 108047.19 | H28: =SUM(H21:H27) -> 430045.16 | I28: =SUM(I21:I27) -> 2551994.9 | J28: =SUM(J21:J27) -> 1713912 | K28: =SUM(K21:K27) -> 552000 | ... R28: =SUM(R21:R27) -> 2825557.2
A29: =WEEKNUM(B31) -> 39 | B29: =B27+1 -> 46286 | C29: =TEXT(B29,"ddd") -> Mon | D29: =(J29+K29)-F29 -> 40600.587 | E29: =R29-I29 -> 43331.571 | F29: =SUM('SO September 2026 Rev.6'!E29:AS29) -> 148225.41 | G29: =SUM('SO September 2026 Rev.6'!AV29:BB29) -> 8069.0159 | H29: =SUM('SO September 2026 Rev.6'!BC29:BE29) -> 44087.097 | I29: =SUM(F29:H29) -> 200381.53 | J29: ='SO MS'!E29 -> 142826 | K29: ='SO MS'!F29 -> 46000 | L29: ='SO MS'!G29 -> 10800 | M29: ='SO MS'!H29 -> 0 | N29: ='SO MS'!I29 -> 35087.097 | O29: ='SO MS'!J29 -> 0 | P29: ='SO MS'!K29 -> 9000 | Q29: ='SO MS'!L29 -> 0 | R29: =SUM(J29:Q29) -> 243713.1
B30: =B29+1 -> 46287 | C30: =TEXT(B30,"ddd") -> Tue | D30: =(J30+K30)-F30 -> 190859.78 | E30: =R30-I30 -> 204367.17 | F30: =SUM('SO September 2026 Rev.6'!E30:AS30) -> 1130922.2 | G30: =SUM('SO September 2026 Rev.6'!AV30:BB30) -> 62092.613 | H30: =SUM('SO September 2026 Rev.6'!BC30:BE30) -> 308609.68 | I30: =SUM(F30:H30) -> 1501624.5 | J30: ='SO MS'!E30 -> 999782 | K30: ='SO MS'!F30 -> 322000 | L30: ='SO MS'!G30 -> 75600 | M30: ='SO MS'!H30 -> 0 | N30: ='SO MS'!I30 -> 245609.68 | O30: ='SO MS'!J30 -> 0 | P30: ='SO MS'!K30 -> 63000 | Q30: ='SO MS'!L30 -> 0 | R30: =SUM(J30:Q30) -> 1705991.7
B31: =B30+1 -> 46288 | C31: =TEXT(B31,"ddd") -> Wed | D31: =(J31+K31)-F31 -> 0 | E31: =R31-I31 -> 0 | F31: =SUM('SO September 2026 Rev.6'!E31:AS31) -> 0 | G31: =SUM('SO September 2026 Rev.6'!AV31:BB31) -> 0 | H31: =SUM('SO September 2026 Rev.6'!BC31:BE31) -> 0 | I31: =SUM(F31:H31) -> 0 | J31: ='SO MS'!E31 -> 0 | K31: ='SO MS'!F31 -> 0 | L31: ='SO MS'!G31 -> 0 | M31: ='SO MS'!H31 -> 0 | N31: ='SO MS'!I31 -> 0 | O31: ='SO MS'!J31 -> 0 | P31: ='SO MS'!K31 -> 0 | Q31: ='SO MS'!L31 -> 0 | R31: =SUM(J31:Q31) -> 0
B32: =B31+1 -> 46289 | C32: =TEXT(B32,"ddd") -> Thu | D32: =(J32+K32)-F32 -> 22009.937 | E32: =R32-I32 -> 20119.021 | F32: =SUM('SO September 2026 Rev.6'!E32:AS32) -> 166816.06 | G32: =SUM('SO September 2026 Rev.6'!AV32:BB32) -> 12690.916 | H32: =SUM('SO September 2026 Rev.6'!BC32:BE32) -> 44087.097 | I32: =SUM(F32:H32) -> 223594.08 | J32: ='SO MS'!E32 -> 142826 | K32: ='SO MS'!F32 -> 46000 | L32: ='SO MS'!G32 -> 10800 | M32: ='SO MS'!H32 -> 0 | N32: ='SO MS'!I32 -> 35087.097 | O32: ='SO MS'!J32 -> 0 | P32: ='SO MS'!K32 -> 9000 | Q32: ='SO MS'!L32 -> 0 | R32: =SUM(J32:Q32) -> 243713.1
B33: =B32+1 -> 46290 | C33: =TEXT(B33,"ddd") -> Fri | D33: =(J33+K33)-F33 -> 22809.937 | E33: =R33-I33 -> 20919.021 | F33: =SUM('SO September 2026 Rev.6'!E33:AS33) -> 166016.06 | G33: =SUM('SO September 2026 Rev.6'!AV33:BB33) -> 12690.916 | H33: =SUM('SO September 2026 Rev.6'!BC33:BE33) -> 44087.097 | I33: =SUM(F33:H33) -> 222794.08 | J33: ='SO MS'!E33 -> 142826 | K33: ='SO MS'!F33 -> 46000 | L33: ='SO MS'!G33 -> 10800 | M33: ='SO MS'!H33 -> 0 | N33: ='SO MS'!I33 -> 35087.097 | O33: ='SO MS'!J33 -> 0 | P33: ='SO MS'!K33 -> 9000 | Q33: ='SO MS'!L33 -> 0 | R33: =SUM(J33:Q33) -> 243713.1
B34: =B33+1 -> 46291 | C34: =TEXT(B34,"ddd") -> Sat | D34: =(J34+K34)-F34 -> 20809.937 | E34: =R34-I34 -> 18919.021 | F34: =SUM('SO September 2026 Rev.6'!E34:AS34) -> 168016.06 | G34: =SUM('SO September 2026 Rev.6'!AV34:BB34) -> 12690.916 | H34: =SUM('SO September 2026 Rev.6'!BC34:BE34) -> 44087.097 | I34: =SUM(F34:H34) -> 224794.08 | J34: ='SO MS'!E34 -> 142826 | K34: ='SO MS'!F34 -> 46000 | L34: ='SO MS'!G34 -> 10800 | M34: ='SO MS'!H34 -> 0 | N34: ='SO MS'!I34 -> 35087.097 | O34: ='SO MS'!J34 -> 0 | P34: ='SO MS'!K34 -> 9000 | Q34: ='SO MS'!L34 -> 0 | R34: =SUM(J34:Q34) -> 243713.1
B35: =B34+1 -> 46292 | C35: =TEXT(B35,"ddd") -> Sun | D35: =(J35+K35)-F35 -> 22109.937 | E35: =R35-I35 -> 20219.021 | F35: =SUM('SO September 2026 Rev.6'!E35:AS35) -> 166716.06 | G35: =SUM('SO September 2026 Rev.6'!AV35:BB35) -> 12690.916 | H35: =SUM('SO September 2026 Rev.6'!BC35:BE35) -> 44087.097 | I35: =SUM(F35:H35) -> 223494.08 | J35: ='SO MS'!E35 -> 142826 | K35: ='SO MS'!F35 -> 46000 | L35: ='SO MS'!G35 -> 10800 | M35: ='SO MS'!H35 -> 0 | N35: ='SO MS'!I35 -> 35087.097 | O35: ='SO MS'!J35 -> 0 | P35: ='SO MS'!K35 -> 9000 | Q35: ='SO MS'!L35 -> 0 | R35: =SUM(J35:Q35) -> 243713.1
B36: Sub Total | D36: =SUM(D29:D35) -> 319200.11 | E36: =SUM(E29:E35) -> 327874.82 | F36: =SUM(F29:F35) -> 1946711.9 | G36: =SUM(G29:G35) -> 120925.29 | H36: =SUM(H29:H35) -> 529045.16 | I36: =SUM(I29:I35) -> 2596682.3 | J36: =SUM(J29:J35) -> 1713912 | K36: =SUM(K29:K35) -> 552000 | ... R36: =SUM(R29:R35) -> 2924557.2
A37: =WEEKNUM(B39) -> 40 | B37: =B35+1 -> 46293 | C37: =TEXT(B37,"ddd") -> Mon | D37: =(J37+K37)-F37 -> 18609.51 | E37: =R37-I37 -> 17840.494 | F37: =SUM('SO September 2026 Rev.6'!E37:AS37) -> 170216.49 | G37: =SUM('SO September 2026 Rev.6'!AV37:BB37) -> 11569.016 | H37: =SUM('SO September 2026 Rev.6'!BC37:BE37) -> 44087.097 | I37: =SUM(F37:H37) -> 225872.6 | J37: ='SO MS'!E37 -> 142826 | K37: ='SO MS'!F37 -> 46000 | L37: ='SO MS'!G37 -> 10800 | M37: ='SO MS'!H37 -> 0 | N37: ='SO MS'!I37 -> 35087.097 | O37: ='SO MS'!J37 -> 0 | P37: ='SO MS'!K37 -> 9000 | Q37: ='SO MS'!L37 -> 0 | R37: =SUM(J37:Q37) -> 243713.1
B38: =B37+1 -> 46294 | C38: =TEXT(B38,"ddd") -> Tue | D38: =(J38+K38)-F38 -> 33700.587 | E38: =R38-I38 -> 32931.571 | F38: =SUM('SO September 2026 Rev.6'!E38:AS38) -> 155125.41 | G38: =SUM('SO September 2026 Rev.6'!AV38:BB38) -> 11569.016 | H38: =SUM('SO September 2026 Rev.6'!BC38:BE38) -> 44087.097 | I38: =SUM(F38:H38) -> 210781.53 | J38: ='SO MS'!E38 -> 142826 | K38: ='SO MS'!F38 -> 46000 | L38: ='SO MS'!G38 -> 10800 | M38: ='SO MS'!H38 -> 0 | N38: ='SO MS'!I38 -> 35087.097 | O38: ='SO MS'!J38 -> 0 | P38: ='SO MS'!K38 -> 9000 | Q38: ='SO MS'!L38 -> 0 | R38: =SUM(J38:Q38) -> 243713.1
B39: =B38+1 -> 46295 | C39: =TEXT(B39,"ddd") -> Wed | D39: =(J39+K39)-F39 -> 162159.78 | E39: =R39-I39 -> 151167.17 | F39: =SUM('SO September 2026 Rev.6'!E39:AS39) -> 1159622.2 | G39: =SUM('SO September 2026 Rev.6'!AV39:BB39) -> 86592.613 | H39: =SUM('SO September 2026 Rev.6'!BC39:BE39) -> 308609.68 | I39: =SUM(F39:H39) -> 1554824.5 | J39: ='SO MS'!E39 -> 999782 | K39: ='SO MS'!F39 -> 322000 | L39: ='SO MS'!G39 -> 75600 | M39: ='SO MS'!H39 -> 0 | N39: ='SO MS'!I39 -> 245609.68 | O39: ='SO MS'!J39 -> 0 | P39: ='SO MS'!K39 -> 63000 | Q39: ='SO MS'!L39 -> 0 | R39: =SUM(J39:Q39) -> 1705991.7
B40: Sub Total | D40: =SUM(D37:D39) -> 214469.88 | E40: =SUM(E37:E39) -> 201939.23 | F40: =SUM(F37:F39) -> 1484964.1 | G40: =SUM(G37:G39) -> 109730.64 | H40: =SUM(H37:H39) -> 396783.87 | I40: =SUM(I37:I39) -> 1991478.6 | J40: =SUM(J37:J39) -> 1285434 | K40: =SUM(K37:K39) -> 414000 | ... R40: =SUM(R37:R39) -> 2193417.9
B42: Sub Total | D42: =D12+D20+D28+D36+D40 -> 695574.32 | E42: =E12+E20+E28+E36+E40 -> 730067.8 | F42: =F12+F20+F28+F36+F40 -> 7524881.7 | G42: =G12+G20+G28+G36+G40 -> 451506.52 | H42: =H12+H20+H28+H36+H40 -> 1635919.4 | I42: =I12+I20+I28+I36+I40 -> 9612307.6 | J42: =J12+J20+J28+J36+J40 -> 6219336 | K42: =K12+K20+K28+K36+K40 -> 2001120 | ... R42: =R12+R20+R28+R36+R40 -> 10342375
B43: Total | D43: =SUM(D6:D11,D13:D19,D21:D27,D29:D35,D37:D39) -> 695574.32 | E43: =SUM(E6:E11,E13:E19,E21:E27,E29:E35,E37:E39) -> 730067.8 | F43: =SUM(F6:F11,F13:F19,F21:F27,F29:F35,F37:F39) -> 7524881.7 | G43: =SUM(G6:G11,G13:G19,G21:G27,G29:G35,G37:G39) -> 451506.52 | H43: =SUM(H6:H11,H13:H19,H21:H27,H29:H35,H37:H39) -> 1635919.4 | I43: =SUM(I6:I11,I13:I19,I21:I27,I29:I35,I37:I39) -> 9612307.6 | J43: =SUM(J6:J11,J13:J19,J21:J27,J29:J35,J37:J39) -> 6219336 | K43: =SUM(K6:K11,K13:K19,K21:K27,K29:K35,K37:K39) -> 2001120 | ... R43: =SUM(R6:R11,R13:R19,R21:R27,R29:R35,R37:R39) -> 10342375

Sheet SO MS
A1: SALES ORDER GAS
A4: 46266
A5: Week | B5: DATE | D5: TOTAL | E5: MS SETU | F5: MS KHT | G5: MS BLORA | H5: MS BITUNG | I5: MS ZEBRA | J5: MS TAMBAKLOROK | K5: MS BaGS | L5: MS SADANG
A6: =WEEKNUM(B6) -> 36 | B6: =A4 -> 46266 | C6: =TEXT(B6,"ddd") -> Tue | D6: =SUM(E6:O6) -> 183894.1 | E6: 108187 | F6: =1.43*24000 -> 34320 | G6: =0.45*24000 -> 10800 | H6: 0 | I6: ='SO September 2026 Rev.6'!BC6+'SO September 2026 Rev.6'!BD6 -> 3587.0968 | J6: 0 | K6: ='SO September 2026 Rev.6'!BE6 -> 27000 | L6: ='Summary sales'!L8 -> 0
B7: =B6+1 -> 46267 | C7: =TEXT(B7,"ddd") -> Wed | D7: =SUM(E7:O7) -> 184134.1 | E7: 108187 | F7: =1.44*24000 -> 34560 | G7: =0.45*24000 -> 10800 | H7: 0 | I7: ='SO September 2026 Rev.6'!BC7+'SO September 2026 Rev.6'!BD7 -> 3587.0968 | J7: 0 | K7: ='SO September 2026 Rev.6'!BE7 -> 27000 | L7: ='Summary sales'!L9 -> 0
B8: =B7+1 -> 46268 | C8: =TEXT(B8,"ddd") -> Thu | D8: =SUM(E8:O8) -> 166134.1 | E8: 108187 | F8: =1.44*24000 -> 34560 | G8: =0.45*24000 -> 10800 | H8: 0 | I8: ='SO September 2026 Rev.6'!BC8+'SO September 2026 Rev.6'!BD8 -> 3587.0968 | J8: 0 | K8: ='SO September 2026 Rev.6'!BE8 -> 9000 | L8: ='Summary sales'!L10 -> 0
B9: =B8+1 -> 46269 | C9: =TEXT(B9,"ddd") -> Fri | D9: =SUM(E9:O9) -> 166134.1 | E9: 108187 | F9: =1.44*24000 -> 34560 | G9: =0.45*24000 -> 10800 | H9: 0 | I9: ='SO September 2026 Rev.6'!BC9+'SO September 2026 Rev.6'!BD9 -> 3587.0968 | J9: 0 | K9: ='SO September 2026 Rev.6'!BE9 -> 9000 | L9: ='Summary sales'!L11 -> 0
B10: =B9+1 -> 46270 | C10: =TEXT(B10,"ddd") -> Sat | D10: =SUM(E10:O10) -> 166134.1 | E10: 108187 | F10: =1.44*24000 -> 34560 | G10: =0.45*24000 -> 10800 | H10: 0 | I10: ='SO September 2026 Rev.6'!BC10+'SO September 2026 Rev.6'!BD10 -> 3587.0968 | J10: 0 | K10: ='SO September 2026 Rev.6'!BE10 -> 9000 | L10: ='Summary sales'!L12 -> 0
B11: =B10+1 -> 46271 | C11: =TEXT(B11,"ddd") -> Sun | D11: =SUM(E11:O11) -> 169134.1 | E11: 108187 | F11: =1.44*24000 -> 34560 | G11: =0.45*24000 -> 10800 | H11: 0 | I11: ='SO September 2026 Rev.6'!BC11+'SO September 2026 Rev.6'!BD11 -> 6587.0968 | J11: 0 | K11: ='SO September 2026 Rev.6'!BE11 -> 9000 | L11: ='Summary sales'!L13 -> 0
B12: Sub Total | D12: =SUM(D6:D11) -> 1035564.6 | E12: =SUM(E6:E11) -> 649122 | F12: =SUM(F6:F11) -> 207120 | G12: =SUM(G6:G11) -> 64800 | H12: =SUM(H6:H11) -> 0 | I12: =SUM(I6:I11) -> 24522.581 | J12: =SUM(J6:J11) -> 0 | K12: =SUM(K6:K11) -> 90000 | L12: =SUM(L6:L11) -> 0
A14: =WEEKNUM(B16) -> 37 | B14: =B11+1 -> 46272 | C14: =TEXT(B14,"ddd") -> Mon | D14: =SUM(E14:O14) -> 215213.1 | E14: 142826 | F14: 46000 | G14: =0.45*24000 -> 10800 | H14: 0 | I14: ='SO September 2026 Rev.6'!BC14+'SO September 2026 Rev.6'!BD14 -> 6587.0968 | J14: 0 | K14: ='SO September 2026 Rev.6'!BE14 -> 9000 | L14: ='Summary sales'!L16 -> 0
B15: =B14+1 -> 46273 | C15: =TEXT(B15,"ddd") -> Tue | D15: =SUM(E15:O15) -> 215213.1 | E15: 142826 | F15: 46000 | G15: =0.45*24000 -> 10800 | H15: 0 | I15: ='SO September 2026 Rev.6'!BC15+'SO September 2026 Rev.6'!BD15 -> 6587.0968 | J15: 0 | K15: ='SO September 2026 Rev.6'!BE15 -> 9000 | L15: ='Summary sales'!L17 -> 0
B16: =B15+1 -> 46274 | C16: =TEXT(B16,"ddd") -> Wed | D16: =SUM(E16:O16) -> 215213.1 | E16: 142826 | F16: 46000 | G16: =0.45*24000 -> 10800 | H16: 0 | I16: ='SO September 2026 Rev.6'!BC16+'SO September 2026 Rev.6'!BD16 -> 6587.0968 | J16: 0 | K16: ='SO September 2026 Rev.6'!BE16 -> 9000 | L16: ='Summary sales'!L18 -> 0
B17: =B16+1 -> 46275 | C17: =TEXT(B17,"ddd") -> Thu | D17: =SUM(E17:O17) -> 230213.1 | E17: 142826 | F17: 46000 | G17: =0.45*24000 -> 10800 | H17: 0 | I17: ='SO September 2026 Rev.6'!BC17+'SO September 2026 Rev.6'!BD17 -> 21587.097 | J17: 0 | K17: ='SO September 2026 Rev.6'!BE17 -> 9000 | L17: ='Summary sales'!L19 -> 0
B18: =B17+1 -> 46276 | C18: =TEXT(B18,"ddd") -> Fri | D18: =SUM(E18:O18) -> 243713.1 | E18: 142826 | F18: 46000 | G18: =0.45*24000 -> 10800 | H18: 0 | I18: ='SO September 2026 Rev.6'!BC18+'SO September 2026 Rev.6'!BD18 -> 35087.097 | J18: 0 | K18: ='SO September 2026 Rev.6'!BE18 -> 9000 | L18: ='Summary sales'!L20 -> 0
B19: =B18+1 -> 46277 | C19: =TEXT(B19,"ddd") -> Sat | D19: =SUM(E19:O19) -> 243713.1 | E19: 142826 | F19: 46000 | G19: =0.45*24000 -> 10800 | H19: 0 | I19: ='SO September 2026 Rev.6'!BC19+'SO September 2026 Rev.6'!BD19 -> 35087.097 | J19: 0 | K19: ='SO September 2026 Rev.6'!BE19 -> 9000 | L19: ='Summary sales'!L21 -> 0
B20: =B19+1 -> 46278 | C20: =TEXT(B20,"ddd") -> Sun | D20: =SUM(E20:O20) -> 243713.1 | E20: 142826 | F20: 46000 | G20: =0.45*24000 -> 10800 | H20: 0 | I20: ='SO September 2026 Rev.6'!BC20+'SO September 2026 Rev.6'!BD20 -> 35087.097 | J20: 0 | K20: ='SO September 2026 Rev.6'!BE20 -> 9000 | L20: ='Summary sales'!L22 -> 0
B21: Sub Total | D21: =SUM(D14:D20) -> 1606991.7 | E21: =SUM(E14:E20) -> 999782 | F21: =SUM(F14:F20) -> 322000 | G21: =SUM(G14:G20) -> 75600 | H21: =SUM(H14:H20) -> 0 | I21: =SUM(I14:I20) -> 146609.68 | J21: =SUM(J14:J20) -> 0 | K21: =SUM(K14:K20) -> 63000 | L21: =SUM(L14:L20) -> 0
B23: =B20+1 -> 46279 | C23: =TEXT(B23,"ddd") -> Mon | D23: =SUM(E23:O23) -> 243713.1 | E23: 142826 | F23: 46000 | G23: =0.45*24000 -> 10800 | H23: 0 | I23: ='SO September 2026 Rev.6'!BC23+'SO September 2026 Rev.6'!BD23 -> 35087.097 | J23: 0 | K23: ='SO September 2026 Rev.6'!BE23 -> 9000 | L23: ='Summary sales'!L25 -> 0
B24: =B23+1 -> 46280 | C24: =TEXT(B24,"ddd") -> Tue | D24: =SUM(E24:O24) -> 243713.1 | E24: 142826 | F24: 46000 | G24: =0.45*24000 -> 10800 | H24: 0 | I24: ='SO September 2026 Rev.6'!BC24+'SO September 2026 Rev.6'!BD24 -> 35087.097 | J24: 0 | K24: ='SO September 2026 Rev.6'!BE24 -> 9000 | L24: ='Summary sales'!L26 -> 0
B25: =B24+1 -> 46281 | C25: =TEXT(B25,"ddd") -> Wed | D25: =SUM(E25:O25) -> 243713.1 | E25: 142826 | F25: 46000 | G25: =0.45*24000 -> 10800 | H25: 0 | I25: ='SO September 2026 Rev.6'!BC25+'SO September 2026 Rev.6'!BD25 -> 35087.097 | J25: 0 | K25: ='SO September 2026 Rev.6'!BE25 -> 9000 | L25: ='Summary sales'!L27 -> 0
B26: =B25+1 -> 46282 | C26: =TEXT(B26,"ddd") -> Thu | D26: =SUM(E26:O26) -> 243713.1 | E26: 142826 | F26: 46000 | G26: =0.45*24000 -> 10800 | H26: 0 | I26: ='SO September 2026 Rev.6'!BC26+'SO September 2026 Rev.6'!BD26 -> 35087.097 | J26: 0 | K26: ='SO September 2026 Rev.6'!BE26 -> 9000 | L26: ='Summary sales'!L28 -> 0
B27: =B26+1 -> 46283 | C27: =TEXT(B27,"ddd") -> Fri | D27: =SUM(E27:O27) -> 243713.1 | E27: 142826 | F27: 46000 | G27: =0.45*24000 -> 10800 | H27: 0 | I27: ='SO September 2026 Rev.6'!BC27+'SO September 2026 Rev.6'!BD27 -> 35087.097 | J27: 0 | K27: ='SO September 2026 Rev.6'!BE27 -> 9000 | L27: ='Summary sales'!L29 -> 0
B28: =B27+1 -> 46284 | C28: =TEXT(B28,"ddd") -> Sat | D28: =SUM(E28:O28) -> 243713.1 | E28: 142826 | F28: 46000 | G28: =0.45*24000 -> 10800 | H28: 0 | I28: ='SO September 2026 Rev.6'!BC28+'SO September 2026 Rev.6'!BD28 -> 35087.097 | J28: 0 | K28: ='SO September 2026 Rev.6'!BE28 -> 9000 | L28: ='Summary sales'!L30 -> 0
B29: =B28+1 -> 46285 | C29: =TEXT(B29,"ddd") -> Sun | D29: =SUM(E29:O29) -> 243713.1 | E29: 142826 | F29: 46000 | G29: =0.45*24000 -> 10800 | H29: 0 | I29: ='SO September 2026 Rev.6'!BC29+'SO September 2026 Rev.6'!BD29 -> 35087.097 | J29: 0 | K29: ='SO September 2026 Rev.6'!BE29 -> 9000 | L29: ='Summary sales'!L31 -> 0
B30: Sub Total | D30: =SUM(D23:D29) -> 1705991.7 | E30: =SUM(E23:E29) -> 999782 | F30: =SUM(F23:F29) -> 322000 | G30: =SUM(G23:G29) -> 75600 | H30: =SUM(H23:H29) -> 0 | I30: =SUM(I23:I29) -> 245609.68 | J30: =SUM(J23:J29) -> 0 | K30: =SUM(K23:K29) -> 63000 | L30: =SUM(L23:L29) -> 0
B32: =B29+1 -> 46286 | C32: =TEXT(B32,"ddd") -> Mon | D32: =SUM(E32:O32) -> 243713.1 | E32: 142826 | F32: 46000 | G32: =0.45*24000 -> 10800 | H32: 0 | I32: ='SO September 2026 Rev.6'!BC32+'SO September 2026 Rev.6'!BD32 -> 35087.097 | J32: 0 | K32: ='SO September 2026 Rev.6'!BE32 -> 9000 | L32: ='Summary sales'!L34 -> 0
B33: =B32+1 -> 46287 | C33: =TEXT(B33,"ddd") -> Tue | D33: =SUM(E33:O33) -> 243713.1 | E33: 142826 | F33: 46000 | G33: =0.45*24000 -> 10800 | H33: 0 | I33: ='SO September 2026 Rev.6'!BC33+'SO September 2026 Rev.6'!BD33 -> 35087.097 | J33: 0 | K33: ='SO September 2026 Rev.6'!BE33 -> 9000 | L33: ='Summary sales'!L35 -> 0
B34: =B33+1 -> 46288 | C34: =TEXT(B34,"ddd") -> Wed | D34: =SUM(E34:O34) -> 243713.1 | E34: 142826 | F34: 46000 | G34: =0.45*24000 -> 10800 | H34: 0 | I34: ='SO September 2026 Rev.6'!BC34+'SO September 2026 Rev.6'!BD34 -> 35087.097 | J34: 0 | K34: ='SO September 2026 Rev.6'!BE34 -> 9000 | L34: ='Summary sales'!L36 -> 0
B35: =B34+1 -> 46289 | C35: =TEXT(B35,"ddd") -> Thu | D35: =SUM(E35:O35) -> 243713.1 | E35: 142826 | F35: 46000 | G35: =0.45*24000 -> 10800 | H35: 0 | I35: ='SO September 2026 Rev.6'!BC35+'SO September 2026 Rev.6'!BD35 -> 35087.097 | J35: 0 | K35: ='SO September 2026 Rev.6'!BE35 -> 9000 | L35: ='Summary sales'!L37 -> 0
B36: =B35+1 -> 46290 | C36: =TEXT(B36,"ddd") -> Fri | D36: =SUM(E36:O36) -> 243713.1 | E36: 142826 | F36: 46000 | G36: =0.45*24000 -> 10800 | H36: 0 | I36: ='SO September 2026 Rev.6'!BC36+'SO September 2026 Rev.6'!BD36 -> 35087.097 | J36: 0 | K36: ='SO September 2026 Rev.6'!BE36 -> 9000 | L36: ='Summary sales'!L38 -> 0
B37: =B36+1 -> 46291 | C37: =TEXT(B37,"ddd") -> Sat | D37: =SUM(E37:O37) -> 243713.1 | E37: 142826 | F37: 46000 | G37: =0.45*24000 -> 10800 | H37: 0 | I37: ='SO September 2026 Rev.6'!BC37+'SO September 2026 Rev.6'!BD37 -> 35087.097 | J37: 0 | K37: ='SO September 2026 Rev.6'!BE37 -> 9000 | L37: ='Summary sales'!L39 -> 0
B38: =B37+1 -> 46292 | C38: =TEXT(B38,"ddd") -> Sun | D38: =SUM(E38:O38) -> 243713.1 | E38: 142826 | F38: 46000 | G38: =0.45*24000 -> 10800 | H38: 0 | I38: ='SO September 2026 Rev.6'!BC38+'SO September 2026 Rev.6'!BD38 -> 35087.097 | J38: 0 | K38: ='SO September 2026 Rev.6'!BE38 -> 9000 | L38: ='Summary sales'!L40 -> 0
B39: Sub Total | D39: =SUM(D32:D38) -> 1705991.7 | E39: =SUM(E32:E38) -> 999782 | F39: =SUM(F32:F38) -> 322000 | G39: =SUM(G32:G38) -> 75600 | H39: =SUM(H32:H38) -> 0 | I39: =SUM(I32:I38) -> 245609.68 | J39: =SUM(J32:J38) -> 0 | K39: =SUM(K32:K38) -> 63000 | L39: =SUM(L32:L38) -> 0
B41: =B38+1 -> 46293 | C41: =TEXT(B41,"ddd") -> Mon | D41: =SUM(E41:O41) -> 243713.1 | E41: 142826 | F41: 46000 | G41: =0.45*24000 -> 10800 | H41: 0 | I41: ='SO September 2026 Rev.6'!BC41+'SO September 2026 Rev.6'!BD41 -> 35087.097 | J41: 0 | K41: ='SO September 2026 Rev.6'!BE41 -> 9000 | L41: ='Summary sales'!L43 -> 0
B42: =B41+1 -> 46294 | C42: =TEXT(B42,"ddd") -> Tue | D42: =SUM(E42:O42) -> 243713.1 | E42: 142826 | F42: 46000 | G42: =0.45*24000 -> 10800 | H42: 0 | I42: ='SO September 2026 Rev.6'!BC42+'SO September 2026 Rev.6'!BD42 -> 35087.097 | J42: 0 | K42: ='SO September 2026 Rev.6'!BE42 -> 9000 | L42: ='Summary sales'!L44 -> 0
B43: =B42+1 -> 46295 | C43: =TEXT(B43,"ddd") -> Wed | D43: =SUM(E43:O43) -> 243713.1 | E43: 142826 | F43: 46000 | G43: =0.45*24000 -> 10800 | H43: 0 | I43: ='SO September 2026 Rev.6'!BC43+'SO September 2026 Rev.6'!BD43 -> 35087.097 | J43: 0 | K43: ='SO September 2026 Rev.6'!BE43 -> 9000 | L43: ='Summary sales'!L45 -> 0
B44: Sub Total | D44: =SUM(D41:D43) -> 731139.29 | E44: =SUM(E41:E43) -> 428478 | F44: =SUM(F41:F43) -> 138000 | G44: =SUM(G41:G43) -> 32400 | H44: =SUM(H41:H43) -> 0 | I44: =SUM(I41:I43) -> 105261.29 | J44: =SUM(J41:J43) -> 0 | K44: =SUM(K41:K43) -> 27000 | L44: =SUM(L41:L43) -> 0
B46: Sub Total | D46: =D12+D21+D30+D39+D44 -> 6785678.9 | E46: =E12+E21+E30+E39+E44 -> 4076946 | F46: =F12+F21+F30+F39+F44 -> 1311120 | G46: =G12+G21+G30+G39+G44 -> 324000 | H46: =H12+H21+H30+H39+H44 -> 0 | I46: =I12+I21+I30+I39+I44 -> 767612.9 | J46: =J12+J21+J30+J39+J44 -> 0 | K46: =K12+K21+K30+K39+K44 -> 306000 | L46: =L12+L21+L30+L39+L44 -> 0
B47: Total | D47: =SUM(D6:D11,D14:D20,D23:D29,D32:D38,D41:D43) -> 6785678.9 | E47: =SUM(E6:E11,E14:E20,E23:E29,E32:E38,E41:E43) -> 4076946 | F47: =SUM(F6:F11,F14:F20,F23:F29,F32:F38,F41:F43) -> 1311120 | G47: =SUM(G6:G11,G14:G20,G23:G29,G32:G38,G41:G43) -> 324000 | H47: =SUM(H6:H11,H14:H20,H23:H29,H32:H38,H41:H43) -> 0 | I47: =SUM(I6:I11,I14:I20,I23:I29,I32:I38,I41:I43) -> 767612.9 | J47: =SUM(J6:J11,J14:J20,J23:J29,J32:J38,J41:J43) -> 0 | K47: =SUM(K6:K11,K14:K20,K23:K29,K32:K38,K41:K43) -> 306000 | L47: =SUM(L6:L11,L14:L20,L23:L29,L32:L38,L41:L43) -> 0

Sheet Daily Sales
A1: Daily Sales
A2: 46266 | H2: =H19/24 -> 29.166667 | L2: =L19/24 -> 41.666667 | P2: =P19/24 -> 41.646505 | T2: =T19/24 -> 20.833333 | X2: =X19/24 -> 0 | AB2: =AB19/24 -> 25.156801 | AF2: =AF19/24 -> 28.053145 | AJ2: =AJ19/24 -> 0 | AN2: =AN19/24 -> 83.333333 | AR2: =AR19/24 -> 12.5 | AV2: =AV19/24 -> 54.166667 | AZ2: =AZ19/24 -> 650 | BD2: =BD19/24 -> 208.33333 | BH2: =BH19/24 -> 0 | BL2: =BL19/24 -> 104.16667 | BP2: =BP19/24 -> 0 | BX2: =BX19/24 -> 41.666667 | CB2: =CB19/24 -> 54.166667 | CF2: =CF19/12 -> 0 | CJ2: =CJ19/24 -> 250 | CN2: =CN31/24 -> 166.66667 | CR2: =CR31/24 -> 83.333333 | CV2: =CV19/24 -> 277.48144 | CZ2: =CZ19/24 -> 20.833333 | DD2: =DD19/24 -> 0 | DH2: =DH19/24 -> 124.99383 | DL2: =DL19/17 -> 0 | DP2: =DP19/24 -> 83.333333 | DT2: =DT19/24 -> 0 | DX2: =DX19/24 -> 416.66667 | EB2: =EB19/24 -> 83.333333 | EF2: =EF14/24 -> 166.66667 | EJ2: =EJ19/24 -> 0 | EN2: =EN19/24 -> 208.33333 | ER2: =ER31/24 -> 500 | EV2: =EV19/16 -> 500 | EZ2: =EZ19/24 -> 145.83333 | FD2: =FD31/24 -> 41.666667 | FH2: =FH33/24 -> 500 | FP2: =FP19/24 -> 270.83333 | FT2: =FT19/24 -> 0 | FX2: =FX19/24 -> 83.333333 | GB2: =GB19/24 -> 15.400446 | GF2: =GF19/24 -> 375 | GJ2: =GJ19/24 -> 0 | GV2: =GV19/24 -> 104.15427 | GZ2: =GZ19/24 -> 1312.5
A3: Week | B3: DATE | C3: DAY | D3: Total | H3: CLIN | L3: MKG | P3: STM | T3: OAJ | X3: SHB | AB3: GTL | AF3: TWK | AJ3: BYC | AN3: GF RANCA | AR3: SMA | AV3: ADP | AZ3: HLI | BD3: CERES | BH3: ALT (KSO MASAMI) | BL3: IDP (KSO AAE) | BP3: NNI | BT3: WINGLOK (KSO EBM) | BX3: CISF (KSO RRS) | CB3: KGM (KSO RRS) | CF3: PUJ - LUBRICANT | CJ3: KSN | CN3: CALBEE (KSO BMI) | CR3: KF | CV3: UMI | CZ3: IP | DD3: BEM | DH3: AMI | DL3: KA | DP3: KTN | DT3: NIAGA GARAM | DX3: PCI 84 | EB3: PCI MENGGER | EF3: INDOFOOD | EJ3: HCI | EN3: DIC | ER3: ASAHIMAS | EV3: ABC KOGEN | EZ3: TONGJI ( KSO GAS) | FD3: GREENPULSE | FH3: CONCORD | FL3: PA | FP3: KSN RANCA | FT3: RB | FX3: GF ATOM | GB3: GF KULIT | GF3: PENTAWIRA (KSO REN) | GG3: PENTAWIRA (KSO REN) | GH3: PENTAWIRA (KSO REN) | GJ3: SDM | GN3: JARGAS | GR3: DJARUM | GV3: SBI | GZ3: SP GLOBAL
D4: TARGET | E4: ACTUAL | F4: SELISIH | G4: PERSENTASE | H4: TARGET | I4: ACTUAL | J4: SELISIH | K4: PERSENTASE | L4: TARGET | M4: ACTUAL | N4: SELISIH | O4: PERSENTASE | P4: TARGET | Q4: ACTUAL | R4: SELISIH | S4: PERSENTASE | T4: TARGET | U4: ACTUAL | V4: SELISIH | W4: PERSENTASE | X4: TARGET | Y4: ACTUAL | Z4: SELISIH | AA4: PERSENTASE | AB4: TARGET | AC4: ACTUAL | AD4: SELISIH | AE4: PERSENTASE | AF4: TARGET | AG4: ACTUAL | AH4: SELISIH | AI4: PERSENTASE | AJ4: TARGET | AK4: ACTUAL | AL4: SELISIH | AM4: PERSENTASE | AN4: TARGET | AO4: ACTUAL | AP4: SELISIH | AQ4: PERSENTASE | AR4: TARGET | AS4: ACTUAL | AT4: SELISIH | AU4: PERSENTASE | AV4: TARGET | AW4: ACTUAL | AX4: SELISIH | AY4: PERSENTASE | AZ4: TARGET | BA4: ACTUAL | BB4: SELISIH | BC4: PERSENTASE | BD4: TARGET | BE4: ACTUAL | BF4: SELISIH | BG4: PERSENTASE | BH4: TARGET | BI4: ACTUAL | BJ4: SELISIH | BK4: PERSENTASE | BL4: TARGET | BM4: ACTUAL | BN4: SELISIH | BO4: PERSENTASE | BP4: TARGET | BQ4: ACTUAL | BR4: SELISIH | BS4: PERSENTASE | BT4: TARGET | BU4: ACTUAL | BV4: SELISIH | BW4: PERSENTASE | BX4: TARGET | BY4: ACTUAL | BZ4: SELISIH | CA4: PERSENTASE | CB4: TARGET | CC4: ACTUAL | CD4: SELISIH | CE4: PERSENTASE | CF4: TARGET | CG4: ACTUAL | CH4: SELISIH | CI4: PERSENTASE | CJ4: TARGET | CK4: ACTUAL | CL4: SELISIH | CM4: PERSENTASE | CN4: TARGET | CO4: ACTUAL | CP4: SELISIH | CQ4: PERSENTASE | CR4: TARGET | CS4: ACTUAL | CT4: SELISIH | CU4: PERSENTASE | CV4: TARGET | CW4: ACTUAL | CX4: SELISIH | CY4: PERSENTASE | CZ4: TARGET | DA4: ACTUAL | DB4: SELISIH | DC4: PERSENTASE | DD4: TARGET | DE4: ACTUAL | DF4: SELISIH | DG4: PERSENTASE | DH4: TARGET | DI4: ACTUAL | DJ4: SELISIH | DK4: PERSENTASE | DL4: TARGET | DM4: ACTUAL | DN4: SELISIH | DO4: PERSENTASE | DP4: TARGET | DQ4: ACTUAL | DR4: SELISIH | DS4: PERSENTASE | DT4: TARGET | DU4: ACTUAL | DV4: SELISIH | DW4: PERSENTASE | DX4: TARGET | DY4: ACTUAL | DZ4: SELISIH | EA4: PERSENTASE | EB4: TARGET | EC4: ACTUAL | ED4: SELISIH | EE4: PERSENTASE | EF4: TARGET | EG4: ACTUAL | EH4: SELISIH | EI4: PERSENTASE | EJ4: TARGET | EK4: ACTUAL | EL4: SELISIH | EM4: PERSENTASE | EN4: TARGET | EO4: ACTUAL | EP4: SELISIH | EQ4: PERSENTASE | ER4: TARGET | ES4: ACTUAL | ET4: SELISIH | EU4: PERSENTASE | EV4: TARGET | EW4: ACTUAL | EX4: SELISIH | EY4: PERSENTASE | EZ4: TARGET | FA4: ACTUAL | FB4: SELISIH | FC4: PERSENTASE | FD4: TARGET | FE4: ACTUAL | FF4: SELISIH | FG4: PERSENTASE | FH4: TARGET | FI4: ACTUAL | FJ4: SELISIH | FK4: PERSENTASE | FL4: TARGET | FM4: ACTUAL | FN4: SELISIH | FO4: PERSENTASE | FP4: TARGET | FQ4: ACTUAL | FR4: SELISIH | FS4: PERSENTASE | FT4: TARGET | FU4: ACTUAL | FV4: SELISIH | FW4: PERSENTASE | FX4: TARGET | FY4: ACTUAL | FZ4: SELISIH | GA4: PERSENTASE | GB4: TARGET | GC4: ACTUAL | GD4: SELISIH | GE4: PERSENTASE | GF4: TARGET | GG4: ACTUAL | GH4: SELISIH | GI4: PERSENTASE | GJ4: TARGET | GK4: ACTUAL | GL4: SELISIH | GM4: PERSENTASE | GN4: TARGET | GO4: ACTUAL | GP4: SELISIH | GQ4: PERSENTASE | GR4: TARGET | GS4: ACTUAL | GT4: SELISIH | GU4: PERSENTASE | GV4: TARGET | GW4: ACTUAL | GX4: SELISIH | GY4: PERSENTASE | GZ4: TARGET | HA4: ACTUAL | HB4: SELISIH | HC4: PERSENTASE
A5: =WEEKNUM(B5) -> 36 | B5: =A2 -> 46266 | C5: =TEXT(B5,"ddd") -> Tue | D5: =SUMIF($H$4:$HB$4,$D$4,H5:HB5) -> 224572.23 | E5: =SUMIF($H$4:$HB$4,$E$4,H5:HB5) -> 194672.89 | F5: =E5-D5 -> -29899.347 | G5: =E5/D5 -> 0.86686089 | H5: =INDEX('SO September 2026 Rev.6'!$B$6:$BK$52,MATCH($B5,'SO September 2026 Rev.6'!$B$6:$B$52,0),MATCH($H$3,'SO September 2026 Rev.6'!$B$5:$XK$5,0)) -> 1199.5729 | I5: =INDEX('Summary sales'!$A$6:$CA$50,MATCH($B5,'Summary sales'!$A$6:$A$50,0),MATCH($H$3,'Summary sales'!$A$7:$CA$7,0)) -> 998.28 | J5: =I5-H5 -> -201.2929 | K5: =I5/H5 -> 0.83219619 | L5: =INDEX('SO September 2026 Rev.6'!$B$6:$BK$52,MATCH($B5,'SO September 2026 Rev.6'!$B$6:$B$52,0),MATCH($L$3,'SO September 2026 Rev.6'!$B$5:$XK$5,0)) -> 1200 | M5: =INDEX('Summary sales'!$A$6:$CA$50,MATCH($B5,'Summary sales'!$A$6:$A$50,0),MATCH($L$3,'Summary sales'!$A$7:$CA$7,0)) -> 1356.73 | N5: =M5-L5 -> 156.73 | O5: =M5/L5 -> 1.1306083 | P5: =INDEX('SO September 2026 Rev.6'!$B$6:$BK$52,MATCH($B5,'SO September 2026 Rev.6'!$B$6:$B$52,0),MATCH($P$3,'SO September 2026 Rev.6'!$B$5:$XK$5,0)) -> 3300 | Q5: =INDEX('Summary sales'!$A$6:$CA$50,MATCH($B5,'Summary sales'!$A$6:$A$50,0),MATCH($P$3,'Summary sales'!$A$7:$CA$7,0)) -> 3241 | R5: =Q5-P5 -> -59 | S5: =Q5/P5 -> 0.98212121 | T5: =INDEX('SO September 2026 Rev.6'!$B$6:$BK$52,MATCH(B5,'SO September 2026 Rev.6'!$B$6:$B$52,0),MATCH($T$3,'SO September 2026 Rev.6'!$B$5:$XK$5,0)) -> 800 | U5: =INDEX('Summary sales'!$A$6:$CA$50,MATCH($B5,'Summary sales'!$A$6:$A$50,0),MATCH($T$3,'Summary sales'!$A$7:$CA$7,0)) -> 774.25 | V5: =U5-T5 -> -25.75 | W5: =U5/T5 -> 0.9678125 | X5: =INDEX('SO September 2026 Rev.6'!$B$6:$BK$52,MATCH(B5,'SO September 2026 Rev.6'!$B$6:$B$52,0),MATCH($X$3,'SO September 2026 Rev.6'!$B$5:$XK$5,0)) -> 150 | Y5: =INDEX('Summary sales'!$A$6:$CA$50,MATCH($B5,'Summary sales'!$A$6:$A$50,0),MATCH($X$3,'Summary sales'!$A$7:$CA$7,0)) -> 11.09 | Z5: =Y5-X5 -> -138.91 | AA5: =Y5/X5 -> 0.073933333 | AB5: =INDEX('SO September 2026 Rev.6'!$B$6:$BK$52,MATCH(B5,'SO September 2026 Rev.6'!$B$6:$B$52,0),MATCH($AB$3,'SO September 2026 Rev.6'!$B$5:$XK$5,0)) -> 603.76323 | AC5: =INDEX('Summary sales'!$A$6:$CA$50,MATCH($B5,'Summary sales'!$A$6:$A$50,0),MATCH($AB$3,'Summary sales'!$A$7:$CA$7,0)) -> 855.99 | AD5: =AC5-AB5 -> 252.22677 | AE5: =AC5/AB5 -> 1.4177578 | AF5: =INDEX('SO September 2026 Rev.6'!$B$6:$BK$52,MATCH(B5,'SO September 2026 Rev.6'!$B$6:$B$52,0),MATCH($AF$3,'SO September 2026 Rev.6'!$B$5:$XK$5,0)) -> 673.27548 | AG5: =INDEX('Summary sales'!$A$6:$CA$50,MATCH($B5,'Summary sales'!$A$6:$A$50,0),MATCH($AF$3,'Summary sales'!$A$7:$CA$7,0)) -> 729.78 | AH5: =AG5-AF5 -> 56.504516 | AI5: =AG5/AF5 -> 1.0839248 | AJ5: =INDEX('SO September 2026 Rev.6'!$B$6:$BK$52,MATCH(B5,'SO September 2026 Rev.6'!$B$6:$B$52,0),MATCH($AJ$3,'SO September 2026 Rev.6'!$B$5:$XK$5,0)) -> 5500 | AK5: =INDEX('Summary sales'!$A$6:$CA$50,MATCH($B5,'Summary sales'!$A$6:$A$50,0),MATCH($AJ$3,'Summary sales'!$A$7:$CA$7,0)) -> 5747.67 | AL5: =AK5-AJ5 -> 247.67 | AM5: =AK5/AJ5 -> 1.0450309 | AN5: =INDEX('SO September 2026 Rev.6'!$B$6:$BK$52,MATCH(B5,'SO September 2026 Rev.6'!$B$6:$B$52,0),MATCH($AN$3,'SO September 2026 Rev.6'!$B$5:$XK$5,0)) -> 5000 | AO5: =INDEX('Summary sales'!$A$6:$CA$50,MATCH($B5,'Summary sales'!$A$6:$A$50,0),MATCH($AN$3,'Summary sales'!$A$7:$CA$7,0)) -> 5803.42 | AP5: =AO5-AN5 -> 803.42 | AQ5: =AO5/AN5 -> 1.160684 | AR5: =INDEX('SO September 2026 Rev.6'!$B$6:$BK$52,MATCH(B5,'SO September 2026 Rev.6'!$B$6:$B$52,0),MATCH($AR$3,'SO September 2026 Rev.6'!$B$5:$XK$5,0)) -> 2500 | AS5: =INDEX('Summary sales'!$A$6:$CA$50,MATCH($B5,'Summary sales'!$A$6:$A$50,0),MATCH($AR$3,'Summary sales'!$A$7:$CA$7,0)) -> 3210.84 | AT5: =AS5-AR5 -> 710.84 | AU5: =AS5/AR5 -> 1.284336 | AV5: =INDEX('SO September 2026 Rev.6'!$B$6:$BK$52,MATCH(B5,'SO September 2026 Rev.6'!$B$6:$B$52,0),MATCH($AV$3,'SO September 2026 Rev.6'!$B$5:$XK$5,0)) -> 500 | AW5: =INDEX('Summary sales'!$A$6:$CA$50,MATCH($B5,'Summary sales'!$A$6:$A$50,0),MATCH($AV$3,'Summary sales'!$A$7:$CA$7,0)) -> 606.59 | AX5: =AW5-AV5 -> 106.59 | AY5: =AW5/AV5 -> 1.21318 | AZ5: =INDEX('SO September 2026 Rev.6'!$B$6:$BK$52,MATCH(B5,'SO September 2026 Rev.6'!$B$6:$B$52,0),MATCH($AZ$3,'SO September 2026 Rev.6'!$B$5:$XK$5,0)) -> 15600 | BA5: =INDEX('Summary sales'!$A$6:$CA$50,MATCH($B5,'Summary sales'!$A$6:$A$50,0),MATCH($AZ$3,'Summary sales'!$A$7:$CA$7,0)) -> 15656.24 | BB5: =BA5-AZ5 -> 56.24 | BC5: =BA5/AZ5 -> 1.0036051 | BD5: =INDEX('SO September 2026 Rev.6'!$B$6:$BK$52,MATCH(B5,'SO September 2026 Rev.6'!$B$6:$B$52,0),MATCH($BD$3,'SO September 2026 Rev.6'!$B$5:$XK$5,0)) -> 9000.0571 | BE5: =INDEX('Summary sales'!$A$6:$CA$50,MATCH($B5,'Summary sales'!$A$6:$A$50,0),MATCH($BD$3,'Summary sales'!$A$7:$CA$7,0)) -> 9913.74 | BF5: =BE5-BD5 -> 913.6829 | BG5: =BE5/BD5 -> 1.1015197 | BH5: =INDEX('SO September 2026 Rev.6'!$B$6:$BK$52,MATCH(B5,'SO September 2026 Rev.6'!$B$6:$B$52,0),MATCH($BH$3,'SO September 2026 Rev.6'!$B$5:$XK$5,0)) -> 1000 | BI5: =INDEX('Summary sales'!$A$6:$CA$50,MATCH($B5,'Summary sales'!$A$6:$A$50,0),MATCH($BH$3,'Summary sales'!$A$7:$CA$7,0)) -> 1478.573 | BJ5: =BI5-BH5 -> 478.573 | BK5: =BI5/BH5 -> 1.478573 | BL5: =INDEX('SO September 2026 Rev.6'!$B$6:$BK$52,MATCH(B5,'SO September 2026 Rev.6'!$B$6:$B$52,0),MATCH($BL$3,'SO September 2026 Rev.6'!$B$5:$XK$5,0)) -> 5500 | BM5: =INDEX('Summary sales'!$A$6:$CA$50,MATCH($B5,'Summary sales'!$A$6:$A$50,0),MATCH($BL$3,'Summary sales'!$A$7:$CA$7,0)) -> 4096.2 | BN5: =BM5-BL5 -> -1403.8 | BO5: =BM5/BL5 -> 0.74476364 | BP5: =INDEX('SO September 2026 Rev.6'!$B$6:$BK$52,MATCH(B5,'SO September 2026 Rev.6'!$B$6:$B$52,0),MATCH($BP$3,'SO September 2026 Rev.6'!$B$5:$XK$5,0)) -> 1000 | BQ5: =INDEX('Summary sales'!$A$6:$CA$50,MATCH($B5,'Summary sales'!$A$6:$A$50,0),MATCH($BP$3,'Summary sales'!$A$7:$CA$7,0)) -> 718.47 | BR5: =BQ5-BP5 -> -281.53 | BS5: =BQ5/BP5 -> 0.71847 | BT5: =INDEX('SO September 2026 Rev.6'!$B$6:$BK$52,MATCH(B5,'SO September 2026 Rev.6'!$B$6:$B$52,0),MATCH($BT$3,'SO September 2026 Rev.6'!$B$5:$XK$5,0)) -> 89.451613 | BU5: =INDEX('Summary sales'!$A$6:$CA$50,MATCH($B5,'Summary sales'!$A$6:$A$50,0),MATCH($BT$3,'Summary sales'!$A$7:$CA$7,0)) -> 66.891 | BV5: =BU5-BT5 -> -22.560613 | BW5: =BU5/BT5 -> 0.74778976 | BX5: 3500 | BY5: =INDEX('Summary sales'!$A$6:$CA$50,MATCH($B5,'Summary sales'!$A$6:$A$50,0),MATCH($BX$3,'Summary sales'!$A$7:$CA$7,0)) -> 2370.8 | BZ5: =BY5-BX5 -> -1129.2 | CA5: =BY5/BX5 -> 0.67737143 | CB5: =INDEX('SO September 2026 Rev.6'!$B$6:$BK$52,MATCH(B5,'SO September 2026 Rev.6'!$B$6:$B$52,0),MATCH($CB$3,'SO September 2026 Rev.6'!$B$5:$XK$5,0)) -> 1300 | CC5: =INDEX('Summary sales'!$A$6:$CA$50,MATCH($B5,'Summary sales'!$A$6:$A$50,0),MATCH($CB$3,'Summary sales'!$A$7:$CA$7,0)) -> 935.41 | CD5: =CC5-CB5 -> -364.59 | CE5: =CC5/CB5 -> 0.71954615 | CF5: =INDEX('SO September 2026 Rev.6'!$B$6:$BK$52,MATCH(B5,'SO September 2026 Rev.6'!$B$6:$B$52,0),MATCH($CF$3,'SO September 2026 Rev.6'!$B$5:$XK$5,0)) -> 3000 | CG5: =INDEX('Summary sales'!$A$6:$CA$50,MATCH($B5,'Summary sales'!$A$6:$A$50,0),MATCH($CF$3,'Summary sales'!$A$7:$CA$7,0)) -> 4265.2 | CH5: =CG5-CF5 -> 1265.2 | CI5: =CG5/CF5 -> 1.4217333 | CJ5: =INDEX('SO September 2026 Rev.6'!$B$6:$BK$52,MATCH($B5,'SO September 2026 Rev.6'!$B$6:$B$52,0),MATCH(CJ$3,'SO September 2026 Rev.6'!$B$5:$XK$5,0)) -> 6500 | CK5: =INDEX('Summary sales'!$A$6:$CA$50,MATCH($B5,'Summary sales'!$A$6:$A$50,0),MATCH($CJ$3,'Summary sales'!$A$7:$CA$7,0)) -> 4692.43 | CL5: =CK5-CJ5 -> -1807.57 | CM5: =CK5/CJ5 -> 0.72191231 | CN5: =INDEX('SO September 2026 Rev.6'!$B$6:$BK$52,MATCH($B5,'SO September 2026 Rev.6'!$B$6:$B$52,0),MATCH(CN$3,'SO September 2026 Rev.6'!$B$5:$XK$5,0)) -> 12000 | CO5: =INDEX('Summary sales'!$A$6:$CA$50,MATCH($B5,'Summary sales'!$A$6:$A$50,0),MATCH($CN$3,'Summary sales'!$A$7:$CA$7,0)) -> 9718.1 | CP5: =CO5-CN5 -> -2281.9 | CQ5: =CO5/CN5 -> 0.80984167 | CR5: =INDEX('SO September 2026 Rev.6'!$B$6:$BK$52,MATCH($B5,'SO September 2026 Rev.6'!$B$6:$B$52,0),MATCH(CR$3,'SO September 2026 Rev.6'!$B$5:$XK$5,0)) -> 3000 | CS5: =INDEX('Summary sales'!$A$6:$CA$50,MATCH($B5,'Summary sales'!$A$6:$A$50,0),MATCH($CR$3,'Summary sales'!$A$7:$CA$7,0)) -> 425.57 | CT5: =CS5-CR5 -> -2574.43 | CU5: =CS5/CR5 -> 0.14185667 | CV5: =INDEX('SO September 2026 Rev.6'!$B$6:$BK$52,MATCH(B5,'SO September 2026 Rev.6'!$B$6:$B$52,0),MATCH($CV$3,'SO September 2026 Rev.6'!$B$5:$XK$5,0)) -> 16000 | CW5: =INDEX('Summary sales'!$A$6:$CA$50,MATCH($B5,'Summary sales'!$A$6:$A$50,0),MATCH($CV$3,'Summary sales'!$A$7:$CA$7,0)) -> 11750.854 | CX5: =CW5-CV5 -> -4249.146 | CY5: =CW5/CV5 -> 0.73442838 | CZ5: =INDEX('SO September 2026 Rev.6'!$B$6:$BK$52,MATCH(B5,'SO September 2026 Rev.6'!$B$6:$B$52,0),MATCH($CZ$3,'SO September 2026 Rev.6'!$B$5:$XK$5,0)) -> 2000 | DA5: =INDEX('Summary sales'!$A$6:$CA$50,MATCH($B5,'Summary sales'!$A$6:$A$50,0),MATCH($CZ$3,'Summary sales'!$A$7:$CA$7,0)) -> 1956.74 | DB5: =DA5-CZ5 -> -43.26 | DC5: =DA5/CZ5 -> 0.97837 | DD5: =INDEX('SO September 2026 Rev.6'!$B$6:$BK$52,MATCH($B5,'SO September 2026 Rev.6'!$B$6:$B$52,0),MATCH(DD$3,'SO September 2026 Rev.6'!$B$5:$XK$5,0)) -> 800 | DE5: =INDEX('Summary sales'!$A$6:$CA$50,MATCH($B5,'Summary sales'!$A$6:$A$50,0),MATCH($DD$3,'Summary sales'!$A$7:$CA$7,0)) -> 1000 | DF5: =DE5-DD5 -> 200 | DG5: =DE5/DD5 -> 1.25 | DH5: =INDEX('SO September 2026 Rev.6'!$B$6:$BK$52,MATCH($B5,'SO September 2026 Rev.6'!$B$6:$B$52,0),MATCH(DH$3,'SO September 2026 Rev.6'!$B$5:$XK$5,0)) -> 7200 | DI5: =INDEX('Summary sales'!$A$6:$CA$50,MATCH($B5,'Summary sales'!$A$6:$A$50,0),MATCH($DH$3,'Summary sales'!$A$7:$CA$7,0)) -> 8323.46 | DJ5: =DI5-DH5 -> 1123.46 | DK5: =DI5/DH5 -> 1.1560361 | DL5: =INDEX('SO September 2026 Rev.6'!$B$6:$BK$52,MATCH(B5,'SO September 2026 Rev.6'!$B$6:$B$52,0),MATCH($DL$3,'SO September 2026 Rev.6'!$B$5:$XK$5,0)) -> 2500 | DM5: =INDEX('Summary sales'!$A$6:$CA$50,MATCH($B5,'Summary sales'!$A$6:$A$50,0),MATCH($DL$3,'Summary sales'!$A$7:$CA$7,0)) -> 1874.22 | DN5: =DM5-DL5 -> -625.78 | DO5: =DM5/DL5 -> 0.749688 | DP5: =INDEX('SO September 2026 Rev.6'!$B$6:$BK$52,MATCH(B5,'SO September 2026 Rev.6'!$B$6:$B$52,0),MATCH($DP$3,'SO September 2026 Rev.6'!$B$5:$XK$5,0)) -> 2000 | DQ5: =INDEX('Summary sales'!$A$6:$CA$50,MATCH($B5,'Summary sales'!$A$6:$A$50,0),MATCH($DP$3,'Summary sales'!$A$7:$CA$7,0)) -> 1829.65 | DR5: =DQ5-DP5 -> -170.35 | DS5: =DQ5/DP5 -> 0.914825 | DT5: =INDEX('SO September 2026 Rev.6'!$B$6:$BK$52,MATCH(B5,'SO September 2026 Rev.6'!$B$6:$B$52,0),MATCH($DT$3,'SO September 2026 Rev.6'!$B$5:$XK$5,0)) -> 1000 | DU5: =INDEX('Summary sales'!$A$6:$CA$50,MATCH($B5,'Summary sales'!$A$6:$A$50,0),MATCH($DT$3,'Summary sales'!$A$7:$CA$7,0)) -> 29.57 | DV5: =DU5-DT5 -> -970.43 | DW5: =DU5/DT5 -> 0.02957 | DX5: =INDEX('SO September 2026 Rev.6'!$B$6:$BK$52,MATCH(B5,'SO September 2026 Rev.6'!$B$6:$B$52,0),MATCH($DX$3,'SO September 2026 Rev.6'!$B$5:$XK$5,0)) -> 11000 | DY5: =INDEX('Summary sales'!$A$6:$CA$50,MATCH($B5,'Summary sales'!$A$6:$A$50,0),MATCH($DX$3,'Summary sales'!$A$7:$CA$7,0)) -> 9525.66 | DZ5: =DY5-DX5 -> -1474.34 | EA5: =DY5/DX5 -> 0.86596909 | EB5: =INDEX('SO September 2026 Rev.6'!$B$6:$BK$52,MATCH(B5,'SO September 2026 Rev.6'!$B$6:$B$52,0),MATCH($EB$3,'SO September 2026 Rev.6'!$B$5:$XK$5,0)) -> 2000 | EC5: =INDEX('Summary sales'!$A$6:$CA$50,MATCH($B5,'Summary sales'!$A$6:$A$50,0),MATCH($EB$3,'Summary sales'!$A$7:$CA$7,0)) -> 2477.24 | ED5: =EC5-EB5 -> 477.24 | EE5: =EC5/EB5 -> 1.23862 | EF5: =INDEX('SO September 2026 Rev.6'!$B$6:$BK$52,MATCH($B5,'SO September 2026 Rev.6'!$B$6:$B$52,0),MATCH(EF$3,'SO September 2026 Rev.6'!$B$5:$XK$5,0)) -> 4000 | EG5: =INDEX('Summary sales'!$A$6:$CA$50,MATCH($B5,'Summary sales'!$A$6:$A$50,0),MATCH($EF$3,'Summary sales'!$A$7:$CA$7,0)) -> 5362.8 | EH5: =EG5-EF5 -> 1362.8 | EI5: =EG5/EF5 -> 1.3407 | EJ5: =INDEX('SO September 2026 Rev.6'!$B$6:$BK$52,MATCH(B5,'SO September 2026 Rev.6'!$B$6:$B$52,0),MATCH($EJ$3,'SO September 2026 Rev.6'!$B$5:$XK$5,0)) -> 7000 | EK5: =INDEX('Summary sales'!$A$6:$CA$50,MATCH(B5,'Summary sales'!$A$6:$A$50,0),MATCH($EJ$3,'Summary sales'!$A$7:$CA$7,0)) -> 9070.5 | EL5: =EK5-EJ5 -> 2070.5 | EM5: =EK5/EJ5 -> 1.2957857 | EN5: =INDEX('SO September 2026 Rev.6'!$B$6:$BK$52,MATCH(B5,'SO September 2026 Rev.6'!$B$6:$B$52,0),MATCH($EN$3,'SO September 2026 Rev.6'!$B$5:$XK$5,0)) -> 5000 | EO5: =INDEX('Summary sales'!$A$6:$CA$50,MATCH($B5,'Summary sales'!$A$6:$A$50,0),MATCH($EN$3,'Summary sales'!$A$7:$CA$7,0)) -> 4328.74 | EP5: =EO5-EN5 -> -671.26 | EQ5: =EO5/EN5 -> 0.865748 | ER5: =INDEX('SO September 2026 Rev.6'!$B$6:$BK$52,MATCH(B5,'SO September 2026 Rev.6'!$B$6:$B$52,0),MATCH($ER$3,'SO September 2026 Rev.6'!$B$5:$XK$5,0)) -> 19000 | ES5: =INDEX('Summary sales'!$A$6:$CA$50,MATCH($B5,'Summary sales'!$A$6:$A$50,0),MATCH($ER$3,'Summary sales'!$A$7:$CA$7,0)) -> 20816.59 | ET5: =ES5-ER5 -> 1816.59 | EU5: =ES5/ER5 -> 1.09561 | EV5: =INDEX('SO September 2026 Rev.6'!$B$6:$BK$52,MATCH($B5,'SO September 2026 Rev.6'!$B$6:$B$52,0),MATCH($EV$3,'SO September 2026 Rev.6'!$B$5:$XK$5,0)) -> 8000 | EW5: =INDEX('Summary sales'!$A$6:$CA$50,MATCH(B5,'Summary sales'!$A$6:$A$50,0),MATCH($EV$3,'Summary sales'!$A$7:$CA$7,0)) -> 3634.26 | EX5: =EW5-EV5 -> -4365.74 | EY5: =EW5/EV5 -> 0.4542825 | EZ5: =INDEX('SO September 2026 Rev.6'!$B$6:$BK$52,MATCH($B5,'SO September 2026 Rev.6'!$B$6:$B$52,0),MATCH($EZ$3,'SO September 2026 Rev.6'!$B$5:$XK$5,0)) -> 3500 | FA5: =INDEX('Summary sales'!$A$6:$CA$50,MATCH(B5,'Summary sales'!$A$6:$A$50,0),MATCH($EZ$3,'Summary sales'!$A$7:$CA$7,0)) -> 3808.1 | FB5: =FA5-EZ5 -> 308.1 | FC5: =FA5/EZ5 -> 1.0880286 | FD5: =INDEX('SO September 2026 Rev.6'!$B$6:$BK$52,MATCH(B5,'SO September 2026 Rev.6'!$B$6:$B$52,0),MATCH($FD$3,'SO September 2026 Rev.6'!$B$5:$XK$5,0)) -> 2000 | FE5: =INDEX('Summary sales'!$A$6:$CA$50,MATCH(B5,'Summary sales'!$A$6:$A$50,0),MATCH($FD$3,'Summary sales'!$A$7:$CA$7,0)) -> 883.97 | FF5: =FE5-FD5 -> -1116.03 | FG5: =FA5/EZ5 -> 1.0880286 | FH5: =INDEX('SO September 2026 Rev.6'!$B$6:$BK$52,MATCH(B5,'SO September 2026 Rev.6'!$B$6:$B$52,0),MATCH($FH$3,'SO September 2026 Rev.6'!$B$5:$XK$5,0)) -> 0 | FI5: =INDEX('Summary sales'!$A$6:$CA$50,MATCH(B5,'Summary sales'!$A$6:$A$50,0),MATCH($FH$3,'Summary sales'!$A$7:$CA$7,0)) -> 0 | FJ5: =FI5-FH5 -> 0 | FK5: =FE5/FD5 -> 0.441985 | FL5: =INDEX('SO September 2026 Rev.6'!$B$6:$BK$52,MATCH(B5,'SO September 2026 Rev.6'!$B$6:$B$52,0),MATCH($FL$3,'SO September 2026 Rev.6'!$B$5:$XK$5,0)) -> 700 | FM5: =INDEX('Summary sales'!$A$6:$CA$50,MATCH(B5,'Summary sales'!$A$6:$A$50,0),MATCH($FL$3,'Summary sales'!$A$7:$CA$7,0)) -> 253.24 | FN5: =FM5-FL5 -> -446.76 | FO5: =FM5/FL5 -> 0.36177143 | FP5: =INDEX('SO September 2026 Rev.6'!$B$6:$BK$52,MATCH(B5,'SO September 2026 Rev.6'!$B$6:$B$52,0),MATCH($FP$3,'SO September 2026 Rev.6'!$B$5:$XK$5,0)) -> 6500 | FQ5: =INDEX('Summary sales'!$A$6:$CA$50,MATCH(B5,'Summary sales'!$A$6:$A$50,0),MATCH($FP$3,'Summary sales'!$A$7:$CA$7,0)) -> 4246.28 | FR5: =FQ5-FP5 -> -2253.72 | FS5: =FQ5/FP5 -> 0.65327385 | FT5: =INDEX('SO September 2026 Rev.6'!$B$6:$BK$52,MATCH(B5,'SO September 2026 Rev.6'!$B$6:$B$52,0),MATCH($FT$3,'SO September 2026 Rev.6'!$B$5:$XK$5,0)) -> 3500 | FU5: =INDEX('Summary sales'!$A$6:$CA$50,MATCH(B5,'Summary sales'!$A$6:$A$50,0),MATCH($FT$3,'Summary sales'!$A$7:$CA$7,0)) -> 0 | FV5: =FU5-FT5 -> -3500 | FW5: =FU5/FT5 -> 0 | FX5: =INDEX('SO September 2026 Rev.6'!$B$6:$BK$52,MATCH(B5,'SO September 2026 Rev.6'!$B$6:$B$52,0),MATCH($FX$3,'SO September 2026 Rev.6'!$B$5:$XK$5,0)) -> 2000 | FY5: =INDEX('Summary sales'!$A$6:$CA$50,MATCH(B5,'Summary sales'!$A$6:$A$50,0),MATCH($FX$3,'Summary sales'!$A$7:$CA$7,0)) -> 666.32 | FZ5: =FY5-FX5 -> -1333.68 | GA5: =FY5/FX5 -> 0.33316 | GB5: =INDEX('SO September 2026 Rev.6'!$B$6:$BK$52,MATCH(B5,'SO September 2026 Rev.6'!$B$6:$B$52,0),MATCH($GB$3,'SO September 2026 Rev.6'!$B$5:$XK$5,0)) -> 369.61071 | GC5: =INDEX('Summary sales'!$A$6:$CA$50,MATCH(B5,'Summary sales'!$A$6:$A$50,0),MATCH($GB$3,'Summary sales'!$A$7:$CA$7,0)) -> 0 | GD5: =GC5-GB5 -> -369.61071 | GE5: =GC5/GB5 -> 0 | GF5: =INDEX('SO September 2026 Rev.6'!$B$6:$BK$52,MATCH($B5,'SO September 2026 Rev.6'!$B$6:$B$52,0),MATCH(GF$3,'SO September 2026 Rev.6'!$B$5:$XK$5,0)) -> 27000 | GG5: =INDEX('Summary sales'!$A$6:$CA$50,MATCH(B5,'Summary sales'!$A$6:$A$50,0),MATCH($GF$3,'Summary sales'!$A$7:$CA$7,0)) -> 16660.848 | GH5: =GG5-GF5 -> -10339.152 | GI5: =GG5/GF5 -> 0.61706844 | GJ5: =INDEX('SO September 2026 Rev.6'!$B$6:$BK$52,MATCH(B5,'SO September 2026 Rev.6'!$B$6:$B$52,0),MATCH($GJ$3,'SO September 2026 Rev.6'!$B$5:$XK$5,0)) | GK5: =INDEX('Summary sales'!$A$6:$CA$50,MATCH($B5,'Summary sales'!$A$6:$A$50,0),MATCH($GJ$3,'Summary sales'!$A$7:$CA$7,0)) -> 755.84 | GL5: =GK5-GJ5 -> #VALUE! | GM5: =GK5/GJ5 -> #VALUE! | GN5: =INDEX('SO September 2026 Rev.6'!$B$6:$BK$52,MATCH(B5,'SO September 2026 Rev.6'!$B$6:$B$52,0),MATCH($GN$3,'SO September 2026 Rev.6'!$B$5:$XK$5,0)) -> 2499.7026 | GO5: =INDEX('Summary sales'!$A$6:$CA$50,MATCH(B5,'Summary sales'!$A$6:$A$50,0),MATCH($GN$3,'Summary sales'!$A$7:$CA$7,0)) -> 2723.24 | GP5: =GO5-GN5 -> 223.53742 | GQ5: =GO5/GN5 -> 1.0894256 | GR5: =INDEX('SO September 2026 Rev.6'!$B$6:$BK$52,MATCH(B5,'SO September 2026 Rev.6'!$B$6:$B$52,0),MATCH($GR$3,'SO September 2026 Rev.6'!$B$5:$XK$5,0)) -> 3587.0968 | GS5: =INDEX('Summary sales'!$A$6:$CA$50,MATCH(B5,'Summary sales'!$A$6:$A$50,0),MATCH($GR$3,'Summary sales'!$A$7:$CA$7,0)) -> 5021.5 | GT5: =GS5-GR5 -> 1434.4032 | GU5: =GS5/GR5 -> 1.3998786 | GV5: =INDEX('SO September 2026 Rev.6'!$B$6:$BK$52,MATCH(B5,'SO September 2026 Rev.6'!$B$6:$B$52,0),MATCH($GV$3,'SO September 2026 Rev.6'!$B$5:$XK$5,0)) -> 2499.7026 | GW5: =INDEX('Summary sales'!$A$6:$CA$50,MATCH(B5,'Summary sales'!$A$6:$A$50,0),MATCH($GV$3,'Summary sales'!$A$7:$CA$7,0)) -> 0 | GX5: =GW5-GV5 -> -2499.7026 | GY5: =GW5/GV5 -> 0 | GZ5: =INDEX('SO September 2026 Rev.6'!$B$6:$BK$52,MATCH(B5,'SO September 2026 Rev.6'!$B$6:$B$52,0),MATCH($GZ$3,'SO September 2026 Rev.6'!$B$5:$XK$5,0)) -> 0 | HA5: =INDEX('Summary sales'!$A$6:$CA$50,MATCH(B5,'Summary sales'!$A$6:$A$50,0),MATCH($GZ$3,'Summary sales'!$A$7:$CA$7,0)) -> 0 | HB5: =HA5-GZ5 -> 0 | HC5: =HA5/GZ5 -> #DIV/0!
B6: =B5+1 -> 46267 | C6: =TEXT(B6,"ddd") -> Wed | D6: =SUMIF($H$4:$HB$4,$D$4,H6:HB6) -> 225694.13 | E6: =SUMIF($H$4:$HB$4,$E$4,H6:HB6) -> 198184.99 | F6: =E6-D6 -> -27509.147 | G6: =E6/D6 -> 0.87811315 | H6: =INDEX('SO September 2026 Rev.6'!$B$6:$BK$52,MATCH($B6,'SO September 2026 Rev.6'!$B$6:$B$52,0),MATCH($H$3,'SO September 2026 Rev.6'!$B$5:$XK$5,0)) -> 1199.5729 | I6: =INDEX('Summary sales'!$A$6:$CA$50,MATCH($B6,'Summary sales'!$A$6:$A$50,0),MATCH($H$3,'Summary sales'!$A$7:$CA$7,0)) -> 873.7 | J6: =I6-H6 -> -325.8729 | K6: =I6/H6 -> 0.72834256 | L6: =INDEX('SO September 2026 Rev.6'!$B$6:$BK$52,MATCH($B6,'SO September 2026 Rev.6'!$B$6:$B$52,0),MATCH($L$3,'SO September 2026 Rev.6'!$B$5:$XK$5,0)) -> 1200 | M6: =INDEX('Summary sales'!$A$6:$CA$50,MATCH($B6,'Summary sales'!$A$6:$A$50,0),MATCH($L$3,'Summary sales'!$A$7:$CA$7,0)) -> 1319.88 | N6: =M6-L6 -> 119.88 | O6: =M6/L6 -> 1.0999 | P6: =INDEX('SO September 2026 Rev.6'!$B$6:$BK$52,MATCH($B6,'SO September 2026 Rev.6'!$B$6:$B$52,0),MATCH($P$3,'SO September 2026 Rev.6'!$B$5:$XK$5,0)) -> 3300 | Q6: =INDEX('Summary sales'!$A$6:$CA$50,MATCH($B6,'Summary sales'!$A$6:$A$50,0),MATCH($P$3,'Summary sales'!$A$7:$CA$7,0)) -> 3356.6 | R6: =Q6-P6 -> 56.6 | S6: =Q6/P6 -> 1.0171515 | T6: =INDEX('SO September 2026 Rev.6'!$B$6:$BK$52,MATCH(B6,'SO September 2026 Rev.6'!$B$6:$B$52,0),MATCH($T$3,'SO September 2026 Rev.6'!$B$5:$XK$5,0)) -> 800 | U6: =INDEX('Summary sales'!$A$6:$CA$50,MATCH($B6,'Summary sales'!$A$6:$A$50,0),MATCH($T$3,'Summary sales'!$A$7:$CA$7,0)) -> 717.96 | V6: =U6-T6 -> -82.04 | W6: =U6/T6 -> 0.89745 | X6: =INDEX('SO September 2026 Rev.6'!$B$6:$BK$52,MATCH(B6,'SO September 2026 Rev.6'!$B$6:$B$52,0),MATCH($X$3,'SO September 2026 Rev.6'!$B$5:$XK$5,0)) -> 150 | Y6: =INDEX('Summary sales'!$A$6:$CA$50,MATCH($B6,'Summary sales'!$A$6:$A$50,0),MATCH($X$3,'Summary sales'!$A$7:$CA$7,0)) -> 51.31 | Z6: =Y6-X6 -> -98.69 | AA6: =Y6/X6 -> 0.34206667 | AB6: =INDEX('SO September 2026 Rev.6'!$B$6:$BK$52,MATCH(B6,'SO September 2026 Rev.6'!$B$6:$B$52,0),MATCH($AB$3,'SO September 2026 Rev.6'!$B$5:$XK$5,0)) -> 603.76323 | AC6: =INDEX('Summary sales'!$A$6:$CA$50,MATCH($B6,'Summary sales'!$A$6:$A$50,0),MATCH($AB$3,'Summary sales'!$A$7:$CA$7,0)) -> 793.86 | AD6: =AC6-AB6 -> 190.09677 | AE6: =AC6/AB6 -> 1.3148532 | AF6: =INDEX('SO September 2026 Rev.6'!$B$6:$BK$52,MATCH(B6,'SO September 2026 Rev.6'!$B$6:$B$52,0),MATCH($AF$3,'SO September 2026 Rev.6'!$B$5:$XK$5,0)) -> 673.27548 | AG6: =INDEX('Summary sales'!$A$6:$CA$50,MATCH($B6,'Summary sales'!$A$6:$A$50,0),MATCH($AF$3,'Summary sales'!$A$7:$CA$7,0)) -> 728.09 | AH6: =AG6-AF6 -> 54.814516 | AI6: =AG6/AF6 -> 1.0814147 | AJ6: =INDEX('SO September 2026 Rev.6'!$B$6:$BK$52,MATCH(B6,'SO September 2026 Rev.6'!$B$6:$B$52,0),MATCH($AJ$3,'SO September 2026 Rev.6'!$B$5:$XK$5,0)) -> 5500 | AK6: =INDEX('Summary sales'!$A$6:$CA$50,MATCH($B6,'Summary sales'!$A$6:$A$50,0),MATCH($AJ$3,'Summary sales'!$A$7:$CA$7,0)) -> 5842.68 | AL6: =AK6-AJ6 -> 342.68 | AM6: =AK6/AJ6 -> 1.0623055 | AN6: =INDEX('SO September 2026 Rev.6'!$B$6:$BK$52,MATCH(B6,'SO September 2026 Rev.6'!$B$6:$B$52,0),MATCH($AN$3,'SO September 2026 Rev.6'!$B$5:$XK$5,0)) -> 5000 | AO6: =INDEX('Summary sales'!$A$6:$CA$50,MATCH($B6,'Summary sales'!$A$6:$A$50,0),MATCH($AN$3,'Summary sales'!$A$7:$CA$7,0)) -> 5267.14 | AP6: =AO6-AN6 -> 267.14 | AQ6: =AO6/AN6 -> 1.053428 | AR6: =INDEX('SO September 2026 Rev.6'!$B$6:$BK$52,MATCH(B6,'SO September 2026 Rev.6'!$B$6:$B$52,0),MATCH($AR$3,'SO September 2026 Rev.6'!$B$5:$XK$5,0)) -> 2500 | AS6: =INDEX('Summary sales'!$A$6:$CA$50,MATCH($B6,'Summary sales'!$A$6:$A$50,0),MATCH($AR$3,'Summary sales'!$A$7:$CA$7,0)) -> 3621.49 | AT6: =AS6-AR6 -> 1121.49 | AU6: =AS6/AR6 -> 1.448596 | AV6: =INDEX('SO September 2026 Rev.6'!$B$6:$BK$52,MATCH(B6,'SO September 2026 Rev.6'!$B$6:$B$52,0),MATCH($AV$3,'SO September 2026 Rev.6'!$B$5:$XK$5,0)) -> 500 | AW6: =INDEX('Summary sales'!$A$6:$CA$50,MATCH($B6,'Summary sales'!$A$6:$A$50,0),MATCH($AV$3,'Summary sales'!$A$7:$CA$7,0)) -> 1389.25 | AX6: =AW6-AV6 -> 889.25 | AY6: =AW6/AV6 -> 2.7785 | AZ6: =INDEX('SO September 2026 Rev.6'!$B$6:$BK$52,MATCH(B6,'SO September 2026 Rev.6'!$B$6:$B$52,0),MATCH($AZ$3,'SO September 2026 Rev.6'!$B$5:$XK$5,0)) -> 15600 | BA6: =INDEX('Summary sales'!$A$6:$CA$50,MATCH($B6,'Summary sales'!$A$6:$A$50,0),MATCH($AZ$3,'Summary sales'!$A$7:$CA$7,0)) -> 15642.55 | BB6: =BA6-AZ6 -> 42.55 | BC6: =BA6/AZ6 -> 1.0027276 | BD6: =INDEX('SO September 2026 Rev.6'!$B$6:$BK$52,MATCH(B6,'SO September 2026 Rev.6'!$B$6:$B$52,0),MATCH($BD$3,'SO September 2026 Rev.6'!$B$5:$XK$5,0)) -> 9000.0571 | BE6: =INDEX('Summary sales'!$A$6:$CA$50,MATCH($B6,'Summary sales'!$A$6:$A$50,0),MATCH($BD$3,'Summary sales'!$A$7:$CA$7,0)) -> 10628.86 | BF6: =BE6-BD6 -> 1628.8029 | BG6: =BE6/BD6 -> 1.180977 | BH6: =INDEX('SO September 2026 Rev.6'!$B$6:$BK$52,MATCH(B6,'SO September 2026 Rev.6'!$B$6:$B$52,0),MATCH($BH$3,'SO September 2026 Rev.6'!$B$5:$XK$5,0)) -> 1000 | BI6: =INDEX('Summary sales'!$A$6:$CA$50,MATCH($B6,'Summary sales'!$A$6:$A$50,0),MATCH($BH$3,'Summary sales'!$A$7:$CA$7,0)) -> 1442.847 | BJ6: =BI6-BH6 -> 442.847 | BK6: =BI6/BH6 -> 1.442847 | BL6: =INDEX('SO September 2026 Rev.6'!$B$6:$BK$52,MATCH(B6,'SO September 2026 Rev.6'!$B$6:$B$52,0),MATCH($BL$3,'SO September 2026 Rev.6'!$B$5:$XK$5,0)) -> 5500 | BM6: =INDEX('Summary sales'!$A$6:$CA$50,MATCH($B6,'Summary sales'!$A$6:$A$50,0),MATCH($BL$3,'Summary sales'!$A$7:$CA$7,0)) -> 4098.13 | BN6: =BM6-BL6 -> -1401.87 | BO6: =BM6/BL6 -> 0.74511455 | BP6: =INDEX('SO September 2026 Rev.6'!$B$6:$BK$52,MATCH(B6,'SO September 2026 Rev.6'!$B$6:$B$52,0),MATCH($BP$3,'SO September 2026 Rev.6'!$B$5:$XK$5,0)) -> 1000 | BQ6: =INDEX('Summary sales'!$A$6:$CA$50,MATCH($B6,'Summary sales'!$A$6:$A$50,0),MATCH($BP$3,'Summary sales'!$A$7:$CA$7,0)) -> 1317.84 | BR6: =BQ6-BP6 -> 317.84 | BS6: =BQ6/BP6 -> 1.31784 | BT6: =INDEX('SO September 2026 Rev.6'!$B$6:$BK$52,MATCH(B6,'SO September 2026 Rev.6'!$B$6:$B$52,0),MATCH($BT$3,'SO September 2026 Rev.6'!$B$5:$XK$5,0)) -> 89.451613 | BU6: =INDEX('Summary sales'!$A$6:$CA$50,MATCH($B6,'Summary sales'!$A$6:$A$50,0),MATCH($BT$3,'Summary sales'!$A$7:$CA$7,0)) -> 75.122 | BV6: =BU6-BT6 -> -14.329613 | BW6: =BU6/BT6 -> 0.83980599 | BX6: 3500 | BY6: =INDEX('Summary sales'!$A$6:$CA$50,MATCH($B6,'Summary sales'!$A$6:$A$50,0),MATCH($BX$3,'Summary sales'!$A$7:$CA$7,0)) -> 3688.1 | BZ6: =BY6-BX6 -> 188.1 | CA6: =BY6/BX6 -> 1.0537429 | CB6: =INDEX('SO September 2026 Rev.6'!$B$6:$BK$52,MATCH(B6,'SO September 2026 Rev.6'!$B$6:$B$52,0),MATCH($CB$3,'SO September 2026 Rev.6'!$B$5:$XK$5,0)) -> 1300 | CC6: =INDEX('Summary sales'!$A$6:$CA$50,MATCH($B6,'Summary sales'!$A$6:$A$50,0),MATCH($CB$3,'Summary sales'!$A$7:$CA$7,0)) -> 1903.49 | CD6: =CC6-CB6 -> 603.49 | CE6: =CC6/CB6 -> 1.4642231 | CF6: =INDEX('SO September 2026 Rev.6'!$B$6:$BK$52,MATCH($B6,'SO September 2026 Rev.6'!$B$6:$B$52,0),MATCH($CF$3,'SO September 2026 Rev.6'!$B$5:$XK$5,0)) -> 3000 | CG6: =INDEX('Summary sales'!$A$6:$CA$50,MATCH($B6,'Summary sales'!$A$6:$A$50,0),MATCH($CF$3,'Summary sales'!$A$7:$CA$7,0)) -> 5406.3 | CH6: =CG6-CF6 -> 2406.3 | CI6: =CG6/CF6 -> 1.8021 | CJ6: =INDEX('SO September 2026 Rev.6'!$B$6:$BK$52,MATCH($B6,'SO September 2026 Rev.6'!$B$6:$B$52,0),MATCH($CJ$3,'SO September 2026 Rev.6'!$B$5:$XK$5,0)) -> 6500 | CK6: =INDEX('Summary sales'!$A$6:$CA$50,MATCH($B6,'Summary sales'!$A$6:$A$50,0),MATCH($CJ$3,'Summary sales'!$A$7:$CA$7,0)) -> 6023.67 | CL6: =CK6-CJ6 -> -476.33 | CM6: =CK6/CJ6 -> 0.92671846 | CN6: =INDEX('SO September 2026 Rev.6'!$B$6:$BK$52,MATCH($B6,'SO September 2026 Rev.6'!$B$6:$B$52,0),MATCH(CN$3,'SO September 2026 Rev.6'!$B$5:$XK$5,0)) -> 12000 | CO6: =INDEX('Summary sales'!$A$6:$CA$50,MATCH($B6,'Summary sales'!$A$6:$A$50,0),MATCH($CN$3,'Summary sales'!$A$7:$CA$7,0)) -> 8788.6 | CP6: =CO6-CN6 -> -3211.4 | CQ6: =CO6/CN6 -> 0.73238333 | CR6: =INDEX('SO September 2026 Rev.6'!$B$6:$BK$52,MATCH($B6,'SO September 2026 Rev.6'!$B$6:$B$52,0),MATCH(CR$3,'SO September 2026 Rev.6'!$B$5:$XK$5,0)) -> 3000 | CS6: =INDEX('Summary sales'!$A$6:$CA$50,MATCH($B6,'Summary sales'!$A$6:$A$50,0),MATCH($CR$3,'Summary sales'!$A$7:$CA$7,0)) -> 2267.99 | CT6: =CS6-CR6 -> -732.01 | CU6: =CS6/CR6 -> 0.75599667 | CV6: =INDEX('SO September 2026 Rev.6'!$B$6:$BK$52,MATCH(B6,'SO September 2026 Rev.6'!$B$6:$B$52,0),MATCH($CV$3,'SO September 2026 Rev.6'!$B$5:$XK$5,0)) -> 16000 | CW6: =INDEX('Summary sales'!$A$6:$CA$50,MATCH($B6,'Summary sales'!$A$6:$A$50,0),MATCH($CV$3,'Summary sales'!$A$7:$CA$7,0)) -> 13004.894 | CX6: =CW6-CV6 -> -2995.106 | CY6: =CW6/CV6 -> 0.81280588 | CZ6: =INDEX('SO September 2026 Rev.6'!$B$6:$BK$52,MATCH(B6,'SO September 2026 Rev.6'!$B$6:$B$52,0),MATCH($CZ$3,'SO September 2026 Rev.6'!$B$5:$XK$5,0)) -> 2000 | DA6: =INDEX('Summary sales'!$A$6:$CA$50,MATCH($B6,'Summary sales'!$A$6:$A$50,0),MATCH($CZ$3,'Summary sales'!$A$7:$CA$7,0)) -> 1678.18 | DB6: =DA6-CZ6 -> -321.82 | DC6: =DA6/CZ6 -> 0.83909 | DD6: =INDEX('SO September 2026 Rev.6'!$B$6:$BK$52,MATCH($B6,'SO September 2026 Rev.6'!$B$6:$B$52,0),MATCH(DD$3,'SO September 2026 Rev.6'!$B$5:$XK$5,0)) -> 800 | DE6: =INDEX('Summary sales'!$A$6:$CA$50,MATCH($B6,'Summary sales'!$A$6:$A$50,0),MATCH($DD$3,'Summary sales'!$A$7:$CA$7,0)) -> 759.57 | DF6: =DE6-DD6 -> -40.43 | DG6: =DE6/DD6 -> 0.9494625 | DH6: =INDEX('SO September 2026 Rev.6'!$B$6:$BK$52,MATCH($B6,'SO September 2026 Rev.6'!$B$6:$B$52,0),MATCH(DH$3,'SO September 2026 Rev.6'!$B$5:$XK$5,0)) -> 7200 | DI6: =INDEX('Summary sales'!$A$6:$CA$50,MATCH($B6,'Summary sales'!$A$6:$A$50,0),MATCH($DH$3,'Summary sales'!$A$7:$CA$7,0)) -> 8376.3 | DJ6: =DI6-DH6 -> 1176.3 | DK6: =DI6/DH6 -> 1.163375 | DL6: =INDEX('SO September 2026 Rev.6'!$B$6:$BK$52,MATCH(B6,'SO September 2026 Rev.6'!$B$6:$B$52,0),MATCH($DL$3,'SO September 2026 Rev.6'!$B$5:$XK$5,0)) -> 2500 | DM6: =INDEX('Summary sales'!$A$6:$CA$50,MATCH($B6,'Summary sales'!$A$6:$A$50,0),MATCH($DL$3,'Summary sales'!$A$7:$CA$7,0)) -> 1855.4 | DN6: =DM6-DL6 -> -644.6 | DO6: =DM6/DL6 -> 0.74216 | DP6: =INDEX('SO September 2026 Rev.6'!$B$6:$BK$52,MATCH(B6,'SO September 2026 Rev.6'!$B$6:$B$52,0),MATCH($DP$3,'SO September 2026 Rev.6'!$B$5:$XK$5,0)) -> 2000 | DQ6: =INDEX('Summary sales'!$A$6:$CA$50,MATCH($B6,'Summary sales'!$A$6:$A$50,0),MATCH($DP$3,'Summary sales'!$A$7:$CA$7,0)) -> 1939.49 | DR6: =DQ6-DP6 -> -60.51 | DS6: =DQ6/DP6 -> 0.969745 | DT6: =INDEX('SO September 2026 Rev.6'!$B$6:$BK$52,MATCH(B6,'SO September 2026 Rev.6'!$B$6:$B$52,0),MATCH($DT$3,'SO September 2026 Rev.6'!$B$5:$XK$5,0)) -> 1000 | DU6: =INDEX('Summary sales'!$A$6:$CA$50,MATCH($B6,'Summary sales'!$A$6:$A$50,0),MATCH($DT$3,'Summary sales'!$A$7:$CA$7,0)) -> 498.69 | DV6: =DU6-DT6 -> -501.31 | DW6: =DU6/DT6 -> 0.49869 | DX6: =INDEX('SO September 2026 Rev.6'!$B$6:$BK$52,MATCH(B6,'SO September 2026 Rev.6'!$B$6:$B$52,0),MATCH($DX$3,'SO September 2026 Rev.6'!$B$5:$XK$5,0)) -> 11000 | DY6: =INDEX('Summary sales'!$A$6:$CA$50,MATCH($B6,'Summary sales'!$A$6:$A$50,0),MATCH($DX$3,'Summary sales'!$A$7:$CA$7,0)) -> 9729.33 | DZ6: =DY6-DX6 -> -1270.67 | EA6: =DY6/DX6 -> 0.88448455 | EB6: =INDEX('SO September 2026 Rev.6'!$B$6:$BK$52,MATCH(B6,'SO September 2026 Rev.6'!$B$6:$B$52,0),MATCH($EB$3,'SO September 2026 Rev.6'!$B$5:$XK$5,0)) -> 2000 | EC6: =INDEX('Summary sales'!$A$6:$CA$50,MATCH($B6,'Summary sales'!$A$6:$A$50,0),MATCH($EB$3,'Summary sales'!$A$7:$CA$7,0)) -> 2247.35 | ED6: =EC6-EB6 -> 247.35 | EE6: =EC6/EB6 -> 1.123675 | EF6: =INDEX('SO September 2026 Rev.6'!$B$6:$BK$52,MATCH($B6,'SO September 2026 Rev.6'!$B$6:$B$52,0),MATCH(EF$3,'SO September 2026 Rev.6'!$B$5:$XK$5,0)) -> 4000 | EG6: =INDEX('Summary sales'!$A$6:$CA$50,MATCH($B6,'Summary sales'!$A$6:$A$50,0),MATCH($EF$3,'Summary sales'!$A$7:$CA$7,0)) -> 3307.78 | EH6: =EG6-EF6 -> -692.22 | EI6: =EG6/EF6 -> 0.826945 | EJ6: =INDEX('SO September 2026 Rev.6'!$B$6:$BK$52,MATCH(B6,'SO September 2026 Rev.6'!$B$6:$B$52,0),MATCH($EJ$3,'SO September 2026 Rev.6'!$B$5:$XK$5,0)) -> 7000 | EK6: =INDEX('Summary sales'!$A$6:$CA$50,MATCH(B6,'Summary sales'!$A$6:$A$50,0),MATCH($EJ$3,'Summary sales'!$A$7:$CA$7,0)) -> 10431.74 | EL6: =EK6-EJ6 -> 3431.74 | EM6: =EK6/EJ6 -> 1.4902486 | EN6: =INDEX('SO September 2026 Rev.6'!$B$6:$BK$52,MATCH(B6,'SO September 2026 Rev.6'!$B$6:$B$52,0),MATCH($EN$3,'SO September 2026 Rev.6'!$B$5:$XK$5,0)) -> 5000 | EO6: =INDEX('Summary sales'!$A$6:$CA$50,MATCH($B6,'Summary sales'!$A$6:$A$50,0),MATCH($EN$3,'Summary sales'!$A$7:$CA$7,0)) -> 5167.12 | EP6: =EO6-EN6 -> 167.12 | EQ6: =EO6/EN6 -> 1.033424 | ER6: =INDEX('SO September 2026 Rev.6'!$B$6:$BK$52,MATCH(B6,'SO September 2026 Rev.6'!$B$6:$B$52,0),MATCH($ER$3,'SO September 2026 Rev.6'!$B$5:$XK$5,0)) -> 19000 | ES6: =INDEX('Summary sales'!$A$6:$CA$50,MATCH($B6,'Summary sales'!$A$6:$A$50,0),MATCH($ER$3,'Summary sales'!$A$7:$CA$7,0)) -> 20697.92 | ET6: =ES6-ER6 -> 1697.92 | EU6: =ES6/ER6 -> 1.0893642 | EV6: =INDEX('SO September 2026 Rev.6'!$B$6:$BK$52,MATCH($B6,'SO September 2026 Rev.6'!$B$6:$B$52,0),MATCH($EV$3,'SO September 2026 Rev.6'!$B$5:$XK$5,0)) -> 8000 | EW6: =INDEX('Summary sales'!$A$6:$CA$50,MATCH(B6,'Summary sales'!$A$6:$A$50,0),MATCH($EV$3,'Summary sales'!$A$7:$CA$7,0)) -> 7290.24 | EX6: =EW6-EV6 -> -709.76 | EY6: =EW6/EV6 -> 0.91128 | EZ6: =INDEX('SO September 2026 Rev.6'!$B$6:$BK$52,MATCH(B6,'SO September 2026 Rev.6'!$B$6:$B$52,0),MATCH($EZ$3,'SO September 2026 Rev.6'!$B$5:$XK$5,0)) -> 3500 | FA6: =INDEX('Summary sales'!$A$6:$CA$50,MATCH(B6,'Summary sales'!$A$6:$A$50,0),MATCH($EZ$3,'Summary sales'!$A$7:$CA$7,0)) -> 3060.3 | FB6: =FA6-EZ6 -> -439.7 | FC6: =FA6/EZ6 -> 0.87437143 | FD6: =INDEX('SO September 2026 Rev.6'!$B$6:$BK$52,MATCH(B6,'SO September 2026 Rev.6'!$B$6:$B$52,0),MATCH($FD$3,'SO September 2026 Rev.6'!$B$5:$XK$5,0)) -> 2000 | FE6: =INDEX('Summary sales'!$A$6:$CA$50,MATCH(B6,'Summary sales'!$A$6:$A$50,0),MATCH($FD$3,'Summary sales'!$A$7:$CA$7,0)) -> 900.78 | FF6: =FE6-FD6 -> -1099.22 | FG6: =FA6/EZ6 -> 0.87437143 | FH6: =INDEX('SO September 2026 Rev.6'!$B$6:$BK$52,MATCH(B6,'SO September 2026 Rev.6'!$B$6:$B$52,0),MATCH($FH$3,'SO September 2026 Rev.6'!$B$5:$XK$5,0)) -> 0 | FI6: =INDEX('Summary sales'!$A$6:$CA$50,MATCH(B6,'Summary sales'!$A$6:$A$50,0),MATCH($FH$3,'Summary sales'!$A$7:$CA$7,0)) -> 0 | FJ6: =FI6-FH6 -> 0 | FK6: =FE6/FD6 -> 0.45039 | FL6: =INDEX('SO September 2026 Rev.6'!$B$6:$BK$52,MATCH(B6,'SO September 2026 Rev.6'!$B$6:$B$52,0),MATCH($FL$3,'SO September 2026 Rev.6'!$B$5:$XK$5,0)) -> 700 | FM6: =INDEX('Summary sales'!$A$6:$CA$50,MATCH(B6,'Summary sales'!$A$6:$A$50,0),MATCH($FL$3,'Summary sales'!$A$7:$CA$7,0)) -> 264.88 | FN6: =FM6-FL6 -> -435.12 | FO6: =FM6/FL6 -> 0.3784 | FP6: =INDEX('SO September 2026 Rev.6'!$B$6:$BK$52,MATCH(B6,'SO September 2026 Rev.6'!$B$6:$B$52,0),MATCH($FP$3,'SO September 2026 Rev.6'!$B$5:$XK$5,0)) -> 6500 | FQ6: =INDEX('Summary sales'!$A$6:$CA$50,MATCH(B6,'Summary sales'!$A$6:$A$50,0),MATCH($FP$3,'Summary sales'!$A$7:$CA$7,0)) -> 6194.42 | FR6: =FQ6-FP6 -> -305.58 | FS6: =FQ6/FP6 -> 0.95298769 | FT6: =INDEX('SO September 2026 Rev.6'!$B$6:$BK$52,MATCH(B6,'SO September 2026 Rev.6'!$B$6:$B$52,0),MATCH($FT$3,'SO September 2026 Rev.6'!$B$5:$XK$5,0)) -> 3500 | FU6: =INDEX('Summary sales'!$A$6:$CA$50,MATCH(B6,'Summary sales'!$A$6:$A$50,0),MATCH($FT$3,'Summary sales'!$A$7:$CA$7,0)) -> 0 | FV6: =FU6-FT6 -> -3500 | FW6: =FU6/FT6 -> 0 | FX6: =INDEX('SO September 2026 Rev.6'!$B$6:$BK$52,MATCH(B6,'SO September 2026 Rev.6'!$B$6:$B$52,0),MATCH($FX$3,'SO September 2026 Rev.6'!$B$5:$XK$5,0)) -> 2000 | FY6: =INDEX('Summary sales'!$A$6:$CA$50,MATCH(B6,'Summary sales'!$A$6:$A$50,0),MATCH($FX$3,'Summary sales'!$A$7:$CA$7,0)) -> 3962.37 | FZ6: =FY6-FX6 -> 1962.37 | GA6: =FY6/FX6 -> 1.981185 | GB6: =INDEX('SO September 2026 Rev.6'!$B$6:$BK$52,MATCH(B6,'SO September 2026 Rev.6'!$B$6:$B$52,0),MATCH($GB$3,'SO September 2026 Rev.6'!$B$5:$XK$5,0)) -> 369.61071 | GC6: =INDEX('Summary sales'!$A$6:$CA$50,MATCH(B6,'Summary sales'!$A$6:$A$50,0),MATCH($GB$3,'Summary sales'!$A$7:$CA$7,0)) -> 0 | GD6: =GC6-GB6 -> -369.61071 | GE6: =GC6/GB6 -> 0 | GF6: =INDEX('SO September 2026 Rev.6'!$B$6:$BK$52,MATCH($B6,'SO September 2026 Rev.6'!$B$6:$B$52,0),MATCH(GF$3,'SO September 2026 Rev.6'!$B$5:$XK$5,0)) -> 27000 | GG6: =INDEX('Summary sales'!$A$6:$CA$50,MATCH(B6,'Summary sales'!$A$6:$A$50,0),MATCH($GF$3,'Summary sales'!$A$7:$CA$7,0)) -> 3854.823 | GH6: =GG6-GF6 -> -23145.177 | GI6: =GG6/GF6 -> 0.14277122 | GJ6: =INDEX('SO September 2026 Rev.6'!$B$6:$BK$52,MATCH(B6,'SO September 2026 Rev.6'!$B$6:$B$52,0),MATCH($GJ$3,'SO September 2026 Rev.6'!$B$5:$XK$5,0)) -> 1121.9003 | GK6: =INDEX('Summary sales'!$A$6:$CA$50,MATCH($B6,'Summary sales'!$A$6:$A$50,0),MATCH($GJ$3,'Summary sales'!$A$7:$CA$7,0)) -> 824.32 | GL6: =GK6-GJ6 -> -297.58032 | GM6: =GK6/GJ6 -> 0.73475333 | GN6: =INDEX('SO September 2026 Rev.6'!$B$6:$BK$52,MATCH(B6,'SO September 2026 Rev.6'!$B$6:$B$52,0),MATCH($GN$3,'SO September 2026 Rev.6'!$B$5:$XK$5,0)) -> 2499.7026 | GO6: =INDEX('Summary sales'!$A$6:$CA$50,MATCH(B6,'Summary sales'!$A$6:$A$50,0),MATCH($GN$3,'Summary sales'!$A$7:$CA$7,0)) -> 2561.54 | GP6: =GO6-GN6 -> 61.837419 | GQ6: =GO6/GN6 -> 1.0247379 | GR6: =INDEX('SO September 2026 Rev.6'!$B$6:$BK$52,MATCH(B6,'SO September 2026 Rev.6'!$B$6:$B$52,0),MATCH($GR$3,'SO September 2026 Rev.6'!$B$5:$XK$5,0)) -> 3587.0968 | GS6: =INDEX('Summary sales'!$A$6:$CA$50,MATCH(B6,'Summary sales'!$A$6:$A$50,0),MATCH($GR$3,'Summary sales'!$A$7:$CA$7,0)) -> 4332.09 | GT6: =GS6-GR6 -> 744.99323 | GU6: =GS6/GR6 -> 1.207687 | GV6: =INDEX('SO September 2026 Rev.6'!$B$6:$BK$52,MATCH(B6,'SO September 2026 Rev.6'!$B$6:$B$52,0),MATCH($GV$3,'SO September 2026 Rev.6'!$B$5:$XK$5,0)) -> 2499.7026 | GW6: =INDEX('Summary sales'!$A$6:$CA$50,MATCH(B6,'Summary sales'!$A$6:$A$50,0),MATCH($GV$3,'Summary sales'!$A$7:$CA$7,0)) -> 0 | GX6: =GW6-GV6 -> -2499.7026 | GY6: =GW6/GV6 -> 0 | GZ6: =INDEX('SO September 2026 Rev.6'!$B$6:$BK$52,MATCH(B6,'SO September 2026 Rev.6'!$B$6:$B$52,0),MATCH($GZ$3,'SO September 2026 Rev.6'!$B$5:$XK$5,0)) -> 0 | HA6: =INDEX('Summary sales'!$A$6:$CA$50,MATCH(B6,'Summary sales'!$A$6:$A$50,0),MATCH($GZ$3,'Summary sales'!$A$7:$CA$7,0)) -> 0 | HB6: =HA6-GZ6 -> 0 | HC6: =HA6/GZ6 -> #DIV/0!
B7: =B6+1 -> 46268 | C7: =TEXT(B7,"ddd") -> Thu | D7: =SUMIF($H$4:$HB$4,$D$4,H7:HB7) -> 202694.13 | E7: =SUMIF($H$4:$HB$4,$E$4,H7:HB7) -> 206534.45 | F7: =E7-D7 -> 3840.3207 | G7: =E7/D7 -> 1.0189464 | H7: =INDEX('SO September 2026 Rev.6'!$B$6:$BK$52,MATCH($B7,'SO September 2026 Rev.6'!$B$6:$B$52,0),MATCH($H$3,'SO September 2026 Rev.6'!$B$5:$XK$5,0)) -> 1199.5729 | I7: =INDEX('Summary sales'!$A$6:$CA$50,MATCH($B7,'Summary sales'!$A$6:$A$50,0),MATCH($H$3,'Summary sales'!$A$7:$CA$7,0)) -> 824.82 | J7: =I7-H7 -> -374.7529 | K7: =I7/H7 -> 0.68759472 | L7: =INDEX('SO September 2026 Rev.6'!$B$6:$BK$52,MATCH($B7,'SO September 2026 Rev.6'!$B$6:$B$52,0),MATCH($L$3,'SO September 2026 Rev.6'!$B$5:$XK$5,0)) -> 1200 | M7: =INDEX('Summary sales'!$A$6:$CA$50,MATCH($B7,'Summary sales'!$A$6:$A$50,0),MATCH($L$3,'Summary sales'!$A$7:$CA$7,0)) -> 1326.65 | N7: =M7-L7 -> 126.65 | O7: =M7/L7 -> 1.1055417 | P7: =INDEX('SO September 2026 Rev.6'!$B$6:$BK$52,MATCH($B7,'SO September 2026 Rev.6'!$B$6:$B$52,0),MATCH($P$3,'SO September 2026 Rev.6'!$B$5:$XK$5,0)) -> 3300 | Q7: =INDEX('Summary sales'!$A$6:$CA$50,MATCH($B7,'Summary sales'!$A$6:$A$50,0),MATCH($P$3,'Summary sales'!$A$7:$CA$7,0)) -> 3543.2 | R7: =Q7-P7 -> 243.2 | S7: =Q7/P7 -> 1.073697 | T7: =INDEX('SO September 2026 Rev.6'!$B$6:$BK$52,MATCH(B7,'SO September 2026 Rev.6'!$B$6:$B$52,0),MATCH($T$3,'SO September 2026 Rev.6'!$B$5:$XK$5,0)) -> 800 | U7: =INDEX('Summary sales'!$A$6:$CA$50,MATCH($B7,'Summary sales'!$A$6:$A$50,0),MATCH($T$3,'Summary sales'!$A$7:$CA$7,0)) -> 709.76 | V7: =U7-T7 -> -90.24 | W7: =U7/T7 -> 0.8872 | X7: =INDEX('SO September 2026 Rev.6'!$B$6:$BK$52,MATCH(B7,'SO September 2026 Rev.6'!$B$6:$B$52,0),MATCH($X$3,'SO September 2026 Rev.6'!$B$5:$XK$5,0)) -> 150 | Y7: =INDEX('Summary sales'!$A$6:$CA$50,MATCH($B7,'Summary sales'!$A$6:$A$50,0),MATCH($X$3,'Summary sales'!$A$7:$CA$7,0)) -> 192.46 | Z7: =Y7-X7 -> 42.46 | AA7: =Y7/X7 -> 1.2830667 | AB7: =INDEX('SO September 2026 Rev.6'!$B$6:$BK$52,MATCH(B7,'SO September 2026 Rev.6'!$B$6:$B$52,0),MATCH($AB$3,'SO September 2026 Rev.6'!$B$5:$XK$5,0)) -> 603.76323 | AC7: =INDEX('Summary sales'!$A$6:$CA$50,MATCH($B7,'Summary sales'!$A$6:$A$50,0),MATCH($AB$3,'Summary sales'!$A$7:$CA$7,0)) -> 882.59 | AD7: =AC7-AB7 -> 278.82677 | AE7: =AC7/AB7 -> 1.4618148 | AF7: =INDEX('SO September 2026 Rev.6'!$B$6:$BK$52,MATCH(B7,'SO September 2026 Rev.6'!$B$6:$B$52,0),MATCH($AF$3,'SO September 2026 Rev.6'!$B$5:$XK$5,0)) -> 673.27548 | AG7: =INDEX('Summary sales'!$A$6:$CA$50,MATCH($B7,'Summary sales'!$A$6:$A$50,0),MATCH($AF$3,'Summary sales'!$A$7:$CA$7,0)) -> 725.83 | AH7: =AG7-AF7 -> 52.554516 | AI7: =AG7/AF7 -> 1.078058 | AJ7: =INDEX('SO September 2026 Rev.6'!$B$6:$BK$52,MATCH(B7,'SO September 2026 Rev.6'!$B$6:$B$52,0),MATCH($AJ$3,'SO September 2026 Rev.6'!$B$5:$XK$5,0)) -> 5500 | AK7: =INDEX('Summary sales'!$A$6:$CA$50,MATCH($B7,'Summary sales'!$A$6:$A$50,0),MATCH($AJ$3,'Summary sales'!$A$7:$CA$7,0)) -> 5706.29 | AL7: =AK7-AJ7 -> 206.29 | AM7: =AK7/AJ7 -> 1.0375073 | AN7: =INDEX('SO September 2026 Rev.6'!$B$6:$BK$52,MATCH(B7,'SO September 2026 Rev.6'!$B$6:$B$52,0),MATCH($AN$3,'SO September 2026 Rev.6'!$B$5:$XK$5,0)) -> 5000 | AO7: =INDEX('Summary sales'!$A$6:$CA$50,MATCH($B7,'Summary sales'!$A$6:$A$50,0),MATCH($AN$3,'Summary sales'!$A$7:$CA$7,0)) -> 4553.36 | AP7: =AO7-AN7 -> -446.64 | AQ7: =AO7/AN7 -> 0.910672 | AR7: =INDEX('SO September 2026 Rev.6'!$B$6:$BK$52,MATCH(B7,'SO September 2026 Rev.6'!$B$6:$B$52,0),MATCH($AR$3,'SO September 2026 Rev.6'!$B$5:$XK$5,0)) -> 2500 | AS7: =INDEX('Summary sales'!$A$6:$CA$50,MATCH($B7,'Summary sales'!$A$6:$A$50,0),MATCH($AR$3,'Summary sales'!$A$7:$CA$7,0)) -> 2720.95 | AT7: =AS7-AR7 -> 220.95 | AU7: =AS7/AR7 -> 1.08838 | AV7: =INDEX('SO September 2026 Rev.6'!$B$6:$BK$52,MATCH(B7,'SO September 2026 Rev.6'!$B$6:$B$52,0),MATCH($AV$3,'SO September 2026 Rev.6'!$B$5:$XK$5,0)) -> 500 | AW7: =INDEX('Summary sales'!$A$6:$CA$50,MATCH($B7,'Summary sales'!$A$6:$A$50,0),MATCH($AV$3,'Summary sales'!$A$7:$CA$7,0)) -> 1132.7 | AX7: =AW7-AV7 -> 632.7 | AY7: =AW7/AV7 -> 2.2654 | AZ7: =INDEX('SO September 2026 Rev.6'!$B$6:$BK$52,MATCH(B7,'SO September 2026 Rev.6'!$B$6:$B$52,0),MATCH($AZ$3,'SO September 2026 Rev.6'!$B$5:$XK$5,0)) -> 15600 | BA7: =INDEX('Summary sales'!$A$6:$CA$50,MATCH($B7,'Summary sales'!$A$6:$A$50,0),MATCH($AZ$3,'Summary sales'!$A$7:$CA$7,0)) -> 15459.76 | BB7: =BA7-AZ7 -> -140.24 | BC7: =BA7/AZ7 -> 0.99101026 | BD7: =INDEX('SO September 2026 Rev.6'!$B$6:$BK$52,MATCH(B7,'SO September 2026 Rev.6'!$B$6:$B$52,0),MATCH($BD$3,'SO September 2026 Rev.6'!$B$5:$XK$5,0)) -> 9000.0571 | BE7: =INDEX('Summary sales'!$A$6:$CA$50,MATCH($B7,'Summary sales'!$A$6:$A$50,0),MATCH($BD$3,'Summary sales'!$A$7:$CA$7,0)) -> 10745.71 | BF7: =BE7-BD7 -> 1745.6529 | BG7: =BE7/BD7 -> 1.1939602 | BH7: =INDEX('SO September 2026 Rev.6'!$B$6:$BK$52,MATCH(B7,'SO September 2026 Rev.6'!$B$6:$B$52,0),MATCH($BH$3,'SO September 2026 Rev.6'!$B$5:$XK$5,0)) -> 1000 | BI7: =INDEX('Summary sales'!$A$6:$CA$50,MATCH($B7,'Summary sales'!$A$6:$A$50,0),MATCH($BH$3,'Summary sales'!$A$7:$CA$7,0)) -> 812.733 | BJ7: =BI7-BH7 -> -187.267 | BK7: =BI7/BH7 -> 0.812733 | BL7: =INDEX('SO September 2026 Rev.6'!$B$6:$BK$52,MATCH(B7,'SO September 2026 Rev.6'!$B$6:$B$52,0),MATCH($BL$3,'SO September 2026 Rev.6'!$B$5:$XK$5,0)) -> 5500 | BM7: =INDEX('Summary sales'!$A$6:$CA$50,MATCH($B7,'Summary sales'!$A$6:$A$50,0),MATCH($BL$3,'Summary sales'!$A$7:$CA$7,0)) -> 5259.91 | BN7: =BM7-BL7 -> -240.09 | BO7: =BM7/BL7 -> 0.95634727 | BP7: =INDEX('SO September 2026 Rev.6'!$B$6:$BK$52,MATCH(B7,'SO September 2026 Rev.6'!$B$6:$B$52,0),MATCH($BP$3,'SO September 2026 Rev.6'!$B$5:$XK$5,0)) -> 1000 | BQ7: =INDEX('Summary sales'!$A$6:$CA$50,MATCH($B7,'Summary sales'!$A$6:$A$50,0),MATCH($BP$3,'Summary sales'!$A$7:$CA$7,0)) -> 877.78 | BR7: =BQ7-BP7 -> -122.22 | BS7: =BQ7/BP7 -> 0.87778 | BT7: =INDEX('SO September 2026 Rev.6'!$B$6:$BK$52,MATCH(B7,'SO September 2026 Rev.6'!$B$6:$B$52,0),MATCH($BT$3,'SO September 2026 Rev.6'!$B$5:$XK$5,0)) -> 89.451613 | BU7: =INDEX('Summary sales'!$A$6:$CA$50,MATCH($B7,'Summary sales'!$A$6:$A$50,0),MATCH($BT$3,'Summary sales'!$A$7:$CA$7,0)) -> 69.627 | BV7: =BU7-BT7 -> -19.824613 | BW7: =BU7/BT7 -> 0.77837613 | BX7: 3500 | BY7: =INDEX('Summary sales'!$A$6:$CA$50,MATCH($B7,'Summary sales'!$A$6:$A$50,0),MATCH($BX$3,'Summary sales'!$A$7:$CA$7,0)) -> 3141.5 | BZ7: =BY7-BX7 -> -358.5 | CA7: =BY7/BX7 -> 0.89757143 | CB7: =INDEX('SO September 2026 Rev.6'!$B$6:$BK$52,MATCH(B7,'SO September 2026 Rev.6'!$B$6:$B$52,0),MATCH($CB$3,'SO September 2026 Rev.6'!$B$5:$XK$5,0)) -> 1300 | CC7: =INDEX('Summary sales'!$A$6:$CA$50,MATCH($B7,'Summary sales'!$A$6:$A$50,0),MATCH($CB$3,'Summary sales'!$A$7:$CA$7,0)) -> 1330.55 | CD7: =CC7-CB7 -> 30.55 | CE7: =CC7/CB7 -> 1.0235 | CF7: =INDEX('SO September 2026 Rev.6'!$B$6:$BK$52,MATCH(B7,'SO September 2026 Rev.6'!$B$6:$B$52,0),MATCH($CF$3,'SO September 2026 Rev.6'!$B$5:$XK$5,0)) -> 3000 | CG7: =INDEX('Summary sales'!$A$6:$CA$50,MATCH($B7,'Summary sales'!$A$6:$A$50,0),MATCH($CF$3,'Summary sales'!$A$7:$CA$7,0)) -> 5070.7 | CH7: =CG7-CF7 -> 2070.7 | CI7: =CG7/CF7 -> 1.6902333 | CJ7: =INDEX('SO September 2026 Rev.6'!$B$6:$BK$52,MATCH($B7,'SO September 2026 Rev.6'!$B$6:$B$52,0),MATCH($CJ$3,'SO September 2026 Rev.6'!$B$5:$XK$5,0)) -> 6000 | CK7: =INDEX('Summary sales'!$A$6:$CA$50,MATCH($B7,'Summary sales'!$A$6:$A$50,0),MATCH($CJ$3,'Summary sales'!$A$7:$CA$7,0)) -> 5920.29 | CL7: =CK7-CJ7 -> -79.71 | CM7: =CK7/CJ7 -> 0.986715 | CN7: =INDEX('SO September 2026 Rev.6'!$B$6:$BK$52,MATCH($B7,'SO September 2026 Rev.6'!$B$6:$B$52,0),MATCH(CN$3,'SO September 2026 Rev.6'!$B$5:$XK$5,0)) -> 12000 | CO7: =INDEX('Summary sales'!$A$6:$CA$50,MATCH($B7,'Summary sales'!$A$6:$A$50,0),MATCH($CN$3,'Summary sales'!$A$7:$CA$7,0)) -> 9065.6 | CP7: =CO7-CN7 -> -2934.4 | CQ7: =CO7/CN7 -> 0.75546667 | CR7: =INDEX('SO September 2026 Rev.6'!$B$6:$BK$52,MATCH($B7,'SO September 2026 Rev.6'!$B$6:$B$52,0),MATCH(CR$3,'SO September 2026 Rev.6'!$B$5:$XK$5,0)) -> 3000 | CS7: =INDEX('Summary sales'!$A$6:$CA$50,MATCH($B7,'Summary sales'!$A$6:$A$50,0),MATCH($CR$3,'Summary sales'!$A$7:$CA$7,0)) -> 1347.37 | CT7: =CS7-CR7 -> -1652.63 | CU7: =CS7/CR7 -> 0.44912333 | CV7: =INDEX('SO September 2026 Rev.6'!$B$6:$BK$52,MATCH(B7,'SO September 2026 Rev.6'!$B$6:$B$52,0),MATCH($CV$3,'SO September 2026 Rev.6'!$B$5:$XK$5,0)) -> 16000 | CW7: =INDEX('Summary sales'!$A$6:$CA$50,MATCH($B7,'Summary sales'!$A$6:$A$50,0),MATCH($CV$3,'Summary sales'!$A$7:$CA$7,0)) -> 14585.905 | CX7: =CW7-CV7 -> -1414.095 | CY7: =CW7/CV7 -> 0.91161906 | CZ7: =INDEX('SO September 2026 Rev.6'!$B$6:$BK$52,MATCH(B7,'SO September 2026 Rev.6'!$B$6:$B$52,0),MATCH($CZ$3,'SO September 2026 Rev.6'!$B$5:$XK$5,0)) -> 2000 | DA7: =INDEX('Summary sales'!$A$6:$CA$50,MATCH($B7,'Summary sales'!$A$6:$A$50,0),MATCH($CZ$3,'Summary sales'!$A$7:$CA$7,0)) -> 2218.61 | DB7: =DA7-CZ7 -> 218.61 | DC7: =DA7/CZ7 -> 1.109305 | DD7: =INDEX('SO September 2026 Rev.6'!$B$6:$BK$52,MATCH($B7,'SO September 2026 Rev.6'!$B$6:$B$52,0),MATCH(DD$3,'SO September 2026 Rev.6'!$B$5:$XK$5,0)) -> 800 | DE7: =INDEX('Summary sales'!$A$6:$CA$50,MATCH($B7,'Summary sales'!$A$6:$A$50,0),MATCH($DD$3,'Summary sales'!$A$7:$CA$7,0)) -> 1045.53 | DF7: =DE7-DD7 -> 245.53 | DG7: =DE7/DD7 -> 1.3069125 | DH7: =INDEX('SO September 2026 Rev.6'!$B$6:$BK$52,MATCH($B7,'SO September 2026 Rev.6'!$B$6:$B$52,0),MATCH(DH$3,'SO September 2026 Rev.6'!$B$5:$XK$5,0)) -> 7200 | DI7: =INDEX('Summary sales'!$A$6:$CA$50,MATCH($B7,'Summary sales'!$A$6:$A$50,0),MATCH($DH$3,'Summary sales'!$A$7:$CA$7,0)) -> 7452.62 | DJ7: =DI7-DH7 -> 252.62 | DK7: =DI7/DH7 -> 1.0350861 | DL7: =INDEX('SO September 2026 Rev.6'!$B$6:$BK$52,MATCH(B7,'SO September 2026 Rev.6'!$B$6:$B$52,0),MATCH($DL$3,'SO September 2026 Rev.6'!$B$5:$XK$5,0)) -> 2500 | DM7: =INDEX('Summary sales'!$A$6:$CA$50,MATCH($B7,'Summary sales'!$A$6:$A$50,0),MATCH($DL$3,'Summary sales'!$A$7:$CA$7,0)) -> 1805.79 | DN7: =DM7-DL7 -> -694.21 | DO7: =DM7/DL7 -> 0.722316 | DP7: =INDEX('SO September 2026 Rev.6'!$B$6:$BK$52,MATCH(B7,'SO September 2026 Rev.6'!$B$6:$B$52,0),MATCH($DP$3,'SO September 2026 Rev.6'!$B$5:$XK$5,0)) -> 2000 | DQ7: =INDEX('Summary sales'!$A$6:$CA$50,MATCH($B7,'Summary sales'!$A$6:$A$50,0),MATCH($DP$3,'Summary sales'!$A$7:$CA$7,0)) -> 1862.92 | DR7: =DQ7-DP7 -> -137.08 | DS7: =DQ7/DP7 -> 0.93146 | DT7: =INDEX('SO September 2026 Rev.6'!$B$6:$BK$52,MATCH(B7,'SO September 2026 Rev.6'!$B$6:$B$52,0),MATCH($DT$3,'SO September 2026 Rev.6'!$B$5:$XK$5,0)) -> 1000 | DU7: =INDEX('Summary sales'!$A$6:$CA$50,MATCH($B7,'Summary sales'!$A$6:$A$50,0),MATCH($DT$3,'Summary sales'!$A$7:$CA$7,0)) -> 505.22 | DV7: =DU7-DT7 -> -494.78 | DW7: =DU7/DT7 -> 0.50522 | DX7: =INDEX('SO September 2026 Rev.6'!$B$6:$BK$52,MATCH(B7,'SO September 2026 Rev.6'!$B$6:$B$52,0),MATCH($DX$3,'SO September 2026 Rev.6'!$B$5:$XK$5,0)) -> 11000 | DY7: =INDEX('Summary sales'!$A$6:$CA$50,MATCH($B7,'Summary sales'!$A$6:$A$50,0),MATCH($DX$3,'Summary sales'!$A$7:$CA$7,0)) -> 9548.81 | DZ7: =DY7-DX7 -> -1451.19 | EA7: =DY7/DX7 -> 0.86807364 | EB7: =INDEX('SO September 2026 Rev.6'!$B$6:$BK$52,MATCH(B7,'SO September 2026 Rev.6'!$B$6:$B$52,0),MATCH($EB$3,'SO September 2026 Rev.6'!$B$5:$XK$5,0)) -> 2000 | EC7: =INDEX('Summary sales'!$A$6:$CA$50,MATCH($B7,'Summary sales'!$A$6:$A$50,0),MATCH($EB$3,'Summary sales'!$A$7:$CA$7,0)) -> 2983.47 | ED7: =EC7-EB7 -> 983.47 | EE7: =EC7/EB7 -> 1.491735 | EF7: =INDEX('SO September 2026 Rev.6'!$B$6:$BK$52,MATCH($B7,'SO September 2026 Rev.6'!$B$6:$B$52,0),MATCH(EF$3,'SO September 2026 Rev.6'!$B$5:$XK$5,0)) -> 4000 | EG7: =INDEX('Summary sales'!$A$6:$CA$50,MATCH($B7,'Summary sales'!$A$6:$A$50,0),MATCH($EF$3,'Summary sales'!$A$7:$CA$7,0)) -> 1178.18 | EH7: =EG7-EF7 -> -2821.82 | EI7: =EG7/EF7 -> 0.294545 | EJ7: =INDEX('SO September 2026 Rev.6'!$B$6:$BK$52,MATCH(B7,'SO September 2026 Rev.6'!$B$6:$B$52,0),MATCH($EJ$3,'SO September 2026 Rev.6'!$B$5:$XK$5,0)) -> 7000 | EK7: =INDEX('Summary sales'!$A$6:$CA$50,MATCH(B7,'Summary sales'!$A$6:$A$50,0),MATCH($EJ$3,'Summary sales'!$A$7:$CA$7,0)) -> 9371.16 | EL7: =EK7-EJ7 -> 2371.16 | EM7: =EK7/EJ7 -> 1.3387371 | EN7: =INDEX('SO September 2026 Rev.6'!$B$6:$BK$52,MATCH(B7,'SO September 2026 Rev.6'!$B$6:$B$52,0),MATCH($EN$3,'SO September 2026 Rev.6'!$B$5:$XK$5,0)) -> 5000 | EO7: =INDEX('Summary sales'!$A$6:$CA$50,MATCH($B7,'Summary sales'!$A$6:$A$50,0),MATCH($EN$3,'Summary sales'!$A$7:$CA$7,0)) -> 5318.41 | EP7: =EO7-EN7 -> 318.41 | EQ7: =EO7/EN7 -> 1.063682 | ER7: =INDEX('SO September 2026 Rev.6'!$B$6:$BK$52,MATCH(B7,'SO September 2026 Rev.6'!$B$6:$B$52,0),MATCH($ER$3,'SO September 2026 Rev.6'!$B$5:$XK$5,0)) -> 19000 | ES7: =INDEX('Summary sales'!$A$6:$CA$50,MATCH($B7,'Summary sales'!$A$6:$A$50,0),MATCH($ER$3,'Summary sales'!$A$7:$CA$7,0)) -> 17878.27 | ET7: =ES7-ER7 -> -1121.73 | EU7: =ES7/ER7 -> 0.94096158 | EV7: =INDEX('SO September 2026 Rev.6'!$B$6:$BK$52,MATCH($B7,'SO September 2026 Rev.6'!$B$6:$B$52,0),MATCH($EV$3,'SO September 2026 Rev.6'!$B$5:$XK$5,0)) -> 8000 | EW7: =INDEX('Summary sales'!$A$6:$CA$50,MATCH(B7,'Summary sales'!$A$6:$A$50,0),MATCH($EV$3,'Summary sales'!$A$7:$CA$7,0)) -> 1933.84 | EX7: =EW7-EV7 -> -6066.16 | EY7: =EW7/EV7 -> 0.24173 | EZ7: =INDEX('SO September 2026 Rev.6'!$B$6:$BK$52,MATCH(B7,'SO September 2026 Rev.6'!$B$6:$B$52,0),MATCH($EZ$3,'SO September 2026 Rev.6'!$B$5:$XK$5,0)) -> 3500 | FA7: =INDEX('Summary sales'!$A$6:$CA$50,MATCH(B7,'Summary sales'!$A$6:$A$50,0),MATCH($EZ$3,'Summary sales'!$A$7:$CA$7,0)) -> 2927 | FB7: =FA7-EZ7 -> -573 | FC7: =FA7/EZ7 -> 0.83628571 | FD7: =INDEX('SO September 2026 Rev.6'!$B$6:$BK$52,MATCH(B7,'SO September 2026 Rev.6'!$B$6:$B$52,0),MATCH($FD$3,'SO September 2026 Rev.6'!$B$5:$XK$5,0)) -> 1000 | FE7: =INDEX('Summary sales'!$A$6:$CA$50,MATCH(B7,'Summary sales'!$A$6:$A$50,0),MATCH($FD$3,'Summary sales'!$A$7:$CA$7,0)) -> 357.51 | FF7: =FE7-FD7 -> -642.49 | FG7: =FA7/EZ7 -> 0.83628571 | FH7: =INDEX('SO September 2026 Rev.6'!$B$6:$BK$52,MATCH(B7,'SO September 2026 Rev.6'!$B$6:$B$52,0),MATCH($FH$3,'SO September 2026 Rev.6'!$B$5:$XK$5,0)) -> 0 | FI7: =INDEX('Summary sales'!$A$6:$CA$50,MATCH(B7,'Summary sales'!$A$6:$A$50,0),MATCH($FH$3,'Summary sales'!$A$7:$CA$7,0)) -> 0 | FJ7: =FI7-FH7 -> 0 | FK7: =FE7/FD7 -> 0.35751 | FL7: =INDEX('SO September 2026 Rev.6'!$B$6:$BK$52,MATCH(B7,'SO September 2026 Rev.6'!$B$6:$B$52,0),MATCH($FL$3,'SO September 2026 Rev.6'!$B$5:$XK$5,0)) -> 700 | FM7: =INDEX('Summary sales'!$A$6:$CA$50,MATCH(B7,'Summary sales'!$A$6:$A$50,0),MATCH($FL$3,'Summary sales'!$A$7:$CA$7,0)) -> 269.28 | FN7: =FM7-FL7 -> -430.72 | FO7: =FM7/FL7 -> 0.38468571 | FP7: =INDEX('SO September 2026 Rev.6'!$B$6:$BK$52,MATCH(B7,'SO September 2026 Rev.6'!$B$6:$B$52,0),MATCH($FP$3,'SO September 2026 Rev.6'!$B$5:$XK$5,0)) -> 6500 | FQ7: =INDEX('Summary sales'!$A$6:$CA$50,MATCH(B7,'Summary sales'!$A$6:$A$50,0),MATCH($FP$3,'Summary sales'!$A$7:$CA$7,0)) -> 5829.67 | FR7: =FQ7-FP7 -> -670.33 | FS7: =FQ7/FP7 -> 0.89687231 | FT7: =INDEX('SO September 2026 Rev.6'!$B$6:$BK$52,MATCH(B7,'SO September 2026 Rev.6'!$B$6:$B$52,0),MATCH($FT$3,'SO September 2026 Rev.6'!$B$5:$XK$5,0)) -> 0 | FU7: =INDEX('Summary sales'!$A$6:$CA$50,MATCH(B7,'Summary sales'!$A$6:$A$50,0),MATCH($FT$3,'Summary sales'!$A$7:$CA$7,0)) -> 0 | FV7: =FU7-FT7 -> 0 | FW7: =FU7/FT7 -> #DIV/0! | FX7: =INDEX('SO September 2026 Rev.6'!$B$6:$BK$52,MATCH(B7,'SO September 2026 Rev.6'!$B$6:$B$52,0),MATCH($FX$3,'SO September 2026 Rev.6'!$B$5:$XK$5,0)) -> 2000 | FY7: =INDEX('Summary sales'!$A$6:$CA$50,MATCH(B7,'Summary sales'!$A$6:$A$50,0),MATCH($FX$3,'Summary sales'!$A$7:$CA$7,0)) -> 2207.17 | FZ7: =FY7-FX7 -> 207.17 | GA7: =FY7/FX7 -> 1.103585 | GB7: =INDEX('SO September 2026 Rev.6'!$B$6:$BK$52,MATCH(B7,'SO September 2026 Rev.6'!$B$6:$B$52,0),MATCH($GB$3,'SO September 2026 Rev.6'!$B$5:$XK$5,0)) -> 369.61071 | GC7: =INDEX('Summary sales'!$A$6:$CA$50,MATCH(B7,'Summary sales'!$A$6:$A$50,0),MATCH($GB$3,'Summary sales'!$A$7:$CA$7,0)) -> 2542.88 | GD7: =GC7-GB7 -> 2173.2693 | GE7: =GC7/GB7 -> 6.8798872 | GF7: =INDEX('SO September 2026 Rev.6'!$B$6:$BK$52,MATCH($B7,'SO September 2026 Rev.6'!$B$6:$B$52,0),MATCH(GF$3,'SO September 2026 Rev.6'!$B$5:$XK$5,0)) -> 9000 | GG7: =INDEX('Summary sales'!$A$6:$CA$50,MATCH(B7,'Summary sales'!$A$6:$A$50,0),MATCH($GF$3,'Summary sales'!$A$7:$CA$7,0)) -> 19989.339 | GH7: =GG7-GF7 -> 10989.339 | GI7: =GG7/GF7 -> 2.2210377 | GJ7: =INDEX('SO September 2026 Rev.6'!$B$6:$BK$52,MATCH(B7,'SO September 2026 Rev.6'!$B$6:$B$52,0),MATCH($GJ$3,'SO September 2026 Rev.6'!$B$5:$XK$5,0)) -> 1121.9003 | GK7: =INDEX('Summary sales'!$A$6:$CA$50,MATCH($B7,'Summary sales'!$A$6:$A$50,0),MATCH($GJ$3,'Summary sales'!$A$7:$CA$7,0)) -> 949.65 | GL7: =GK7-GJ7 -> -172.25032 | GM7: =GK7/GJ7 -> 0.84646557 | GN7: =INDEX('SO September 2026 Rev.6'!$B$6:$BK$52,MATCH(B7,'SO September 2026 Rev.6'!$B$6:$B$52,0),MATCH($GN$3,'SO September 2026 Rev.6'!$B$5:$XK$5,0)) -> 2499.7026 | GO7: =INDEX('Summary sales'!$A$6:$CA$50,MATCH(B7,'Summary sales'!$A$6:$A$50,0),MATCH($GN$3,'Summary sales'!$A$7:$CA$7,0)) -> 2569.89 | GP7: =GO7-GN7 -> 70.187419 | GQ7: =GO7/GN7 -> 1.0280783 | GR7: =INDEX('SO September 2026 Rev.6'!$B$6:$BK$52,MATCH(B7,'SO September 2026 Rev.6'!$B$6:$B$52,0),MATCH($GR$3,'SO September 2026 Rev.6'!$B$5:$XK$5,0)) -> 3587.0968 | GS7: =INDEX('Summary sales'!$A$6:$CA$50,MATCH(B7,'Summary sales'!$A$6:$A$50,0),MATCH($GR$3,'Summary sales'!$A$7:$CA$7,0)) -> 8493.53 | GT7: =GS7-GR7 -> 4906.4332 | GU7: =GS7/GR7 -> 2.3678006 | GV7: =INDEX('SO September 2026 Rev.6'!$B$6:$BK$52,MATCH(B7,'SO September 2026 Rev.6'!$B$6:$B$52,0),MATCH($GV$3,'SO September 2026 Rev.6'!$B$5:$XK$5,0)) -> 2499.7026 | GW7: =INDEX('Summary sales'!$A$6:$CA$50,MATCH(B7,'Summary sales'!$A$6:$A$50,0),MATCH($GV$3,'Summary sales'!$A$7:$CA$7,0)) -> 1289.66 | GX7: =GW7-GV7 -> -1210.0426 | GY7: =GW7/GV7 -> 0.51592538 | GZ7: =INDEX('SO September 2026 Rev.6'!$B$6:$BK$52,MATCH(B7,'SO September 2026 Rev.6'!$B$6:$B$52,0),MATCH($GZ$3,'SO September 2026 Rev.6'!$B$5:$XK$5,0)) -> 0 | HA7: =INDEX('Summary sales'!$A$6:$CA$50,MATCH(B7,'Summary sales'!$A$6:$A$50,0),MATCH($GZ$3,'Summary sales'!$A$7:$CA$7,0)) -> 0 | HB7: =HA7-GZ7 -> 0 | HC7: =HA7/GZ7 -> #DIV/0!
B8: =B7+1 -> 46269 | C8: =TEXT(B8,"ddd") -> Fri | D8: =SUMIF($H$4:$HB$4,$D$4,H8:HB8) -> 198694.08 | E8: =SUMIF($H$4:$HB$4,$E$4,H8:HB8) -> 177013.27 | F8: =E8-D8 -> -21680.804 | G8: =E8/D8 -> 0.89088349 | H8: =INDEX('SO September 2026 Rev.6'!$B$6:$BK$52,MATCH($B8,'SO September 2026 Rev.6'!$B$6:$B$52,0),MATCH($H$3,'SO September 2026 Rev.6'!$B$5:$XK$5,0)) -> 1199.5729 | I8: =INDEX('Summary sales'!$A$6:$CA$50,MATCH($B8,'Summary sales'!$A$6:$A$50,0),MATCH($H$3,'Summary sales'!$A$7:$CA$7,0)) -> 699.03 | J8: =I8-H8 -> -500.5429 | K8: =I8/H8 -> 0.5827324 | L8: =INDEX('SO September 2026 Rev.6'!$B$6:$BK$52,MATCH($B8,'SO September 2026 Rev.6'!$B$6:$B$52,0),MATCH($L$3,'SO September 2026 Rev.6'!$B$5:$XK$5,0)) -> 1200 | M8: =INDEX('Summary sales'!$A$6:$CA$50,MATCH($B8,'Summary sales'!$A$6:$A$50,0),MATCH($L$3,'Summary sales'!$A$7:$CA$7,0)) -> 1107.22 | N8: =M8-L8 -> -92.78 | O8: =M8/L8 -> 0.92268333 | P8: =INDEX('SO September 2026 Rev.6'!$B$6:$BK$52,MATCH($B8,'SO September 2026 Rev.6'!$B$6:$B$52,0),MATCH($P$3,'SO September 2026 Rev.6'!$B$5:$XK$5,0)) -> 3300 | Q8: =INDEX('Summary sales'!$A$6:$CA$50,MATCH($B8,'Summary sales'!$A$6:$A$50,0),MATCH($P$3,'Summary sales'!$A$7:$CA$7,0)) -> 4073.6 | R8: =Q8-P8 -> 773.6 | S8: =Q8/P8 -> 1.2344242 | T8: =INDEX('SO September 2026 Rev.6'!$B$6:$BK$52,MATCH(B8,'SO September 2026 Rev.6'!$B$6:$B$52,0),MATCH($T$3,'SO September 2026 Rev.6'!$B$5:$XK$5,0)) -> 800 | U8: =INDEX('Summary sales'!$A$6:$CA$50,MATCH($B8,'Summary sales'!$A$6:$A$50,0),MATCH($T$3,'Summary sales'!$A$7:$CA$7,0)) -> 896.5 | V8: =U8-T8 -> 96.5 | W8: =U8/T8 -> 1.120625 | X8: =INDEX('SO September 2026 Rev.6'!$B$6:$BK$52,MATCH(B8,'SO September 2026 Rev.6'!$B$6:$B$52,0),MATCH($X$3,'SO September 2026 Rev.6'!$B$5:$XK$5,0)) -> 150 | Y8: =INDEX('Summary sales'!$A$6:$CA$50,MATCH($B8,'Summary sales'!$A$6:$A$50,0),MATCH($X$3,'Summary sales'!$A$7:$CA$7,0)) -> 377.52 | Z8: =Y8-X8 -> 227.52 | AA8: =Y8/X8 -> 2.5168 | AB8: =INDEX('SO September 2026 Rev.6'!$B$6:$BK$52,MATCH(B8,'SO September 2026 Rev.6'!$B$6:$B$52,0),MATCH($AB$3,'SO September 2026 Rev.6'!$B$5:$XK$5,0)) -> 603.76323 | AC8: =INDEX('Summary sales'!$A$6:$CA$50,MATCH($B8,'Summary sales'!$A$6:$A$50,0),MATCH($AB$3,'Summary sales'!$A$7:$CA$7,0)) -> 962.44 | AD8: =AC8-AB8 -> 358.67677 | AE8: =AC8/AB8 -> 1.5940686 | AF8: =INDEX('SO September 2026 Rev.6'!$B$6:$BK$52,MATCH(B8,'SO September 2026 Rev.6'!$B$6:$B$52,0),MATCH($AF$3,'SO September 2026 Rev.6'!$B$5:$XK$5,0)) -> 673.27548 | AG8: =INDEX('Summary sales'!$A$6:$CA$50,MATCH($B8,'Summary sales'!$A$6:$A$50,0),MATCH($AF$3,'Summary sales'!$A$7:$CA$7,0)) -> 627.5 | AH8: =AG8-AF8 -> -45.775484 | AI8: =AG8/AF8 -> 0.93201077 | AJ8: =INDEX('SO September 2026 Rev.6'!$B$6:$BK$52,MATCH(B8,'SO September 2026 Rev.6'!$B$6:$B$52,0),MATCH($AJ$3,'SO September 2026 Rev.6'!$B$5:$XK$5,0)) -> 5500 | AK8: =INDEX('Summary sales'!$A$6:$CA$50,MATCH($B8,'Summary sales'!$A$6:$A$50,0),MATCH($AJ$3,'Summary sales'!$A$7:$CA$7,0)) -> 4834.36 | AL8: =AK8-AJ8 -> -665.64 | AM8: =AK8/AJ8 -> 0.87897455 | AN8: =INDEX('SO September 2026 Rev.6'!$B$6:$BK$52,MATCH(B8,'SO September 2026 Rev.6'!$B$6:$B$52,0),MATCH($AN$3,'SO September 2026 Rev.6'!$B$5:$XK$5,0)) -> 5000 | AO8: =INDEX('Summary sales'!$A$6:$CA$50,MATCH($B8,'Summary sales'!$A$6:$A$50,0),MATCH($AN$3,'Summary sales'!$A$7:$CA$7,0)) -> 4228.41 | AP8: =AO8-AN8 -> -771.59 | AQ8: =AO8/AN8 -> 0.845682 | AR8: =INDEX('SO September 2026 Rev.6'!$B$6:$BK$52,MATCH(B8,'SO September 2026 Rev.6'!$B$6:$B$52,0),MATCH($AR$3,'SO September 2026 Rev.6'!$B$5:$XK$5,0)) -> 2500 | AS8: =INDEX('Summary sales'!$A$6:$CA$50,MATCH($B8,'Summary sales'!$A$6:$A$50,0),MATCH($AR$3,'Summary sales'!$A$7:$CA$7,0)) -> 2050.02 | AT8: =AS8-AR8 -> -449.98 | AU8: =AS8/AR8 -> 0.820008 | AV8: =INDEX('SO September 2026 Rev.6'!$B$6:$BK$52,MATCH(B8,'SO September 2026 Rev.6'!$B$6:$B$52,0),MATCH($AV$3,'SO September 2026 Rev.6'!$B$5:$XK$5,0)) -> 500 | AW8: =INDEX('Summary sales'!$A$6:$CA$50,MATCH($B8,'Summary sales'!$A$6:$A$50,0),MATCH($AV$3,'Summary sales'!$A$7:$CA$7,0)) -> 1356.7 | AX8: =AW8-AV8 -> 856.7 | AY8: =AW8/AV8 -> 2.7134 | AZ8: =INDEX('SO September 2026 Rev.6'!$B$6:$BK$52,MATCH(B8,'SO September 2026 Rev.6'!$B$6:$B$52,0),MATCH($AZ$3,'SO September 2026 Rev.6'!$B$5:$XK$5,0)) -> 15600 | BA8: =INDEX('Summary sales'!$A$6:$CA$50,MATCH($B8,'Summary sales'!$A$6:$A$50,0),MATCH($AZ$3,'Summary sales'!$A$7:$CA$7,0)) -> 15486.08 | BB8: =BA8-AZ8 -> -113.92 | BC8: =BA8/AZ8 -> 0.99269744 | BD8: =INDEX('SO September 2026 Rev.6'!$B$6:$BK$52,MATCH(B8,'SO September 2026 Rev.6'!$B$6:$B$52,0),MATCH($BD$3,'SO September 2026 Rev.6'!$B$5:$XK$5,0)) -> 8000 | BE8: =INDEX('Summary sales'!$A$6:$CA$50,MATCH($B8,'Summary sales'!$A$6:$A$50,0),MATCH($BD$3,'Summary sales'!$A$7:$CA$7,0)) -> 9888.21 | BF8: =BE8-BD8 -> 1888.21 | BG8: =BE8/BD8 -> 1.2360262 | BH8: =INDEX('SO September 2026 Rev.6'!$B$6:$BK$52,MATCH(B8,'SO September 2026 Rev.6'!$B$6:$B$52,0),MATCH($BH$3,'SO September 2026 Rev.6'!$B$5:$XK$5,0)) -> 1000 | BI8: =INDEX('Summary sales'!$A$6:$CA$50,MATCH($B8,'Summary sales'!$A$6:$A$50,0),MATCH($BH$3,'Summary sales'!$A$7:$CA$7,0)) -> 1400.664 | BJ8: =BI8-BH8 -> 400.664 | BK8: =BI8/BH8 -> 1.400664 | BL8: =INDEX('SO September 2026 Rev.6'!$B$6:$BK$52,MATCH(B8,'SO September 2026 Rev.6'!$B$6:$B$52,0),MATCH($BL$3,'SO September 2026 Rev.6'!$B$5:$XK$5,0)) -> 5500 | BM8: =INDEX('Summary sales'!$A$6:$CA$50,MATCH($B8,'Summary sales'!$A$6:$A$50,0),MATCH($BL$3,'Summary sales'!$A$7:$CA$7,0)) -> 4830.83 | BN8: =BM8-BL8 -> -669.17 | BO8: =BM8/BL8 -> 0.87833273 | BP8: =INDEX('SO September 2026 Rev.6'!$B$6:$BK$52,MATCH(B8,'SO September 2026 Rev.6'!$B$6:$B$52,0),MATCH($BP$3,'SO September 2026 Rev.6'!$B$5:$XK$5,0)) -> 1000 | BQ8: =INDEX('Summary sales'!$A$6:$CA$50,MATCH($B8,'Summary sales'!$A$6:$A$50,0),MATCH($BP$3,'Summary sales'!$A$7:$CA$7,0)) -> 2006.08 | BR8: =BQ8-BP8 -> 1006.08 | BS8: =BQ8/BP8 -> 2.00608 | BT8: =INDEX('SO September 2026 Rev.6'!$B$6:$BK$52,MATCH(B8,'SO September 2026 Rev.6'!$B$6:$B$52,0),MATCH($BT$3,'SO September 2026 Rev.6'!$B$5:$XK$5,0)) -> 89.451613 | BU8: =INDEX('Summary sales'!$A$6:$CA$50,MATCH($B8,'Summary sales'!$A$6:$A$50,0),MATCH($BT$3,'Summary sales'!$A$7:$CA$7,0)) -> 81.175 | BV8: =BU8-BT8 -> -8.2766129 | BW8: =BU8/BT8 -> 0.90747386 | BX8: 3500 | BY8: =INDEX('Summary sales'!$A$6:$CA$50,MATCH($B8,'Summary sales'!$A$6:$A$50,0),MATCH($BX$3,'Summary sales'!$A$7:$CA$7,0)) -> 2865.7 | BZ8: =BY8-BX8 -> -634.3 | CA8: =BY8/BX8 -> 0.81877143 | CB8: =INDEX('SO September 2026 Rev.6'!$B$6:$BK$52,MATCH(B8,'SO September 2026 Rev.6'!$B$6:$B$52,0),MATCH($CB$3,'SO September 2026 Rev.6'!$B$5:$XK$5,0)) -> 1300 | CC8: =INDEX('Summary sales'!$A$6:$CA$50,MATCH($B8,'Summary sales'!$A$6:$A$50,0),MATCH($CB$3,'Summary sales'!$A$7:$CA$7,0)) -> 932.93 | CD8: =CC8-CB8 -> -367.07 | CE8: =CC8/CB8 -> 0.71763846 | CF8: =INDEX('SO September 2026 Rev.6'!$B$6:$BK$52,MATCH(B8,'SO September 2026 Rev.6'!$B$6:$B$52,0),MATCH($CF$3,'SO September 2026 Rev.6'!$B$5:$XK$5,0)) -> 3000 | CG8: =INDEX('Summary sales'!$A$6:$CA$50,MATCH($B8,'Summary sales'!$A$6:$A$50,0),MATCH($CF$3,'Summary sales'!$A$7:$CA$7,0)) -> 4891.6 | CH8: =CG8-CF8 -> 1891.6 | CI8: =CG8/CF8 -> 1.6305333 | CJ8: =INDEX('SO September 2026 Rev.6'!$B$6:$BK$52,MATCH($B8,'SO September 2026 Rev.6'!$B$6:$B$52,0),MATCH($CJ$3,'SO September 2026 Rev.6'!$B$5:$XK$5,0)) -> 6000 | CK8: =INDEX('Summary sales'!$A$6:$CA$50,MATCH($B8,'Summary sales'!$A$6:$A$50,0),MATCH($CJ$3,'Summary sales'!$A$7:$CA$7,0)) -> 4990 | CL8: =CK8-CJ8 -> -1010 | CM8: =CK8/CJ8 -> 0.83166667 | CN8: =INDEX('SO September 2026 Rev.6'!$B$6:$BK$52,MATCH($B8,'SO September 2026 Rev.6'!$B$6:$B$52,0),MATCH(CN$3,'SO September 2026 Rev.6'!$B$5:$XK$5,0)) -> 12000 | CO8: =INDEX('Summary sales'!$A$6:$CA$50,MATCH($B8,'Summary sales'!$A$6:$A$50,0),MATCH($CN$3,'Summary sales'!$A$7:$CA$7,0)) -> 8865.5 | CP8: =CO8-CN8 -> -3134.5 | CQ8: =CO8/CN8 -> 0.73879167 | CR8: =INDEX('SO September 2026 Rev.6'!$B$6:$BK$52,MATCH($B8,'SO September 2026 Rev.6'!$B$6:$B$52,0),MATCH(CR$3,'SO September 2026 Rev.6'!$B$5:$XK$5,0)) -> 3000 | CS8: =INDEX('Summary sales'!$A$6:$CA$50,MATCH($B8,'Summary sales'!$A$6:$A$50,0),MATCH($CR$3,'Summary sales'!$A$7:$CA$7,0)) -> 1973.15 | CT8: =CS8-CR8 -> -1026.85 | CU8: =CS8/CR8 -> 0.65771667 | CV8: =INDEX('SO September 2026 Rev.6'!$B$6:$BK$52,MATCH(B8,'SO September 2026 Rev.6'!$B$6:$B$52,0),MATCH($CV$3,'SO September 2026 Rev.6'!$B$5:$XK$5,0)) -> 16000 | CW8: =INDEX('Summary sales'!$A$6:$CA$50,MATCH($B8,'Summary sales'!$A$6:$A$50,0),MATCH($CV$3,'Summary sales'!$A$7:$CA$7,0)) -> 11921.946 | CX8: =CW8-CV8 -> -4078.054 | CY8: =CW8/CV8 -> 0.74512163 | CZ8: =INDEX('SO September 2026 Rev.6'!$B$6:$BK$52,MATCH(B8,'SO September 2026 Rev.6'!$B$6:$B$52,0),MATCH($CZ$3,'SO September 2026 Rev.6'!$B$5:$XK$5,0)) -> 2000 | DA8: =INDEX('Summary sales'!$A$6:$CA$50,MATCH($B8,'Summary sales'!$A$6:$A$50,0),MATCH($CZ$3,'Summary sales'!$A$7:$CA$7,0)) -> 1945.84 | DB8: =DA8-CZ8 -> -54.16 | DC8: =DA8/CZ8 -> 0.97292 | DD8: =INDEX('SO September 2026 Rev.6'!$B$6:$BK$52,MATCH($B8,'SO September 2026 Rev.6'!$B$6:$B$52,0),MATCH(DD$3,'SO September 2026 Rev.6'!$B$5:$XK$5,0)) -> 800 | DE8: =INDEX('Summary sales'!$A$6:$CA$50,MATCH($B8,'Summary sales'!$A$6:$A$50,0),MATCH($DD$3,'Summary sales'!$A$7:$CA$7,0)) -> 1051.3 | DF8: =DE8-DD8 -> 251.3 | DG8: =DE8/DD8 -> 1.314125 | DH8: =INDEX('SO September 2026 Rev.6'!$B$6:$BK$52,MATCH($B8,'SO September 2026 Rev.6'!$B$6:$B$52,0),MATCH(DH$3,'SO September 2026 Rev.6'!$B$5:$XK$5,0)) -> 7200 | DI8: =INDEX('Summary sales'!$A$6:$CA$50,MATCH($B8,'Summary sales'!$A$6:$A$50,0),MATCH($DH$3,'Summary sales'!$A$7:$CA$7,0)) -> 7571.49 | DJ8: =DI8-DH8 -> 371.49 | DK8: =DI8/DH8 -> 1.0515958 | DL8: =INDEX('SO September 2026 Rev.6'!$B$6:$BK$52,MATCH(B8,'SO September 2026 Rev.6'!$B$6:$B$52,0),MATCH($DL$3,'SO September 2026 Rev.6'!$B$5:$XK$5,0)) -> 2500 | DM8: =INDEX('Summary sales'!$A$6:$CA$50,MATCH($B8,'Summary sales'!$A$6:$A$50,0),MATCH($DL$3,'Summary sales'!$A$7:$CA$7,0)) -> 1624.8 | DN8: =DM8-DL8 -> -875.2 | DO8: =DM8/DL8 -> 0.64992 | DP8: =INDEX('SO September 2026 Rev.6'!$B$6:$BK$52,MATCH(B8,'SO September 2026 Rev.6'!$B$6:$B$52,0),MATCH($DP$3,'SO September 2026 Rev.6'!$B$5:$XK$5,0)) -> 2000 | DQ8: =INDEX('Summary sales'!$A$6:$CA$50,MATCH($B8,'Summary sales'!$A$6:$A$50,0),MATCH($DP$3,'Summary sales'!$A$7:$CA$7,0)) -> 1474.33 | DR8: =DQ8-DP8 -> -525.67 | DS8: =DQ8/DP8 -> 0.737165 | DT8: =INDEX('SO September 2026 Rev.6'!$B$6:$BK$52,MATCH(B8,'SO September 2026 Rev.6'!$B$6:$B$52,0),MATCH($DT$3,'SO September 2026 Rev.6'!$B$5:$XK$5,0)) -> 1000 | DU8: =INDEX('Summary sales'!$A$6:$CA$50,MATCH($B8,'Summary sales'!$A$6:$A$50,0),MATCH($DT$3,'Summary sales'!$A$7:$CA$7,0)) -> 379.89 | DV8: =DU8-DT8 -> -620.11 | DW8: =DU8/DT8 -> 0.37989 | DX8: =INDEX('SO September 2026 Rev.6'!$B$6:$BK$52,MATCH(B8,'SO September 2026 Rev.6'!$B$6:$B$52,0),MATCH($DX$3,'SO September 2026 Rev.6'!$B$5:$XK$5,0)) -> 10000 | DY8: =INDEX('Summary sales'!$A$6:$CA$50,MATCH($B8,'Summary sales'!$A$6:$A$50,0),MATCH($DX$3,'Summary sales'!$A$7:$CA$7,0)) -> 8410.9 | DZ8: =DY8-DX8 -> -1589.1 | EA8: =DY8/DX8 -> 0.84109 | EB8: =INDEX('SO September 2026 Rev.6'!$B$6:$BK$52,MATCH(B8,'SO September 2026 Rev.6'!$B$6:$B$52,0),MATCH($EB$3,'SO September 2026 Rev.6'!$B$5:$XK$5,0)) -> 2000 | EC8: =INDEX('Summary sales'!$A$6:$CA$50,MATCH($B8,'Summary sales'!$A$6:$A$50,0),MATCH($EB$3,'Summary sales'!$A$7:$CA$7,0)) -> 2389.05 | ED8: =EC8-EB8 -> 389.05 | EE8: =EC8/EB8 -> 1.194525 | EF8: =INDEX('SO September 2026 Rev.6'!$B$6:$BK$52,MATCH($B8,'SO September 2026 Rev.6'!$B$6:$B$52,0),MATCH(EF$3,'SO September 2026 Rev.6'!$B$5:$XK$5,0)) -> 4000 | EG8: =INDEX('Summary sales'!$A$6:$CA$50,MATCH($B8,'Summary sales'!$A$6:$A$50,0),MATCH($EF$3,'Summary sales'!$A$7:$CA$7,0)) -> 0 | EH8: =EG8-EF8 -> -4000 | EI8: =EG8/EF8 -> 0 | EJ8: =INDEX('SO September 2026 Rev.6'!$B$6:$BK$52,MATCH(B8,'SO September 2026 Rev.6'!$B$6:$B$52,0),MATCH($EJ$3,'SO September 2026 Rev.6'!$B$5:$XK$5,0)) -> 7000 | EK8: =INDEX('Summary sales'!$A$6:$CA$50,MATCH(B8,'Summary sales'!$A$6:$A$50,0),MATCH($EJ$3,'Summary sales'!$A$7:$CA$7,0)) -> 7411.62 | EL8: =EK8-EJ8 -> 411.62 | EM8: =EK8/EJ8 -> 1.0588029 | EN8: =INDEX('SO September 2026 Rev.6'!$B$6:$BK$52,MATCH(B8,'SO September 2026 Rev.6'!$B$6:$B$52,0),MATCH($EN$3,'SO September 2026 Rev.6'!$B$5:$XK$5,0)) -> 5000 | EO8: =INDEX('Summary sales'!$A$6:$CA$50,MATCH($B8,'Summary sales'!$A$6:$A$50,0),MATCH($EN$3,'Summary sales'!$A$7:$CA$7,0)) -> 5206.14 | EP8: =EO8-EN8 -> 206.14 | EQ8: =EO8/EN8 -> 1.041228 | ER8: =INDEX('SO September 2026 Rev.6'!$B$6:$BK$52,MATCH(B8,'SO September 2026 Rev.6'!$B$6:$B$52,0),MATCH($ER$3,'SO September 2026 Rev.6'!$B$5:$XK$5,0)) -> 17000 | ES8: =INDEX('Summary sales'!$A$6:$CA$50,MATCH($B8,'Summary sales'!$A$6:$A$50,0),MATCH($ER$3,'Summary sales'!$A$7:$CA$7,0)) -> 12951.13 | ET8: =ES8-ER8 -> -4048.87 | EU8: =ES8/ER8 -> 0.76183118 | EV8: =INDEX('SO September 2026 Rev.6'!$B$6:$BK$52,MATCH($B8,'SO September 2026 Rev.6'!$B$6:$B$52,0),MATCH($EV$3,'SO September 2026 Rev.6'!$B$5:$XK$5,0)) -> 8000 | EW8: =INDEX('Summary sales'!$A$6:$CA$50,MATCH(B8,'Summary sales'!$A$6:$A$50,0),MATCH($EV$3,'Summary sales'!$A$7:$CA$7,0)) -> 3732.96 | EX8: =EW8-EV8 -> -4267.04 | EY8: =EW8/EV8 -> 0.46662 | EZ8: =INDEX('SO September 2026 Rev.6'!$B$6:$BK$52,MATCH(B8,'SO September 2026 Rev.6'!$B$6:$B$52,0),MATCH($EZ$3,'SO September 2026 Rev.6'!$B$5:$XK$5,0)) -> 3500 | FA8: =INDEX('Summary sales'!$A$6:$CA$50,MATCH(B8,'Summary sales'!$A$6:$A$50,0),MATCH($EZ$3,'Summary sales'!$A$7:$CA$7,0)) -> 3420.1 | FB8: =FA8-EZ8 -> -79.9 | FC8: =FA8/EZ8 -> 0.97717143 | FD8: =INDEX('SO September 2026 Rev.6'!$B$6:$BK$52,MATCH(B8,'SO September 2026 Rev.6'!$B$6:$B$52,0),MATCH($FD$3,'SO September 2026 Rev.6'!$B$5:$XK$5,0)) -> 1000 | FE8: =INDEX('Summary sales'!$A$6:$CA$50,MATCH(B8,'Summary sales'!$A$6:$A$50,0),MATCH($FD$3,'Summary sales'!$A$7:$CA$7,0)) -> 431.37 | FF8: =FE8-FD8 -> -568.63 | FG8: =FA8/EZ8 -> 0.97717143 | FH8: =INDEX('SO September 2026 Rev.6'!$B$6:$BK$52,MATCH(B8,'SO September 2026 Rev.6'!$B$6:$B$52,0),MATCH($FH$3,'SO September 2026 Rev.6'!$B$5:$XK$5,0)) -> 0 | FI8: =INDEX('Summary sales'!$A$6:$CA$50,MATCH(B8,'Summary sales'!$A$6:$A$50,0),MATCH($FH$3,'Summary sales'!$A$7:$CA$7,0)) -> 0 | FJ8: =FI8-FH8 -> 0 | FK8: =FE8/FD8 -> 0.43137 | FL8: =INDEX('SO September 2026 Rev.6'!$B$6:$BK$52,MATCH(B8,'SO September 2026 Rev.6'!$B$6:$B$52,0),MATCH($FL$3,'SO September 2026 Rev.6'!$B$5:$XK$5,0)) -> 700 | FM8: =INDEX('Summary sales'!$A$6:$CA$50,MATCH(B8,'Summary sales'!$A$6:$A$50,0),MATCH($FL$3,'Summary sales'!$A$7:$CA$7,0)) -> 214.3 | FN8: =FM8-FL8 -> -485.7 | FO8: =FM8/FL8 -> 0.30614286 | FP8: =INDEX('SO September 2026 Rev.6'!$B$6:$BK$52,MATCH(B8,'SO September 2026 Rev.6'!$B$6:$B$52,0),MATCH($FP$3,'SO September 2026 Rev.6'!$B$5:$XK$5,0)) -> 6500 | FQ8: =INDEX('Summary sales'!$A$6:$CA$50,MATCH(B8,'Summary sales'!$A$6:$A$50,0),MATCH($FP$3,'Summary sales'!$A$7:$CA$7,0)) -> 5540.49 | FR8: =FQ8-FP8 -> -959.51 | FS8: =FQ8/FP8 -> 0.85238308 | FT8: =INDEX('SO September 2026 Rev.6'!$B$6:$BK$52,MATCH(B8,'SO September 2026 Rev.6'!$B$6:$B$52,0),MATCH($FT$3,'SO September 2026 Rev.6'!$B$5:$XK$5,0)) -> 0 | FU8: =INDEX('Summary sales'!$A$6:$CA$50,MATCH(B8,'Summary sales'!$A$6:$A$50,0),MATCH($FT$3,'Summary sales'!$A$7:$CA$7,0)) -> 0 | FV8: =FU8-FT8 -> 0 | FW8: =FU8/FT8 -> #DIV/0! | FX8: =INDEX('SO September 2026 Rev.6'!$B$6:$BK$52,MATCH(B8,'SO September 2026 Rev.6'!$B$6:$B$52,0),MATCH($FX$3,'SO September 2026 Rev.6'!$B$5:$XK$5,0)) -> 2000 | FY8: =INDEX('Summary sales'!$A$6:$CA$50,MATCH(B8,'Summary sales'!$A$6:$A$50,0),MATCH($FX$3,'Summary sales'!$A$7:$CA$7,0)) -> 3014.98 | FZ8: =FY8-FX8 -> 1014.98 | GA8: =FY8/FX8 -> 1.50749 | GB8: =INDEX('SO September 2026 Rev.6'!$B$6:$BK$52,MATCH(B8,'SO September 2026 Rev.6'!$B$6:$B$52,0),MATCH($GB$3,'SO September 2026 Rev.6'!$B$5:$XK$5,0)) -> 369.61071 | GC8: =INDEX('Summary sales'!$A$6:$CA$50,MATCH(B8,'Summary sales'!$A$6:$A$50,0),MATCH($GB$3,'Summary sales'!$A$7:$CA$7,0)) -> 1958.44 | GD8: =GC8-GB8 -> 1588.8293 | GE8: =GC8/GB8 -> 5.298656 | GF8: =INDEX('SO September 2026 Rev.6'!$B$6:$BK$52,MATCH($B8,'SO September 2026 Rev.6'!$B$6:$B$52,0),MATCH(GF$3,'SO September 2026 Rev.6'!$B$5:$XK$5,0)) -> 9000 | GG8: =INDEX('Summary sales'!$A$6:$CA$50,MATCH(B8,'Summary sales'!$A$6:$A$50,0),MATCH($GF$3,'Summary sales'!$A$7:$CA$7,0)) -> 7791.207 | GH8: =GG8-GF8 -> -1208.793 | GI8: =GG8/GF8 -> 0.86568967 | GJ8: =INDEX('SO September 2026 Rev.6'!$B$6:$BK$52,MATCH(B8,'SO September 2026 Rev.6'!$B$6:$B$52,0),MATCH($GJ$3,'SO September 2026 Rev.6'!$B$5:$XK$5,0)) -> 1121.9003 | GK8: =INDEX('Summary sales'!$A$6:$CA$50,MATCH($B8,'Summary sales'!$A$6:$A$50,0),MATCH($GJ$3,'Summary sales'!$A$7:$CA$7,0)) -> 967.51 | GL8: =GK8-GJ8 -> -154.39032 | GM8: =GK8/GJ8 -> 0.86238499 | GN8: =INDEX('SO September 2026 Rev.6'!$B$6:$BK$52,MATCH(B8,'SO September 2026 Rev.6'!$B$6:$B$52,0),MATCH($GN$3,'SO September 2026 Rev.6'!$B$5:$XK$5,0)) -> 2499.7026 | GO8: =INDEX('Summary sales'!$A$6:$CA$50,MATCH(B8,'Summary sales'!$A$6:$A$50,0),MATCH($GN$3,'Summary sales'!$A$7:$CA$7,0)) -> 2809.71 | GP8: =GO8-GN8 -> 310.00742 | GQ8: =GO8/GN8 -> 1.1240177 | GR8: =INDEX('SO September 2026 Rev.6'!$B$6:$BK$52,MATCH(B8,'SO September 2026 Rev.6'!$B$6:$B$52,0),MATCH($GR$3,'SO September 2026 Rev.6'!$B$5:$XK$5,0)) -> 3587.0968 | GS8: =INDEX('Summary sales'!$A$6:$CA$50,MATCH(B8,'Summary sales'!$A$6:$A$50,0),MATCH($GR$3,'Summary sales'!$A$7:$CA$7,0)) -> 2372.19 | GT8: =GS8-GR8 -> -1214.9068 | GU8: =GS8/GR8 -> 0.66131196 | GV8: =INDEX('SO September 2026 Rev.6'!$B$6:$BK$52,MATCH(B8,'SO September 2026 Rev.6'!$B$6:$B$52,0),MATCH($GV$3,'SO September 2026 Rev.6'!$B$5:$XK$5,0)) -> 2499.7026 | GW8: =INDEX('Summary sales'!$A$6:$CA$50,MATCH(B8,'Summary sales'!$A$6:$A$50,0),MATCH($GV$3,'Summary sales'!$A$7:$CA$7,0)) -> 2996.36 | GX8: =GW8-GV8 -> 496.65742 | GY8: =GW8/GV8 -> 1.1986866 | GZ8: =INDEX('SO September 2026 Rev.6'!$B$6:$BK$52,MATCH(B8,'SO September 2026 Rev.6'!$B$6:$B$52,0),MATCH($GZ$3,'SO September 2026 Rev.6'!$B$5:$XK$5,0)) -> 0 | HA8: =INDEX('Summary sales'!$A$6:$CA$50,MATCH(B8,'Summary sales'!$A$6:$A$50,0),MATCH($GZ$3,'Summary sales'!$A$7:$CA$7,0)) -> 0 | HB8: =HA8-GZ8 -> 0 | HC8: =HA8/GZ8 -> #DIV/0!
B9: =B8+1 -> 46270 | C9: =TEXT(B9,"ddd") -> Sat | D9: =SUMIF($H$4:$HB$4,$D$4,H9:HB9) -> 188572.6 | E9: =SUMIF($H$4:$HB$4,$E$4,H9:HB9) -> 160973.76 | F9: =E9-D9 -> -27598.838 | G9: =E9/D9 -> 0.85364344 | H9: =INDEX('SO September 2026 Rev.6'!$B$6:$BK$52,MATCH($B9,'SO September 2026 Rev.6'!$B$6:$B$52,0),MATCH($H$3,'SO September 2026 Rev.6'!$B$5:$XK$5,0)) -> 700 | I9: =INDEX('Summary sales'!$A$6:$CA$50,MATCH($B9,'Summary sales'!$A$6:$A$50,0),MATCH($H$3,'Summary sales'!$A$7:$CA$7,0)) -> 814.69 | J9: =I9-H9 -> 114.69 | K9: =I9/H9 -> 1.1638429 | L9: =INDEX('SO September 2026 Rev.6'!$B$6:$BK$52,MATCH($B9,'SO September 2026 Rev.6'!$B$6:$B$52,0),MATCH($L$3,'SO September 2026 Rev.6'!$B$5:$XK$5,0)) -> 1000 | M9: =INDEX('Summary sales'!$A$6:$CA$50,MATCH($B9,'Summary sales'!$A$6:$A$50,0),MATCH($L$3,'Summary sales'!$A$7:$CA$7,0)) -> 839.87 | N9: =M9-L9 -> -160.13 | O9: =M9/L9 -> 0.83987 | P9: =INDEX('SO September 2026 Rev.6'!$B$6:$BK$52,MATCH($B9,'SO September 2026 Rev.6'!$B$6:$B$52,0),MATCH($P$3,'SO September 2026 Rev.6'!$B$5:$XK$5,0)) -> 3300 | Q9: =INDEX('Summary sales'!$A$6:$CA$50,MATCH($B9,'Summary sales'!$A$6:$A$50,0),MATCH($P$3,'Summary sales'!$A$7:$CA$7,0)) -> 913.2 | R9: =Q9-P9 -> -2386.8 | S9: =Q9/P9 -> 0.27672727 | T9: =INDEX('SO September 2026 Rev.6'!$B$6:$BK$52,MATCH(B9,'SO September 2026 Rev.6'!$B$6:$B$52,0),MATCH($T$3,'SO September 2026 Rev.6'!$B$5:$XK$5,0)) -> 500 | U9: =INDEX('Summary sales'!$A$6:$CA$50,MATCH($B9,'Summary sales'!$A$6:$A$50,0),MATCH($T$3,'Summary sales'!$A$7:$CA$7,0)) -> 796.27 | V9: =U9-T9 -> 296.27 | W9: =U9/T9 -> 1.59254 | X9: =INDEX('SO September 2026 Rev.6'!$B$6:$BK$52,MATCH(B9,'SO September 2026 Rev.6'!$B$6:$B$52,0),MATCH($X$3,'SO September 2026 Rev.6'!$B$5:$XK$5,0)) -> 150 | Y9: =INDEX('Summary sales'!$A$6:$CA$50,MATCH($B9,'Summary sales'!$A$6:$A$50,0),MATCH($X$3,'Summary sales'!$A$7:$CA$7,0)) -> 0 | Z9: =Y9-X9 -> -150 | AA9: =Y9/X9 -> 0 | AB9: =INDEX('SO September 2026 Rev.6'!$B$6:$BK$52,MATCH(B9,'SO September 2026 Rev.6'!$B$6:$B$52,0),MATCH($AB$3,'SO September 2026 Rev.6'!$B$5:$XK$5,0)) -> 603.76323 | AC9: =INDEX('Summary sales'!$A$6:$CA$50,MATCH($B9,'Summary sales'!$A$6:$A$50,0),MATCH($AB$3,'Summary sales'!$A$7:$CA$7,0)) -> 549.32 | AD9: =AC9-AB9 -> -54.443226 | AE9: =AC9/AB9 -> 0.90982686 | AF9: =INDEX('SO September 2026 Rev.6'!$B$6:$BK$52,MATCH(B9,'SO September 2026 Rev.6'!$B$6:$B$52,0),MATCH($AF$3,'SO September 2026 Rev.6'!$B$5:$XK$5,0)) -> 673.27548 | AG9: =INDEX('Summary sales'!$A$6:$CA$50,MATCH($B9,'Summary sales'!$A$6:$A$50,0),MATCH($AF$3,'Summary sales'!$A$7:$CA$7,0)) -> 490.7 | AH9: =AG9-AF9 -> -182.57548 | AI9: =AG9/AF9 -> 0.72882499 | AJ9: =INDEX('SO September 2026 Rev.6'!$B$6:$BK$52,MATCH(B9,'SO September 2026 Rev.6'!$B$6:$B$52,0),MATCH($AJ$3,'SO September 2026 Rev.6'!$B$5:$XK$5,0)) -> 4500 | AK9: =INDEX('Summary sales'!$A$6:$CA$50,MATCH($B9,'Summary sales'!$A$6:$A$50,0),MATCH($AJ$3,'Summary sales'!$A$7:$CA$7,0)) -> 248.44 | AL9: =AK9-AJ9 -> -4251.56 | AM9: =AK9/AJ9 -> 0.055208889 | AN9: =INDEX('SO September 2026 Rev.6'!$B$6:$BK$52,MATCH(B9,'SO September 2026 Rev.6'!$B$6:$B$52,0),MATCH($AN$3,'SO September 2026 Rev.6'!$B$5:$XK$5,0)) -> 2000 | AO9: =INDEX('Summary sales'!$A$6:$CA$50,MATCH($B9,'Summary sales'!$A$6:$A$50,0),MATCH($AN$3,'Summary sales'!$A$7:$CA$7,0)) -> 3569.75 | AP9: =AO9-AN9 -> 1569.75 | AQ9: =AO9/AN9 -> 1.784875 | AR9: =INDEX('SO September 2026 Rev.6'!$B$6:$BK$52,MATCH(B9,'SO September 2026 Rev.6'!$B$6:$B$52,0),MATCH($AR$3,'SO September 2026 Rev.6'!$B$5:$XK$5,0)) -> 1000 | AS9: =INDEX('Summary sales'!$A$6:$CA$50,MATCH($B9,'Summary sales'!$A$6:$A$50,0),MATCH($AR$3,'Summary sales'!$A$7:$CA$7,0)) -> 905.25 | AT9: =AS9-AR9 -> -94.75 | AU9: =AS9/AR9 -> 0.90525 | AV9: =INDEX('SO September 2026 Rev.6'!$B$6:$BK$52,MATCH(B9,'SO September 2026 Rev.6'!$B$6:$B$52,0),MATCH($AV$3,'SO September 2026 Rev.6'!$B$5:$XK$5,0)) -> 500 | AW9: =INDEX('Summary sales'!$A$6:$CA$50,MATCH($B9,'Summary sales'!$A$6:$A$50,0),MATCH($AV$3,'Summary sales'!$A$7:$CA$7,0)) -> 869 | AX9: =AW9-AV9 -> 369 | AY9: =AW9/AV9 -> 1.738 | AZ9: =INDEX('SO September 2026 Rev.6'!$B$6:$BK$52,MATCH(B9,'SO September 2026 Rev.6'!$B$6:$B$52,0),MATCH($AZ$3,'SO September 2026 Rev.6'!$B$5:$XK$5,0)) -> 15600 | BA9: =INDEX('Summary sales'!$A$6:$CA$50,MATCH($B9,'Summary sales'!$A$6:$A$50,0),MATCH($AZ$3,'Summary sales'!$A$7:$CA$7,0)) -> 15856.7 | BB9: =BA9-AZ9 -> 256.7 | BC9: =BA9/AZ9 -> 1.0164551 | BD9: =INDEX('SO September 2026 Rev.6'!$B$6:$BK$52,MATCH(B9,'SO September 2026 Rev.6'!$B$6:$B$52,0),MATCH($BD$3,'SO September 2026 Rev.6'!$B$5:$XK$5,0)) -> 6000 | BE9: =INDEX('Summary sales'!$A$6:$CA$50,MATCH($B9,'Summary sales'!$A$6:$A$50,0),MATCH($BD$3,'Summary sales'!$A$7:$CA$7,0)) -> 6527.88 | BF9: =BE9-BD9 -> 527.88 | BG9: =BE9/BD9 -> 1.08798 | BH9: =INDEX('SO September 2026 Rev.6'!$B$6:$BK$52,MATCH(B9,'SO September 2026 Rev.6'!$B$6:$B$52,0),MATCH($BH$3,'SO September 2026 Rev.6'!$B$5:$XK$5,0)) -> 1000 | BI9: =INDEX('Summary sales'!$A$6:$CA$50,MATCH($B9,'Summary sales'!$A$6:$A$50,0),MATCH($BH$3,'Summary sales'!$A$7:$CA$7,0)) -> 766.558 | BJ9: =BI9-BH9 -> -233.442 | BK9: =BI9/BH9 -> 0.766558 | BL9: =INDEX('SO September 2026 Rev.6'!$B$6:$BK$52,MATCH(B9,'SO September 2026 Rev.6'!$B$6:$B$52,0),MATCH($BL$3,'SO September 2026 Rev.6'!$B$5:$XK$5,0)) -> 5500 | BM9: =INDEX('Summary sales'!$A$6:$CA$50,MATCH($B9,'Summary sales'!$A$6:$A$50,0),MATCH($BL$3,'Summary sales'!$A$7:$CA$7,0)) -> 4920.16 | BN9: =BM9-BL9 -> -579.84 | BO9: =BM9/BL9 -> 0.89457455 | BP9: =INDEX('SO September 2026 Rev.6'!$B$6:$BK$52,MATCH(B9,'SO September 2026 Rev.6'!$B$6:$B$52,0),MATCH($BP$3,'SO September 2026 Rev.6'!$B$5:$XK$5,0)) -> 1000 | BQ9: =INDEX('Summary sales'!$A$6:$CA$50,MATCH($B9,'Summary sales'!$A$6:$A$50,0),MATCH($BP$3,'Summary sales'!$A$7:$CA$7,0)) -> 872.17 | BR9: =BQ9-BP9 -> -127.83 | BS9: =BQ9/BP9 -> 0.87217 | BT9: =INDEX('SO September 2026 Rev.6'!$B$6:$BK$52,MATCH(B9,'SO September 2026 Rev.6'!$B$6:$B$52,0),MATCH($BT$3,'SO September 2026 Rev.6'!$B$5:$XK$5,0)) -> 89.451613 | BU9: =INDEX('Summary sales'!$A$6:$CA$50,MATCH($B9,'Summary sales'!$A$6:$A$50,0),MATCH($BT$3,'Summary sales'!$A$7:$CA$7,0)) -> 86.328 | BV9: =BU9-BT9 -> -3.1236129 | BW9: =BU9/BT9 -> 0.96508042 | BX9: 3500 | BY9: =INDEX('Summary sales'!$A$6:$CA$50,MATCH($B9,'Summary sales'!$A$6:$A$50,0),MATCH($BX$3,'Summary sales'!$A$7:$CA$7,0)) -> 3781.1 | BZ9: =BY9-BX9 -> 281.1 | CA9: =BY9/BX9 -> 1.0803143 | CB9: =INDEX('SO September 2026 Rev.6'!$B$6:$BK$52,MATCH(B9,'SO September 2026 Rev.6'!$B$6:$B$52,0),MATCH($CB$3,'SO September 2026 Rev.6'!$B$5:$XK$5,0)) -> 1300 | CC9: =INDEX('Summary sales'!$A$6:$CA$50,MATCH($B9,'Summary sales'!$A$6:$A$50,0),MATCH($CB$3,'Summary sales'!$A$7:$CA$7,0)) -> 1809.35 | CD9: =CC9-CB9 -> 509.35 | CE9: =CC9/CB9 -> 1.3918077 | CF9: =INDEX('SO September 2026 Rev.6'!$B$6:$BK$52,MATCH(B9,'SO September 2026 Rev.6'!$B$6:$B$52,0),MATCH($CF$3,'SO September 2026 Rev.6'!$B$5:$XK$5,0)) -> 0 | CG9: =INDEX('Summary sales'!$A$6:$CA$50,MATCH($B9,'Summary sales'!$A$6:$A$50,0),MATCH($CF$3,'Summary sales'!$A$7:$CA$7,0)) -> 3593.9 | CH9: =CG9-CF9 -> 3593.9 | CI9: =CG9/CF9 -> #DIV/0! | CJ9: =INDEX('SO September 2026 Rev.6'!$B$6:$BK$52,MATCH($B9,'SO September 2026 Rev.6'!$B$6:$B$52,0),MATCH($CJ$3,'SO September 2026 Rev.6'!$B$5:$XK$5,0)) -> 6000 | CK9: =INDEX('Summary sales'!$A$6:$CA$50,MATCH($B9,'Summary sales'!$A$6:$A$50,0),MATCH($CJ$3,'Summary sales'!$A$7:$CA$7,0)) -> 4175.07 | CL9: =CK9-CJ9 -> -1824.93 | CM9: =CK9/CJ9 -> 0.695845 | CN9: =INDEX('SO September 2026 Rev.6'!$B$6:$BK$52,MATCH($B9,'SO September 2026 Rev.6'!$B$6:$B$52,0),MATCH(CN$3,'SO September 2026 Rev.6'!$B$5:$XK$5,0)) -> 12000 | CO9: =INDEX('Summary sales'!$A$6:$CA$50,MATCH($B9,'Summary sales'!$A$6:$A$50,0),MATCH($CN$3,'Summary sales'!$A$7:$CA$7,0)) -> 9449 | CP9: =CO9-CN9 -> -2551 | CQ9: =CO9/CN9 -> 0.78741667 | CR9: =INDEX('SO September 2026 Rev.6'!$B$6:$BK$52,MATCH($B9,'SO September 2026 Rev.6'!$B$6:$B$52,0),MATCH(CR$3,'SO September 2026 Rev.6'!$B$5:$XK$5,0)) -> 0 | CS9: =INDEX('Summary sales'!$A$6:$CA$50,MATCH($B9,'Summary sales'!$A$6:$A$50,0),MATCH($CR$3,'Summary sales'!$A$7:$CA$7,0)) -> 688.95 | CT9: =CS9-CR9 -> 688.95 | CU9: =CS9/CR9 -> #DIV/0! | CV9: =INDEX('SO September 2026 Rev.6'!$B$6:$BK$52,MATCH(B9,'SO September 2026 Rev.6'!$B$6:$B$52,0),MATCH($CV$3,'SO September 2026 Rev.6'!$B$5:$XK$5,0)) -> 16000 | CW9: =INDEX('Summary sales'!$A$6:$CA$50,MATCH($B9,'Summary sales'!$A$6:$A$50,0),MATCH($CV$3,'Summary sales'!$A$7:$CA$7,0)) -> 10601.761 | CX9: =CW9-CV9 -> -5398.239 | CY9: =CW9/CV9 -> 0.66261006 | CZ9: =INDEX('SO September 2026 Rev.6'!$B$6:$BK$52,MATCH(B9,'SO September 2026 Rev.6'!$B$6:$B$52,0),MATCH($CZ$3,'SO September 2026 Rev.6'!$B$5:$XK$5,0)) -> 2000 | DA9: =INDEX('Summary sales'!$A$6:$CA$50,MATCH($B9,'Summary sales'!$A$6:$A$50,0),MATCH($CZ$3,'Summary sales'!$A$7:$CA$7,0)) -> 1903.64 | DB9: =DA9-CZ9 -> -96.36 | DC9: =DA9/CZ9 -> 0.95182 | DD9: =INDEX('SO September 2026 Rev.6'!$B$6:$BK$52,MATCH($B9,'SO September 2026 Rev.6'!$B$6:$B$52,0),MATCH(DD$3,'SO September 2026 Rev.6'!$B$5:$XK$5,0)) -> 800 | DE9: =INDEX('Summary sales'!$A$6:$CA$50,MATCH($B9,'Summary sales'!$A$6:$A$50,0),MATCH($DD$3,'Summary sales'!$A$7:$CA$7,0)) -> 968.95 | DF9: =DE9-DD9 -> 168.95 | DG9: =DE9/DD9 -> 1.2111875 | DH9: =INDEX('SO September 2026 Rev.6'!$B$6:$BK$52,MATCH($B9,'SO September 2026 Rev.6'!$B$6:$B$52,0),MATCH(DH$3,'SO September 2026 Rev.6'!$B$5:$XK$5,0)) -> 7200 | DI9: =INDEX('Summary sales'!$A$6:$CA$50,MATCH($B9,'Summary sales'!$A$6:$A$50,0),MATCH($DH$3,'Summary sales'!$A$7:$CA$7,0)) -> 5069.86 | DJ9: =DI9-DH9 -> -2130.14 | DK9: =DI9/DH9 -> 0.70414722 | DL9: =INDEX('SO September 2026 Rev.6'!$B$6:$BK$52,MATCH(B9,'SO September 2026 Rev.6'!$B$6:$B$52,0),MATCH($DL$3,'SO September 2026 Rev.6'!$B$5:$XK$5,0)) -> 0 | DM9: =INDEX('Summary sales'!$A$6:$CA$50,MATCH($B9,'Summary sales'!$A$6:$A$50,0),MATCH($DL$3,'Summary sales'!$A$7:$CA$7,0)) -> 0 | DN9: =DM9-DL9 -> 0 | DO9: =DM9/DL9 -> #DIV/0! | DP9: =INDEX('SO September 2026 Rev.6'!$B$6:$BK$52,MATCH(B9,'SO September 2026 Rev.6'!$B$6:$B$52,0),MATCH($DP$3,'SO September 2026 Rev.6'!$B$5:$XK$5,0)) -> 2000 | DQ9: =INDEX('Summary sales'!$A$6:$CA$50,MATCH($B9,'Summary sales'!$A$6:$A$50,0),MATCH($DP$3,'Summary sales'!$A$7:$CA$7,0)) -> 2025.68 | DR9: =DQ9-DP9 -> 25.68 | DS9: =DQ9/DP9 -> 1.01284 | DT9: =INDEX('SO September 2026 Rev.6'!$B$6:$BK$52,MATCH(B9,'SO September 2026 Rev.6'!$B$6:$B$52,0),MATCH($DT$3,'SO September 2026 Rev.6'!$B$5:$XK$5,0)) -> 1000 | DU9: =INDEX('Summary sales'!$A$6:$CA$50,MATCH($B9,'Summary sales'!$A$6:$A$50,0),MATCH($DT$3,'Summary sales'!$A$7:$CA$7,0)) -> 0 | DV9: =DU9-DT9 -> -1000 | DW9: =DU9/DT9 -> 0 | DX9: =INDEX('SO September 2026 Rev.6'!$B$6:$BK$52,MATCH(B9,'SO September 2026 Rev.6'!$B$6:$B$52,0),MATCH($DX$3,'SO September 2026 Rev.6'!$B$5:$XK$5,0)) -> 10000 | DY9: =INDEX('Summary sales'!$A$6:$CA$50,MATCH($B9,'Summary sales'!$A$6:$A$50,0),MATCH($DX$3,'Summary sales'!$A$7:$CA$7,0)) -> 10367.1 | DZ9: =DY9-DX9 -> 367.1 | EA9: =DY9/DX9 -> 1.03671 | EB9: =INDEX('SO September 2026 Rev.6'!$B$6:$BK$52,MATCH(B9,'SO September 2026 Rev.6'!$B$6:$B$52,0),MATCH($EB$3,'SO September 2026 Rev.6'!$B$5:$XK$5,0)) -> 2000 | EC9: =INDEX('Summary sales'!$A$6:$CA$50,MATCH($B9,'Summary sales'!$A$6:$A$50,0),MATCH($EB$3,'Summary sales'!$A$7:$CA$7,0)) -> 2380.4 | ED9: =EC9-EB9 -> 380.4 | EE9: =EC9/EB9 -> 1.1902 | EF9: =INDEX('SO September 2026 Rev.6'!$B$6:$BK$52,MATCH($B9,'SO September 2026 Rev.6'!$B$6:$B$52,0),MATCH(EF$3,'SO September 2026 Rev.6'!$B$5:$XK$5,0)) -> 5500 | EG9: =INDEX('Summary sales'!$A$6:$CA$50,MATCH($B9,'Summary sales'!$A$6:$A$50,0),MATCH($EF$3,'Summary sales'!$A$7:$CA$7,0)) -> 0 | EH9: =EG9-EF9 -> -5500 | EI9: =EG9/EF9 -> 0 | EJ9: =INDEX('SO September 2026 Rev.6'!$B$6:$BK$52,MATCH(B9,'SO September 2026 Rev.6'!$B$6:$B$52,0),MATCH($EJ$3,'SO September 2026 Rev.6'!$B$5:$XK$5,0)) -> 3500 | EK9: =INDEX('Summary sales'!$A$6:$CA$50,MATCH(B9,'Summary sales'!$A$6:$A$50,0),MATCH($EJ$3,'Summary sales'!$A$7:$CA$7,0)) -> 5700.29 | EL9: =EK9-EJ9 -> 2200.29 | EM9: =EK9/EJ9 -> 1.6286543 | EN9: =INDEX('SO September 2026 Rev.6'!$B$6:$BK$52,MATCH(B9,'SO September 2026 Rev.6'!$B$6:$B$52,0),MATCH($EN$3,'SO September 2026 Rev.6'!$B$5:$XK$5,0)) -> 5000 | EO9: =INDEX('Summary sales'!$A$6:$CA$50,MATCH($B9,'Summary sales'!$A$6:$A$50,0),MATCH($EN$3,'Summary sales'!$A$7:$CA$7,0)) -> 4965.93 | EP9: =EO9-EN9 -> -34.07 | EQ9: =EO9/EN9 -> 0.993186 | ER9: =INDEX('SO September 2026 Rev.6'!$B$6:$BK$52,MATCH(B9,'SO September 2026 Rev.6'!$B$6:$B$52,0),MATCH($ER$3,'SO September 2026 Rev.6'!$B$5:$XK$5,0)) -> 27000 | ES9: =INDEX('Summary sales'!$A$6:$CA$50,MATCH($B9,'Summary sales'!$A$6:$A$50,0),MATCH($ER$3,'Summary sales'!$A$7:$CA$7,0)) -> 27139.07 | ET9: =ES9-ER9 -> 139.07 | EU9: =ES9/ER9 -> 1.0051507 | EV9: =INDEX('SO September 2026 Rev.6'!$B$6:$BK$52,MATCH($B9,'SO September 2026 Rev.6'!$B$6:$B$52,0),MATCH($EV$3,'SO September 2026 Rev.6'!$B$5:$XK$5,0)) -> 8000 | EW9: =INDEX('Summary sales'!$A$6:$CA$50,MATCH(B9,'Summary sales'!$A$6:$A$50,0),MATCH($EV$3,'Summary sales'!$A$7:$CA$7,0)) -> 4257.63 | EX9: =EW9-EV9 -> -3742.37 | EY9: =EW9/EV9 -> 0.53220375 | EZ9: =INDEX('SO September 2026 Rev.6'!$B$6:$BK$52,MATCH(B9,'SO September 2026 Rev.6'!$B$6:$B$52,0),MATCH($EZ$3,'SO September 2026 Rev.6'!$B$5:$XK$5,0)) -> 3500 | FA9: =INDEX('Summary sales'!$A$6:$CA$50,MATCH(B9,'Summary sales'!$A$6:$A$50,0),MATCH($EZ$3,'Summary sales'!$A$7:$CA$7,0)) -> 1492.1 | FB9: =FA9-EZ9 -> -2007.9 | FC9: =FA9/EZ9 -> 0.42631429 | FD9: =INDEX('SO September 2026 Rev.6'!$B$6:$BK$52,MATCH(B9,'SO September 2026 Rev.6'!$B$6:$B$52,0),MATCH($FD$3,'SO September 2026 Rev.6'!$B$5:$XK$5,0)) -> 1000 | FE9: =INDEX('Summary sales'!$A$6:$CA$50,MATCH(B9,'Summary sales'!$A$6:$A$50,0),MATCH($FD$3,'Summary sales'!$A$7:$CA$7,0)) -> 410.88 | FF9: =FE9-FD9 -> -589.12 | FG9: =FA9/EZ9 -> 0.42631429 | FH9: =INDEX('SO September 2026 Rev.6'!$B$6:$BK$52,MATCH(B9,'SO September 2026 Rev.6'!$B$6:$B$52,0),MATCH($FH$3,'SO September 2026 Rev.6'!$B$5:$XK$5,0)) -> 0 | FI9: =INDEX('Summary sales'!$A$6:$CA$50,MATCH(B9,'Summary sales'!$A$6:$A$50,0),MATCH($FH$3,'Summary sales'!$A$7:$CA$7,0)) -> 0 | FJ9: =FI9-FH9 -> 0 | FK9: =FE9/FD9 -> 0.41088 | FL9: =INDEX('SO September 2026 Rev.6'!$B$6:$BK$52,MATCH(B9,'SO September 2026 Rev.6'!$B$6:$B$52,0),MATCH($FL$3,'SO September 2026 Rev.6'!$B$5:$XK$5,0)) -> 700 | FM9: =INDEX('Summary sales'!$A$6:$CA$50,MATCH(B9,'Summary sales'!$A$6:$A$50,0),MATCH($FL$3,'Summary sales'!$A$7:$CA$7,0)) -> 234.42 | FN9: =FM9-FL9 -> -465.58 | FO9: =FM9/FL9 -> 0.33488571 | FP9: =INDEX('SO September 2026 Rev.6'!$B$6:$BK$52,MATCH(B9,'SO September 2026 Rev.6'!$B$6:$B$52,0),MATCH($FP$3,'SO September 2026 Rev.6'!$B$5:$XK$5,0)) -> 6500 | FQ9: =INDEX('Summary sales'!$A$6:$CA$50,MATCH(B9,'Summary sales'!$A$6:$A$50,0),MATCH($FP$3,'Summary sales'!$A$7:$CA$7,0)) -> 5588.99 | FR9: =FQ9-FP9 -> -911.01 | FS9: =FQ9/FP9 -> 0.85984462 | FT9: =INDEX('SO September 2026 Rev.6'!$B$6:$BK$52,MATCH(B9,'SO September 2026 Rev.6'!$B$6:$B$52,0),MATCH($FT$3,'SO September 2026 Rev.6'!$B$5:$XK$5,0)) -> 0 | FU9: =INDEX('Summary sales'!$A$6:$CA$50,MATCH(B9,'Summary sales'!$A$6:$A$50,0),MATCH($FT$3,'Summary sales'!$A$7:$CA$7,0)) -> 0 | FV9: =FU9-FT9 -> 0 | FW9: =FU9/FT9 -> #DIV/0! | FX9: =INDEX('SO September 2026 Rev.6'!$B$6:$BK$52,MATCH(B9,'SO September 2026 Rev.6'!$B$6:$B$52,0),MATCH($FX$3,'SO September 2026 Rev.6'!$B$5:$XK$5,0)) -> 2000 | FY9: =INDEX('Summary sales'!$A$6:$CA$50,MATCH(B9,'Summary sales'!$A$6:$A$50,0),MATCH($FX$3,'Summary sales'!$A$7:$CA$7,0)) -> 0 | FZ9: =FY9-FX9 -> -2000 | GA9: =FY9/FX9 -> 0 | GB9: =INDEX('SO September 2026 Rev.6'!$B$6:$BK$52,MATCH(B9,'SO September 2026 Rev.6'!$B$6:$B$52,0),MATCH($GB$3,'SO September 2026 Rev.6'!$B$5:$XK$5,0)) -> 369.61071 | GC9: =INDEX('Summary sales'!$A$6:$CA$50,MATCH(B9,'Summary sales'!$A$6:$A$50,0),MATCH($GB$3,'Summary sales'!$A$7:$CA$7,0)) -> 771.53 | GD9: =GC9-GB9 -> 401.91929 | GE9: =GC9/GB9 -> 2.0874125 | GF9: =INDEX('SO September 2026 Rev.6'!$B$6:$BK$52,MATCH($B9,'SO September 2026 Rev.6'!$B$6:$B$52,0),MATCH(GF$3,'SO September 2026 Rev.6'!$B$5:$XK$5,0)) -> 9000 | GG9: =INDEX('Summary sales'!$A$6:$CA$50,MATCH(B9,'Summary sales'!$A$6:$A$50,0),MATCH($GF$3,'Summary sales'!$A$7:$CA$7,0)) -> 7886.558 | GH9: =GG9-GF9 -> -1113.442 | GI9: =GG9/GF9 -> 0.87628422 | GJ9: =INDEX('SO September 2026 Rev.6'!$B$6:$BK$52,MATCH(B9,'SO September 2026 Rev.6'!$B$6:$B$52,0),MATCH($GJ$3,'SO September 2026 Rev.6'!$B$5:$XK$5,0)) -> 0 | GK9: =INDEX('Summary sales'!$A$6:$CA$50,MATCH($B9,'Summary sales'!$A$6:$A$50,0),MATCH($GJ$3,'Summary sales'!$A$7:$CA$7,0)) -> 8.64 | GL9: =GK9-GJ9 -> 8.64 | GM9: =GK9/GJ9 -> #DIV/0! | GN9: =INDEX('SO September 2026 Rev.6'!$B$6:$BK$52,MATCH(B9,'SO September 2026 Rev.6'!$B$6:$B$52,0),MATCH($GN$3,'SO September 2026 Rev.6'!$B$5:$XK$5,0)) -> 2499.7026 | GO9: =INDEX('Summary sales'!$A$6:$CA$50,MATCH(B9,'Summary sales'!$A$6:$A$50,0),MATCH($GN$3,'Summary sales'!$A$7:$CA$7,0)) -> 2176.39 | GP9: =GO9-GN9 -> -323.31258 | GQ9: =GO9/GN9 -> 0.87065958 | GR9: =INDEX('SO September 2026 Rev.6'!$B$6:$BK$52,MATCH(B9,'SO September 2026 Rev.6'!$B$6:$B$52,0),MATCH($GR$3,'SO September 2026 Rev.6'!$B$5:$XK$5,0)) -> 3587.0968 | GS9: =INDEX('Summary sales'!$A$6:$CA$50,MATCH(B9,'Summary sales'!$A$6:$A$50,0),MATCH($GR$3,'Summary sales'!$A$7:$CA$7,0)) -> 1363.34 | GT9: =GS9-GR9 -> -2223.7568 | GU9: =GS9/GR9 -> 0.38006781 | GV9: =INDEX('SO September 2026 Rev.6'!$B$6:$BK$52,MATCH(B9,'SO September 2026 Rev.6'!$B$6:$B$52,0),MATCH($GV$3,'SO September 2026 Rev.6'!$B$5:$XK$5,0)) -> 2499.7026 | GW9: =INDEX('Summary sales'!$A$6:$CA$50,MATCH(B9,'Summary sales'!$A$6:$A$50,0),MATCH($GV$3,'Summary sales'!$A$7:$CA$7,0)) -> 3136.95 | GX9: =GW9-GV9 -> 637.24742 | GY9: =GW9/GV9 -> 1.2549293 | GZ9: =INDEX('SO September 2026 Rev.6'!$B$6:$BK$52,MATCH(B9,'SO September 2026 Rev.6'!$B$6:$B$52,0),MATCH($GZ$3,'SO September 2026 Rev.6'!$B$5:$XK$5,0)) -> 0 | HA9: =INDEX('Summary sales'!$A$6:$CA$50,MATCH(B9,'Summary sales'!$A$6:$A$50,0),MATCH($GZ$3,'Summary sales'!$A$7:$CA$7,0)) -> 0 | HB9: =HA9-GZ9 -> 0 | HC9: =HA9/GZ9 -> #DIV/0!
B10: =B9+1 -> 46271 | C10: =TEXT(B10,"ddd") -> Sun | D10: =SUMIF($H$4:$HB$4,$D$4,H10:HB10) -> 157581.53 | E10: =SUMIF($H$4:$HB$4,$E$4,H10:HB10) -> 147577.62 | F10: =E10-D10 -> -10003.904 | G10: =E10/D10 -> 0.93651601 | H10: =INDEX('SO September 2026 Rev.6'!$B$6:$BK$52,MATCH($B10,'SO September 2026 Rev.6'!$B$6:$B$52,0),MATCH($H$3,'SO September 2026 Rev.6'!$B$5:$XK$5,0)) -> 700 | I10: =INDEX('Summary sales'!$A$6:$CA$50,MATCH($B10,'Summary sales'!$A$6:$A$50,0),MATCH($H$3,'Summary sales'!$A$7:$CA$7,0)) -> 522.05 | J10: =I10-H10 -> -177.95 | K10: =I10/H10 -> 0.74578571 | L10: =INDEX('SO September 2026 Rev.6'!$B$6:$BK$52,MATCH($B10,'SO September 2026 Rev.6'!$B$6:$B$52,0),MATCH($L$3,'SO September 2026 Rev.6'!$B$5:$XK$5,0)) -> 1000 | M10: =INDEX('Summary sales'!$A$6:$CA$50,MATCH($B10,'Summary sales'!$A$6:$A$50,0),MATCH($L$3,'Summary sales'!$A$7:$CA$7,0)) -> 497.19 | N10: =M10-L10 -> -502.81 | O10: =M10/L10 -> 0.49719 | P10: =INDEX('SO September 2026 Rev.6'!$B$6:$BK$52,MATCH($B10,'SO September 2026 Rev.6'!$B$6:$B$52,0),MATCH($P$3,'SO September 2026 Rev.6'!$B$5:$XK$5,0)) -> 999.51613 | Q10: =INDEX('Summary sales'!$A$6:$CA$50,MATCH($B10,'Summary sales'!$A$6:$A$50,0),MATCH($P$3,'Summary sales'!$A$7:$CA$7,0)) -> 0 | R10: =Q10-P10 -> -999.51613 | S10: =Q10/P10 -> 0 | T10: =INDEX('SO September 2026 Rev.6'!$B$6:$BK$52,MATCH(B10,'SO September 2026 Rev.6'!$B$6:$B$52,0),MATCH($T$3,'SO September 2026 Rev.6'!$B$5:$XK$5,0)) -> 500 | U10: =INDEX('Summary sales'!$A$6:$CA$50,MATCH($B10,'Summary sales'!$A$6:$A$50,0),MATCH($T$3,'Summary sales'!$A$7:$CA$7,0)) -> 417.3 | V10: =U10-T10 -> -82.7 | W10: =U10/T10 -> 0.8346 | X10: =INDEX('SO September 2026 Rev.6'!$B$6:$BK$52,MATCH(B10,'SO September 2026 Rev.6'!$B$6:$B$52,0),MATCH($X$3,'SO September 2026 Rev.6'!$B$5:$XK$5,0)) -> 0 | Y10: =INDEX('Summary sales'!$A$6:$CA$50,MATCH($B10,'Summary sales'!$A$6:$A$50,0),MATCH($X$3,'Summary sales'!$A$7:$CA$7,0)) -> 12.28 | Z10: =Y10-X10 -> 12.28 | AA10: =Y10/X10 -> #DIV/0! | AB10: =INDEX('SO September 2026 Rev.6'!$B$6:$BK$52,MATCH(B10,'SO September 2026 Rev.6'!$B$6:$B$52,0),MATCH($AB$3,'SO September 2026 Rev.6'!$B$5:$XK$5,0)) -> 603.76323 | AC10: =INDEX('Summary sales'!$A$6:$CA$50,MATCH($B10,'Summary sales'!$A$6:$A$50,0),MATCH($AB$3,'Summary sales'!$A$7:$CA$7,0)) -> 506.22 | AD10: =AC10-AB10 -> -97.543226 | AE10: =AC10/AB10 -> 0.83844126 | AF10: =INDEX('SO September 2026 Rev.6'!$B$6:$BK$52,MATCH(B10,'SO September 2026 Rev.6'!$B$6:$B$52,0),MATCH($AF$3,'SO September 2026 Rev.6'!$B$5:$XK$5,0)) -> 673.27548 | AG10: =INDEX('Summary sales'!$A$6:$CA$50,MATCH($B10,'Summary sales'!$A$6:$A$50,0),MATCH($AF$3,'Summary sales'!$A$7:$CA$7,0)) -> 425.25 | AH10: =AG10-AF10 -> -248.02548 | AI10: =AG10/AF10 -> 0.63161367 | AJ10: =INDEX('SO September 2026 Rev.6'!$B$6:$BK$52,MATCH(B10,'SO September 2026 Rev.6'!$B$6:$B$52,0),MATCH($AJ$3,'SO September 2026 Rev.6'!$B$5:$XK$5,0)) -> 0 | AK10: =INDEX('Summary sales'!$A$6:$CA$50,MATCH($B10,'Summary sales'!$A$6:$A$50,0),MATCH($AJ$3,'Summary sales'!$A$7:$CA$7,0)) -> 0.16 | AL10: =AK10-AJ10 -> 0.16 | AM10: =AK10/AJ10 -> #DIV/0! | AN10: =INDEX('SO September 2026 Rev.6'!$B$6:$BK$52,MATCH(B10,'SO September 2026 Rev.6'!$B$6:$B$52,0),MATCH($AN$3,'SO September 2026 Rev.6'!$B$5:$XK$5,0)) -> 2000 | AO10: =INDEX('Summary sales'!$A$6:$CA$50,MATCH($B10,'Summary sales'!$A$6:$A$50,0),MATCH($AN$3,'Summary sales'!$A$7:$CA$7,0)) -> 2755.83 | AP10: =AO10-AN10 -> 755.83 | AQ10: =AO10/AN10 -> 1.377915 | AR10: =INDEX('SO September 2026 Rev.6'!$B$6:$BK$52,MATCH(B10,'SO September 2026 Rev.6'!$B$6:$B$52,0),MATCH($AR$3,'SO September 2026 Rev.6'!$B$5:$XK$5,0)) -> 300 | AS10: =INDEX('Summary sales'!$A$6:$CA$50,MATCH($B10,'Summary sales'!$A$6:$A$50,0),MATCH($AR$3,'Summary sales'!$A$7:$CA$7,0)) -> 80.58 | AT10: =AS10-AR10 -> -219.42 | AU10: =AS10/AR10 -> 0.2686 | AV10: =INDEX('SO September 2026 Rev.6'!$B$6:$BK$52,MATCH(B10,'SO September 2026 Rev.6'!$B$6:$B$52,0),MATCH($AV$3,'SO September 2026 Rev.6'!$B$5:$XK$5,0)) -> 500 | AW10: =INDEX('Summary sales'!$A$6:$CA$50,MATCH($B10,'Summary sales'!$A$6:$A$50,0),MATCH($AV$3,'Summary sales'!$A$7:$CA$7,0)) -> 0 | AX10: =AW10-AV10 -> -500 | AY10: =AW10/AV10 -> 0 | AZ10: =INDEX('SO September 2026 Rev.6'!$B$6:$BK$52,MATCH(B10,'SO September 2026 Rev.6'!$B$6:$B$52,0),MATCH($AZ$3,'SO September 2026 Rev.6'!$B$5:$XK$5,0)) -> 15600 | BA10: =INDEX('Summary sales'!$A$6:$CA$50,MATCH($B10,'Summary sales'!$A$6:$A$50,0),MATCH($AZ$3,'Summary sales'!$A$7:$CA$7,0)) -> 15565.07 | BB10: =BA10-AZ10 -> -34.93 | BC10: =BA10/AZ10 -> 0.9977609 | BD10: =INDEX('SO September 2026 Rev.6'!$B$6:$BK$52,MATCH(B10,'SO September 2026 Rev.6'!$B$6:$B$52,0),MATCH($BD$3,'SO September 2026 Rev.6'!$B$5:$XK$5,0)) -> 5000 | BE10: =INDEX('Summary sales'!$A$6:$CA$50,MATCH($B10,'Summary sales'!$A$6:$A$50,0),MATCH($BD$3,'Summary sales'!$A$7:$CA$7,0)) -> 4426.73 | BF10: =BE10-BD10 -> -573.27 | BG10: =BE10/BD10 -> 0.885346 | BH10: =INDEX('SO September 2026 Rev.6'!$B$6:$BK$52,MATCH(B10,'SO September 2026 Rev.6'!$B$6:$B$52,0),MATCH($BH$3,'SO September 2026 Rev.6'!$B$5:$XK$5,0)) -> 0 | BI10: =INDEX('Summary sales'!$A$6:$CA$50,MATCH($B10,'Summary sales'!$A$6:$A$50,0),MATCH($BH$3,'Summary sales'!$A$7:$CA$7,0)) -> 0 | BJ10: =BI10-BH10 -> 0 | BK10: =BI10/BH10 -> #DIV/0! | BL10: =INDEX('SO September 2026 Rev.6'!$B$6:$BK$52,MATCH(B10,'SO September 2026 Rev.6'!$B$6:$B$52,0),MATCH($BL$3,'SO September 2026 Rev.6'!$B$5:$XK$5,0)) -> 2500 | BM10: =INDEX('Summary sales'!$A$6:$CA$50,MATCH($B10,'Summary sales'!$A$6:$A$50,0),MATCH($BL$3,'Summary sales'!$A$7:$CA$7,0)) -> 0 | BN10: =BM10-BL10 -> -2500 | BO10: =BM10/BL10 -> 0 | BP10: =INDEX('SO September 2026 Rev.6'!$B$6:$BK$52,MATCH(B10,'SO September 2026 Rev.6'!$B$6:$B$52,0),MATCH($BP$3,'SO September 2026 Rev.6'!$B$5:$XK$5,0)) -> 1000 | BQ10: =INDEX('Summary sales'!$A$6:$CA$50,MATCH($B10,'Summary sales'!$A$6:$A$50,0),MATCH($BP$3,'Summary sales'!$A$7:$CA$7,0)) -> 0 | BR10: =BQ10-BP10 -> -1000 | BS10: =BQ10/BP10 -> 0 | BT10: =INDEX('SO September 2026 Rev.6'!$B$6:$BK$52,MATCH(B10,'SO September 2026 Rev.6'!$B$6:$B$52,0),MATCH($BT$3,'SO September 2026 Rev.6'!$B$5:$XK$5,0)) -> 89.451613 | BU10: =INDEX('Summary sales'!$A$6:$CA$50,MATCH($B10,'Summary sales'!$A$6:$A$50,0),MATCH($BT$3,'Summary sales'!$A$7:$CA$7,0)) -> 74.374 | BV10: =BU10-BT10 -> -15.077613 | BW10: =BU10/BT10 -> 0.83144392 | BX10: 1000 | BY10: =INDEX('Summary sales'!$A$6:$CA$50,MATCH($B10,'Summary sales'!$A$6:$A$50,0),MATCH($BX$3,'Summary sales'!$A$7:$CA$7,0)) -> 262.1 | BZ10: =BY10-BX10 -> -737.9 | CA10: =BY10/BX10 -> 0.2621 | CB10: =INDEX('SO September 2026 Rev.6'!$B$6:$BK$52,MATCH(B10,'SO September 2026 Rev.6'!$B$6:$B$52,0),MATCH($CB$3,'SO September 2026 Rev.6'!$B$5:$XK$5,0)) -> 1300 | CC10: =INDEX('Summary sales'!$A$6:$CA$50,MATCH($B10,'Summary sales'!$A$6:$A$50,0),MATCH($CB$3,'Summary sales'!$A$7:$CA$7,0)) -> 563.97 | CD10: =CC10-CB10 -> -736.03 | CE10: =CC10/CB10 -> 0.43382308 | CF10: =INDEX('SO September 2026 Rev.6'!$B$6:$BK$52,MATCH(B10,'SO September 2026 Rev.6'!$B$6:$B$52,0),MATCH($CF$3,'SO September 2026 Rev.6'!$B$5:$XK$5,0)) -> 0 | CG10: =INDEX('Summary sales'!$A$6:$CA$50,MATCH($B10,'Summary sales'!$A$6:$A$50,0),MATCH($CF$3,'Summary sales'!$A$7:$CA$7,0)) -> 0 | CH10: =CG10-CF10 -> 0 | CI10: =CG10/CF10 -> #DIV/0! | CJ10: =INDEX('SO September 2026 Rev.6'!$B$6:$BK$52,MATCH($B10,'SO September 2026 Rev.6'!$B$6:$B$52,0),MATCH($CJ$3,'SO September 2026 Rev.6'!$B$5:$XK$5,0)) -> 6000 | CK10: =INDEX('Summary sales'!$A$6:$CA$50,MATCH($B10,'Summary sales'!$A$6:$A$50,0),MATCH($CJ$3,'Summary sales'!$A$7:$CA$7,0)) -> 5392.45 | CL10: =CK10-CJ10 -> -607.55 | CM10: =CK10/CJ10 -> 0.89874167 | CN10: =INDEX('SO September 2026 Rev.6'!$B$6:$BK$52,MATCH($B10,'SO September 2026 Rev.6'!$B$6:$B$52,0),MATCH(CN$3,'SO September 2026 Rev.6'!$B$5:$XK$5,0)) -> 12000 | CO10: =INDEX('Summary sales'!$A$6:$CA$50,MATCH($B10,'Summary sales'!$A$6:$A$50,0),MATCH($CN$3,'Summary sales'!$A$7:$CA$7,0)) -> 7927.7 | CP10: =CO10-CN10 -> -4072.3 | CQ10: =CO10/CN10 -> 0.66064167 | CR10: =INDEX('SO September 2026 Rev.6'!$B$6:$BK$52,MATCH($B10,'SO September 2026 Rev.6'!$B$6:$B$52,0),MATCH(CR$3,'SO September 2026 Rev.6'!$B$5:$XK$5,0)) -> 0 | CS10: =INDEX('Summary sales'!$A$6:$CA$50,MATCH($B10,'Summary sales'!$A$6:$A$50,0),MATCH($CR$3,'Summary sales'!$A$7:$CA$7,0)) -> 0 | CT10: =CS10-CR10 -> 0 | CU10: =CS10/CR10 -> #DIV/0! | CV10: =INDEX('SO September 2026 Rev.6'!$B$6:$BK$52,MATCH(B10,'SO September 2026 Rev.6'!$B$6:$B$52,0),MATCH($CV$3,'SO September 2026 Rev.6'!$B$5:$XK$5,0)) -> 6659.5545 | CW10: =INDEX('Summary sales'!$A$6:$CA$50,MATCH($B10,'Summary sales'!$A$6:$A$50,0),MATCH($CV$3,'Summary sales'!$A$7:$CA$7,0)) -> 6264.311 | CX10: =CW10-CV10 -> -395.24355 | CY10: =CW10/CV10 -> 0.94065015 | CZ10: =INDEX('SO September 2026 Rev.6'!$B$6:$BK$52,MATCH(B10,'SO September 2026 Rev.6'!$B$6:$B$52,0),MATCH($CZ$3,'SO September 2026 Rev.6'!$B$5:$XK$5,0)) -> 2000 | DA10: =INDEX('Summary sales'!$A$6:$CA$50,MATCH($B10,'Summary sales'!$A$6:$A$50,0),MATCH($CZ$3,'Summary sales'!$A$7:$CA$7,0)) -> 0 | DB10: =DA10-CZ10 -> -2000 | DC10: =DA10/CZ10 -> 0 | DD10: =INDEX('SO September 2026 Rev.6'!$B$6:$BK$52,MATCH($B10,'SO September 2026 Rev.6'!$B$6:$B$52,0),MATCH(DD$3,'SO September 2026 Rev.6'!$B$5:$XK$5,0)) -> 0 | DE10: =INDEX('Summary sales'!$A$6:$CA$50,MATCH($B10,'Summary sales'!$A$6:$A$50,0),MATCH($DD$3,'Summary sales'!$A$7:$CA$7,0)) -> 11.64 | DF10: =DE10-DD10 -> 11.64 | DG10: =DE10/DD10 -> #DIV/0! | DH10: =INDEX('SO September 2026 Rev.6'!$B$6:$BK$52,MATCH($B10,'SO September 2026 Rev.6'!$B$6:$B$52,0),MATCH(DH$3,'SO September 2026 Rev.6'!$B$5:$XK$5,0)) -> 2999.8519 | DI10: =INDEX('Summary sales'!$A$6:$CA$50,MATCH($B10,'Summary sales'!$A$6:$A$50,0),MATCH($DH$3,'Summary sales'!$A$7:$CA$7,0)) -> 2865.01 | DJ10: =DI10-DH10 -> -134.84194 | DK10: =DI10/DH10 -> 0.95505047 | DL10: =INDEX('SO September 2026 Rev.6'!$B$6:$BK$52,MATCH(B10,'SO September 2026 Rev.6'!$B$6:$B$52,0),MATCH($DL$3,'SO September 2026 Rev.6'!$B$5:$XK$5,0)) -> 0 | DM10: =INDEX('Summary sales'!$A$6:$CA$50,MATCH($B10,'Summary sales'!$A$6:$A$50,0),MATCH($DL$3,'Summary sales'!$A$7:$CA$7,0)) -> 0 | DN10: =DM10-DL10 -> 0 | DO10: =DM10/DL10 -> #DIV/0! | DP10: =INDEX('SO September 2026 Rev.6'!$B$6:$BK$52,MATCH(B10,'SO September 2026 Rev.6'!$B$6:$B$52,0),MATCH($DP$3,'SO September 2026 Rev.6'!$B$5:$XK$5,0)) -> 2000 | DQ10: =INDEX('Summary sales'!$A$6:$CA$50,MATCH($B10,'Summary sales'!$A$6:$A$50,0),MATCH($DP$3,'Summary sales'!$A$7:$CA$7,0)) -> 1671.17 | DR10: =DQ10-DP10 -> -328.83 | DS10: =DQ10/DP10 -> 0.835585 | DT10: =INDEX('SO September 2026 Rev.6'!$B$6:$BK$52,MATCH(B10,'SO September 2026 Rev.6'!$B$6:$B$52,0),MATCH($DT$3,'SO September 2026 Rev.6'!$B$5:$XK$5,0)) -> 0 | DU10: =INDEX('Summary sales'!$A$6:$CA$50,MATCH($B10,'Summary sales'!$A$6:$A$50,0),MATCH($DT$3,'Summary sales'!$A$7:$CA$7,0)) -> 0 | DV10: =DU10-DT10 -> 0 | DW10: =DU10/DT10 -> #DIV/0! | DX10: =INDEX('SO September 2026 Rev.6'!$B$6:$BK$52,MATCH(B10,'SO September 2026 Rev.6'!$B$6:$B$52,0),MATCH($DX$3,'SO September 2026 Rev.6'!$B$5:$XK$5,0)) -> 10000 | DY10: =INDEX('Summary sales'!$A$6:$CA$50,MATCH($B10,'Summary sales'!$A$6:$A$50,0),MATCH($DX$3,'Summary sales'!$A$7:$CA$7,0)) -> 10319.38 | DZ10: =DY10-DX10 -> 319.38 | EA10: =DY10/DX10 -> 1.031938 | EB10: =INDEX('SO September 2026 Rev.6'!$B$6:$BK$52,MATCH(B10,'SO September 2026 Rev.6'!$B$6:$B$52,0),MATCH($EB$3,'SO September 2026 Rev.6'!$B$5:$XK$5,0)) -> 2000 | EC10: =INDEX('Summary sales'!$A$6:$CA$50,MATCH($B10,'Summary sales'!$A$6:$A$50,0),MATCH($EB$3,'Summary sales'!$A$7:$CA$7,0)) -> 2956.13 | ED10: =EC10-EB10 -> 956.13 | EE10: =EC10/EB10 -> 1.478065 | EF10: =INDEX('SO September 2026 Rev.6'!$B$6:$BK$52,MATCH($B10,'SO September 2026 Rev.6'!$B$6:$B$52,0),MATCH(EF$3,'SO September 2026 Rev.6'!$B$5:$XK$5,0)) -> 5500 | EG10: =INDEX('Summary sales'!$A$6:$CA$50,MATCH($B10,'Summary sales'!$A$6:$A$50,0),MATCH($EF$3,'Summary sales'!$A$7:$CA$7,0)) -> 0 | EH10: =EG10-EF10 -> -5500 | EI10: =EG10/EF10 -> 0 | EJ10: =INDEX('SO September 2026 Rev.6'!$B$6:$BK$52,MATCH(B10,'SO September 2026 Rev.6'!$B$6:$B$52,0),MATCH($EJ$3,'SO September 2026 Rev.6'!$B$5:$XK$5,0)) -> 0 | EK10: =INDEX('Summary sales'!$A$6:$CA$50,MATCH(B10,'Summary sales'!$A$6:$A$50,0),MATCH($EJ$3,'Summary sales'!$A$7:$CA$7,0)) -> 8560.48 | EL10: =EK10-EJ10 -> 8560.48 | EM10: =EK10/EJ10 -> #DIV/0! | EN10: =INDEX('SO September 2026 Rev.6'!$B$6:$BK$52,MATCH(B10,'SO September 2026 Rev.6'!$B$6:$B$52,0),MATCH($EN$3,'SO September 2026 Rev.6'!$B$5:$XK$5,0)) -> 5000 | EO10: =INDEX('Summary sales'!$A$6:$CA$50,MATCH($B10,'Summary sales'!$A$6:$A$50,0),MATCH($EN$3,'Summary sales'!$A$7:$CA$7,0)) -> 5673.81 | EP10: =EO10-EN10 -> 673.81 | EQ10: =EO10/EN10 -> 1.134762 | ER10: =INDEX('SO September 2026 Rev.6'!$B$6:$BK$52,MATCH(B10,'SO September 2026 Rev.6'!$B$6:$B$52,0),MATCH($ER$3,'SO September 2026 Rev.6'!$B$5:$XK$5,0)) -> 27000 | ES10: =INDEX('Summary sales'!$A$6:$CA$50,MATCH($B10,'Summary sales'!$A$6:$A$50,0),MATCH($ER$3,'Summary sales'!$A$7:$CA$7,0)) -> 47418.93 | ET10: =ES10-ER10 -> 20418.93 | EU10: =ES10/ER10 -> 1.7562567 | EV10: =INDEX('SO September 2026 Rev.6'!$B$6:$BK$52,MATCH($B10,'SO September 2026 Rev.6'!$B$6:$B$52,0),MATCH($EV$3,'SO September 2026 Rev.6'!$B$5:$XK$5,0)) -> 8000 | EW10: =INDEX('Summary sales'!$A$6:$CA$50,MATCH(B10,'Summary sales'!$A$6:$A$50,0),MATCH($EV$3,'Summary sales'!$A$7:$CA$7,0)) -> 2825.08 | EX10: =EW10-EV10 -> -5174.92 | EY10: =EW10/EV10 -> 0.353135 | EZ10: =INDEX('SO September 2026 Rev.6'!$B$6:$BK$52,MATCH(B10,'SO September 2026 Rev.6'!$B$6:$B$52,0),MATCH($EZ$3,'SO September 2026 Rev.6'!$B$5:$XK$5,0)) -> 3500 | FA10: =INDEX('Summary sales'!$A$6:$CA$50,MATCH(B10,'Summary sales'!$A$6:$A$50,0),MATCH($EZ$3,'Summary sales'!$A$7:$CA$7,0)) -> 2285.4 | FB10: =FA10-EZ10 -> -1214.6 | FC10: =FA10/EZ10 -> 0.65297143 | FD10: =INDEX('SO September 2026 Rev.6'!$B$6:$BK$52,MATCH(B10,'SO September 2026 Rev.6'!$B$6:$B$52,0),MATCH($FD$3,'SO September 2026 Rev.6'!$B$5:$XK$5,0)) -> 1000 | FE10: =INDEX('Summary sales'!$A$6:$CA$50,MATCH(B10,'Summary sales'!$A$6:$A$50,0),MATCH($FD$3,'Summary sales'!$A$7:$CA$7,0)) -> 1012.63 | FF10: =FE10-FD10 -> 12.63 | FG10: =FA10/EZ10 -> 0.65297143 | FH10: =INDEX('SO September 2026 Rev.6'!$B$6:$BK$52,MATCH(B10,'SO September 2026 Rev.6'!$B$6:$B$52,0),MATCH($FH$3,'SO September 2026 Rev.6'!$B$5:$XK$5,0)) -> 0 | FI10: =INDEX('Summary sales'!$A$6:$CA$50,MATCH(B10,'Summary sales'!$A$6:$A$50,0),MATCH($FH$3,'Summary sales'!$A$7:$CA$7,0)) -> 0 | FJ10: =FI10-FH10 -> 0 | FK10: =FE10/FD10 -> 1.01263 | FL10: =INDEX('SO September 2026 Rev.6'!$B$6:$BK$52,MATCH(B10,'SO September 2026 Rev.6'!$B$6:$B$52,0),MATCH($FL$3,'SO September 2026 Rev.6'!$B$5:$XK$5,0)) -> 700 | FM10: =INDEX('Summary sales'!$A$6:$CA$50,MATCH(B10,'Summary sales'!$A$6:$A$50,0),MATCH($FL$3,'Summary sales'!$A$7:$CA$7,0)) -> 216.56 | FN10: =FM10-FL10 -> -483.44 | FO10: =FM10/FL10 -> 0.30937143 | FP10: =INDEX('SO September 2026 Rev.6'!$B$6:$BK$52,MATCH(B10,'SO September 2026 Rev.6'!$B$6:$B$52,0),MATCH($FP$3,'SO September 2026 Rev.6'!$B$5:$XK$5,0)) -> 6500 | FQ10: =INDEX('Summary sales'!$A$6:$CA$50,MATCH(B10,'Summary sales'!$A$6:$A$50,0),MATCH($FP$3,'Summary sales'!$A$7:$CA$7,0)) -> 7091.91 | FR10: =FQ10-FP10 -> 591.91 | FS10: =FQ10/FP10 -> 1.0910631 | FT10: =INDEX('SO September 2026 Rev.6'!$B$6:$BK$52,MATCH(B10,'SO September 2026 Rev.6'!$B$6:$B$52,0),MATCH($FT$3,'SO September 2026 Rev.6'!$B$5:$XK$5,0)) -> 0 | FU10: =INDEX('Summary sales'!$A$6:$CA$50,MATCH(B10,'Summary sales'!$A$6:$A$50,0),MATCH($FT$3,'Summary sales'!$A$7:$CA$7,0)) -> 0 | FV10: =FU10-FT10 -> 0 | FW10: =FU10/FT10 -> #DIV/0! | FX10: =INDEX('SO September 2026 Rev.6'!$B$6:$BK$52,MATCH(B10,'SO September 2026 Rev.6'!$B$6:$B$52,0),MATCH($FX$3,'SO September 2026 Rev.6'!$B$5:$XK$5,0)) -> 2000 | FY10: =INDEX('Summary sales'!$A$6:$CA$50,MATCH(B10,'Summary sales'!$A$6:$A$50,0),MATCH($FX$3,'Summary sales'!$A$7:$CA$7,0)) -> 0 | FZ10: =FY10-FX10 -> -2000 | GA10: =FY10/FX10 -> 0 | GB10: =INDEX('SO September 2026 Rev.6'!$B$6:$BK$52,MATCH(B10,'SO September 2026 Rev.6'!$B$6:$B$52,0),MATCH($GB$3,'SO September 2026 Rev.6'!$B$5:$XK$5,0)) -> 369.61071 | GC10: =INDEX('Summary sales'!$A$6:$CA$50,MATCH(B10,'Summary sales'!$A$6:$A$50,0),MATCH($GB$3,'Summary sales'!$A$7:$CA$7,0)) -> 0 | GD10: =GC10-GB10 -> -369.61071 | GE10: =GC10/GB10 -> 0 | GF10: =INDEX('SO September 2026 Rev.6'!$B$6:$BK$52,MATCH($B10,'SO September 2026 Rev.6'!$B$6:$B$52,0),MATCH(GF$3,'SO September 2026 Rev.6'!$B$5:$XK$5,0)) -> 9000 | GG10: =INDEX('Summary sales'!$A$6:$CA$50,MATCH(B10,'Summary sales'!$A$6:$A$50,0),MATCH($GF$3,'Summary sales'!$A$7:$CA$7,0)) -> 0 | GH10: =GG10-GF10 -> -9000 | GI10: =GG10/GF10 -> 0 | GJ10: =INDEX('SO September 2026 Rev.6'!$B$6:$BK$52,MATCH(B10,'SO September 2026 Rev.6'!$B$6:$B$52,0),MATCH($GJ$3,'SO September 2026 Rev.6'!$B$5:$XK$5,0)) -> 0 | GK10: =INDEX('Summary sales'!$A$6:$CA$50,MATCH($B10,'Summary sales'!$A$6:$A$50,0),MATCH($GJ$3,'Summary sales'!$A$7:$CA$7,0)) -> 0 | GL10: =GK10-GJ10 -> 0 | GM10: =GK10/GJ10 -> #DIV/0! | GN10: =INDEX('SO September 2026 Rev.6'!$B$6:$BK$52,MATCH(B10,'SO September 2026 Rev.6'!$B$6:$B$52,0),MATCH($GN$3,'SO September 2026 Rev.6'!$B$5:$XK$5,0)) -> 2499.7026 | GO10: =INDEX('Summary sales'!$A$6:$CA$50,MATCH(B10,'Summary sales'!$A$6:$A$50,0),MATCH($GN$3,'Summary sales'!$A$7:$CA$7,0)) -> 1880.57 | GP10: =GO10-GN10 -> -619.13258 | GQ10: =GO10/GN10 -> 0.7523175 | GR10: =INDEX('SO September 2026 Rev.6'!$B$6:$BK$52,MATCH(B10,'SO September 2026 Rev.6'!$B$6:$B$52,0),MATCH($GR$3,'SO September 2026 Rev.6'!$B$5:$XK$5,0)) -> 3587.0968 | GS10: =INDEX('Summary sales'!$A$6:$CA$50,MATCH(B10,'Summary sales'!$A$6:$A$50,0),MATCH($GR$3,'Summary sales'!$A$7:$CA$7,0)) -> 1054.7 | GT10: =GS10-GR10 -> -2532.3968 | GU10: =GS10/GR10 -> 0.29402608 | GV10: =INDEX('SO September 2026 Rev.6'!$B$6:$BK$52,MATCH(B10,'SO September 2026 Rev.6'!$B$6:$B$52,0),MATCH($GV$3,'SO September 2026 Rev.6'!$B$5:$XK$5,0)) -> 2499.7026 | GW10: =INDEX('Summary sales'!$A$6:$CA$50,MATCH(B10,'Summary sales'!$A$6:$A$50,0),MATCH($GV$3,'Summary sales'!$A$7:$CA$7,0)) -> 3064.78 | GX10: =GW10-GV10 -> 565.07742 | GY10: =GW10/GV10 -> 1.2260579 | GZ10: =INDEX('SO September 2026 Rev.6'!$B$6:$BK$52,MATCH(B10,'SO September 2026 Rev.6'!$B$6:$B$52,0),MATCH($GZ$3,'SO September 2026 Rev.6'!$B$5:$XK$5,0)) -> 3000 | HA10: =INDEX('Summary sales'!$A$6:$CA$50,MATCH(B10,'Summary sales'!$A$6:$A$50,0),MATCH($GZ$3,'Summary sales'!$A$7:$CA$7,0)) -> 2975.877 | HB10: =HA10-GZ10 -> -24.123 | HC10: =HA10/GZ10 -> 0.991959
B11: Sub Total | D11: =SUM(D5:D10) -> 1197808.7 | E11: =SUM(E5:E10) -> 1084957 | F11: =SUM(F5:F10) -> -112851.72 | G11: =AVERAGE(G5:G10) -> 0.90749389 | H11: 6198.2916 | I11: =SUM(I5:I10) -> 4732.57 | J11: =SUM(J5:J10) -> -1465.7216 | K11: =AVERAGE(K5:K10) -> 0.79008241 | L11: 6800 | M11: =SUM(M5:M10) -> 6447.54 | N11: =SUM(N5:N10) -> -352.46 | O11: =AVERAGE(O5:O10) -> 0.93263222 | P11: =SUM(P5:P10) -> 17499.516 | Q11: =SUM(Q5:Q10) -> 15127.6 | R11: =SUM(R5:R10) -> -2371.9161 | S11: =AVERAGE(S5:S10) -> 0.7640202 | T11: =SUM(T5:T10) -> 4200 | U11: =SUM(U5:U10) -> 4312.04 | V11: =SUM(V5:V10) -> 112.04 | W11: =AVERAGE(W5:W10) -> 1.0500379 | X11: =SUM(X5:X10) -> 750 | Y11: =SUM(Y5:Y10) -> 644.66 | Z11: =SUM(Z5:Z10) -> -105.34 | AA11: =AVERAGE(AA5:AA10) -> #DIV/0! | AB11: =SUM(AB5:AB10) -> 3622.5794 | AC11: =SUM(AC5:AC10) -> 4550.42 | AD11: =SUM(AD5:AD10) -> 927.84065 | AE11: =AVERAGE(AE5:AE10) -> 1.2561271 | AF11: =SUM(AF5:AF10) -> 4039.6529 | AG11: =SUM(AG5:AG10) -> 3727.15 | AH11: =SUM(AH5:AH10) -> -312.5029 | AI11: =AVERAGE(AI5:AI10) -> 0.92264115 | AJ11: =SUM(AJ5:AJ10) -> 26500 | AK11: =SUM(AK5:AK10) -> 22379.6 | AL11: =SUM(AL5:AL10) -> -4120.4 | AM11: =AVERAGE(AM5:AM10) -> #DIV/0! | AN11: =SUM(AN5:AN10) -> 24000 | AO11: =SUM(AO5:AO10) -> 26177.91 | AP11: =SUM(AP5:AP10) -> 2177.91 | AQ11: =AVERAGE(AQ5:AQ10) -> 1.188876 | AR11: =SUM(AR5:AR10) -> 11300 | AS11: =SUM(AS5:AS10) -> 12589.13 | AT11: =SUM(AT5:AT10) -> 1289.13 | AU11: =AVERAGE(AU5:AU10) -> 0.969195 | AV11: =SUM(AV5:AV10) -> 3000 | AW11: =SUM(AW5:AW10) -> 5354.24 | AX11: =SUM(AX5:AX10) -> 2354.24 | AY11: =AVERAGE(AY5:AY10) -> 1.7847467 | AZ11: =SUM(AZ5:AZ10) -> 93600 | BA11: =SUM(BA5:BA10) -> 93666.4 | BB11: =SUM(BB5:BB10) -> 66.4 | BC11: =AVERAGE(BC5:BC10) -> 1.0007094 | BD11: =SUM(BD5:BD10) -> 46000.171 | BE11: =SUM(BE5:BE10) -> 52131.13 | BF11: =SUM(BF5:BF10) -> 6130.9587 | BG11: =AVERAGE(BG5:BG10) -> 1.1143015 | BH11: =SUM(BH5:BH10) -> 5000 | BI11: =SUM(BI5:BI10) -> 5901.375 | BJ11: =SUM(BJ5:BJ10) -> 901.375 | BK11: =AVERAGE(BK5:BK10) -> #DIV/0! | BL11: =SUM(BL5:BL10) -> 30000 | BM11: =SUM(BM5:BM10) -> 23205.23 | BN11: =SUM(BN5:BN10) -> -6794.77 | BO11: =AVERAGE(BO5:BO10) -> 0.70318879 | BP11: =SUM(BP5:BP10) -> 6000 | BQ11: =SUM(BQ5:BQ10) -> 5792.34 | BR11: =SUM(BR5:BR10) -> -207.66 | BS11: =AVERAGE(BS5:BS10) -> 0.96539 | BT11: =SUM(BT5:BT10) -> 536.70968 | BU11: =SUM(BU5:BU10) -> 453.517 | BV11: =SUM(BV5:BV10) -> -83.192677 | BW11: =AVERAGE(BW5:BW10) -> 0.84499501 | BX11: 18500 | BY11: =SUM(BY5:BY10) -> 16109.3 | BZ11: =SUM(BZ5:BZ10) -> -2390.7 | CA11: =AVERAGE(CA5:CA10) -> 0.7983119 | CB11: =SUM(CB5:CB10) -> 7800 | CC11: =SUM(CC5:CC10) -> 7475.7 | CD11: =SUM(CD5:CD10) -> -324.3 | CE11: =AVERAGE(CE5:CE10) -> 0.95842308 | CF11: =SUM(CF5:CF10) -> 12000 | CG11: =SUM(CG5:CG10) -> 23227.7 | CH11: =SUM(CH5:CH10) -> 11227.7 | CI11: =AVERAGE(CI5:CI10) -> #DIV/0! | CJ11: =SUM(CJ5:CJ10) -> 37000 | CK11: =SUM(CK5:CK10) -> 31193.91 | CL11: =SUM(CL5:CL10) -> -5806.09 | CM11: =AVERAGE(CM5:CM10) -> 0.84359985 | CN11: =SUM(CN5:CN10) -> 72000 | CO11: =SUM(CO5:CO10) -> 53814.5 | CP11: =SUM(CP5:CP10) -> -18185.5 | CQ11: =AVERAGE(CQ5:CQ10) -> 0.74742361 | CR11: =SUM(CR5:CR10) -> 12000 | CS11: =SUM(CS5:CS10) -> 6703.03 | CT11: =SUM(CT5:CT10) -> -5296.97 | CU11: =AVERAGE(CU5:CU10) -> #DIV/0! | CV11: =SUM(CV5:CV10) -> 86659.555 | CW11: =SUM(CW5:CW10) -> 68129.671 | CX11: =SUM(CX5:CX10) -> -18529.884 | CY11: =AVERAGE(CY5:CY10) -> 0.80120586 | CZ11: =SUM(CZ5:CZ10) -> 12000 | DA11: =SUM(DA5:DA10) -> 9703.01 | DB11: =SUM(DB5:DB10) -> -2296.99 | DC11: =AVERAGE(DC5:DC10) -> 0.80858417 | DD11: =SUM(DD5:DD10) -> 4000 | DE11: =SUM(DE5:DE10) -> 4836.99 | DF11: =SUM(DF5:DF10) -> 836.99 | DG11: =AVERAGE(DG5:DG10) -> #DIV/0! | DH11: =SUM(DH5:DH10) -> 38999.852 | DI11: =SUM(DI5:DI10) -> 39658.74 | DJ11: =SUM(DJ5:DJ10) -> 658.88806 | DK11: =AVERAGE(DK5:DK10) -> 1.0108818 | DL11: =SUM(DL5:DL10) -> 10000 | DM11: =SUM(DM5:DM10) -> 7160.21 | DN11: =SUM(DN5:DN10) -> -2839.79 | DO11: =AVERAGE(DO5:DO10) -> #DIV/0! | DP11: =SUM(DP5:DP10) -> 12000 | DQ11: =SUM(DQ5:DQ10) -> 10803.24 | DR11: =SUM(DR5:DR10) -> -1196.76 | DS11: =AVERAGE(DS5:DS10) -> 0.90027 | DT11: =SUM(DT5:DT10) -> 5000 | DU11: =SUM(DU5:DU10) -> 1413.37 | DV11: =SUM(DV5:DV10) -> -3586.63 | DW11: =AVERAGE(DW5:DW10) -> #DIV/0! | DX11: =SUM(DX5:DX10) -> 63000 | DY11: =SUM(DY5:DY10) -> 57901.18 | DZ11: =SUM(DZ5:DZ10) -> -5098.82 | EA11: =AVERAGE(EA5:EA10) -> 0.92137755 | EB11: =SUM(EB5:EB10) -> 12000 | EC11: =SUM(EC5:EC10) -> 15433.64 | ED11: =SUM(ED5:ED10) -> 3433.64 | EE11: =AVERAGE(EE5:EE10) -> 1.2861367 | EF11: =SUM(EF5:EF10) -> 27000 | EG11: =SUM(EG5:EG10) -> 9848.76 | EH11: =SUM(EH5:EH10) -> -17151.24 | EI11: =AVERAGE(EI5:EI10) -> 0.410365 | EJ11: =SUM(EJ5:EJ10) -> 31500 | EK11: =SUM(EK5:EK10) -> 50545.79 | EL11: =SUM(EL5:EL10) -> 19045.79 | EM11: =AVERAGE(EM5:EM10) -> #DIV/0! | EN11: =SUM(EN5:EN10) -> 30000 | EO11: =SUM(EO5:EO10) -> 30660.15 | EP11: =SUM(EP5:EP10) -> 660.15 | EQ11: =AVERAGE(EQ5:EQ10) -> 1.022005 | ER11: =SUM(ER5:ER10) -> 128000 | ES11: =SUM(ES5:ES10) -> 146901.91 | ET11: =SUM(ET5:ET10) -> 18901.91 | EU11: =AVERAGE(EU5:EU10) -> 1.1081957 | EV11: =SUM(EV5:EV10) -> 48000 | EW11: =SUM(EW5:EW10) -> 23674.01 | EX11: =SUM(EX5:EX10) -> -24325.99 | EY11: =AVERAGE(EY5:EY10) -> 0.49320854 | EZ11: =SUM(EZ5:EZ10) -> 21000 | FA11: =SUM(FA5:FA10) -> 16993 | FB11: =SUM(FB5:FB10) -> -4007 | FC11: =AVERAGE(FC5:FC10) -> 0.80919048 | FD11: =SUM(FD5:FD10) -> 8000 | FE11: =SUM(FE5:FE10) -> 3997.14 | FF11: =SUM(FF5:FF10) -> -4002.86 | FG11: =AVERAGE(FG5:FG10) -> 0.80919048 | FH11: 0 | FI11: =SUM(FI5:FI10) -> 0 | FJ11: =SUM(FJ5:FJ10) -> 0 | FK11: =AVERAGE(FK5:FK10) -> 0.51746083 | FL11: =SUM(FL5:FL10) -> 4200 | FM11: =SUM(FM5:FM10) -> 1452.68 | FN11: =SUM(FN5:FN10) -> -2747.32 | FO11: =AVERAGE(FO5:FO10) -> 0.34587619 | FP11: =SUM(FP5:FP10) -> 39000 | FQ11: =SUM(FQ5:FQ10) -> 34491.76 | FR11: =SUM(FR5:FR10) -> -4508.24 | FS11: =AVERAGE(FS5:FS10) -> 0.8844041 | FT11: =SUM(FT5:FT10) -> 7000 | FU11: =SUM(FU5:FU10) -> 0 | FV11: =SUM(FV5:FV10) -> -7000 | FW11: =AVERAGE(FW5:FW10) -> #DIV/0! | FX11: =SUM(FX5:FX10) -> 12000 | FY11: =SUM(FY5:FY10) -> 9850.84 | FZ11: =SUM(FZ5:FZ10) -> -2149.16 | GA11: =AVERAGE(GA5:GA10) -> 0.82090333 | GB11: =SUM(GB5:GB10) -> 2217.6643 | GC11: =SUM(GC5:GC10) -> 5272.85 | GD11: =SUM(GD5:GD10) -> 3055.1857 | GE11: =AVERAGE(GE5:GE10) -> 2.3776593 | GF11: =SUM(GF5:GF10) -> 90000 | GG11: =SUM(GG5:GG10) -> 56182.775 | GH11: =SUM(GH5:GH10) -> -33817.225 | GI11: =AVERAGE(GI5:GI10) -> 0.78714187 | GJ11: =SUM(GJ5:GJ10) -> 3365.701 | GK11: =SUM(GK5:GK10) -> 3505.96 | GL11: =SUM(GL5:GL10) -> #VALUE! | GM11: =AVERAGE(GM5:GM10) -> #VALUE! | GN11: =SUM(GN5:GN10) -> 14998.215 | GO11: =SUM(GO5:GO10) -> 14721.34 | GP11: =SUM(GP5:GP10) -> -276.87548 | GQ11: =AVERAGE(GQ5:GQ10) -> 0.98153944 | GR11: =SUM(GR5:GR10) -> 21522.581 | GS11: =SUM(GS5:GS10) -> 22637.35 | GT11: =SUM(GT5:GT10) -> 1114.7694 | GU11: =AVERAGE(GU5:GU10) -> 1.0517953 | GV11: =SUM(GV5:GV10) -> 14998.215 | GW11: =SUM(GW5:GW10) -> 10487.75 | GX11: =SUM(GX5:GX10) -> -4510.4655 | GY11: =AVERAGE(GY5:GY10) -> 0.69926652 | GZ11: =SUM(GZ5:GZ10) -> 3000 | HA11: =SUM(HA5:HA10) -> 2975.877 | HB11: =SUM(HB5:HB10) -> -24.123 | HC11: =AVERAGE(HC5:HC10) -> #DIV/0!
