Workbook
Name ___xlnm._FilterDatabase_2: #REF!
Name ___xlnm._FilterDatabase_2: #REF!
Name ___xlnm._FilterDatabase_2: #REF!
Name ___xlnm._FilterDatabase_2: #REF!
Name ___xlnm._FilterDatabase_2: #REF!
Name ___xlnm._FilterDatabase_2: #REF!
Name ___xlnm._FilterDatabase_2: #REF!
Name ___xlnm._FilterDatabase_2: #REF!
Name ___xlnm._FilterDatabase_2: #REF!
Name ___xlnm._FilterDatabase_2: #REF!
Name ___xlnm._FilterDatabase_2: #REF!
Name ___xlnm._FilterDatabase_2: #REF!
Name ___xlnm._FilterDatabase_2: #REF!
Name ___xlnm._FilterDatabase_2: #REF!
Name ___xlnm._FilterDatabase_2: #REF!
Name ___xlnm._FilterDatabase_2: #REF!
Name ___xlnm._FilterDatabase_2: #REF!
Name __xlnm._FilterDatabase_2: #REF!
Name __xlnm._FilterDatabase_2: #REF!
Name __xlnm._FilterDatabase_2: #REF!
Name __xlnm._FilterDatabase_2: #REF!
Name __xlnm._FilterDatabase_2: #REF!
Name __xlnm._FilterDatabase_2: #REF!
Name __xlnm._FilterDatabase_2: #REF!
Name __xlnm._FilterDatabase_2: #REF!
Name __xlnm._FilterDatabase_2: #REF!
Name __xlnm._FilterDatabase_2: #REF!
Name __xlnm._FilterDatabase_2: #REF!
Name __xlnm._FilterDatabase_2: #REF!
Name __xlnm._FilterDatabase_2: #REF!
Name __xlnm._FilterDatabase_2: #REF!
Name __xlnm._FilterDatabase_2: #REF!
Name __xlnm._FilterDatabase_2: #REF!
Name __xlnm._FilterDatabase_2: #REF!
Name _TES46: #N/A
Name AAAA: #N/A
Name ati: #N/A
Name BS: #N/A
Name CCC: #N/A
Name depr9200: #N/A
Name dfsfd: #N/A
Name Excel_BuiltIn__FilterDatabase_1: #REF!
Name Excel_BuiltIn__FilterDatabase_1: #REF!
Name Excel_BuiltIn__FilterDatabase_1: #REF!
Name Excel_BuiltIn__FilterDatabase_1: #REF!
Name Excel_BuiltIn__FilterDatabase_1: #REF!
Name Excel_BuiltIn__FilterDatabase_1: #REF!
Name Excel_BuiltIn__FilterDatabase_1: #REF!
Name Excel_BuiltIn__FilterDatabase_1: #REF!
Name Excel_BuiltIn__FilterDatabase_1: #REF!
Name Excel_BuiltIn__FilterDatabase_1: #REF!
Name Excel_BuiltIn__FilterDatabase_1: #REF!
Name Excel_BuiltIn__FilterDatabase_1: #REF!
Name Excel_BuiltIn__FilterDatabase_1: #REF!
Name Excel_BuiltIn__FilterDatabase_1: #REF!
Name Excel_BuiltIn__FilterDatabase_1: #REF!
Name Excel_BuiltIn__FilterDatabase_1: #REF!
Name Excel_BuiltIn__FilterDatabase_1: #REF!
Name Excel_BuiltIn_Print_Titles: NA()
Name Export_3: #REF!

Sheet SO FOB Agustus 2026
A2: SALES ORDER
A4: 46235
A6: Week | B6: DATE | D6: TOTAL | E6: FOB SETU-AAE | F6: FOB SETU- SIDO | G6: FOB SETU - GIG | H6: FOB SETU - SALMAH | I6: FOB SETU - NNE | J6: FOB SETU - GAS | K6: FOB SETU -SBE | L6: FOB SETU -DAMASINDO | M6: FOB SETU-LARAS | N6: FOB SETU-KIRANA | O6: FOB KHT-APE | P6: FOB KHT - JPEN | Q6: FOB KHT - Laras | R6: FOB KHT - ANAGATA
A7: =WEEKNUM(B7) -> 31 | B7: =A4 -> 46235 | C7: Sun | D7: =SUM(E7:R7) -> 0 | E7: 0 | F7: 0 | G7: 0 | H7: 0 | I7: 0 | J7: 0 | K7: 0 | L7: 0 | M7: 0 | N7: 0 | O7: 0 | P7: 0 | Q7: 0 | R7: 0
B8: Sub Total | D8: =SUM(D4:D7) -> 0 | E8: =SUM(E4:E7) -> 0 | F8: =SUM(F4:F7) -> 0 | G8: =SUM(G4:G7) -> 0 | H8: =SUM(H4:H7) -> 0 | I8: =SUM(I4:I7) -> 0 | J8: =SUM(J4:J7) -> 0 | K8: =SUM(K4:K7) -> 0 | ... R8: =SUM(R4:R7) -> 0
A10: =WEEKNUM(B10) -> 32 | B10: =B7+1 -> 46236 | C10: Mon | D10: =SUM(E10:R10) -> 0 | E10: 0 | F10: 0 | G10: 0 | H10: 0 | I10: 0 | J10: 0 | K10: 0 | L10: 0 | M10: 0 | N10: 0 | O10: 0 | P10: 0 | Q10: 0 | R10: 0
B11: =B10+1 -> 46237 | C11: Tue | D11: =SUM(E11:R11) -> 0 | E11: 0 | F11: 0 | G11: 0 | H11: 0 | I11: 0 | J11: 0 | K11: 0 | L11: 0 | M11: 0 | N11: 0 | O11: 0 | P11: 0 | Q11: 0 | R11: 0
B12: =B11+1 -> 46238 | C12: Wed | D12: =SUM(E12:R12) -> 0 | E12: 0 | F12: 0 | G12: 0 | H12: 0 | I12: 0 | J12: 0 | K12: 0 | L12: 0 | M12: 0 | N12: 0 | O12: 0 | P12: 0 | Q12: 0 | R12: 0
B13: =B12+1 -> 46239 | C13: Thu | D13: =SUM(E13:R13) -> 0 | E13: 0 | F13: 0 | G13: 0 | H13: 0 | I13: 0 | J13: 0 | K13: 0 | L13: 0 | M13: 0 | N13: 0 | O13: 0 | P13: 0 | Q13: 0 | R13: 0
B14: =B13+1 -> 46240 | C14: Fri | D14: =SUM(E14:R14) -> 0 | E14: 0 | F14: 0 | G14: 0 | H14: 0 | I14: 0 | J14: 0 | K14: 0 | L14: 0 | M14: 0 | N14: 0 | O14: 0 | P14: 0 | Q14: 0 | R14: 0
B15: =B14+1 -> 46241 | C15: Sat | D15: =SUM(E15:R15) -> 0 | E15: 0 | F15: 0 | G15: 0 | H15: 0 | I15: 0 | J15: 0 | K15: 0 | L15: 0 | M15: 0 | N15: 0 | O15: 0 | P15: 0 | Q15: 0 | R15: 0
B16: =B15+1 -> 46242 | C16: Sun | D16: =SUM(E16:R16) -> 0 | E16: 0 | F16: 0 | G16: 0 | H16: 0 | I16: 0 | J16: 0 | K16: 0 | L16: 0 | M16: 0 | N16: 0 | O16: 0 | P16: 0 | Q16: 0 | R16: 0
B17: Sub Total | D17: =SUM(D10:D16) -> 0 | E17: =SUM(E10:E16) -> 0 | F17: =SUM(F10:F16) -> 0 | G17: =SUM(G10:G16) -> 0 | H17: =SUM(H10:H16) -> 0 | I17: =SUM(I10:I16) -> 0 | J17: =SUM(J10:J16) -> 0 | K17: =SUM(K10:K16) -> 0 | ... R17: =SUM(R10:R16) -> 0
A19: =WEEKNUM(B24) -> 33 | B19: =B16+1 -> 46243 | C19: Mon | D19: =SUM(E19:R19) -> 0 | E19: 0 | F19: 0 | G19: 0 | H19: 0 | I19: 0 | J19: 0 | K19: 0 | L19: 0 | M19: 0 | N19: 0 | O19: 0 | P19: 0 | Q19: 0 | R19: 0
B20: =B19+1 -> 46244 | C20: Tue | D20: =SUM(E20:R20) -> 0 | E20: 0 | F20: 0 | G20: 0 | H20: 0 | I20: 0 | J20: 0 | K20: 0 | L20: 0 | M20: 0 | N20: 0 | O20: 0 | P20: 0 | Q20: 0 | R20: 0
B21: =B20+1 -> 46245 | C21: Wed | D21: =SUM(E21:R21) -> 0 | E21: 0 | F21: 0 | G21: 0 | H21: 0 | I21: 0 | J21: 0 | K21: 0 | L21: 0 | M21: 0 | N21: 0 | O21: 0 | P21: 0 | Q21: 0 | R21: 0
B22: =B21+1 -> 46246 | C22: Thu | D22: =SUM(E22:R22) -> 0 | E22: 0 | F22: 0 | G22: 0 | H22: 0 | I22: 0 | J22: 0 | K22: 0 | L22: 0 | M22: 0 | N22: 0 | O22: 0 | P22: 0 | Q22: 0 | R22: 0
B23: =B22+1 -> 46247 | C23: Fri | D23: =SUM(E23:R23) -> 0 | E23: 0 | F23: 0 | G23: 0 | H23: 0 | I23: 0 | J23: 0 | K23: 0 | L23: 0 | M23: 0 | N23: 0 | O23: 0 | P23: 0 | Q23: 0 | R23: 0
B24: =B23+1 -> 46248 | C24: Sat | D24: =SUM(E24:R24) -> 0 | E24: 0 | F24: 0 | G24: 0 | H24: 0 | I24: 0 | J24: 0 | K24: 0 | L24: 0 | M24: 0 | N24: 0 | O24: 0 | P24: 0 | Q24: 0 | R24: 0
B25: =B24+1 -> 46249 | C25: Sun | D25: =SUM(E25:R25) -> 0 | E25: 0 | F25: 0 | G25: 0 | H25: 0 | I25: 0 | J25: 0 | K25: 0 | L25: 0 | M25: 0 | N25: 0 | O25: 0 | P25: 0 | Q25: 0 | R25: 0
B26: Sub Total | D26: =SUM(D19:D25) -> 0 | E26: =SUM(E19:E25) -> 0 | F26: =SUM(F19:F25) -> 0 | G26: =SUM(G19:G25) -> 0 | H26: =SUM(H19:H25) -> 0 | I26: =SUM(I19:I25) -> 0 | J26: =SUM(J19:J25) -> 0 | K26: =SUM(K19:K25) -> 0 | ... R26: =SUM(R19:R25) -> 0
A28: =WEEKNUM(B33) -> 34 | B28: =B25+1 -> 46250 | C28: Mon | D28: =SUM(E28:R28) -> 0 | E28: 0 | F28: 0 | G28: 0 | H28: 0 | I28: 0 | J28: 0 | K28: 0 | L28: 0 | M28: 0 | N28: 0 | O28: 0 | P28: 0 | Q28: 0 | R28: 0
B29: =B28+1 -> 46251 | C29: Tue | D29: =SUM(E29:R29) -> 0 | E29: 0 | F29: 0 | G29: 0 | H29: 0 | I29: 0 | J29: 0 | K29: 0 | L29: 0 | M29: 0 | N29: 0 | O29: 0 | P29: 0 | Q29: 0 | R29: 0
B30: =B29+1 -> 46252 | C30: Wed | D30: =SUM(E30:R30) -> 0 | E30: 0 | F30: 0 | G30: 0 | H30: 0 | I30: 0 | J30: 0 | K30: 0 | L30: 0 | M30: 0 | N30: 0 | O30: 0 | P30: 0 | Q30: 0 | R30: 0
B31: =B30+1 -> 46253 | C31: Thu | D31: =SUM(E31:R31) -> 0 | E31: 0 | F31: 0 | G31: 0 | H31: 0 | I31: 0 | J31: 0 | K31: 0 | L31: 0 | M31: 0 | N31: 0 | O31: 0 | P31: 0 | Q31: 0 | R31: 0
B32: =B31+1 -> 46254 | C32: Fri | D32: =SUM(E32:R32) -> 0 | E32: 0 | F32: 0 | G32: 0 | H32: 0 | I32: 0 | J32: 0 | K32: 0 | L32: 0 | M32: 0 | N32: 0 | O32: 0 | P32: 0 | Q32: 0 | R32: 0
B33: =B32+1 -> 46255 | C33: Sat | D33: =SUM(E33:R33) -> 0 | E33: 0 | F33: 0 | G33: 0 | H33: 0 | I33: 0 | J33: 0 | K33: 0 | L33: 0 | M33: 0 | N33: 0 | O33: 0 | P33: 0 | Q33: 0 | R33: 0
B34: =B33+1 -> 46256 | C34: Sun | D34: =SUM(E34:R34) -> 0 | E34: 0 | F34: 0 | G34: 0 | H34: 0 | I34: 0 | J34: 0 | K34: 0 | L34: 0 | M34: 0 | N34: 0 | O34: 0 | P34: 0 | Q34: 0 | R34: 0
B35: Sub Total | D35: =SUM(D28:D34) -> 0 | E35: =SUM(E28:E34) -> 0 | F35: =SUM(F28:F34) -> 0 | G35: =SUM(G28:G34) -> 0 | H35: =SUM(H28:H34) -> 0 | I35: =SUM(I28:I34) -> 0 | J35: =SUM(J28:J34) -> 0 | K35: =SUM(K28:K34) -> 0 | ... R35: =SUM(R28:R34) -> 0
A37: =WEEKNUM(B42) -> 35 | B37: =B34+1 -> 46257 | C37: Mon | D37: =SUM(E37:R37) -> 0 | E37: 0 | F37: 0 | G37: 0 | H37: 0 | I37: 0 | J37: 0 | K37: 0 | L37: 0 | M37: 0 | N37: 0 | O37: 0 | P37: 0 | Q37: 0 | R37: 0
B38: =B37+1 -> 46258 | C38: Tue | D38: =SUM(E38:R38) -> 0 | E38: 0 | F38: 0 | G38: 0 | H38: 0 | I38: 0 | J38: 0 | K38: 0 | L38: 0 | M38: 0 | N38: 0 | O38: 0 | P38: 0 | Q38: 0 | R38: 0
B39: =B38+1 -> 46259 | C39: Wed | D39: =SUM(E39:R39) -> 0 | E39: 0 | F39: 0 | G39: 0 | H39: 0 | I39: 0 | J39: 0 | K39: 0 | L39: 0 | M39: 0 | N39: 0 | O39: 0 | P39: 0 | Q39: 0 | R39: 0
B40: =B39+1 -> 46260 | C40: Thu | D40: =SUM(E40:R40) -> 0 | E40: 0 | F40: 0 | G40: 0 | H40: 0 | I40: 0 | J40: 0 | K40: 0 | L40: 0 | M40: 0 | N40: 0 | O40: 0 | P40: 0 | Q40: 0 | R40: 0
B41: =B40+1 -> 46261 | C41: Fri | D41: =SUM(E41:R41) -> 0 | E41: 0 | F41: 0 | G41: 0 | H41: 0 | I41: 0 | J41: 0 | K41: 0 | L41: 0 | M41: 0 | N41: 0 | O41: 0 | P41: 0 | Q41: 0 | R41: 0
B42: =B41+1 -> 46262 | C42: Sat | D42: =SUM(E42:R42) -> 0 | E42: 0 | F42: 0 | G42: 0 | H42: 0 | I42: 0 | J42: 0 | K42: 0 | L42: 0 | M42: 0 | N42: 0 | O42: 0 | P42: 0 | Q42: 0 | R42: 0
B43: =B42+1 -> 46263 | C43: Sun | D43: =SUM(E43:R43) -> 0 | E43: 0 | F43: 0 | G43: 0 | H43: 0 | I43: 0 | J43: 0 | K43: 0 | L43: 0 | M43: 0 | N43: 0 | O43: 0 | P43: 0 | Q43: 0 | R43: 0
B44: Sub Total | D44: =SUM(D37:D43) -> 0 | E44: =SUM(E37:E43) -> 0 | F44: =SUM(F37:F43) -> 0 | G44: =SUM(G37:G43) -> 0 | H44: =SUM(H37:H43) -> 0 | I44: =SUM(I37:I43) -> 0 | J44: =SUM(J37:J43) -> 0 | K44: =SUM(K37:K43) -> 0 | ... R44: =SUM(R37:R43) -> 0
A46: =WEEKNUM(B46) -> 36 | B46: =B43+1 -> 46264 | C46: Mon | D46: =SUM(E46:R46) -> 0 | E46: 0 | F46: 0 | G46: 0 | H46: 0 | I46: 0 | J46: 0 | K46: 0 | L46: 0 | M46: 0 | N46: 0 | O46: 0 | P46: 0 | Q46: 0 | R46: 0
B47: =B46+1 -> 46265 | C47: Tue | D47: =SUM(E47:R47) -> 0 | E47: 0 | F47: 0 | G47: 0 | H47: 0 | I47: 0 | J47: 0 | K47: 0 | L47: 0 | M47: 0 | N47: 0 | O47: 0 | P47: 0 | Q47: 0 | R47: 0
B48: Sub Total | D48: =SUM(D41:D47) -> 0 | E48: =SUM(E41:E47) -> 0 | F48: =SUM(F41:F47) -> 0 | G48: =SUM(G41:G47) -> 0 | H48: =SUM(H41:H47) -> 0 | I48: =SUM(I41:I47) -> 0 | J48: =SUM(J41:J47) -> 0 | K48: =SUM(K41:K47) -> 0 | ... R48: =SUM(R41:R47) -> 0
B50: Sub Total | D50: =SUM(D35,D26,D17,D8,D44,D48) -> 0 | E50: =SUM(E35,E26,E17,E8,E44,E48) -> 0 | F50: =SUM(F35,F26,F17,F8,F44,F48) -> 0 | G50: =SUM(G35,G26,G17,G8,G44,G48) -> 0 | H50: =SUM(H35,H26,H17,H8,H44,H48) -> 0 | I50: =SUM(I35,I26,I17,I8,I44,I48) -> 0 | J50: =SUM(J35,J26,J17,J8,J44,J48) -> 0 | K50: =SUM(K35,K26,K17,K8,K44,K48) -> 0 | ... R50: =SUM(R35,R26,R17,R8,R44,R48) -> 0
B51: Total | D51: =SUM(D28:D34,D19:D25,D10:D16,D7,D37:D43,D46:D47) -> 0 | E51: =SUM(E28:E34,E19:E25,E10:E16,E7,E37:E43,E46:E47) -> 0 | F51: =SUM(F28:F34,F19:F25,F10:F16,F7,F37:F43,F46:F47) -> 0 | G51: =SUM(G28:G34,G19:G25,G10:G16,G7,G37:G43,G46:G47) -> 0 | H51: =SUM(H28:H34,H19:H25,H10:H16,H7,H37:H43,H46:H47) -> 0 | I51: =SUM(I28:I34,I19:I25,I10:I16,I7,I37:I43,I46:I47) -> 0 | J51: =SUM(J28:J34,J19:J25,J10:J16,J7,J37:J43,J46:J47) -> 0 | K51: =SUM(K28:K34,K19:K25,K10:K16,K7,K37:K43,K46:K47) -> 0 | ... R51: =SUM(R28:R34,R19:R25,R10:R16,R7,R37:R43,R46:R47) -> 0
B52: Difference

Sheet SO Oktober 2026 Rev3
A2: SALES ORDER | E2: =E6/24 -> 33.333333 | F2: =F6/24 -> 50 | G2: =G6/24 -> 137.5 | H2: =H6/24 -> 33.333333 | I2: =I6/24 -> 6.25 | J2: =J6/24 -> 25.156801 | K2: =K6/24 -> 28.053145 | L2: =L6/24 -> 229.16667 | ... O2: =O6/24 -> 520.83333 | P2: =P38/24 -> 0 | Q2: =Q6/24 -> 500 | R2: =R6/24 -> 125 | S2: =S6/24 -> 291.66667 | T2: =T6/24 -> 0 | U2: =U6/24 -> 20.833333 | V2: =V6/24 -> 270.83333 | W2: =W6/24 -> 41.666667 | X2: =X6/24 -> 0 | ... BC2: =BC6/24 -> 375
A3: 46296
V4: =V6/24 -> 270.83333
A5: Week | B5: DATE | D5: TOTAL | E5: CLIN | F5: MKG | G5: STM | H5: OAJ | I5: SHB | J5: GTL | K5: TWK | L5: BYC | M5: GF RANCA | N5: SMA | O5: UMI | P5: HLI | Q5: ASAHIMAS | R5: DIC | S5: HCI | T5: KSN | U5: ADP | V5: KSN RANCA | W5: NNI | X5: Greenpulse | Y5: Concord | Z5: ALT (KSO MASAMI) | AA5: IDP (KSO AAE) | AB5: WINGLOK (KSO EBM) | AC5: CISF (KSO RRS) | AD5: KGM (KSO RRS) | AE5: PUJ - LUBRICANT | AF5: CALBEE (KSO BMI) | AG5: KF | AH5: IP | AI5: BEM | AJ5: AMI | AK5: KA | AL5: KTN | AM5: NIAGA GARAM | AN5: PCI 84 | AO5: PCI MENGGER | AP5: INDOFOOD | AQ5: CERES | AR5: ABC KOGEN | AS5: TONGJI ( KSO GAS) | AT5: PA | AU5: RB | AV5: GF ATOM | AW5: GF KULIT | AX5: SDM | AY5: JARGAS | AZ5: SBI | BA5: DJARUM | BB5: SP GLOBAL | BC5: PENTAWIRA (KSO REN)
A6: =WEEKNUM(B6) -> 40 | B6: =A3 -> 46296 | C6: =TEXT(B6,"ddd") -> Thu | D6: =SUM(E6:BC6) -> 203407.46 | E6: 800 | F6: 1200 | G6: 3300 | H6: 800 | I6: 150 | J6: 603.76323 | K6: 673.27548 | L6: 5500 | M6: 5000 | N6: 1500 | O6: 12500 | P6: =10800 -> 10800 | Q6: 12000 | R6: 3000 | S6: 7000 | T6: 0 | U6: 500 | V6: 6500 | W6: 1000 | X6: 0 | Y6: 10000 | Z6: 1000 | AA6: 3000 | AB6: 89.451613 | AC6: 3000 | AD6: 1000 | AE6: 3000 | AF6: 0 | AG6: 2000 | AH6: 2000 | AI6: 800 | AJ6: 7200 | AK6: 2500 | AL6: 2000 | AM6: 1000 | AN6: 11000 | AO6: 2000 | AP6: 4500 | AQ6: 9000.0571 | AR6: 4000 | AS6: 3500 | AT6: 500 | AU6: 3500 | AV6: 2000 | AW6: 369.61071 | AX6: 1121.9003 | AY6: 2499.7026 | AZ6: 2499.7026 | BA6: 5000 | BB6: 31500 | BC6: =4500*2 -> 9000
B7: =B6+1 -> 46297 | C7: =TEXT(B7,"ddd") -> Fri | D7: =SUM(E7:BC7) -> 203306.98 | E7: 1199.5729 | F7: 1200 | G7: 3300 | H7: 800 | I7: 150 | J7: 603.76323 | K7: 673.27548 | L7: 5500 | M7: 5000 | N7: 1500 | O7: 12500 | P7: 10800 | Q7: 12000 | R7: 3000 | S7: 7000 | T7: 0 | U7: 500 | V7: 6500 | W7: 1000 | X7: 0 | Y7: 10000 | Z7: 1000 | AA7: 3000 | AB7: 89.451613 | AC7: 3000 | AD7: 1000 | AE7: 3000 | AF7: 0 | AG7: 2000 | AH7: 2000 | AI7: 800 | AJ7: 7200 | AK7: 2500 | AL7: 2000 | AM7: 1000 | AN7: 10000 | AO7: 2000 | AP7: 6000 | AQ7: 8000 | AR7: 4000 | AS7: 3500 | AT7: 500 | AU7: 3500 | AV7: 2000 | AW7: 369.61071 | AX7: 1121.9003 | AY7: 2499.7026 | AZ7: 2499.7026 | BA7: 5000 | BB7: 31500 | BC7: 9000
B8: =B7+1 -> 46298 | C8: =TEXT(B8,"ddd") -> Sat | D8: =SUM(E8:BC8) -> 199685.51 | E8: 700 | F8: 1000 | G8: 3300 | H8: 500 | I8: 150 | J8: 603.76323 | K8: 673.27548 | L8: 4500 | M8: 2000 | N8: 1000 | O8: 12500 | P8: 12800 | Q8: 30000 | R8: 3000 | S8: 3500 | T8: 0 | U8: 500 | V8: 6500 | W8: 1000 | X8: 0 | Y8: 10000 | Z8: 1000 | AA8: 3000 | AB8: 89.451613 | AC8: 3000 | AD8: 1000 | AE8: 0 | AF8: 0 | AG8: 0 | AH8: 2000 | AI8: 800 | AJ8: 7200 | AK8: 0 | AL8: 2000 | AM8: 1000 | AN8: 10000 | AO8: 2000 | AP8: 6000 | AQ8: 6000 | AR8: 4000 | AS8: 3500 | AT8: 500 | AU8: 3500 | AV8: 2000 | AW8: 369.61071 | AX8: 0 | AY8: 2499.7026 | AZ8: 2499.7026 | BA8: 1000 | BB8: 31500 | BC8: 9000
B9: =B8+1 -> 46299 | C9: =TEXT(B9,"ddd") -> Sun | D9: =SUM(E9:BC9) -> 192394.43 | E9: 700 | F9: 1000 | G9: 999.51613 | H9: 500 | I9: 0 | J9: 603.76323 | K9: 673.27548 | L9: 0 | M9: 2000 | N9: 300 | O9: 6659.5545 | P9: 16000 | Q9: 45000 | R9: 3000 | S9: 0 | T9: 0 | U9: 500 | V9: 6500 | W9: 1000 | X9: 0 | Y9: 10000 | Z9: 0 | AA9: 2500 | AB9: 89.451613 | AC9: 3000 | AD9: 1000 | AE9: 0 | AF9: 0 | AG9: 0 | AH9: 2000 | AI9: 0 | AJ9: 2999.8519 | AK9: 0 | AL9: 2000 | AM9: 0 | AN9: 10000 | AO9: 2000 | AP9: 6000 | AQ9: 5000 | AR9: 4000 | AS9: 3500 | AT9: 500 | AU9: 3500 | AV9: 2000 | AW9: 369.61071 | AX9: 0 | AY9: 2499.7026 | AZ9: 2499.7026 | BA9: 1000 | BB9: 31500 | BC9: 9000
B10: Sub Total | D10: =SUM(D6:D9) -> 798794.38 | E10: =SUM(E6:E9) -> 3399.5729 | F10: =SUM(F6:F9) -> 4400 | G10: =SUM(G6:G9) -> 10899.516 | H10: =SUM(H6:H9) -> 2600 | I10: =SUM(I6:I9) -> 450 | J10: =SUM(J6:J9) -> 2415.0529 | K10: =SUM(K6:K9) -> 2693.1019 | ... AE10: =SUM(AE6:AE9) -> 6000 | AF10: 0 | AG10: =SUM(AG6:AG9) -> 4000 | AH10: =SUM(AH6:AH9) -> 8000 | AI10: =SUM(AI6:AI9) -> 2400 | AJ10: =SUM(AJ6:AJ9) -> 24599.852 | AK10: =SUM(AK6:AK9) -> 5000 | AL10: =SUM(AL6:AL9) -> 8000 | AM10: =SUM(AM6:AM9) -> 3000 | AN10: =SUM(AN6:AN9) -> 41000 | ... BC10: =SUM(BC6:BC9) -> 36000
B12: =B9+1 -> 46300 | C12: =TEXT(B12,"ddd") -> Mon | D12: =SUM(E12:BC12) -> 203606.98 | E12: 1199.5729 | F12: 1200 | G12: 3300 | H12: 800 | I12: 150 | J12: 603.76323 | K12: 673.27548 | L12: 5500 | M12: 5000 | N12: 1500 | O12: 12500 | P12: 10800 | Q12: 12000 | R12: 3000 | S12: 7000 | T12: 0 | U12: 1300 | V12: 6500 | W12: 1000 | X12: 0 | Y12: 10000 | Z12: 1000 | AA12: 3000 | AB12: 89.451613 | AC12: 3000 | AD12: 1000 | AE12: 3000 | AF12: 0 | AG12: 2000 | AH12: 2000 | AI12: 800 | AJ12: 7200 | AK12: 2000 | AL12: 2000 | AM12: 1000 | AN12: 10000 | AO12: 2000 | AP12: 6000 | AQ12: 8000 | AR12: 4000 | AS12: 3500 | AT12: 500 | AU12: 3500 | AV12: 2000 | AW12: 369.61071 | AX12: 1121.9003 | AY12: 2499.7026 | AZ12: 2499.7026 | BA12: 5000 | BB12: 31500 | BC12: 9000
B13: =B12+1 -> 46301 | C13: =TEXT(B13,"ddd") -> Tue | D13: =SUM(E13:BC13) -> 203606.98 | E13: 1199.5729 | F13: 1200 | G13: 3300 | H13: 800 | I13: 150 | J13: 603.76323 | K13: 673.27548 | L13: 5500 | M13: 5000 | N13: 1500 | O13: 12500 | P13: 10800 | Q13: 12000 | R13: 3000 | S13: 7000 | T13: 0 | U13: 1300 | V13: 6500 | W13: 1000 | X13: 0 | Y13: 10000 | Z13: 1000 | AA13: 3000 | AB13: 89.451613 | AC13: 3000 | AD13: 1000 | AE13: 3000 | AF13: 0 | AG13: 2000 | AH13: 2000 | AI13: 800 | AJ13: 7200 | AK13: 2000 | AL13: 2000 | AM13: 1000 | AN13: 10000 | AO13: 2000 | AP13: 6000 | AQ13: 8000 | AR13: 4000 | AS13: 3500 | AT13: 500 | AU13: 3500 | AV13: 2000 | AW13: 369.61071 | AX13: 1121.9003 | AY13: 2499.7026 | AZ13: 2499.7026 | BA13: 5000 | BB13: 31500 | BC13: 9000
A14: =WEEKNUM(B12) -> 41 | B14: =B13+1 -> 46302 | C14: =TEXT(B14,"ddd") -> Wed | D14: =SUM(E14:BC14) -> 203606.98 | E14: 1199.5729 | F14: 1200 | G14: 3300 | H14: 800 | I14: 150 | J14: 603.76323 | K14: 673.27548 | L14: 5500 | M14: 5000 | N14: 1500 | O14: 12500 | P14: 10800 | Q14: 12000 | R14: 3000 | S14: 7000 | T14: 0 | U14: 1300 | V14: 6500 | W14: 1000 | X14: 0 | Y14: 10000 | Z14: 1000 | AA14: 3000 | AB14: 89.451613 | AC14: 3000 | AD14: 1000 | AE14: 3000 | AF14: 0 | AG14: 2000 | AH14: 2000 | AI14: 800 | AJ14: 7200 | AK14: 2000 | AL14: 2000 | AM14: 1000 | AN14: 10000 | AO14: 2000 | AP14: 6000 | AQ14: 8000 | AR14: 4000 | AS14: 3500 | AT14: 500 | AU14: 3500 | AV14: 2000 | AW14: 369.61071 | AX14: 1121.9003 | AY14: 2499.7026 | AZ14: 2499.7026 | BA14: 5000 | BB14: 31500 | BC14: 9000
B15: =B14+1 -> 46303 | C15: =TEXT(B15,"ddd") -> Thu | D15: =SUM(E15:BC15) -> 205606.98 | E15: 1199.5729 | F15: 1200 | G15: 3300 | H15: 800 | I15: 150 | J15: 603.76323 | K15: 673.27548 | L15: 5500 | M15: 5000 | N15: 1500 | O15: 12500 | P15: 10800 | Q15: 12000 | R15: 3000 | S15: 7000 | T15: 0 | U15: 1300 | V15: 6500 | W15: 1000 | X15: 2000 | Y15: 10000 | Z15: 1000 | AA15: 3000 | AB15: 89.451613 | AC15: 3000 | AD15: 1000 | AE15: 3000 | AF15: 0 | AG15: 2000 | AH15: 2000 | AI15: 800 | AJ15: 7200 | AK15: 2000 | AL15: 2000 | AM15: 1000 | AN15: 10000 | AO15: 2000 | AP15: 6000 | AQ15: 8000 | AR15: 4000 | AS15: 3500 | AT15: 500 | AU15: 3500 | AV15: 2000 | AW15: 369.61071 | AX15: 1121.9003 | AY15: 2499.7026 | AZ15: 2499.7026 | BA15: 5000 | BB15: 31500 | BC15: 9000
B16: =B15+1 -> 46304 | C16: =TEXT(B16,"ddd") -> Fri | D16: =SUM(E16:BC16) -> 205606.98 | E16: 1199.5729 | F16: 1200 | G16: 3300 | H16: 800 | I16: 150 | J16: 603.76323 | K16: 673.27548 | L16: 5500 | M16: 5000 | N16: 1500 | O16: 12500 | P16: 10800 | Q16: 12000 | R16: 3000 | S16: 7000 | T16: 0 | U16: 1300 | V16: 6500 | W16: 1000 | X16: 2000 | Y16: 10000 | Z16: 1000 | AA16: 3000 | AB16: 89.451613 | AC16: 3000 | AD16: 1000 | AE16: 3000 | AF16: 0 | AG16: 2000 | AH16: 2000 | AI16: 800 | AJ16: 7200 | AK16: 2000 | AL16: 2000 | AM16: 1000 | AN16: 10000 | AO16: 2000 | AP16: 6000 | AQ16: 8000 | AR16: 4000 | AS16: 3500 | AT16: 500 | AU16: 3500 | AV16: 2000 | AW16: 369.61071 | AX16: 1121.9003 | AY16: 2499.7026 | AZ16: 2499.7026 | BA16: 5000 | BB16: 31500 | BC16: 9000
B17: =B16+1 -> 46305 | C17: =TEXT(B17,"ddd") -> Sat | D17: =SUM(E17:BC17) -> 202485.51 | E17: 700 | F17: 1000 | G17: 3300 | H17: 500 | I17: 150 | J17: 603.76323 | K17: 673.27548 | L17: 4500 | M17: 2000 | N17: 1000 | O17: 12500 | P17: 12800 | Q17: 30000 | R17: 3000 | S17: 3500 | T17: 0 | U17: 1300 | V17: 6500 | W17: 1000 | X17: 2000 | Y17: 10000 | Z17: 1000 | AA17: 3000 | AB17: 89.451613 | AC17: 3000 | AD17: 1000 | AE17: 0 | AF17: 0 | AG17: 0 | AH17: 2000 | AI17: 800 | AJ17: 7200 | AK17: 0 | AL17: 2000 | AM17: 1000 | AN17: 10000 | AO17: 2000 | AP17: 6000 | AQ17: 6000 | AR17: 4000 | AS17: 3500 | AT17: 500 | AU17: 3500 | AV17: 2000 | AW17: 369.61071 | AX17: 0 | AY17: 2499.7026 | AZ17: 2499.7026 | BA17: 1000 | BB17: 31500 | BC17: 9000
B18: =B17+1 -> 46306 | C18: =TEXT(B18,"ddd") -> Sun | D18: =SUM(E18:BC18) -> 192694.43 | E18: 700 | F18: 1000 | G18: 999.51613 | H18: 500 | I18: 0 | J18: 603.76323 | K18: 673.27548 | L18: 0 | M18: 2000 | N18: 300 | O18: 6659.5545 | P18: 16000 | Q18: 45000 | R18: 3000 | S18: 0 | T18: 0 | U18: 1300 | V18: 6500 | W18: 0 | X18: 2000 | Y18: 10000 | Z18: 0 | AA18: 2500 | AB18: 89.451613 | AC18: 3000 | AD18: 1000 | AE18: 0 | AF18: 0 | AG18: 0 | AH18: 500 | AI18: 0 | AJ18: 2999.8519 | AK18: 0 | AL18: 2000 | AM18: 0 | AN18: 10000 | AO18: 2000 | AP18: 6000 | AQ18: 5000 | AR18: 4000 | AS18: 3500 | AT18: 500 | AU18: 3500 | AV18: 2000 | AW18: 369.61071 | AX18: 0 | AY18: 2499.7026 | AZ18: 2499.7026 | BA18: 1000 | BB18: 31500 | BC18: 9000
B19: Sub Total | D19: =SUM(D12:D18) -> 1417214.8 | E19: =SUM(E12:E18) -> 7397.8645 | F19: =SUM(F12:F18) -> 8000 | G19: =SUM(G12:G18) -> 20799.516 | H19: =SUM(H12:H18) -> 5000 | I19: =SUM(I12:I18) -> 900 | J19: =SUM(J12:J18) -> 4226.3426 | K19: =SUM(K12:K18) -> 4712.9284 | ... AE19: =SUM(AE12:AE18) -> 15000 | AF19: 0 | AG19: =SUM(AG12:AG18) -> 10000 | AH19: =SUM(AH12:AH18) -> 12500 | AI19: =SUM(AI12:AI18) -> 4800 | AJ19: =SUM(AJ12:AJ18) -> 46199.852 | AK19: =SUM(AK12:AK18) -> 10000 | AL19: =SUM(AL12:AL18) -> 14000 | AM19: =SUM(AM12:AM18) -> 6000 | AN19: =SUM(AN12:AN18) -> 70000 | ... BC19: =SUM(BC12:BC18) -> 63000
B21: =B18+1 -> 46307 | C21: =TEXT(B21,"ddd") -> Mon | D21: =SUM(E21:BC21) -> 211606.98 | E21: 1199.5729 | F21: 1200 | G21: 3300 | H21: 800 | I21: 150 | J21: 603.76323 | K21: 673.27548 | L21: 5500 | M21: 5000 | N21: 1500 | O21: 12500 | P21: 10800 | Q21: 12000 | R21: 3000 | S21: 12000 | T21: 0 | U21: 1300 | V21: 6500 | W21: 1000 | X21: 2000 | Y21: 10000 | Z21: 1000 | AA21: 3000 | AB21: 89.451613 | AC21: 3000 | AD21: 1000 | AE21: 3000 | AF21: 0 | AG21: 2000 | AH21: 2000 | AI21: 800 | AJ21: 7200 | AK21: 2000 | AL21: 2000 | AM21: 1000 | AN21: 10000 | AO21: 2000 | AP21: 6000 | AQ21: 8000 | AR21: 5000 | AS21: 3500 | AT21: 500 | AU21: 3500 | AV21: 2000 | AW21: 369.61071 | AX21: 1121.9003 | AY21: 2499.7026 | AZ21: 2499.7026 | BA21: 5000 | BB21: 31500 | BC21: 9000
B22: =B21+1 -> 46308 | C22: =TEXT(B22,"ddd") -> Tue | D22: =SUM(E22:BC22) -> 228606.98 | E22: 1199.5729 | F22: 1200 | G22: 3300 | H22: 800 | I22: 150 | J22: 603.76323 | K22: 673.27548 | L22: 5500 | M22: 5000 | N22: 2000 | O22: 9000 | P22: 10800 | Q22: 17000 | R22: 5000 | S22: 12000 | T22: 4000 | U22: 1300 | V22: 6500 | W22: 1000 | X22: 7000 | Y22: 10000 | Z22: 1000 | AA22: 5500 | AB22: 89.451613 | AC22: 3500 | AD22: 1000 | AE22: 3000 | AF22: 0 | AG22: 3000 | AH22: 2000 | AI22: 800 | AJ22: 7200 | AK22: 2000 | AL22: 2000 | AM22: 1000 | AN22: 10000 | AO22: 2000 | AP22: 6000 | AQ22: 8000 | AR22: 5000 | AS22: 3500 | AT22: 500 | AU22: 3500 | AV22: 2000 | AW22: 369.61071 | AX22: 1121.9003 | AY22: 2499.7026 | AZ22: 2499.7026 | BA22: 5000 | BB22: 31500 | BC22: 9000
A23: =WEEKNUM(B21) -> 42 | B23: =B22+1 -> 46309 | C23: =TEXT(B23,"ddd") -> Wed | D23: =SUM(E23:BC23) -> 222806.98 | E23: 1199.5729 | F23: 1200 | G23: 3300 | H23: 800 | I23: 150 | J23: 603.76323 | K23: 673.27548 | L23: 5500 | M23: 4000 | N23: 2000 | O23: 9000 | P23: 10800 | Q23: 17000 | R23: 5000 | S23: 12000 | T23: 4000 | U23: 1000 | V23: 6500 | W23: 0 | X23: 5000 | Y23: 10000 | Z23: 1000 | AA23: 5500 | AB23: 89.451613 | AC23: 3500 | AD23: 1000 | AE23: 3000 | AF23: 0 | AG23: 2000 | AH23: 2000 | AI23: 800 | AJ23: 7200 | AK23: 2000 | AL23: 1500 | AM23: 1000 | AN23: 10000 | AO23: 2000 | AP23: 6000 | AQ23: 8000 | AR23: 5000 | AS23: 3500 | AT23: 500 | AU23: 3500 | AV23: 2000 | AW23: 369.61071 | AX23: 1121.9003 | AY23: 2499.7026 | AZ23: 2499.7026 | BA23: 5000 | BB23: 31500 | BC23: 9000
B24: =B23+1 -> 46310 | C24: =TEXT(B24,"ddd") -> Thu | D24: =SUM(E24:BC24) -> 224806.98 | E24: 1199.5729 | F24: 1200 | G24: 3300 | H24: 800 | I24: 150 | J24: 603.76323 | K24: 673.27548 | L24: 5500 | M24: 4000 | N24: 2000 | O24: 9000 | P24: 10800 | Q24: 17000 | R24: 5000 | S24: 12000 | T24: 4000 | U24: 1000 | V24: 6500 | W24: 0 | X24: 5000 | Y24: 10000 | Z24: 1000 | AA24: 5500 | AB24: 89.451613 | AC24: 3500 | AD24: 1000 | AE24: 3000 | AF24: 0 | AG24: 2000 | AH24: 2000 | AI24: 800 | AJ24: 7200 | AK24: 2000 | AL24: 1500 | AM24: 1000 | AN24: 10000 | AO24: 2000 | AP24: 6000 | AQ24: 8000 | AR24: 7000 | AS24: 3500 | AT24: 500 | AU24: 3500 | AV24: 2000 | AW24: 369.61071 | AX24: 1121.9003 | AY24: 2499.7026 | AZ24: 2499.7026 | BA24: 5000 | BB24: 31500 | BC24: 9000
B25: =B24+1 -> 46311 | C25: =TEXT(B25,"ddd") -> Fri | D25: =SUM(E25:BC25) -> 224806.98 | E25: 1199.5729 | F25: 1200 | G25: 3300 | H25: 800 | I25: 150 | J25: 603.76323 | K25: 673.27548 | L25: 5500 | M25: 4000 | N25: 2000 | O25: 9000 | P25: 10800 | Q25: 17000 | R25: 5000 | S25: 12000 | T25: 4000 | U25: 1000 | V25: 6500 | W25: 0 | X25: 5000 | Y25: 10000 | Z25: 1000 | AA25: 5500 | AB25: 89.451613 | AC25: 3500 | AD25: 1000 | AE25: 3000 | AF25: 0 | AG25: 2000 | AH25: 2000 | AI25: 800 | AJ25: 7200 | AK25: 2000 | AL25: 1500 | AM25: 1000 | AN25: 10000 | AO25: 2000 | AP25: 6000 | AQ25: 8000 | AR25: 7000 | AS25: 3500 | AT25: 500 | AU25: 3500 | AV25: 2000 | AW25: 369.61071 | AX25: 1121.9003 | AY25: 2499.7026 | AZ25: 2499.7026 | BA25: 5000 | BB25: 31500 | BC25: 9000
B26: =B25+1 -> 46312 | C26: =TEXT(B26,"ddd") -> Sat | D26: =SUM(E26:BC26) -> 215685.51 | E26: 700 | F26: 1000 | G26: 3300 | H26: 500 | I26: 150 | J26: 603.76323 | K26: 673.27548 | L26: 4500 | M26: 4000 | N26: 1000 | O26: 9000 | P26: 10800 | Q26: 25000 | R26: 5000 | S26: 12000 | T26: 4000 | U26: 1000 | V26: 6500 | W26: 0 | X26: 5000 | Y26: 10000 | Z26: 1000 | AA26: 5500 | AB26: 89.451613 | AC26: 3500 | AD26: 1000 | AE26: 0 | AF26: 0 | AG26: 0 | AH26: 2000 | AI26: 800 | AJ26: 7200 | AK26: 0 | AL26: 1500 | AM26: 1000 | AN26: 10000 | AO26: 2000 | AP26: 6000 | AQ26: 6000 | AR26: 7000 | AS26: 3500 | AT26: 500 | AU26: 3500 | AV26: 2000 | AW26: 369.61071 | AX26: 0 | AY26: 2499.7026 | AZ26: 2499.7026 | BA26: 1000 | BB26: 31500 | BC26: 9000
B27: =B26+1 -> 46313 | C27: =TEXT(B27,"ddd") -> Sun | D27: =SUM(E27:BC27) -> 178694.43 | E27: 700 | F27: 1000 | G27: 999.51613 | H27: 500 | I27: 0 | J27: 603.76323 | K27: 673.27548 | L27: 0 | M27: 4000 | N27: 300 | O27: 6659.5545 | P27: 10800 | Q27: 25000 | R27: 5000 | S27: 0 | T27: 4000 | U27: 1000 | V27: 6500 | W27: 0 | X27: 5000 | Y27: 10000 | Z27: 0 | AA27: 2500 | AB27: 89.451613 | AC27: 1000 | AD27: 1000 | AE27: 0 | AF27: 0 | AG27: 0 | AH27: 500 | AI27: 0 | AJ27: 2999.8519 | AK27: 0 | AL27: 1500 | AM27: 0 | AN27: 10000 | AO27: 2000 | AP27: 6000 | AQ27: 5000 | AR27: 7000 | AS27: 3500 | AT27: 500 | AU27: 3500 | AV27: 2000 | AW27: 369.61071 | AX27: 0 | AY27: 2499.7026 | AZ27: 2499.7026 | BA27: 1000 | BB27: 31500 | BC27: 9000
B28: Sub Total | D28: =SUM(D21:D27) -> 1507014.8 | E28: =SUM(E21:E27) -> 7397.8645 | F28: =SUM(F21:F27) -> 8000 | G28: =SUM(G21:G27) -> 20799.516 | H28: =SUM(H21:H27) -> 5000 | I28: =SUM(I21:I27) -> 900 | J28: =SUM(J21:J27) -> 4226.3426 | K28: =SUM(K21:K27) -> 4712.9284 | ... AE28: =SUM(AE21:AE27) -> 15000 | AF28: 0 | AG28: =SUM(AG21:AG27) -> 11000 | AH28: =SUM(AH21:AH27) -> 12500 | AI28: =SUM(AI21:AI27) -> 4800 | AJ28: =SUM(AJ21:AJ27) -> 46199.852 | AK28: =SUM(AK21:AK27) -> 10000 | AL28: =SUM(AL21:AL27) -> 11500 | AM28: =SUM(AM21:AM27) -> 6000 | AN28: =SUM(AN21:AN27) -> 70000 | ... BC28: =SUM(BC21:BC27) -> 63000
B30: =B27+1 -> 46314 | C30: =TEXT(B30,"ddd") -> Mon | D30: =SUM(E30:BC30) -> 234806.98 | E30: 1199.5729 | F30: 1200 | G30: 3300 | H30: 800 | I30: 150 | J30: 603.76323 | K30: 673.27548 | L30: 5500 | M30: 4000 | N30: 2000 | O30: 9000 | P30: 10800 | Q30: 17000 | R30: 5000 | S30: 12000 | T30: 4000 | U30: 1000 | V30: 6500 | W30: 8000 | X30: 7000 | Y30: 10000 | Z30: 1000 | AA30: 5500 | AB30: 89.451613 | AC30: 3500 | AD30: 1000 | AE30: 3000 | AF30: 0 | AG30: 2000 | AH30: 2000 | AI30: 800 | AJ30: 7200 | AK30: 2000 | AL30: 1500 | AM30: 1000 | AN30: 10000 | AO30: 2000 | AP30: 6000 | AQ30: 8000 | AR30: 7000 | AS30: 3500 | AT30: 500 | AU30: 3500 | AV30: 2000 | AW30: 369.61071 | AX30: 1121.9003 | AY30: 2499.7026 | AZ30: 2499.7026 | BA30: 5000 | BB30: 31500 | BC30: 9000
B31: =B30+1 -> 46315 | C31: =TEXT(B31,"ddd") -> Tue | D31: =SUM(E31:BC31) -> 244806.98 | E31: 1199.5729 | F31: 1200 | G31: 3300 | H31: 800 | I31: 150 | J31: 603.76323 | K31: 673.27548 | L31: 5500 | M31: 4000 | N31: 2000 | O31: 9000 | P31: 10800 | Q31: 17000 | R31: 5000 | S31: 12000 | T31: 4000 | U31: 1000 | V31: 6500 | W31: 8000 | X31: 7000 | Y31: 20000 | Z31: 1000 | AA31: 5500 | AB31: 89.451613 | AC31: 3500 | AD31: 1000 | AE31: 3000 | AF31: 0 | AG31: 2000 | AH31: 2000 | AI31: 800 | AJ31: 7200 | AK31: 2000 | AL31: 1500 | AM31: 1000 | AN31: 10000 | AO31: 2000 | AP31: 6000 | AQ31: 8000 | AR31: 7000 | AS31: 3500 | AT31: 500 | AU31: 3500 | AV31: 2000 | AW31: 369.61071 | AX31: 1121.9003 | AY31: 2499.7026 | AZ31: 2499.7026 | BA31: 5000 | BB31: 31500 | BC31: 9000
A32: =WEEKNUM(B30) -> 43 | B32: =B31+1 -> 46316 | C32: =TEXT(B32,"ddd") -> Wed | D32: =SUM(E32:BC32) -> 257106.98 | E32: 1199.5729 | F32: 1200 | G32: 3300 | H32: 800 | I32: 150 | J32: 603.76323 | K32: 673.27548 | L32: 5500 | M32: 4000 | N32: 2500 | O32: 16000 | P32: 15600 | Q32: 17000 | R32: 5000 | S32: 12000 | T32: 4000 | U32: 1000 | V32: 6500 | W32: 8000 | X32: 7000 | Y32: 20000 | Z32: 1000 | AA32: 5500 | AB32: 89.451613 | AC32: 3500 | AD32: 1000 | AE32: 3000 | AF32: 0 | AG32: 2000 | AH32: 2000 | AI32: 800 | AJ32: 7200 | AK32: 2000 | AL32: 1500 | AM32: 1000 | AN32: 10000 | AO32: 2000 | AP32: 6000 | AQ32: 8000 | AR32: 7000 | AS32: 3500 | AT32: 500 | AU32: 3500 | AV32: 2000 | AW32: 369.61071 | AX32: 1121.9003 | AY32: 2499.7026 | AZ32: 2499.7026 | BA32: 5000 | BB32: 31500 | BC32: 9000
B33: =B32+1 -> 46317 | C33: =TEXT(B33,"ddd") -> Thu | D33: =SUM(E33:BC33) -> 257106.98 | E33: 1199.5729 | F33: 1200 | G33: 3300 | H33: 800 | I33: 150 | J33: 603.76323 | K33: 673.27548 | L33: 5500 | M33: 4000 | N33: 2500 | O33: 16000 | P33: 15600 | Q33: 17000 | R33: 5000 | S33: 12000 | T33: 4000 | U33: 1000 | V33: 6500 | W33: 8000 | X33: 7000 | Y33: 20000 | Z33: 1000 | AA33: 5500 | AB33: 89.451613 | AC33: 3500 | AD33: 1000 | AE33: 3000 | AF33: 0 | AG33: 2000 | AH33: 2000 | AI33: 800 | AJ33: 7200 | AK33: 2000 | AL33: 1500 | AM33: 1000 | AN33: 10000 | AO33: 2000 | AP33: 6000 | AQ33: 8000 | AR33: 7000 | AS33: 3500 | AT33: 500 | AU33: 3500 | AV33: 2000 | AW33: 369.61071 | AX33: 1121.9003 | AY33: 2499.7026 | AZ33: 2499.7026 | BA33: 5000 | BB33: 31500 | BC33: 9000
B34: =B33+1 -> 46318 | C34: =TEXT(B34,"ddd") -> Fri | D34: =SUM(E34:BC34) -> 257106.98 | E34: 1199.5729 | F34: 1200 | G34: 3300 | H34: 800 | I34: 150 | J34: 603.76323 | K34: 673.27548 | L34: 5500 | M34: 4000 | N34: 2500 | O34: 16000 | P34: 15600 | Q34: 17000 | R34: 5000 | S34: 12000 | T34: 4000 | U34: 1000 | V34: 6500 | W34: 8000 | X34: 7000 | Y34: 20000 | Z34: 1000 | AA34: 5500 | AB34: 89.451613 | AC34: 3500 | AD34: 1000 | AE34: 3000 | AF34: 0 | AG34: 2000 | AH34: 2000 | AI34: 800 | AJ34: 7200 | AK34: 2000 | AL34: 1500 | AM34: 1000 | AN34: 10000 | AO34: 2000 | AP34: 6000 | AQ34: 8000 | AR34: 7000 | AS34: 3500 | AT34: 500 | AU34: 3500 | AV34: 2000 | AW34: 369.61071 | AX34: 1121.9003 | AY34: 2499.7026 | AZ34: 2499.7026 | BA34: 5000 | BB34: 31500 | BC34: 9000
B35: =B34+1 -> 46319 | C35: =TEXT(B35,"ddd") -> Sat | D35: =SUM(E35:BC35) -> 255485.51 | E35: 700 | F35: 1000 | G35: 3300 | H35: 500 | I35: 150 | J35: 603.76323 | K35: 673.27548 | L35: 4500 | M35: 4000 | N35: 1000 | O35: 16000 | P35: 15600 | Q35: =25000+8000 -> 33000 | R35: 5000 | S35: 12000 | T35: 4000 | U35: 1000 | V35: 6500 | W35: 8000 | X35: 7000 | Y35: 20000 | Z35: 1000 | AA35: 5500 | AB35: 89.451613 | AC35: 3500 | AD35: 1000 | AE35: 0 | AF35: 0 | AG35: 0 | AH35: 2000 | AI35: 800 | AJ35: 7200 | AK35: 0 | AL35: 1500 | AM35: 1000 | AN35: 10000 | AO35: 2000 | AP35: 6000 | AQ35: 6000 | AR35: 7000 | AS35: 3500 | AT35: 500 | AU35: 3500 | AV35: 2000 | AW35: 369.61071 | AX35: 0 | AY35: 2499.7026 | AZ35: 2499.7026 | BA35: 1000 | BB35: 31500 | BC35: 9000
B36: =B35+1 -> 46320 | C36: =TEXT(B36,"ddd") -> Sun | D36: =SUM(E36:BC36) -> 223494.43 | E36: 700 | F36: 1000 | G36: 999.51613 | H36: 500 | I36: 0 | J36: 603.76323 | K36: 673.27548 | L36: 0 | M36: 4000 | N36: 300 | O36: 6659.5545 | P36: 15600 | Q36: =25000+20000 -> 45000 | R36: 5000 | S36: 0 | T36: 4000 | U36: 1000 | V36: 6500 | W36: 8000 | X36: 7000 | Y36: 20000 | Z36: 0 | AA36: 2500 | AB36: 89.451613 | AC36: 1000 | AD36: 1000 | AE36: 0 | AF36: 0 | AG36: 0 | AH36: 500 | AI36: 0 | AJ36: 2999.8519 | AK36: 0 | AL36: 1500 | AM36: 0 | AN36: 10000 | AO36: 2000 | AP36: 6000 | AQ36: 5000 | AR36: 7000 | AS36: 3500 | AT36: 500 | AU36: 3500 | AV36: 2000 | AW36: 369.61071 | AX36: 0 | AY36: 2499.7026 | AZ36: 2499.7026 | BA36: 1000 | BB36: 31500 | BC36: 9000
B37: Sub Total | D37: =SUM(D30:D36) -> 1729914.8 | E37: =SUM(E30:E36) -> 7397.8645 | F37: =SUM(F30:F36) -> 8000 | G37: =SUM(G30:G36) -> 20799.516 | H37: =SUM(H30:H36) -> 5000 | I37: =SUM(I30:I36) -> 900 | J37: =SUM(J30:J36) -> 4226.3426 | K37: =SUM(K30:K36) -> 4712.9284 | ... AE37: =SUM(AE30:AE36) -> 15000 | AF37: 0 | AG37: =SUM(AG30:AG36) -> 10000 | AH37: =SUM(AH30:AH36) -> 12500 | AI37: =SUM(AI30:AI36) -> 4800 | AJ37: =SUM(AJ30:AJ36) -> 46199.852 | AK37: =SUM(AK30:AK36) -> 10000 | AL37: =SUM(AL30:AL36) -> 10500 | AM37: =SUM(AM30:AM36) -> 6000 | AN37: =SUM(AN30:AN36) -> 70000 | ... BC37: =SUM(BC30:BC36) -> 63000
B39: =B36+1 -> 46321 | C39: =TEXT(B39,"ddd") -> Mon | D39: =SUM(E39:BC39) -> 257106.98 | E39: 1199.5729 | F39: 1200 | G39: 3300 | H39: 800 | I39: 150 | J39: 603.76323 | K39: 673.27548 | L39: 5500 | M39: 4000 | N39: 2500 | O39: 16000 | P39: 15600 | Q39: 17000 | R39: 5000 | S39: 12000 | T39: 4000 | U39: 1000 | V39: 6500 | W39: 8000 | X39: 7000 | Y39: 20000 | Z39: 1000 | AA39: 5500 | AB39: 89.451613 | AC39: 3500 | AD39: 1000 | AE39: 3000 | AF39: 0 | AG39: 2000 | AH39: 2000 | AI39: 800 | AJ39: 7200 | AK39: 2000 | AL39: 1500 | AM39: 1000 | AN39: 10000 | AO39: 2000 | AP39: 6000 | AQ39: 8000 | AR39: 7000 | AS39: 3500 | AT39: 500 | AU39: 3500 | AV39: 2000 | AW39: 369.61071 | AX39: 1121.9003 | AY39: 2499.7026 | AZ39: 2499.7026 | BA39: 5000 | BB39: 31500 | BC39: 9000
B40: =B39+1 -> 46322 | C40: =TEXT(B40,"ddd") -> Tue | D40: =SUM(E40:BC40) -> 257106.98 | E40: 1199.5729 | F40: 1200 | G40: 3300 | H40: 800 | I40: 150 | J40: 603.76323 | K40: 673.27548 | L40: 5500 | M40: 4000 | N40: 2500 | O40: 16000 | P40: 15600 | Q40: 17000 | R40: 5000 | S40: 12000 | T40: 4000 | U40: 1000 | V40: 6500 | W40: 8000 | X40: 7000 | Y40: 20000 | Z40: 1000 | AA40: 5500 | AB40: 89.451613 | AC40: 3500 | AD40: 1000 | AE40: 3000 | AF40: 0 | AG40: 2000 | AH40: 2000 | AI40: 800 | AJ40: 7200 | AK40: 2000 | AL40: 1500 | AM40: 1000 | AN40: 10000 | AO40: 2000 | AP40: 6000 | AQ40: 8000 | AR40: 7000 | AS40: 3500 | AT40: 500 | AU40: 3500 | AV40: 2000 | AW40: 369.61071 | AX40: 1121.9003 | AY40: 2499.7026 | AZ40: 2499.7026 | BA40: 5000 | BB40: 31500 | BC40: 9000
A41: =WEEKNUM(B39) -> 44 | B41: =B40+1 -> 46323 | C41: =TEXT(B41,"ddd") -> Wed | D41: =SUM(E41:BC41) -> 257106.98 | E41: 1199.5729 | F41: 1200 | G41: 3300 | H41: 800 | I41: 150 | J41: 603.76323 | K41: 673.27548 | L41: 5500 | M41: 4000 | N41: 2500 | O41: 16000 | P41: 15600 | Q41: 17000 | R41: 5000 | S41: 12000 | T41: 4000 | U41: 1000 | V41: 6500 | W41: 8000 | X41: 7000 | Y41: 20000 | Z41: 1000 | AA41: 5500 | AB41: 89.451613 | AC41: 3500 | AD41: 1000 | AE41: 3000 | AF41: 0 | AG41: 2000 | AH41: 2000 | AI41: 800 | AJ41: 7200 | AK41: 2000 | AL41: 1500 | AM41: 1000 | AN41: 10000 | AO41: 2000 | AP41: 6000 | AQ41: 8000 | AR41: 7000 | AS41: 3500 | AT41: 500 | AU41: 3500 | AV41: 2000 | AW41: 369.61071 | AX41: 1121.9003 | AY41: 2499.7026 | AZ41: 2499.7026 | BA41: 5000 | BB41: 31500 | BC41: 9000
B42: =B41+1 -> 46324 | C42: =TEXT(B42,"ddd") -> Thu | D42: =SUM(E42:BC42) -> 257106.98 | E42: 1199.5729 | F42: 1200 | G42: 3300 | H42: 800 | I42: 150 | J42: 603.76323 | K42: 673.27548 | L42: 5500 | M42: 4000 | N42: 2500 | O42: 16000 | P42: 15600 | Q42: 17000 | R42: 5000 | S42: 12000 | T42: 4000 | U42: 1000 | V42: 6500 | W42: 8000 | X42: 7000 | Y42: 20000 | Z42: 1000 | AA42: 5500 | AB42: 89.451613 | AC42: 3500 | AD42: 1000 | AE42: 3000 | AF42: 0 | AG42: 2000 | AH42: 2000 | AI42: 800 | AJ42: 7200 | AK42: 2000 | AL42: 1500 | AM42: 1000 | AN42: 10000 | AO42: 2000 | AP42: 6000 | AQ42: 8000 | AR42: 7000 | AS42: 3500 | AT42: 500 | AU42: 3500 | AV42: 2000 | AW42: 369.61071 | AX42: 1121.9003 | AY42: 2499.7026 | AZ42: 2499.7026 | BA42: 5000 | BB42: 31500 | BC42: 9000
B43: =B42+1 -> 46325 | C43: =TEXT(B43,"ddd") -> Fri | D43: =SUM(E43:BC43) -> 257106.98 | E43: 1199.5729 | F43: 1200 | G43: 3300 | H43: 800 | I43: 150 | J43: 603.76323 | K43: 673.27548 | L43: 5500 | M43: 4000 | N43: 2500 | O43: 16000 | P43: 15600 | Q43: 17000 | R43: 5000 | S43: 12000 | T43: 4000 | U43: 1000 | V43: 6500 | W43: 8000 | X43: 7000 | Y43: 20000 | Z43: 1000 | AA43: 5500 | AB43: 89.451613 | AC43: 3500 | AD43: 1000 | AE43: 3000 | AF43: 0 | AG43: 2000 | AH43: 2000 | AI43: 800 | AJ43: 7200 | AK43: 2000 | AL43: 1500 | AM43: 1000 | AN43: 10000 | AO43: 2000 | AP43: 6000 | AQ43: 8000 | AR43: 7000 | AS43: 3500 | AT43: 500 | AU43: 3500 | AV43: 2000 | AW43: 369.61071 | AX43: 1121.9003 | AY43: 2499.7026 | AZ43: 2499.7026 | BA43: 5000 | BB43: 31500 | BC43: 9000
B44: =B43+1 -> 46326 | C44: =TEXT(B44,"ddd") -> Sat | D44: =SUM(E44:BC44) -> 256707.41 | E44: 700 | F44: 1000 | G44: 3300 | H44: 500 | I44: 150 | J44: 603.76323 | K44: 673.27548 | L44: 4500 | M44: 4000 | N44: 1000 | O44: 16000 | P44: 15600 | Q44: =25000+4500 -> 29500 | R44: 5000 | S44: 12000 | T44: 4000 | U44: 1000 | V44: 6500 | W44: 8000 | X44: 7000 | Y44: 20000 | Z44: 1000 | AA44: 5500 | AB44: 89.451613 | AC44: 3100 | AD44: 1000 | AE44: 0 | AF44: 0 | AG44: 0 | AH44: 2000 | AI44: 800 | AJ44: 7200 | AK44: 2000 | AL44: 1500 | AM44: 1000 | AN44: 10000 | AO44: 2000 | AP44: 6000 | AQ44: 8000 | AR44: 7000 | AS44: 3500 | AT44: 500 | AU44: 3500 | AV44: 2000 | AW44: 369.61071 | AX44: 1121.9003 | AY44: 2499.7026 | AZ44: 2499.7026 | BA44: 1000 | BB44: 31500 | BC44: 9000
B45: Sub Total | D45: =SUM(D39:D44) -> 1542242.3 | E45: =SUM(E39:E44) -> 6697.8645 | F45: =SUM(F39:F44) -> 7000 | G45: =SUM(G39:G44) -> 19800 | H45: =SUM(H39:H44) -> 4500 | I45: =SUM(I39:I44) -> 900 | J45: =SUM(J39:J44) -> 3622.5794 | K45: =SUM(K39:K44) -> 4039.6529 | ... AE45: =SUM(AE39:AE44) -> 15000 | AF45: 0 | AG45: =SUM(AG39:AG44) -> 10000 | AH45: =SUM(AH39:AH44) -> 12000 | AI45: =SUM(AI39:AI44) -> 4800 | AJ45: =SUM(AJ39:AJ44) -> 43200 | AK45: =SUM(AK39:AK44) -> 12000 | AL45: =SUM(AL39:AL44) -> 9000 | AM45: =SUM(AM39:AM44) -> 6000 | AN45: =SUM(AN39:AN44) -> 60000 | ... BC45: =SUM(BC39:BC44) -> 54000
B47: Sub Total | D47: =SUM(D45,D37,D28,D19,D10) -> 6995181.2 | E47: =SUM(E10,E19,E28,E37,E45) -> 32291.031 | F47: =SUM(F10,F19,F28,F37,F45) -> 35400 | G47: =SUM(G10,G19,G28,G37,G45) -> 93098.065 | H47: =SUM(H10,H19,H28,H37,H45) -> 22100 | I47: =SUM(I10,I19,I28,I37,I45) -> 4050 | J47: =SUM(J10,J19,J28,J37,J45) -> 18716.66 | K47: =SUM(K10,K19,K28,K37,K45) -> 20871.54 | L47: =SUM(L10,L19,L28,L37,L45) -> 143500 | ... AE47: =SUM(AE10,AE19,AE28,AE37,AE45) -> 66000 | AF47: 0 | AG47: =SUM(AG10,AG19,AG28,AG37,AG45) -> 45000 | AH47: =SUM(AH12:AH18,AH21:AH27,AH6:AH9,AH30:AH36,AH39:AH44) -> 57500 | AI47: =SUM(AI12:AI18,AI21:AI27,AI6:AI9,AI30:AI36,AI39:AI44) -> 21600 | AJ47: =SUM(AJ12:AJ18,AJ21:AJ27,AJ6:AJ9,AJ30:AJ36,AJ39:AJ44) -> 206399.41 | AK47: =SUM(AK12:AK18,AK21:AK27,AK6:AK9,AK30:AK36,AK39:AK44) -> 47000 | AL47: =SUM(AL12:AL18,AL21:AL27,AL6:AL9,AL30:AL36,AL39:AL44) -> 53000 | AM47: =SUM(AM12:AM18,AM21:AM27,AM6:AM9,AM30:AM36,AM39:AM44) -> 27000 | AN47: =SUM(AN12:AN18,AN21:AN27,AN6:AN9,AN30:AN36,AN39:AN44) -> 311000 | AO47: =SUM(AO12:AO18,AO21:AO27,AO6:AO9,AO30:AO36,AO39:AO44) -> 62000 | ... AS47: =SUM(AS12:AS18,AS21:AS27,AS6:AS9,AS30:AS36,AS39:AS44) -> 108500 | AT47: =SUM(AT28,AT19,AT10,AT37,AT45) -> 15500 | AU47: =SUM(AU28,AU19,AU10,AU37,AU45) -> 108500 | AV47: =SUM(AV28,AV19,AV10,AV37,AV45) -> 62000 | AW47: =SUM(AW28,AW19,AW10,AW37,AW45) -> 11457.932 | AX47: =SUM(AX28,AX19,AX10,AX37,AX45) -> 25803.707 | AY47: =SUM(AY28,AY19,AY10,AY37,AY45) -> 77490.78 | AZ47: =SUM(AZ28,AZ19,AZ10,AZ37,AZ45) -> 77490.78 | BA47: =SUM(BA28,BA19,BA10,BA37,BA45) -> 119000 | ... BC47: =SUM(BC28,BC19,BC10,BC37,BC45) -> 279000
B48: Total | D48: =SUM(D39:D44,D30:D36,D21:D27,D12:D18,D6:D9) -> 6995181.2 | E48: =SUM(E6:E9,E21:E27,E12:E18,E30:E36,E39:E44) -> 32291.031 | F48: =SUM(F6:F9,F21:F27,F12:F18,F30:F36,F39:F44) -> 35400 | G48: =SUM(G6:G9,G21:G27,G12:G18,G30:G36,G39:G44) -> 93098.065 | H48: =SUM(H6:H9,H21:H27,H12:H18,H30:H36,H39:H44) -> 22100 | I48: =SUM(I6:I9,I21:I27,I12:I18,I30:I36,I39:I44) -> 4050 | J48: =SUM(J6:J9,J21:J27,J12:J18,J30:J36,J39:J44) -> 18716.66 | K48: =SUM(K6:K9,K21:K27,K12:K18,K30:K36,K39:K44) -> 20871.54 | L48: =SUM(L6:L9,L21:L27,L12:L18,L30:L36,L39:L44) -> 143500 | ... AE48: =SUM(AE6:AE9,AE21:AE27,AE12:AE18,AE30:AE36,AE39:AE44) -> 66000 | AF48: 0 | AG48: =SUM(AG6:AG9,AG21:AG27,AG12:AG18,AG30:AG36,AG39:AG44) -> 45000 | AH48: =SUM(AH28,AH19,AH10,AH37,AH45) -> 57500 | AI48: =SUM(AI28,AI19,AI10,AI37,AI45) -> 21600 | AJ48: =SUM(AJ28,AJ19,AJ10,AJ37,AJ45) -> 206399.41 | AK48: =SUM(AK28,AK19,AK10,AK37,AK45) -> 47000 | AL48: =SUM(AL28,AL19,AL10,AL37,AL45) -> 53000 | AM48: =SUM(AM28,AM19,AM10,AM37,AM45) -> 27000 | AN48: =SUM(AN28,AN19,AN10,AN37,AN45) -> 311000 | AO48: =SUM(AO28,AO19,AO10,AO37,AO45) -> 62000 | ... AS48: =SUM(AS28,AS19,AS10,AS37,AS45) -> 108500 | AT48: =SUM(AT6:AT9,AT21:AT27,AT12:AT18,AT30:AT36,AT39:AT44) -> 15500 | AU48: =SUM(AU6:AU9,AU21:AU27,AU12:AU18,AU30:AU36,AU39:AU44) -> 108500 | AV48: =SUM(AV6:AV9,AV21:AV27,AV12:AV18,AV30:AV36,AV39:AV44) -> 62000 | AW48: =SUM(AW6:AW9,AW21:AW27,AW12:AW18,AW30:AW36,AW39:AW44) -> 11457.932 | AX48: =SUM(AX6:AX9,AX21:AX27,AX12:AX18,AX30:AX36,AX39:AX44) -> 25803.707 | AY48: =SUM(AY6:AY9,AY21:AY27,AY12:AY18,AY30:AY36,AY39:AY44) -> 77490.78 | AZ48: =SUM(AZ6:AZ9,AZ21:AZ27,AZ12:AZ18,AZ30:AZ36,AZ39:AZ44) -> 77490.78 | BA48: =SUM(BA6:BA9,BA21:BA27,BA12:BA18,BA30:BA36,BA39:BA44) -> 119000 | ... BC48: =SUM(BC6:BC9,BC21:BC27,BC12:BC18,BC30:BC36,BC39:BC44) -> 279000
B59: 5. Penyesuaian volume MS SETU, kuota Torabika IC di tambahkan ke Torabika Cikupa mulai April 2025
B60: 5. Penyesuaian volume MS SETU, kuota Torabika IC di tambahkan ke Torabika Cikupa mulai April 2025
B61: 5. Penyesuaian volume MS SETU, kuota Torabika IC di tambahkan ke Torabika Cikupa mulai April 2025
B62: 5. Penyesuaian volume MS SETU, kuota Torabika IC di tambahkan ke Torabika Cikupa mulai April 2025
B63: 5. Penyesuaian volume MS SETU, kuota Torabika IC di tambahkan ke Torabika Cikupa mulai April 2025
B64: 5. Penyesuaian volume MS SETU, kuota Torabika IC di tambahkan ke Torabika Cikupa mulai April 2025
B65: 5. Penyesuaian volume MS SETU, kuota Torabika IC di tambahkan ke Torabika Cikupa mulai April 2025
B66: 5. Penyesuaian volume MS SETU, kuota Torabika IC di tambahkan ke Torabika Cikupa mulai April 2025
B67: 5. Penyesuaian volume MS SETU, kuota Torabika IC di tambahkan ke Torabika Cikupa mulai April 2025
B68: 5. Penyesuaian volume MS SETU, kuota Torabika IC di tambahkan ke Torabika Cikupa mulai April 2025
B69: 5. Penyesuaian volume MS SETU, kuota Torabika IC di tambahkan ke Torabika Cikupa mulai April 2025
B70: 5. Penyesuaian volume MS SETU, kuota Torabika IC di tambahkan ke Torabika Cikupa mulai April 2025
... B77: 6. Pengurangan volume MS SETU PT Ceres, customer off mulai 22 April 2025

Sheet KEBUTUHAN GAS
A1: KEBUTUHAN GAS
A4: 46296 | F4: KEBUTUHAN GAS | J4: KUOTA GAS
A5: Week | B5: DATE | D5: SELISIH GAS JABAR | E5: SELISIH GAS TOTAL | F5: JABAR | G5: JATENG | H5: JATIM | I5: TOTAL | J5: MS SETU | K5: MS KHT | L5: MS BLORA | M5: MS BITUNG | N5: MS ZEBRA | O5: MS TAMBAKLOROK | P5: MS BaGS | Q5: MS WUNUT | R5: TOTAL
A6: =WEEKNUM(B6) -> 40 | B6: =A4 -> 46296 | C6: =TEXT(B6,"ddd") -> Thu | D6: =(J6+K6)-F6 -> -2121.9528 | E6: =R6-I6 -> 7687.131 | F6: =SUM('SO Oktober 2026 Rev3'!E6:AS6) -> 145416.55 | G6: =SUM('SO Oktober 2026 Rev3'!AV6:BB6) -> 44990.916 | H6: =SUM('SO Oktober 2026 Rev3'!BC6:BC6) -> 9000 | I6: =SUM(F6:H6) -> 199407.46 | J6: ='SO MS'!E6 -> 106038 | K6: ='SO MS'!F6 -> 37256.595 | L6: ='SO MS'!G6 -> 10800 | M6: ='SO MS'!H6 -> 0 | N6: ='SO MS'!I6 -> 9000 | O6: ='SO Oktober 2026 Rev3'!AS6 -> 3500 | P6: ='SO MS'!K6 -> 9000 | Q6: ='SO MS'!L6 -> 31500 | R6: =SUM(J6:Q6) -> 207094.59
B7: =B6+1 -> 46297 | C7: =TEXT(B7,"ddd") -> Fri | D7: =(J7+K7)-F7 -> -2021.4686 | E7: =R7-I7 -> 7787.6152 | F7: =SUM('SO Oktober 2026 Rev3'!E7:AS7) -> 145316.06 | G7: =SUM('SO Oktober 2026 Rev3'!AV7:BB7) -> 44990.916 | H7: =SUM('SO Oktober 2026 Rev3'!BC7:BC7) -> 9000 | I7: =SUM(F7:H7) -> 199306.98 | J7: ='SO MS'!E7 -> 106038 | K7: ='SO MS'!F7 -> 37256.595 | L7: ='SO MS'!G7 -> 10800 | M7: ='SO MS'!H7 -> 0 | N7: ='SO MS'!I7 -> 9000 | O7: ='SO Oktober 2026 Rev3'!AS7 -> 3500 | P7: ='SO MS'!K7 -> 9000 | Q7: ='SO MS'!L7 -> 31500 | R7: =SUM(J7:Q7) -> 207094.59
B8: =B7+1 -> 46298 | C8: =TEXT(B8,"ddd") -> Sat | D8: =(J8+K8)-F8 -> -3521.8957 | E8: =R8-I8 -> 11409.088 | F8: =SUM('SO Oktober 2026 Rev3'!E8:AS8) -> 146816.49 | G8: =SUM('SO Oktober 2026 Rev3'!AV8:BB8) -> 39869.016 | H8: =SUM('SO Oktober 2026 Rev3'!BC8:BC8) -> 9000 | I8: =SUM(F8:H8) -> 195685.51 | J8: ='SO MS'!E8 -> 106038 | K8: ='SO MS'!F8 -> 37256.595 | L8: ='SO MS'!G8 -> 10800 | M8: ='SO MS'!H8 -> 0 | N8: ='SO MS'!I8 -> 9000 | O8: ='SO Oktober 2026 Rev3'!AS8 -> 3500 | P8: ='SO MS'!K8 -> 9000 | Q8: ='SO MS'!L8 -> 31500 | R8: =SUM(J8:Q8) -> 207094.59
B9: =B8+1 -> 46299 | C9: =TEXT(B9,"ddd") -> Sun | D9: =(J9+K9)-F9 -> 3769.1817 | E9: =R9-I9 -> 18700.166 | F9: =SUM('SO Oktober 2026 Rev3'!E9:AS9) -> 139525.41 | G9: =SUM('SO Oktober 2026 Rev3'!AV9:BB9) -> 39869.016 | H9: =SUM('SO Oktober 2026 Rev3'!BC9:BC9) -> 9000 | I9: =SUM(F9:H9) -> 188394.43 | J9: ='SO MS'!E9 -> 106038 | K9: ='SO MS'!F9 -> 37256.595 | L9: ='SO MS'!G9 -> 10800 | M9: ='SO MS'!H9 -> 0 | N9: ='SO MS'!I9 -> 9000 | O9: ='SO Oktober 2026 Rev3'!AS9 -> 3500 | P9: ='SO MS'!K9 -> 9000 | Q9: ='SO MS'!L9 -> 31500 | R9: =SUM(J9:Q9) -> 207094.59
B10: Sub Total | D10: =SUM(D6:D9) -> -3896.1355 | E10: =SUM(E6:E9) -> 45584 | F10: =SUM(F6:F9) -> 577074.51 | G10: =SUM(G6:G9) -> 169719.86 | H10: =SUM(H6:H9) -> 36000 | I10: =SUM(I6:I9) -> 782794.38 | J10: =SUM(J6:J9) -> 424152 | K10: =SUM(K6:K9) -> 149026.38 | ... R10: =SUM(R6:R9) -> 828378.38
B12: =B9+1 -> 46300 | C12: =TEXT(B12,"ddd") -> Mon | D12: =(J12+K12)-F12 -> -2321.4686 | E12: =R12-I12 -> 7487.6152 | F12: =SUM('SO Oktober 2026 Rev3'!E12:AS12) -> 145616.06 | G12: =SUM('SO Oktober 2026 Rev3'!AV12:BB12) -> 44990.916 | H12: =SUM('SO Oktober 2026 Rev3'!BC12:BC12) -> 9000 | I12: =SUM(F12:H12) -> 199606.98 | J12: ='SO MS'!E12 -> 106038 | K12: ='SO MS'!F12 -> 37256.595 | L12: ='SO MS'!G12 -> 10800 | M12: ='SO MS'!H12 -> 0 | N12: ='SO MS'!I12 -> 9000 | O12: ='SO Oktober 2026 Rev3'!AS12 -> 3500 | P12: ='SO MS'!K12 -> 9000 | Q12: ='SO MS'!L12 -> 31500 | R12: =SUM(J12:Q12) -> 207094.59
A13: =WEEKNUM(B13) -> 41 | B13: =B12+1 -> 46301 | C13: =TEXT(B13,"ddd") -> Tue | D13: =(J13+K13)-F13 -> -2321.4686 | E13: =R13-I13 -> 7487.6152 | F13: =SUM('SO Oktober 2026 Rev3'!E13:AS13) -> 145616.06 | G13: =SUM('SO Oktober 2026 Rev3'!AV13:BB13) -> 44990.916 | H13: =SUM('SO Oktober 2026 Rev3'!BC13:BC13) -> 9000 | I13: =SUM(F13:H13) -> 199606.98 | J13: ='SO MS'!E13 -> 106038 | K13: ='SO MS'!F13 -> 37256.595 | L13: ='SO MS'!G13 -> 10800 | M13: ='SO MS'!H13 -> 0 | N13: ='SO MS'!I13 -> 9000 | O13: ='SO Oktober 2026 Rev3'!AS13 -> 3500 | P13: ='SO MS'!K13 -> 9000 | Q13: ='SO MS'!L13 -> 31500 | R13: =SUM(J13:Q13) -> 207094.59
B14: =B13+1 -> 46302 | C14: =TEXT(B14,"ddd") -> Wed | D14: =(J14+K14)-F14 -> -2321.4686 | E14: =R14-I14 -> 7487.6152 | F14: =SUM('SO Oktober 2026 Rev3'!E14:AS14) -> 145616.06 | G14: =SUM('SO Oktober 2026 Rev3'!AV14:BB14) -> 44990.916 | H14: =SUM('SO Oktober 2026 Rev3'!BC14:BC14) -> 9000 | I14: =SUM(F14:H14) -> 199606.98 | J14: ='SO MS'!E14 -> 106038 | K14: ='SO MS'!F14 -> 37256.595 | L14: ='SO MS'!G14 -> 10800 | M14: ='SO MS'!H14 -> 0 | N14: ='SO MS'!I14 -> 9000 | O14: ='SO Oktober 2026 Rev3'!AS14 -> 3500 | P14: ='SO MS'!K14 -> 9000 | Q14: ='SO MS'!L14 -> 31500 | R14: =SUM(J14:Q14) -> 207094.59
B15: =B14+1 -> 46303 | C15: =TEXT(B15,"ddd") -> Thu | D15: =(J15+K15)-F15 -> -4321.4686 | E15: =R15-I15 -> 5487.6152 | F15: =SUM('SO Oktober 2026 Rev3'!E15:AS15) -> 147616.06 | G15: =SUM('SO Oktober 2026 Rev3'!AV15:BB15) -> 44990.916 | H15: =SUM('SO Oktober 2026 Rev3'!BC15:BC15) -> 9000 | I15: =SUM(F15:H15) -> 201606.98 | J15: ='SO MS'!E15 -> 106038 | K15: ='SO MS'!F15 -> 37256.595 | L15: ='SO MS'!G15 -> 10800 | M15: ='SO MS'!H15 -> 0 | N15: ='SO MS'!I15 -> 9000 | O15: ='SO Oktober 2026 Rev3'!AS15 -> 3500 | P15: ='SO MS'!K15 -> 9000 | Q15: ='SO MS'!L15 -> 31500 | R15: =SUM(J15:Q15) -> 207094.59
B16: =B15+1 -> 46304 | C16: =TEXT(B16,"ddd") -> Fri | D16: =(J16+K16)-F16 -> -4321.4686 | E16: =R16-I16 -> 5487.6152 | F16: =SUM('SO Oktober 2026 Rev3'!E16:AS16) -> 147616.06 | G16: =SUM('SO Oktober 2026 Rev3'!AV16:BB16) -> 44990.916 | H16: =SUM('SO Oktober 2026 Rev3'!BC16:BC16) -> 9000 | I16: =SUM(F16:H16) -> 201606.98 | J16: ='SO MS'!E16 -> 106038 | K16: ='SO MS'!F16 -> 37256.595 | L16: ='SO MS'!G16 -> 10800 | M16: ='SO MS'!H16 -> 0 | N16: ='SO MS'!I16 -> 9000 | O16: ='SO Oktober 2026 Rev3'!AS16 -> 3500 | P16: ='SO MS'!K16 -> 9000 | Q16: ='SO MS'!L16 -> 31500 | R16: =SUM(J16:Q16) -> 207094.59
B17: =B16+1 -> 46305 | C17: =TEXT(B17,"ddd") -> Sat | D17: =(J17+K17)-F17 -> -6321.8957 | E17: =R17-I17 -> 8609.0884 | F17: =SUM('SO Oktober 2026 Rev3'!E17:AS17) -> 149616.49 | G17: =SUM('SO Oktober 2026 Rev3'!AV17:BB17) -> 39869.016 | H17: =SUM('SO Oktober 2026 Rev3'!BC17:BC17) -> 9000 | I17: =SUM(F17:H17) -> 198485.51 | J17: ='SO MS'!E17 -> 106038 | K17: ='SO MS'!F17 -> 37256.595 | L17: ='SO MS'!G17 -> 10800 | M17: ='SO MS'!H17 -> 0 | N17: ='SO MS'!I17 -> 9000 | O17: ='SO Oktober 2026 Rev3'!AS17 -> 3500 | P17: ='SO MS'!K17 -> 9000 | Q17: ='SO MS'!L17 -> 31500 | R17: =SUM(J17:Q17) -> 207094.59
B18: =B17+1 -> 46306 | C18: =TEXT(B18,"ddd") -> Sun | D18: =(J18+K18)-F18 -> 3469.1817 | E18: =R18-I18 -> 18400.166 | F18: =SUM('SO Oktober 2026 Rev3'!E18:AS18) -> 139825.41 | G18: =SUM('SO Oktober 2026 Rev3'!AV18:BB18) -> 39869.016 | H18: =SUM('SO Oktober 2026 Rev3'!BC18:BC18) -> 9000 | I18: =SUM(F18:H18) -> 188694.43 | J18: ='SO MS'!E18 -> 106038 | K18: ='SO MS'!F18 -> 37256.595 | L18: ='SO MS'!G18 -> 10800 | M18: ='SO MS'!H18 -> 0 | N18: ='SO MS'!I18 -> 9000 | O18: ='SO Oktober 2026 Rev3'!AS18 -> 3500 | P18: ='SO MS'!K18 -> 9000 | Q18: ='SO MS'!L18 -> 31500 | R18: =SUM(J18:Q18) -> 207094.59
B19: Sub Total | D19: =SUM(D12:D18) -> -18460.057 | E19: =SUM(E12:E18) -> 60447.33 | F19: =SUM(F12:F18) -> 1021522.2 | G19: =SUM(G12:G18) -> 304692.61 | H19: =SUM(H12:H18) -> 63000 | I19: =SUM(I12:I18) -> 1389214.8 | J19: =SUM(J12:J18) -> 742266 | K19: =SUM(K12:K18) -> 260796.16 | ... R19: =SUM(R12:R18) -> 1449662.2
B21: =B18+1 -> 46307 | C21: =TEXT(B21,"ddd") -> Mon | D21: =(J21+K21)-F21 -> -10321.469 | E21: =R21-I21 -> -512.38482 | F21: =SUM('SO Oktober 2026 Rev3'!E21:AS21) -> 153616.06 | G21: =SUM('SO Oktober 2026 Rev3'!AV21:BB21) -> 44990.916 | H21: =SUM('SO Oktober 2026 Rev3'!BC21:BC21) -> 9000 | I21: =SUM(F21:H21) -> 207606.98 | J21: ='SO MS'!E21 -> 106038 | K21: ='SO MS'!F21 -> 37256.595 | L21: ='SO MS'!G21 -> 10800 | M21: ='SO MS'!H21 -> 0 | N21: ='SO MS'!I21 -> 9000 | O21: ='SO Oktober 2026 Rev3'!AS21 -> 3500 | P21: ='SO MS'!K21 -> 9000 | Q21: ='SO MS'!L21 -> 31500 | R21: =SUM(J21:Q21) -> 207094.59
A22: =WEEKNUM(B23) -> 42 | B22: =B21+1 -> 46308 | C22: =TEXT(B22,"ddd") -> Tue | D22: =(J22+K22)-F22 -> -27321.469 | E22: =R22-I22 -> -17512.385 | F22: =SUM('SO Oktober 2026 Rev3'!E22:AS22) -> 170616.06 | G22: =SUM('SO Oktober 2026 Rev3'!AV22:BB22) -> 44990.916 | H22: =SUM('SO Oktober 2026 Rev3'!BC22:BC22) -> 9000 | I22: =SUM(F22:H22) -> 224606.98 | J22: ='SO MS'!E22 -> 106038 | K22: ='SO MS'!F22 -> 37256.595 | L22: ='SO MS'!G22 -> 10800 | M22: ='SO MS'!H22 -> 0 | N22: ='SO MS'!I22 -> 9000 | O22: ='SO Oktober 2026 Rev3'!AS22 -> 3500 | P22: ='SO MS'!K22 -> 9000 | Q22: ='SO MS'!L22 -> 31500 | R22: =SUM(J22:Q22) -> 207094.59
B23: =B22+1 -> 46309 | C23: =TEXT(B23,"ddd") -> Wed | D23: =(J23+K23)-F23 -> -21521.469 | E23: =R23-I23 -> -11712.385 | F23: =SUM('SO Oktober 2026 Rev3'!E23:AS23) -> 164816.06 | G23: =SUM('SO Oktober 2026 Rev3'!AV23:BB23) -> 44990.916 | H23: =SUM('SO Oktober 2026 Rev3'!BC23:BC23) -> 9000 | I23: =SUM(F23:H23) -> 218806.98 | J23: ='SO MS'!E23 -> 106038 | K23: ='SO MS'!F23 -> 37256.595 | L23: ='SO MS'!G23 -> 10800 | M23: ='SO MS'!H23 -> 0 | N23: ='SO MS'!I23 -> 9000 | O23: ='SO Oktober 2026 Rev3'!AS23 -> 3500 | P23: ='SO MS'!K23 -> 9000 | Q23: ='SO MS'!L23 -> 31500 | R23: =SUM(J23:Q23) -> 207094.59
B24: =B23+1 -> 46310 | C24: =TEXT(B24,"ddd") -> Thu | D24: =(J24+K24)-F24 -> -23521.469 | E24: =R24-I24 -> -13712.385 | F24: =SUM('SO Oktober 2026 Rev3'!E24:AS24) -> 166816.06 | G24: =SUM('SO Oktober 2026 Rev3'!AV24:BB24) -> 44990.916 | H24: =SUM('SO Oktober 2026 Rev3'!BC24:BC24) -> 9000 | I24: =SUM(F24:H24) -> 220806.98 | J24: ='SO MS'!E24 -> 106038 | K24: ='SO MS'!F24 -> 37256.595 | L24: ='SO MS'!G24 -> 10800 | M24: ='SO MS'!H24 -> 0 | N24: ='SO MS'!I24 -> 9000 | O24: ='SO Oktober 2026 Rev3'!AS24 -> 3500 | P24: ='SO MS'!K24 -> 9000 | Q24: ='SO MS'!L24 -> 31500 | R24: =SUM(J24:Q24) -> 207094.59
B25: =B24+1 -> 46311 | C25: =TEXT(B25,"ddd") -> Fri | D25: =(J25+K25)-F25 -> -23521.469 | E25: =R25-I25 -> -13712.385 | F25: =SUM('SO Oktober 2026 Rev3'!E25:AS25) -> 166816.06 | G25: =SUM('SO Oktober 2026 Rev3'!AV25:BB25) -> 44990.916 | H25: =SUM('SO Oktober 2026 Rev3'!BC25:BC25) -> 9000 | I25: =SUM(F25:H25) -> 220806.98 | J25: ='SO MS'!E25 -> 106038 | K25: ='SO MS'!F25 -> 37256.595 | L25: ='SO MS'!G25 -> 10800 | M25: ='SO MS'!H25 -> 0 | N25: ='SO MS'!I25 -> 9000 | O25: ='SO Oktober 2026 Rev3'!AS25 -> 3500 | P25: ='SO MS'!K25 -> 9000 | Q25: ='SO MS'!L25 -> 31500 | R25: =SUM(J25:Q25) -> 207094.59
B26: =B25+1 -> 46312 | C26: =TEXT(B26,"ddd") -> Sat | D26: =(J26+K26)-F26 -> -19521.896 | E26: =R26-I26 -> -4590.9116 | F26: =SUM('SO Oktober 2026 Rev3'!E26:AS26) -> 162816.49 | G26: =SUM('SO Oktober 2026 Rev3'!AV26:BB26) -> 39869.016 | H26: =SUM('SO Oktober 2026 Rev3'!BC26:BC26) -> 9000 | I26: =SUM(F26:H26) -> 211685.51 | J26: ='SO MS'!E26 -> 106038 | K26: ='SO MS'!F26 -> 37256.595 | L26: ='SO MS'!G26 -> 10800 | M26: ='SO MS'!H26 -> 0 | N26: ='SO MS'!I26 -> 9000 | O26: ='SO Oktober 2026 Rev3'!AS26 -> 3500 | P26: ='SO MS'!K26 -> 9000 | Q26: ='SO MS'!L26 -> 31500 | R26: =SUM(J26:Q26) -> 207094.59
B27: =B26+1 -> 46313 | C27: =TEXT(B27,"ddd") -> Sun | D27: =(J27+K27)-F27 -> 17469.182 | E27: =R27-I27 -> 32400.166 | F27: =SUM('SO Oktober 2026 Rev3'!E27:AS27) -> 125825.41 | G27: =SUM('SO Oktober 2026 Rev3'!AV27:BB27) -> 39869.016 | H27: =SUM('SO Oktober 2026 Rev3'!BC27:BC27) -> 9000 | I27: =SUM(F27:H27) -> 174694.43 | J27: ='SO MS'!E27 -> 106038 | K27: ='SO MS'!F27 -> 37256.595 | L27: ='SO MS'!G27 -> 10800 | M27: ='SO MS'!H27 -> 0 | N27: ='SO MS'!I27 -> 9000 | O27: ='SO Oktober 2026 Rev3'!AS27 -> 3500 | P27: ='SO MS'!K27 -> 9000 | Q27: ='SO MS'!L27 -> 31500 | R27: =SUM(J27:Q27) -> 207094.59
B28: Sub Total | D28: =SUM(D21:D27) -> -108260.06 | E28: =SUM(E21:E27) -> -29352.67 | F28: =SUM(F21:F27) -> 1111322.2 | G28: =SUM(G21:G27) -> 304692.61 | H28: =SUM(H21:H27) -> 63000 | I28: =SUM(I21:I27) -> 1479014.8 | J28: =SUM(J21:J27) -> 742266 | K28: =SUM(K21:K27) -> 260796.16 | ... R28: =SUM(R21:R27) -> 1449662.2
A30: =WEEKNUM(B32) -> 43 | B30: =B27+1 -> 46314 | C30: =TEXT(B30,"ddd") -> Mon | D30: =(J30+K30)-F30 -> -33521.469 | E30: =R30-I30 -> -23712.385 | F30: =SUM('SO Oktober 2026 Rev3'!E30:AS30) -> 176816.06 | G30: =SUM('SO Oktober 2026 Rev3'!AV30:BB30) -> 44990.916 | H30: =SUM('SO Oktober 2026 Rev3'!BC30:BC30) -> 9000 | I30: =SUM(F30:H30) -> 230806.98 | J30: ='SO MS'!E30 -> 106038 | K30: ='SO MS'!F30 -> 37256.595 | L30: ='SO MS'!G30 -> 10800 | M30: ='SO MS'!H30 -> 0 | N30: ='SO MS'!I30 -> 9000 | O30: ='SO Oktober 2026 Rev3'!AS30 -> 3500 | P30: ='SO MS'!K30 -> 9000 | Q30: ='SO MS'!L30 -> 31500 | R30: =SUM(J30:Q30) -> 207094.59
B31: =B30+1 -> 46315 | C31: =TEXT(B31,"ddd") -> Tue | D31: =(J31+K31)-F31 -> -43521.469 | E31: =R31-I31 -> -33712.385 | F31: =SUM('SO Oktober 2026 Rev3'!E31:AS31) -> 186816.06 | G31: =SUM('SO Oktober 2026 Rev3'!AV31:BB31) -> 44990.916 | H31: =SUM('SO Oktober 2026 Rev3'!BC31:BC31) -> 9000 | I31: =SUM(F31:H31) -> 240806.98 | J31: ='SO MS'!E31 -> 106038 | K31: ='SO MS'!F31 -> 37256.595 | L31: ='SO MS'!G31 -> 10800 | M31: ='SO MS'!H31 -> 0 | N31: ='SO MS'!I31 -> 9000 | O31: ='SO Oktober 2026 Rev3'!AS31 -> 3500 | P31: ='SO MS'!K31 -> 9000 | Q31: ='SO MS'!L31 -> 31500 | R31: =SUM(J31:Q31) -> 207094.59
B32: =B31+1 -> 46316 | C32: =TEXT(B32,"ddd") -> Wed | D32: =(J32+K32)-F32 -> -55821.469 | E32: =R32-I32 -> -46012.385 | F32: =SUM('SO Oktober 2026 Rev3'!E32:AS32) -> 199116.06 | G32: =SUM('SO Oktober 2026 Rev3'!AV32:BB32) -> 44990.916 | H32: =SUM('SO Oktober 2026 Rev3'!BC32:BC32) -> 9000 | I32: =SUM(F32:H32) -> 253106.98 | J32: ='SO MS'!E32 -> 106038 | K32: ='SO MS'!F32 -> 37256.595 | L32: ='SO MS'!G32 -> 10800 | M32: ='SO MS'!H32 -> 0 | N32: ='SO MS'!I32 -> 9000 | O32: ='SO Oktober 2026 Rev3'!AS32 -> 3500 | P32: ='SO MS'!K32 -> 9000 | Q32: ='SO MS'!L32 -> 31500 | R32: =SUM(J32:Q32) -> 207094.59
B33: =B32+1 -> 46317 | C33: =TEXT(B33,"ddd") -> Thu | D33: =(J33+K33)-F33 -> -55821.469 | E33: =R33-I33 -> -46012.385 | F33: =SUM('SO Oktober 2026 Rev3'!E33:AS33) -> 199116.06 | G33: =SUM('SO Oktober 2026 Rev3'!AV33:BB33) -> 44990.916 | H33: =SUM('SO Oktober 2026 Rev3'!BC33:BC33) -> 9000 | I33: =SUM(F33:H33) -> 253106.98 | J33: ='SO MS'!E33 -> 106038 | K33: ='SO MS'!F33 -> 37256.595 | L33: ='SO MS'!G33 -> 10800 | M33: ='SO MS'!H33 -> 0 | N33: ='SO MS'!I33 -> 9000 | O33: ='SO Oktober 2026 Rev3'!AS33 -> 3500 | P33: ='SO MS'!K33 -> 9000 | Q33: ='SO MS'!L33 -> 31500 | R33: =SUM(J33:Q33) -> 207094.59
B34: =B33+1 -> 46318 | C34: =TEXT(B34,"ddd") -> Fri | D34: =(J34+K34)-F34 -> -55821.469 | E34: =R34-I34 -> -46012.385 | F34: =SUM('SO Oktober 2026 Rev3'!E34:AS34) -> 199116.06 | G34: =SUM('SO Oktober 2026 Rev3'!AV34:BB34) -> 44990.916 | H34: =SUM('SO Oktober 2026 Rev3'!BC34:BC34) -> 9000 | I34: =SUM(F34:H34) -> 253106.98 | J34: ='SO MS'!E34 -> 106038 | K34: ='SO MS'!F34 -> 37256.595 | L34: ='SO MS'!G34 -> 10800 | M34: ='SO MS'!H34 -> 0 | N34: ='SO MS'!I34 -> 9000 | O34: ='SO Oktober 2026 Rev3'!AS34 -> 3500 | P34: ='SO MS'!K34 -> 9000 | Q34: ='SO MS'!L34 -> 31500 | R34: =SUM(J34:Q34) -> 207094.59
B35: =B34+1 -> 46319 | C35: =TEXT(B35,"ddd") -> Sat | D35: =(J35+K35)-F35 -> -59321.896 | E35: =R35-I35 -> -44390.912 | F35: =SUM('SO Oktober 2026 Rev3'!E35:AS35) -> 202616.49 | G35: =SUM('SO Oktober 2026 Rev3'!AV35:BB35) -> 39869.016 | H35: =SUM('SO Oktober 2026 Rev3'!BC35:BC35) -> 9000 | I35: =SUM(F35:H35) -> 251485.51 | J35: ='SO MS'!E35 -> 106038 | K35: ='SO MS'!F35 -> 37256.595 | L35: ='SO MS'!G35 -> 10800 | M35: ='SO MS'!H35 -> 0 | N35: ='SO MS'!I35 -> 9000 | O35: ='SO Oktober 2026 Rev3'!AS35 -> 3500 | P35: ='SO MS'!K35 -> 9000 | Q35: ='SO MS'!L35 -> 31500 | R35: =SUM(J35:Q35) -> 207094.59
B36: =B35+1 -> 46320 | C36: =TEXT(B36,"ddd") -> Sun | D36: =(J36+K36)-F36 -> -27330.818 | E36: =R36-I36 -> -12399.834 | F36: =SUM('SO Oktober 2026 Rev3'!E36:AS36) -> 170625.41 | G36: =SUM('SO Oktober 2026 Rev3'!AV36:BB36) -> 39869.016 | H36: =SUM('SO Oktober 2026 Rev3'!BC36:BC36) -> 9000 | I36: =SUM(F36:H36) -> 219494.43 | J36: ='SO MS'!E36 -> 106038 | K36: ='SO MS'!F36 -> 37256.595 | L36: ='SO MS'!G36 -> 10800 | M36: ='SO MS'!H36 -> 0 | N36: ='SO MS'!I36 -> 9000 | O36: ='SO Oktober 2026 Rev3'!AS36 -> 3500 | P36: ='SO MS'!K36 -> 9000 | Q36: ='SO MS'!L36 -> 31500 | R36: =SUM(J36:Q36) -> 207094.59
B37: Sub Total | D37: =SUM(D30:D36) -> -331160.06 | E37: =SUM(E30:E36) -> -252252.67 | F37: =SUM(F30:F36) -> 1334222.2 | G37: =SUM(G30:G36) -> 304692.61 | H37: =SUM(H30:H36) -> 63000 | I37: =SUM(I30:I36) -> 1701914.8 | J37: =SUM(J30:J36) -> 742266 | K37: =SUM(K30:K36) -> 260796.16 | ... R37: =SUM(R30:R36) -> 1449662.2
A38: =WEEKNUM(B41) -> 44
B39: =B36+1 -> 46321 | C39: =TEXT(B39,"ddd") -> Mon | D39: =(J39+K39)-F39 -> -55821.469 | E39: =R39-I39 -> -46012.385 | F39: =SUM('SO Oktober 2026 Rev3'!E39:AS39) -> 199116.06 | G39: =SUM('SO Oktober 2026 Rev3'!AV39:BB39) -> 44990.916 | H39: =SUM('SO Oktober 2026 Rev3'!BC39:BC39) -> 9000 | I39: =SUM(F39:H39) -> 253106.98 | J39: ='SO MS'!E39 -> 106038 | K39: ='SO MS'!F39 -> 37256.595 | L39: ='SO MS'!G39 -> 10800 | M39: ='SO MS'!H39 -> 0 | N39: ='SO MS'!I39 -> 9000 | O39: ='SO Oktober 2026 Rev3'!AS39 -> 3500 | P39: ='SO MS'!K39 -> 9000 | Q39: ='SO MS'!L39 -> 31500 | R39: =SUM(J39:Q39) -> 207094.59
B40: =B39+1 -> 46322 | C40: =TEXT(B40,"ddd") -> Tue | D40: =(J40+K40)-F40 -> -55821.469 | E40: =R40-I40 -> -46012.385 | F40: =SUM('SO Oktober 2026 Rev3'!E40:AS40) -> 199116.06 | G40: =SUM('SO Oktober 2026 Rev3'!AV40:BB40) -> 44990.916 | H40: =SUM('SO Oktober 2026 Rev3'!BC40:BC40) -> 9000 | I40: =SUM(F40:H40) -> 253106.98 | J40: ='SO MS'!E40 -> 106038 | K40: ='SO MS'!F40 -> 37256.595 | L40: ='SO MS'!G40 -> 10800 | M40: ='SO MS'!H40 -> 0 | N40: ='SO MS'!I40 -> 9000 | O40: ='SO Oktober 2026 Rev3'!AS40 -> 3500 | P40: ='SO MS'!K40 -> 9000 | Q40: ='SO MS'!L40 -> 31500 | R40: =SUM(J40:Q40) -> 207094.59
B41: =B40+1 -> 46323 | C41: =TEXT(B41,"ddd") -> Wed | D41: =(J41+K41)-F41 -> -55821.469 | E41: =R41-I41 -> -46012.385 | F41: =SUM('SO Oktober 2026 Rev3'!E41:AS41) -> 199116.06 | G41: =SUM('SO Oktober 2026 Rev3'!AV41:BB41) -> 44990.916 | H41: =SUM('SO Oktober 2026 Rev3'!BC41:BC41) -> 9000 | I41: =SUM(F41:H41) -> 253106.98 | J41: ='SO MS'!E41 -> 106038 | K41: ='SO MS'!F41 -> 37256.595 | L41: ='SO MS'!G41 -> 10800 | M41: ='SO MS'!H41 -> 0 | N41: ='SO MS'!I41 -> 9000 | O41: ='SO Oktober 2026 Rev3'!AS41 -> 3500 | P41: ='SO MS'!K41 -> 9000 | Q41: ='SO MS'!L41 -> 31500 | R41: =SUM(J41:Q41) -> 207094.59
B42: =B41+1 -> 46324 | C42: =TEXT(B42,"ddd") -> Thu | D42: =(J42+K42)-F42 -> -55821.469 | E42: =R42-I42 -> -46012.385 | F42: =SUM('SO Oktober 2026 Rev3'!E42:AS42) -> 199116.06 | G42: =SUM('SO Oktober 2026 Rev3'!AV42:BB42) -> 44990.916 | H42: =SUM('SO Oktober 2026 Rev3'!BC42:BC42) -> 9000 | I42: =SUM(F42:H42) -> 253106.98 | J42: ='SO MS'!E42 -> 106038 | K42: ='SO MS'!F42 -> 37256.595 | L42: ='SO MS'!G42 -> 10800 | M42: ='SO MS'!H42 -> 0 | N42: ='SO MS'!I42 -> 9000 | O42: ='SO Oktober 2026 Rev3'!AS42 -> 3500 | P42: ='SO MS'!K42 -> 9000 | Q42: ='SO MS'!L42 -> 31500 | R42: =SUM(J42:Q42) -> 207094.59
B43: =B42+1 -> 46325 | C43: =TEXT(B43,"ddd") -> Fri | D43: =(J43+K43)-F43 -> -55821.469 | E43: =R43-I43 -> -46012.385 | F43: =SUM('SO Oktober 2026 Rev3'!E43:AS43) -> 199116.06 | G43: =SUM('SO Oktober 2026 Rev3'!AV43:BB43) -> 44990.916 | H43: =SUM('SO Oktober 2026 Rev3'!BC43:BC43) -> 9000 | I43: =SUM(F43:H43) -> 253106.98 | J43: ='SO MS'!E43 -> 106038 | K43: ='SO MS'!F43 -> 37256.595 | L43: ='SO MS'!G43 -> 10800 | M43: ='SO MS'!H43 -> 0 | N43: ='SO MS'!I43 -> 9000 | O43: ='SO Oktober 2026 Rev3'!AS43 -> 3500 | P43: ='SO MS'!K43 -> 9000 | Q43: ='SO MS'!L43 -> 31500 | R43: =SUM(J43:Q43) -> 207094.59
B44: =B43+1 -> 46326 | C44: =TEXT(B44,"ddd") -> Sat | D44: =(J44+K44)-F44 -> -59421.896 | E44: =R44-I44 -> -45612.812 | F44: =SUM('SO Oktober 2026 Rev3'!E44:AS44) -> 202716.49 | G44: =SUM('SO Oktober 2026 Rev3'!AV44:BB44) -> 40990.916 | H44: =SUM('SO Oktober 2026 Rev3'!BC44:BC44) -> 9000 | I44: =SUM(F44:H44) -> 252707.41 | J44: ='SO MS'!E44 -> 106038 | K44: ='SO MS'!F44 -> 37256.595 | L44: ='SO MS'!G44 -> 10800 | M44: ='SO MS'!H44 -> 0 | N44: ='SO MS'!I44 -> 9000 | O44: ='SO Oktober 2026 Rev3'!AS44 -> 3500 | P44: ='SO MS'!K44 -> 9000 | Q44: ='SO MS'!L44 -> 31500 | R44: =SUM(J44:Q44) -> 207094.59
B45: Sub Total | D45: =SUM(D39:D44) -> -338529.24 | E45: =SUM(E39:E44) -> -275674.74 | F45: =SUM(F39:F44) -> 1198296.8 | G45: =SUM(G39:G44) -> 265945.5 | H45: =SUM(H39:H44) -> 54000 | I45: =SUM(I39:I44) -> 1518242.3 | J45: =SUM(J39:J44) -> 636228 | K45: =SUM(K39:K44) -> 223539.57 | ... R45: =SUM(R39:R44) -> 1242567.6
B48: Sub Total | D48: =D10+D19+D27+D35+D46 -> -64208.907 | E48: =E10+E19+E28+E37+E45 -> -451248.75 | F48: =F10+F19+F28+F37+F45 -> 5242438 | G48: =G10+G19+G28+G37+G45 -> 1349743.2 | H48: =H10+H19+H28+H37+H45 -> 279000 | I48: =I10+I19+I28+I37+I45 -> 6871181.2 | J48: =J10+J19+J28+J37+J45 -> 3287178 | K48: =K10+K19+K28+K37+K45 -> 1154954.4 | L48: =L10+L19+L28+L37+L45 -> 334800 | ... R48: =R10+R19+R28+R37+R45 -> 6419932.4
B49: Total | D49: =SUM(D6:D9,D11:D17,D20:D26,D28:D34,D36:D41) -> -1030277.3 | E49: =SUM(E6:E9,E11:E18,E20:E27,E30:E36,E39:E44) -> -451248.75 | F49: =SUM(F6:F9,F11:F18,F20:F27,F30:F36,F39:F44) -> 5242438 | G49: =SUM(G6:G9,G11:G18,G20:G27,G30:G36,G39:G44) -> 1349743.2 | H49: =SUM(H6:H9,H11:H18,H20:H27,H30:H36,H39:H44) -> 279000 | I49: =SUM(I6:I9,I11:I18,I20:I27,I30:I36,I39:I44) -> 6871181.2 | J49: =SUM(J6:J9,J11:J18,J20:J27,J30:J36,J39:J44) -> 3287178 | K49: =SUM(K6:K9,K11:K18,K20:K27,K30:K36,K39:K44) -> 1154954.4 | L49: =SUM(L6:L9,L11:L18,L20:L27,L30:L36,L39:L44) -> 334800 | ... R49: =SUM(R6:R9,R11:R18,R20:R27,R30:R36,R39:R44) -> 6419932.4

Sheet SO MS
A1: SALES ORDER GAS
A4: 46296
A5: Week | B5: DATE | D5: TOTAL | E5: MS SETU | F5: MS KHT | G5: MS BLORA | H5: MS BITUNG | I5: MS ZEBRA | J5: MS TAMBAKLOROK | K5: MS BaGS | L5: MS WUNUT
A6: =WEEKNUM(B6) -> 40 | B6: =A4 -> 46296 | C6: =TEXT(B6,"ddd") -> Thu | D6: =SUM(E6:O6) -> 207094.59 | E6: 106038 | F6: 37256.595 | G6: =0.45*24000 -> 10800 | H6: 0 | I6: ='SO Oktober 2026 Rev3'!BC6 -> 9000 | J6: ='SO Oktober 2026 Rev3'!AS6 -> 3500 | K6: ='SO Oktober 2026 Rev3'!BC6 -> 9000 | L6: ='SO Oktober 2026 Rev3'!BB6 -> 31500
B7: =B6+1 -> 46297 | C7: =TEXT(B7,"ddd") -> Fri | D7: =SUM(E7:O7) -> 207094.59 | E7: 106038 | F7: 37256.595 | G7: =0.45*24000 -> 10800 | H7: 0 | I7: ='SO Oktober 2026 Rev3'!BC7 -> 9000 | J7: ='SO Oktober 2026 Rev3'!AS7 -> 3500 | K7: ='SO Oktober 2026 Rev3'!BC7 -> 9000 | L7: ='SO Oktober 2026 Rev3'!BB7 -> 31500
B8: =B7+1 -> 46298 | C8: =TEXT(B8,"ddd") -> Sat | D8: =SUM(E8:O8) -> 207094.59 | E8: 106038 | F8: 37256.595 | G8: =0.45*24000 -> 10800 | H8: 0 | I8: ='SO Oktober 2026 Rev3'!BC8 -> 9000 | J8: ='SO Oktober 2026 Rev3'!AS8 -> 3500 | K8: ='SO Oktober 2026 Rev3'!BC8 -> 9000 | L8: ='SO Oktober 2026 Rev3'!BB8 -> 31500
B9: =B8+1 -> 46299 | C9: =TEXT(B9,"ddd") -> Sun | D9: =SUM(E9:O9) -> 207094.59 | E9: 106038 | F9: 37256.595 | G9: =0.45*24000 -> 10800 | H9: 0 | I9: ='SO Oktober 2026 Rev3'!BC9 -> 9000 | J9: ='SO Oktober 2026 Rev3'!AS9 -> 3500 | K9: ='SO Oktober 2026 Rev3'!BC9 -> 9000 | L9: ='SO Oktober 2026 Rev3'!BB9 -> 31500
B10: Sub Total | D10: =SUM(D6:D9) -> 828378.38 | E10: =SUM(E6:E9) -> 424152 | F10: =SUM(F6:F9) -> 149026.38 | G10: =SUM(G6:G9) -> 43200 | H10: =SUM(H6:H9) -> 0 | I10: =SUM(I6:I9) -> 36000 | J10: =SUM(J6:J9) -> 14000 | K10: =SUM(K6:K9) -> 36000 | L10: =SUM(L6:L9) -> 126000
B12: =B9+1 -> 46300 | C12: =TEXT(B12,"ddd") -> Mon | D12: =SUM(E12:O12) -> 207094.59 | E12: 106038 | F12: 37256.595 | G12: =0.45*24000 -> 10800 | H12: 0 | I12: ='SO Oktober 2026 Rev3'!BC12 -> 9000 | J12: ='SO Oktober 2026 Rev3'!AS12 -> 3500 | K12: ='SO Oktober 2026 Rev3'!BC12 -> 9000 | L12: ='SO Oktober 2026 Rev3'!BB12 -> 31500
B13: =B12+1 -> 46301 | C13: =TEXT(B13,"ddd") -> Tue | D13: =SUM(E13:O13) -> 207094.59 | E13: 106038 | F13: 37256.595 | G13: =0.45*24000 -> 10800 | H13: 0 | I13: ='SO Oktober 2026 Rev3'!BC13 -> 9000 | J13: ='SO Oktober 2026 Rev3'!AS13 -> 3500 | K13: ='SO Oktober 2026 Rev3'!BC13 -> 9000 | L13: ='SO Oktober 2026 Rev3'!BB13 -> 31500
A14: =WEEKNUM(B16) -> 41 | B14: =B13+1 -> 46302 | C14: =TEXT(B14,"ddd") -> Wed | D14: =SUM(E14:O14) -> 207094.59 | E14: 106038 | F14: 37256.595 | G14: =0.45*24000 -> 10800 | H14: 0 | I14: ='SO Oktober 2026 Rev3'!BC14 -> 9000 | J14: ='SO Oktober 2026 Rev3'!AS14 -> 3500 | K14: ='SO Oktober 2026 Rev3'!BC14 -> 9000 | L14: ='SO Oktober 2026 Rev3'!BB14 -> 31500
B15: =B14+1 -> 46303 | C15: =TEXT(B15,"ddd") -> Thu | D15: =SUM(E15:O15) -> 207094.59 | E15: 106038 | F15: 37256.595 | G15: =0.45*24000 -> 10800 | H15: 0 | I15: ='SO Oktober 2026 Rev3'!BC15 -> 9000 | J15: ='SO Oktober 2026 Rev3'!AS15 -> 3500 | K15: ='SO Oktober 2026 Rev3'!BC15 -> 9000 | L15: ='SO Oktober 2026 Rev3'!BB15 -> 31500
B16: =B15+1 -> 46304 | C16: =TEXT(B16,"ddd") -> Fri | D16: =SUM(E16:O16) -> 207094.59 | E16: 106038 | F16: 37256.595 | G16: =0.45*24000 -> 10800 | H16: 0 | I16: ='SO Oktober 2026 Rev3'!BC16 -> 9000 | J16: ='SO Oktober 2026 Rev3'!AS16 -> 3500 | K16: ='SO Oktober 2026 Rev3'!BC16 -> 9000 | L16: ='SO Oktober 2026 Rev3'!BB16 -> 31500
B17: =B16+1 -> 46305 | C17: =TEXT(B17,"ddd") -> Sat | D17: =SUM(E17:O17) -> 207094.59 | E17: 106038 | F17: 37256.595 | G17: =0.45*24000 -> 10800 | H17: 0 | I17: ='SO Oktober 2026 Rev3'!BC17 -> 9000 | J17: ='SO Oktober 2026 Rev3'!AS17 -> 3500 | K17: ='SO Oktober 2026 Rev3'!BC17 -> 9000 | L17: ='SO Oktober 2026 Rev3'!BB17 -> 31500
B18: =B17+1 -> 46306 | C18: =TEXT(B18,"ddd") -> Sun | D18: =SUM(E18:O18) -> 207094.59 | E18: 106038 | F18: 37256.595 | G18: =0.45*24000 -> 10800 | H18: 0 | I18: ='SO Oktober 2026 Rev3'!BC18 -> 9000 | J18: ='SO Oktober 2026 Rev3'!AS18 -> 3500 | K18: ='SO Oktober 2026 Rev3'!BC18 -> 9000 | L18: ='SO Oktober 2026 Rev3'!BB18 -> 31500
B19: Sub Total | D19: =SUM(D12:D18) -> 1449662.2 | E19: =SUM(E12:E18) -> 742266 | F19: =SUM(F12:F18) -> 260796.16 | G19: =SUM(G12:G18) -> 75600 | H19: =SUM(H12:H18) -> 0 | I19: =SUM(I12:I18) -> 63000 | J19: =SUM(J12:J18) -> 24500 | K19: =SUM(K12:K18) -> 63000 | L19: =SUM(L12:L18) -> 220500
B21: =B18+1 -> 46307 | C21: =TEXT(B21,"ddd") -> Mon | D21: =SUM(E21:O21) -> 207094.59 | E21: 106038 | F21: 37256.595 | G21: =0.45*24000 -> 10800 | H21: 0 | I21: ='SO Oktober 2026 Rev3'!BC21 -> 9000 | J21: ='SO Oktober 2026 Rev3'!AS21 -> 3500 | K21: ='SO Oktober 2026 Rev3'!BC21 -> 9000 | L21: ='SO Oktober 2026 Rev3'!BB21 -> 31500
B22: =B21+1 -> 46308 | C22: =TEXT(B22,"ddd") -> Tue | D22: =SUM(E22:O22) -> 207094.59 | E22: 106038 | F22: 37256.595 | G22: =0.45*24000 -> 10800 | H22: 0 | I22: ='SO Oktober 2026 Rev3'!BC22 -> 9000 | J22: ='SO Oktober 2026 Rev3'!AS22 -> 3500 | K22: ='SO Oktober 2026 Rev3'!BC22 -> 9000 | L22: ='SO Oktober 2026 Rev3'!BB22 -> 31500
B23: =B22+1 -> 46309 | C23: =TEXT(B23,"ddd") -> Wed | D23: =SUM(E23:O23) -> 207094.59 | E23: 106038 | F23: 37256.595 | G23: =0.45*24000 -> 10800 | H23: 0 | I23: ='SO Oktober 2026 Rev3'!BC23 -> 9000 | J23: ='SO Oktober 2026 Rev3'!AS23 -> 3500 | K23: ='SO Oktober 2026 Rev3'!BC23 -> 9000 | L23: ='SO Oktober 2026 Rev3'!BB23 -> 31500
B24: =B23+1 -> 46310 | C24: =TEXT(B24,"ddd") -> Thu | D24: =SUM(E24:O24) -> 207094.59 | E24: 106038 | F24: 37256.595 | G24: =0.45*24000 -> 10800 | H24: 0 | I24: ='SO Oktober 2026 Rev3'!BC24 -> 9000 | J24: ='SO Oktober 2026 Rev3'!AS24 -> 3500 | K24: ='SO Oktober 2026 Rev3'!BC24 -> 9000 | L24: ='SO Oktober 2026 Rev3'!BB24 -> 31500
B25: =B24+1 -> 46311 | C25: =TEXT(B25,"ddd") -> Fri | D25: =SUM(E25:O25) -> 207094.59 | E25: 106038 | F25: 37256.595 | G25: =0.45*24000 -> 10800 | H25: 0 | I25: ='SO Oktober 2026 Rev3'!BC25 -> 9000 | J25: ='SO Oktober 2026 Rev3'!AS25 -> 3500 | K25: ='SO Oktober 2026 Rev3'!BC25 -> 9000 | L25: ='SO Oktober 2026 Rev3'!BB25 -> 31500
B26: =B25+1 -> 46312 | C26: =TEXT(B26,"ddd") -> Sat | D26: =SUM(E26:O26) -> 207094.59 | E26: 106038 | F26: 37256.595 | G26: =0.45*24000 -> 10800 | H26: 0 | I26: ='SO Oktober 2026 Rev3'!BC26 -> 9000 | J26: ='SO Oktober 2026 Rev3'!AS26 -> 3500 | K26: ='SO Oktober 2026 Rev3'!BC26 -> 9000 | L26: ='SO Oktober 2026 Rev3'!BB26 -> 31500
B27: =B26+1 -> 46313 | C27: =TEXT(B27,"ddd") -> Sun | D27: =SUM(E27:O27) -> 207094.59 | E27: 106038 | F27: 37256.595 | G27: =0.45*24000 -> 10800 | H27: 0 | I27: ='SO Oktober 2026 Rev3'!BC27 -> 9000 | J27: ='SO Oktober 2026 Rev3'!AS27 -> 3500 | K27: ='SO Oktober 2026 Rev3'!BC27 -> 9000 | L27: ='SO Oktober 2026 Rev3'!BB27 -> 31500
B28: Sub Total | D28: =SUM(D21:D27) -> 1449662.2 | E28: =SUM(E21:E27) -> 742266 | F28: =SUM(F21:F27) -> 260796.16 | G28: =SUM(G21:G27) -> 75600 | H28: =SUM(H21:H27) -> 0 | I28: =SUM(I21:I27) -> 63000 | J28: =SUM(J21:J27) -> 24500 | K28: =SUM(K21:K27) -> 63000 | L28: =SUM(L21:L27) -> 220500
B30: =B27+1 -> 46314 | C30: =TEXT(B30,"ddd") -> Mon | D30: =SUM(E30:O30) -> 207094.59 | E30: 106038 | F30: 37256.595 | G30: =0.45*24000 -> 10800 | H30: 0 | I30: ='SO Oktober 2026 Rev3'!BC30 -> 9000 | J30: ='SO Oktober 2026 Rev3'!AS30 -> 3500 | K30: ='SO Oktober 2026 Rev3'!BC30 -> 9000 | L30: ='SO Oktober 2026 Rev3'!BB30 -> 31500
B31: =B30+1 -> 46315 | C31: =TEXT(B31,"ddd") -> Tue | D31: =SUM(E31:O31) -> 207094.59 | E31: 106038 | F31: 37256.595 | G31: =0.45*24000 -> 10800 | H31: 0 | I31: ='SO Oktober 2026 Rev3'!BC31 -> 9000 | J31: ='SO Oktober 2026 Rev3'!AS31 -> 3500 | K31: ='SO Oktober 2026 Rev3'!BC31 -> 9000 | L31: ='SO Oktober 2026 Rev3'!BB31 -> 31500
B32: =B31+1 -> 46316 | C32: =TEXT(B32,"ddd") -> Wed | D32: =SUM(E32:O32) -> 207094.59 | E32: 106038 | F32: 37256.595 | G32: =0.45*24000 -> 10800 | H32: 0 | I32: ='SO Oktober 2026 Rev3'!BC32 -> 9000 | J32: ='SO Oktober 2026 Rev3'!AS32 -> 3500 | K32: ='SO Oktober 2026 Rev3'!BC32 -> 9000 | L32: ='SO Oktober 2026 Rev3'!BB32 -> 31500
B33: =B32+1 -> 46317 | C33: =TEXT(B33,"ddd") -> Thu | D33: =SUM(E33:O33) -> 207094.59 | E33: 106038 | F33: 37256.595 | G33: =0.45*24000 -> 10800 | H33: 0 | I33: ='SO Oktober 2026 Rev3'!BC33 -> 9000 | J33: ='SO Oktober 2026 Rev3'!AS33 -> 3500 | K33: ='SO Oktober 2026 Rev3'!BC33 -> 9000 | L33: ='SO Oktober 2026 Rev3'!BB33 -> 31500
B34: =B33+1 -> 46318 | C34: =TEXT(B34,"ddd") -> Fri | D34: =SUM(E34:O34) -> 207094.59 | E34: 106038 | F34: 37256.595 | G34: =0.45*24000 -> 10800 | H34: 0 | I34: ='SO Oktober 2026 Rev3'!BC34 -> 9000 | J34: ='SO Oktober 2026 Rev3'!AS34 -> 3500 | K34: ='SO Oktober 2026 Rev3'!BC34 -> 9000 | L34: ='SO Oktober 2026 Rev3'!BB34 -> 31500
B35: =B34+1 -> 46319 | C35: =TEXT(B35,"ddd") -> Sat | D35: =SUM(E35:O35) -> 207094.59 | E35: 106038 | F35: 37256.595 | G35: =0.45*24000 -> 10800 | H35: 0 | I35: ='SO Oktober 2026 Rev3'!BC35 -> 9000 | J35: ='SO Oktober 2026 Rev3'!AS35 -> 3500 | K35: ='SO Oktober 2026 Rev3'!BC35 -> 9000 | L35: ='SO Oktober 2026 Rev3'!BB35 -> 31500
B36: =B35+1 -> 46320 | C36: =TEXT(B36,"ddd") -> Sun | D36: =SUM(E36:O36) -> 207094.59 | E36: 106038 | F36: 37256.595 | G36: =0.45*24000 -> 10800 | H36: 0 | I36: ='SO Oktober 2026 Rev3'!BC36 -> 9000 | J36: ='SO Oktober 2026 Rev3'!AS36 -> 3500 | K36: ='SO Oktober 2026 Rev3'!BC36 -> 9000 | L36: ='SO Oktober 2026 Rev3'!BB36 -> 31500
B37: Sub Total | D37: =SUM(D30:D36) -> 1449662.2 | E37: =SUM(E30:E36) -> 742266 | F37: =SUM(F30:F36) -> 260796.16 | G37: =SUM(G30:G36) -> 75600 | H37: =SUM(H30:H36) -> 0 | I37: =SUM(I30:I36) -> 63000 | J37: =SUM(J30:J36) -> 24500 | K37: =SUM(K30:K36) -> 63000 | L37: =SUM(L30:L36) -> 220500
B39: =B36+1 -> 46321 | C39: =TEXT(B39,"ddd") -> Mon | D39: =SUM(E39:O39) -> 207094.59 | E39: 106038 | F39: 37256.595 | G39: =0.45*24000 -> 10800 | H39: 0 | I39: ='SO Oktober 2026 Rev3'!BC39 -> 9000 | J39: ='SO Oktober 2026 Rev3'!AS39 -> 3500 | K39: ='SO Oktober 2026 Rev3'!BC39 -> 9000 | L39: ='SO Oktober 2026 Rev3'!BB39 -> 31500
B40: =B39+1 -> 46322 | C40: =TEXT(B40,"ddd") -> Tue | D40: =SUM(E40:O40) -> 207094.59 | E40: 106038 | F40: 37256.595 | G40: =0.45*24000 -> 10800 | H40: 0 | I40: ='SO Oktober 2026 Rev3'!BC40 -> 9000 | J40: ='SO Oktober 2026 Rev3'!AS40 -> 3500 | K40: ='SO Oktober 2026 Rev3'!BC40 -> 9000 | L40: ='SO Oktober 2026 Rev3'!BB40 -> 31500
B41: =B40+1 -> 46323 | C41: =TEXT(B41,"ddd") -> Wed | D41: =SUM(E41:O41) -> 207094.59 | E41: 106038 | F41: 37256.595 | G41: =0.45*24000 -> 10800 | H41: 0 | I41: ='SO Oktober 2026 Rev3'!BC41 -> 9000 | J41: ='SO Oktober 2026 Rev3'!AS41 -> 3500 | K41: ='SO Oktober 2026 Rev3'!BC41 -> 9000 | L41: ='SO Oktober 2026 Rev3'!BB41 -> 31500
B42: =B41+1 -> 46324 | C42: =TEXT(B42,"ddd") -> Thu | D42: =SUM(E42:O42) -> 207094.59 | E42: 106038 | F42: 37256.595 | G42: =0.45*24000 -> 10800 | H42: 0 | I42: ='SO Oktober 2026 Rev3'!BC42 -> 9000 | J42: ='SO Oktober 2026 Rev3'!AS42 -> 3500 | K42: ='SO Oktober 2026 Rev3'!BC42 -> 9000 | L42: ='SO Oktober 2026 Rev3'!BB42 -> 31500
B43: =B42+1 -> 46325 | C43: =TEXT(B43,"ddd") -> Fri | D43: =SUM(E43:O43) -> 207094.59 | E43: 106038 | F43: 37256.595 | G43: =0.45*24000 -> 10800 | H43: 0 | I43: ='SO Oktober 2026 Rev3'!BC43 -> 9000 | J43: ='SO Oktober 2026 Rev3'!AS43 -> 3500 | K43: ='SO Oktober 2026 Rev3'!BC43 -> 9000 | L43: ='SO Oktober 2026 Rev3'!BB43 -> 31500
B44: =B43+1 -> 46326 | C44: =TEXT(B44,"ddd") -> Sat | D44: =SUM(E44:O44) -> 207094.59 | E44: 106038 | F44: 37256.595 | G44: =0.45*24000 -> 10800 | H44: 0 | I44: ='SO Oktober 2026 Rev3'!BC44 -> 9000 | J44: ='SO Oktober 2026 Rev3'!AS44 -> 3500 | K44: ='SO Oktober 2026 Rev3'!BC44 -> 9000 | L44: ='SO Oktober 2026 Rev3'!BB44 -> 31500
B45: Sub Total | D45: =SUM(D39:D44) -> 1242567.6 | E45: =SUM(E39:E44) -> 636228 | F45: =SUM(F39:F44) -> 223539.57 | G45: =SUM(G39:G44) -> 64800 | H45: =SUM(H39:H44) -> 0 | I45: =SUM(I39:I44) -> 54000 | J45: =SUM(J39:J44) -> 21000 | K45: =SUM(K39:K44) -> 54000 | L45: =SUM(L39:L44) -> 189000
B47: Sub Total | D47: =D10+D19+D28+D37+D45 -> 6419932.4 | E47: =E10+E19+E28+E37+E45 -> 3287178 | F47: =F10+F19+F28+F37+F45 -> 1154954.4 | G47: =G10+G19+G28+G37+G45 -> 334800 | H47: =H10+H19+H28+H37+H45 -> 0 | I47: =I10+I19+I28+I37+I45 -> 279000 | J47: =J10+J19+J28+J37+J45 -> 108500 | K47: =K10+K19+K28+K37+K45 -> 279000 | L47: =L10+L19+L28+L37+L45 -> 976500
B48: Total | D48: =SUM(D6:D9,D12:D18,D21:D27,D30:D36,D39:D44) -> 6419932.4 | E48: =SUM(E6:E9,E12:E18,E21:E27,E30:E36,E39:E44) -> 3287178 | F48: =SUM(F6:F9,F12:F18,F21:F27,F30:F36,F39:F44) -> 1154954.4 | G48: =SUM(G6:G9,G12:G18,G21:G27,G30:G36,G39:G44) -> 334800 | H48: =SUM(H6:H9,H12:H18,H21:H27,H30:H36,H39:H44) -> 0 | I48: =SUM(I6:I9,I12:I18,I21:I27,I30:I36,I39:I44) -> 279000 | J48: =SUM(J6:J9,J12:J18,J21:J27,J30:J36,J39:J44) -> 108500 | K48: =SUM(K6:K9,K12:K18,K21:K27,K30:K36,K39:K44) -> 279000 | L48: =SUM(L6:L9,L12:L18,L21:L27,L30:L36,L39:L44) -> 976500

Sheet Daily Sales
A1: Daily Sales
A2: 46296 | H2: =H19/24 -> 0 | L2: =L19/24 -> 0 | P2: =P19/24 -> 0 | T2: =T19/24 -> 0 | X2: =X19/24 -> 0 | AB2: =AB19/24 -> 0 | AF2: =AF19/24 -> 0 | AJ2: =AJ19/24 -> 0 | AN2: =AN19/24 -> 0 | AR2: =AR19/24 -> 0 | AV2: =AV19/24 -> 0 | AZ2: =AZ14/24 -> 450 | BD2: =BD19/24 -> 0 | BH2: =BH19/24 -> 0 | BL2: =BL19/24 -> 0 | BP2: =BP19/24 -> 0 | BX2: =BX19/24 -> 0 | CB2: =CB19/24 -> 0 | CF2: =CF19/12 -> 0 | CJ2: =CK16/24 -> 126.84917 | CN2: =CN31/24 -> 0 | CR2: =CR31/24 -> 83.333333 | CV2: =CV19/24 -> 0 | CZ2: =CZ19/24 -> 0 | DD2: =DD19/24 -> 0 | DH2: =DH19/24 -> 0 | DL2: =DL19/17 -> 0 | DP2: =DP19/24 -> 0 | DT2: =DT19/24 -> 0 | DX2: =DX19/24 -> 0 | EB2: =EB19/24 -> 0 | EF2: =EF14/24 -> 250 | EJ2: =EJ19/24 -> 0 | EN2: =EN12/24 -> 125 | ER2: =ER12/24 -> 500 | EV2: =EV17/16 -> 250 | EZ2: =EZ19/24 -> 0 | FD2: =FD31/24 -> 291.66667 | FH2: =FH33/24 -> 833.33333 | FP2: =FP19/24 -> 0 | FT2: =FT19/24 -> 0 | FX2: =FX19/24 -> 0 | GB2: =GB19/24 -> 0 | GF2: =GF19/24 -> 0 | GJ2: =GJ19/24 -> 0 | GV2: =GV19/24 -> 0 | GZ2: =GZ19/24 -> 0
A3: Week | B3: DATE | C3: DAY | D3: Total | H3: CLIN | L3: MKG | P3: STM | T3: OAJ | X3: SHB | AB3: GTL | AF3: TWK | AJ3: BYC | AN3: GF RANCA | AR3: SMA | AV3: ADP | AZ3: HLI | BD3: CERES | BH3: ALT (KSO MASAMI) | BL3: IDP (KSO AAE) | BP3: NNI | BT3: WINGLOK (KSO EBM) | BX3: CISF (KSO RRS) | CB3: KGM (KSO RRS) | CF3: PUJ - LUBRICANT | CJ3: KSN | CN3: CALBEE (KSO BMI) | CR3: KF | CV3: UMI | CZ3: IP | DD3: BEM | DH3: AMI | DL3: KA | DP3: KTN | DT3: NIAGA GARAM | DX3: PCI 84 | EB3: PCI MENGGER | EF3: INDOFOOD | EJ3: HCI | EN3: DIC | ER3: ASAHIMAS | EV3: ABC KOGEN | EZ3: TONGJI ( KSO GAS) | FD3: GREENPULSE | FH3: CONCORD | FL3: PA | FP3: KSN RANCA | FT3: RB | FX3: GF ATOM | GB3: GF KULIT | GF3: PENTAWIRA (KSO REN) | GG3: PENTAWIRA (KSO REN) | GH3: PENTAWIRA (KSO REN) | GJ3: SDM | GN3: JARGAS | GR3: DJARUM | GV3: SBI | GZ3: SP GLOBAL
D4: TARGET | E4: ACTUAL | F4: SELISIH | G4: PERSENTASE | H4: TARGET | I4: ACTUAL | J4: SELISIH | K4: PERSENTASE | L4: TARGET | M4: ACTUAL | N4: SELISIH | O4: PERSENTASE | P4: TARGET | Q4: ACTUAL | R4: SELISIH | S4: PERSENTASE | T4: TARGET | U4: ACTUAL | V4: SELISIH | W4: PERSENTASE | X4: TARGET | Y4: ACTUAL | Z4: SELISIH | AA4: PERSENTASE | AB4: TARGET | AC4: ACTUAL | AD4: SELISIH | AE4: PERSENTASE | AF4: TARGET | AG4: ACTUAL | AH4: SELISIH | AI4: PERSENTASE | AJ4: TARGET | AK4: ACTUAL | AL4: SELISIH | AM4: PERSENTASE | AN4: TARGET | AO4: ACTUAL | AP4: SELISIH | AQ4: PERSENTASE | AR4: TARGET | AS4: ACTUAL | AT4: SELISIH | AU4: PERSENTASE | AV4: TARGET | AW4: ACTUAL | AX4: SELISIH | AY4: PERSENTASE | AZ4: TARGET | BA4: ACTUAL | BB4: SELISIH | BC4: PERSENTASE | BD4: TARGET | BE4: ACTUAL | BF4: SELISIH | BG4: PERSENTASE | BH4: TARGET | BI4: ACTUAL | BJ4: SELISIH | BK4: PERSENTASE | BL4: TARGET | BM4: ACTUAL | BN4: SELISIH | BO4: PERSENTASE | BP4: TARGET | BQ4: ACTUAL | BR4: SELISIH | BS4: PERSENTASE | BT4: TARGET | BU4: ACTUAL | BV4: SELISIH | BW4: PERSENTASE | BX4: TARGET | BY4: ACTUAL | BZ4: SELISIH | CA4: PERSENTASE | CB4: TARGET | CC4: ACTUAL | CD4: SELISIH | CE4: PERSENTASE | CF4: TARGET | CG4: ACTUAL | CH4: SELISIH | CI4: PERSENTASE | CJ4: TARGET | CK4: ACTUAL | CL4: SELISIH | CM4: PERSENTASE | CN4: TARGET | CO4: ACTUAL | CP4: SELISIH | CQ4: PERSENTASE | CR4: TARGET | CS4: ACTUAL | CT4: SELISIH | CU4: PERSENTASE | CV4: TARGET | CW4: ACTUAL | CX4: SELISIH | CY4: PERSENTASE | CZ4: TARGET | DA4: ACTUAL | DB4: SELISIH | DC4: PERSENTASE | DD4: TARGET | DE4: ACTUAL | DF4: SELISIH | DG4: PERSENTASE | DH4: TARGET | DI4: ACTUAL | DJ4: SELISIH | DK4: PERSENTASE | DL4: TARGET | DM4: ACTUAL | DN4: SELISIH | DO4: PERSENTASE | DP4: TARGET | DQ4: ACTUAL | DR4: SELISIH | DS4: PERSENTASE | DT4: TARGET | DU4: ACTUAL | DV4: SELISIH | DW4: PERSENTASE | DX4: TARGET | DY4: ACTUAL | DZ4: SELISIH | EA4: PERSENTASE | EB4: TARGET | EC4: ACTUAL | ED4: SELISIH | EE4: PERSENTASE | EF4: TARGET | EG4: ACTUAL | EH4: SELISIH | EI4: PERSENTASE | EJ4: TARGET | EK4: ACTUAL | EL4: SELISIH | EM4: PERSENTASE | EN4: TARGET | EO4: ACTUAL | EP4: SELISIH | EQ4: PERSENTASE | ER4: TARGET | ES4: ACTUAL | ET4: SELISIH | EU4: PERSENTASE | EV4: TARGET | EW4: ACTUAL | EX4: SELISIH | EY4: PERSENTASE | EZ4: TARGET | FA4: ACTUAL | FB4: SELISIH | FC4: PERSENTASE | FD4: TARGET | FE4: ACTUAL | FF4: SELISIH | FG4: PERSENTASE | FH4: TARGET | FI4: ACTUAL | FJ4: SELISIH | FK4: PERSENTASE | FL4: TARGET | FM4: ACTUAL | FN4: SELISIH | FO4: PERSENTASE | FP4: TARGET | FQ4: ACTUAL | FR4: SELISIH | FS4: PERSENTASE | FT4: TARGET | FU4: ACTUAL | FV4: SELISIH | FW4: PERSENTASE | FX4: TARGET | FY4: ACTUAL | FZ4: SELISIH | GA4: PERSENTASE | GB4: TARGET | GC4: ACTUAL | GD4: SELISIH | GE4: PERSENTASE | GF4: TARGET | GG4: ACTUAL | GH4: SELISIH | GI4: PERSENTASE | GJ4: TARGET | GK4: ACTUAL | GL4: SELISIH | GM4: PERSENTASE | GN4: TARGET | GO4: ACTUAL | GP4: SELISIH | GQ4: PERSENTASE | GR4: TARGET | GS4: ACTUAL | GT4: SELISIH | GU4: PERSENTASE | GV4: TARGET | GW4: ACTUAL | GX4: SELISIH | GY4: PERSENTASE | GZ4: TARGET | HA4: ACTUAL | HB4: SELISIH | HC4: PERSENTASE
A5: =WEEKNUM(B5) -> 40 | B5: =A2 -> 46296 | C5: =TEXT(B5,"ddd") -> Thu | D5: =SUMIF($H$4:$HB$4,$D$4,H5:HB5) -> 203407.46 | E5: =SUMIF($H$4:$HB$4,$E$4,H5:HB5) -> 191200.66 | F5: =E5-D5 -> -12206.799 | G5: =E5/D5 -> 0.93998844 | H5: =INDEX('SO Oktober 2026 Rev3'!$B$6:$BI$50,MATCH($B5,'SO Oktober 2026 Rev3'!$B$6:$B$50,0),MATCH($H$3,'SO Oktober 2026 Rev3'!$B$5:$XI$5,0)) -> 800 | I5: =INDEX('Summary sales'!$A$6:$CA$50,MATCH($B5,'Summary sales'!$A$6:$A$50,0),MATCH($H$3,'Summary sales'!$A$7:$CA$7,0)) -> 827.39 | J5: =I5-H5 -> 27.39 | K5: =I5/H5 -> 1.0342375 | L5: =INDEX('SO Oktober 2026 Rev3'!$B$6:$BI$50,MATCH($B5,'SO Oktober 2026 Rev3'!$B$6:$B$50,0),MATCH($L$3,'SO Oktober 2026 Rev3'!$B$5:$XI$5,0)) -> 1200 | M5: =INDEX('Summary sales'!$A$6:$CA$50,MATCH($B5,'Summary sales'!$A$6:$A$50,0),MATCH($L$3,'Summary sales'!$A$7:$CA$7,0)) -> 1436.12 | N5: =M5-L5 -> 236.12 | O5: =M5/L5 -> 1.1967667 | P5: =INDEX('SO Oktober 2026 Rev3'!$B$6:$BI$50,MATCH($B5,'SO Oktober 2026 Rev3'!$B$6:$B$50,0),MATCH($P$3,'SO Oktober 2026 Rev3'!$B$5:$XI$5,0)) -> 3300 | Q5: =INDEX('Summary sales'!$A$6:$CA$50,MATCH($B5,'Summary sales'!$A$6:$A$50,0),MATCH($P$3,'Summary sales'!$A$7:$CA$7,0)) -> 3653.4 | R5: =Q5-P5 -> 353.4 | S5: =Q5/P5 -> 1.1070909 | T5: =INDEX('SO Oktober 2026 Rev3'!$B$6:$BI$50,MATCH(B5,'SO Oktober 2026 Rev3'!$B$6:$B$50,0),MATCH($T$3,'SO Oktober 2026 Rev3'!$B$5:$XI$5,0)) -> 800 | U5: =INDEX('Summary sales'!$A$6:$CA$50,MATCH($B5,'Summary sales'!$A$6:$A$50,0),MATCH($T$3,'Summary sales'!$A$7:$CA$7,0)) -> 950.45 | V5: =U5-T5 -> 150.45 | W5: =U5/T5 -> 1.1880625 | X5: =INDEX('SO Oktober 2026 Rev3'!$B$6:$BI$50,MATCH(B5,'SO Oktober 2026 Rev3'!$B$6:$B$50,0),MATCH($X$3,'SO Oktober 2026 Rev3'!$B$5:$XI$5,0)) -> 150 | Y5: =INDEX('Summary sales'!$A$6:$CA$50,MATCH($B5,'Summary sales'!$A$6:$A$50,0),MATCH($X$3,'Summary sales'!$A$7:$CA$7,0)) -> 19.09 | Z5: =Y5-X5 -> -130.91 | AA5: =Y5/X5 -> 0.12726667 | AB5: =INDEX('SO Oktober 2026 Rev3'!$B$6:$BI$50,MATCH(B5,'SO Oktober 2026 Rev3'!$B$6:$B$50,0),MATCH($AB$3,'SO Oktober 2026 Rev3'!$B$5:$XI$5,0)) -> 603.76323 | AC5: =INDEX('Summary sales'!$A$6:$CA$50,MATCH($B5,'Summary sales'!$A$6:$A$50,0),MATCH($AB$3,'Summary sales'!$A$7:$CA$7,0)) -> 1062.99 | AD5: =AC5-AB5 -> 459.22677 | AE5: =AC5/AB5 -> 1.7606074 | AF5: =INDEX('SO Oktober 2026 Rev3'!$B$6:$BI$50,MATCH(B5,'SO Oktober 2026 Rev3'!$B$6:$B$50,0),MATCH($AF$3,'SO Oktober 2026 Rev3'!$B$5:$XI$5,0)) -> 673.27548 | AG5: =INDEX('Summary sales'!$A$6:$CA$50,MATCH($B5,'Summary sales'!$A$6:$A$50,0),MATCH($AF$3,'Summary sales'!$A$7:$CA$7,0)) -> 513.19 | AH5: =AG5-AF5 -> -160.08548 | AI5: =AG5/AF5 -> 0.76222885 | AJ5: =INDEX('SO Oktober 2026 Rev3'!$B$6:$BI$50,MATCH(B5,'SO Oktober 2026 Rev3'!$B$6:$B$50,0),MATCH($AJ$3,'SO Oktober 2026 Rev3'!$B$5:$XI$5,0)) -> 5500 | AK5: =INDEX('Summary sales'!$A$6:$CA$50,MATCH($B5,'Summary sales'!$A$6:$A$50,0),MATCH($AJ$3,'Summary sales'!$A$7:$CA$7,0)) -> 4977.99 | AL5: =AK5-AJ5 -> -522.01 | AM5: =AK5/AJ5 -> 0.90508909 | AN5: 5000 | AO5: =INDEX('Summary sales'!$A$6:$CA$50,MATCH($B5,'Summary sales'!$A$6:$A$50,0),MATCH($AN$3,'Summary sales'!$A$7:$CA$7,0)) -> 4397.84 | AP5: =AO5-AN5 -> -602.16 | AQ5: =AO5/AN5 -> 0.879568 | AR5: 1500 | AS5: =INDEX('Summary sales'!$A$6:$CA$50,MATCH($B5,'Summary sales'!$A$6:$A$50,0),MATCH($AR$3,'Summary sales'!$A$7:$CA$7,0)) -> 342.18 | AT5: =AS5-AR5 -> -1157.82 | AU5: =AS5/AR5 -> 0.22812 | AV5: =INDEX('SO Oktober 2026 Rev3'!$B$6:$BI$50,MATCH(B5,'SO Oktober 2026 Rev3'!$B$6:$B$50,0),MATCH($AV$3,'SO Oktober 2026 Rev3'!$B$5:$XI$5,0)) -> 500 | AW5: =INDEX('Summary sales'!$A$6:$CA$50,MATCH($B5,'Summary sales'!$A$6:$A$50,0),MATCH($AV$3,'Summary sales'!$A$7:$CA$7,0)) -> 1327.64 | AX5: =AW5-AV5 -> 827.64 | AY5: =AW5/AV5 -> 2.65528 | AZ5: 10800 | BA5: =INDEX('Summary sales'!$A$6:$CA$50,MATCH($B5,'Summary sales'!$A$6:$A$50,0),MATCH($AZ$3,'Summary sales'!$A$7:$CA$7,0)) -> 11161.02 | BB5: =BA5-AZ5 -> 361.02 | BC5: =BA5/AZ5 -> 1.0334278 | BD5: 9000.0571 | BE5: =INDEX('Summary sales'!$A$6:$CA$50,MATCH($B5,'Summary sales'!$A$6:$A$50,0),MATCH($BD$3,'Summary sales'!$A$7:$CA$7,0)) -> 9530.7 | BF5: =BE5-BD5 -> 530.6429 | BG5: =BE5/BD5 -> 1.0589599 | BH5: =INDEX('SO Oktober 2026 Rev3'!$B$6:$BI$50,MATCH(B5,'SO Oktober 2026 Rev3'!$B$6:$B$50,0),MATCH($BH$3,'SO Oktober 2026 Rev3'!$B$5:$XI$5,0)) -> 1000 | BI5: =INDEX('Summary sales'!$A$6:$CA$50,MATCH($B5,'Summary sales'!$A$6:$A$50,0),MATCH($BH$3,'Summary sales'!$A$7:$CA$7,0)) -> 1499.325 | BJ5: =BI5-BH5 -> 499.325 | BK5: =BI5/BH5 -> 1.499325 | BL5: =INDEX('SO Oktober 2026 Rev3'!$B$6:$BI$50,MATCH(B5,'SO Oktober 2026 Rev3'!$B$6:$B$50,0),MATCH($BL$3,'SO Oktober 2026 Rev3'!$B$5:$XI$5,0)) -> 3000 | BM5: =INDEX('Summary sales'!$A$6:$CA$50,MATCH($B5,'Summary sales'!$A$6:$A$50,0),MATCH($BL$3,'Summary sales'!$A$7:$CA$7,0)) -> 5388.4807 | BN5: =BM5-BL5 -> 2388.4807 | BO5: =BM5/BL5 -> 1.7961602 | BP5: =INDEX('SO Oktober 2026 Rev3'!$B$6:$BI$50,MATCH(B5,'SO Oktober 2026 Rev3'!$B$6:$B$50,0),MATCH($BP$3,'SO Oktober 2026 Rev3'!$B$5:$XI$5,0)) -> 1000 | BQ5: =INDEX('Summary sales'!$A$6:$CA$50,MATCH($B5,'Summary sales'!$A$6:$A$50,0),MATCH($BP$3,'Summary sales'!$A$7:$CA$7,0)) -> 347.68 | BR5: =BQ5-BP5 -> -652.32 | BS5: =BQ5/BP5 -> 0.34768 | BT5: =INDEX('SO Oktober 2026 Rev3'!$B$6:$BI$50,MATCH(B5,'SO Oktober 2026 Rev3'!$B$6:$B$50,0),MATCH($BT$3,'SO Oktober 2026 Rev3'!$B$5:$XI$5,0)) -> 89.451613 | BU5: =INDEX('Summary sales'!$A$6:$CA$50,MATCH($B5,'Summary sales'!$A$6:$A$50,0),MATCH($BT$3,'Summary sales'!$A$7:$CA$7,0)) -> 67 | BV5: =BU5-BT5 -> -22.451613 | BW5: =BU5/BT5 -> 0.74900829 | BX5: 3000 | BY5: =INDEX('Summary sales'!$A$6:$CA$50,MATCH($B5,'Summary sales'!$A$6:$A$50,0),MATCH($BX$3,'Summary sales'!$A$7:$CA$7,0)) -> 2419.2 | BZ5: =BY5-BX5 -> -580.8 | CA5: =BY5/BX5 -> 0.8064 | CB5: =INDEX('SO Oktober 2026 Rev3'!$B$6:$BI$50,MATCH(B5,'SO Oktober 2026 Rev3'!$B$6:$B$50,0),MATCH($CB$3,'SO Oktober 2026 Rev3'!$B$5:$XI$5,0)) -> 1000 | CC5: =INDEX('Summary sales'!$A$6:$CA$50,MATCH($B5,'Summary sales'!$A$6:$A$50,0),MATCH($CB$3,'Summary sales'!$A$7:$CA$7,0)) -> 0 | CD5: =CC5-CB5 -> -1000 | CE5: =CC5/CB5 -> 0 | CF5: =INDEX('SO Oktober 2026 Rev3'!$B$6:$BI$50,MATCH(B5,'SO Oktober 2026 Rev3'!$B$6:$B$50,0),MATCH($CF$3,'SO Oktober 2026 Rev3'!$B$5:$XI$5,0)) -> 3000 | CG5: =INDEX('Summary sales'!$A$6:$CA$50,MATCH($B5,'Summary sales'!$A$6:$A$50,0),MATCH($CF$3,'Summary sales'!$A$7:$CA$7,0)) -> 2621.1 | CH5: =CG5-CF5 -> -378.9 | CI5: =CG5/CF5 -> 0.8737 | CJ5: =INDEX('SO Oktober 2026 Rev3'!$B$6:$BI$50,MATCH($B5,'SO Oktober 2026 Rev3'!$B$6:$B$50,0),MATCH(CJ$3,'SO Oktober 2026 Rev3'!$B$5:$XI$5,0)) -> 0 | CK5: =INDEX('Summary sales'!$A$6:$CA$50,MATCH($B5,'Summary sales'!$A$6:$A$50,0),MATCH($CJ$3,'Summary sales'!$A$7:$CA$7,0)) -> 2839.39 | CL5: =CK5-CJ5 -> 2839.39 | CM5: =CK5/CJ5 -> #DIV/0! | CN5: =INDEX('SO Oktober 2026 Rev3'!$B$6:$BI$50,MATCH($B5,'SO Oktober 2026 Rev3'!$B$6:$B$50,0),MATCH(CN$3,'SO Oktober 2026 Rev3'!$B$5:$XI$5,0)) -> 0 | CO5: =INDEX('Summary sales'!$A$6:$CA$50,MATCH($B5,'Summary sales'!$A$6:$A$50,0),MATCH($CN$3,'Summary sales'!$A$7:$CA$7,0)) -> 0 | CP5: =CO5-CN5 -> 0 | CQ5: =CO5/CN5 -> #DIV/0! | CR5: =INDEX('SO Oktober 2026 Rev3'!$B$6:$BI$50,MATCH($B5,'SO Oktober 2026 Rev3'!$B$6:$B$50,0),MATCH(CR$3,'SO Oktober 2026 Rev3'!$B$5:$XI$5,0)) -> 2000 | CS5: =INDEX('Summary sales'!$A$6:$CA$50,MATCH($B5,'Summary sales'!$A$6:$A$50,0),MATCH($CR$3,'Summary sales'!$A$7:$CA$7,0)) -> 0 | CT5: =CS5-CR5 -> -2000 | CU5: =CS5/CR5 -> 0 | CV5: 12500 | CW5: =INDEX('Summary sales'!$A$6:$CA$50,MATCH($B5,'Summary sales'!$A$6:$A$50,0),MATCH($CV$3,'Summary sales'!$A$7:$CA$7,0)) -> 9679.06 | CX5: =CW5-CV5 -> -2820.94 | CY5: =CW5/CV5 -> 0.7743248 | CZ5: =INDEX('SO Oktober 2026 Rev3'!$B$6:$BI$50,MATCH(B5,'SO Oktober 2026 Rev3'!$B$6:$B$50,0),MATCH($CZ$3,'SO Oktober 2026 Rev3'!$B$5:$XI$5,0)) -> 2000 | DA5: =INDEX('Summary sales'!$A$6:$CA$50,MATCH($B5,'Summary sales'!$A$6:$A$50,0),MATCH($CZ$3,'Summary sales'!$A$7:$CA$7,0)) -> 2379.72 | DB5: =DA5-CZ5 -> 379.72 | DC5: =DA5/CZ5 -> 1.18986 | DD5: =INDEX('SO Oktober 2026 Rev3'!$B$6:$BI$50,MATCH($B5,'SO Oktober 2026 Rev3'!$B$6:$B$50,0),MATCH(DD$3,'SO Oktober 2026 Rev3'!$B$5:$XI$5,0)) -> 800 | DE5: =INDEX('Summary sales'!$A$6:$CA$50,MATCH($B5,'Summary sales'!$A$6:$A$50,0),MATCH($DD$3,'Summary sales'!$A$7:$CA$7,0)) -> 44.99 | DF5: =DE5-DD5 -> -755.01 | DG5: =DE5/DD5 -> 0.0562375 | DH5: =INDEX('SO Oktober 2026 Rev3'!$B$6:$BI$50,MATCH($B5,'SO Oktober 2026 Rev3'!$B$6:$B$50,0),MATCH(DH$3,'SO Oktober 2026 Rev3'!$B$5:$XI$5,0)) -> 7200 | DI5: =INDEX('Summary sales'!$A$6:$CA$50,MATCH($B5,'Summary sales'!$A$6:$A$50,0),MATCH($DH$3,'Summary sales'!$A$7:$CA$7,0)) -> 7764.13 | DJ5: =DI5-DH5 -> 564.13 | DK5: =DI5/DH5 -> 1.0783514 | DL5: =INDEX('SO Oktober 2026 Rev3'!$B$6:$BI$50,MATCH(B5,'SO Oktober 2026 Rev3'!$B$6:$B$50,0),MATCH($DL$3,'SO Oktober 2026 Rev3'!$B$5:$XI$5,0)) -> 2500 | DM5: =INDEX('Summary sales'!$A$6:$CA$50,MATCH($B5,'Summary sales'!$A$6:$A$50,0),MATCH($DL$3,'Summary sales'!$A$7:$CA$7,0)) -> 2188.57 | DN5: =DM5-DL5 -> -311.43 | DO5: =DM5/DL5 -> 0.875428 | DP5: 2000 | DQ5: =INDEX('Summary sales'!$A$6:$CA$50,MATCH($B5,'Summary sales'!$A$6:$A$50,0),MATCH($DP$3,'Summary sales'!$A$7:$CA$7,0)) -> 1294.19 | DR5: =DQ5-DP5 -> -705.81 | DS5: =DQ5/DP5 -> 0.647095 | DT5: =INDEX('SO Oktober 2026 Rev3'!$B$6:$BI$50,MATCH(B5,'SO Oktober 2026 Rev3'!$B$6:$B$50,0),MATCH($DT$3,'SO Oktober 2026 Rev3'!$B$5:$XI$5,0)) -> 1000 | DU5: =INDEX('Summary sales'!$A$6:$CA$50,MATCH($B5,'Summary sales'!$A$6:$A$50,0),MATCH($DT$3,'Summary sales'!$A$7:$CA$7,0)) -> 286.24 | DV5: =DU5-DT5 -> -713.76 | DW5: =DU5/DT5 -> 0.28624 | DX5: =INDEX('SO Oktober 2026 Rev3'!$B$6:$BI$50,MATCH(B5,'SO Oktober 2026 Rev3'!$B$6:$B$50,0),MATCH($DX$3,'SO Oktober 2026 Rev3'!$B$5:$XI$5,0)) -> 11000 | DY5: =INDEX('Summary sales'!$A$6:$CA$50,MATCH($B5,'Summary sales'!$A$6:$A$50,0),MATCH($DX$3,'Summary sales'!$A$7:$CA$7,0)) -> 11528.85 | DZ5: =DY5-DX5 -> 528.85 | EA5: =DY5/DX5 -> 1.0480773 | EB5: =INDEX('SO Oktober 2026 Rev3'!$B$6:$BI$50,MATCH(B5,'SO Oktober 2026 Rev3'!$B$6:$B$50,0),MATCH($EB$3,'SO Oktober 2026 Rev3'!$B$5:$XI$5,0)) -> 2000 | EC5: =INDEX('Summary sales'!$A$6:$CA$50,MATCH($B5,'Summary sales'!$A$6:$A$50,0),MATCH($EB$3,'Summary sales'!$A$7:$CA$7,0)) -> 2590.42 | ED5: =EC5-EB5 -> 590.42 | EE5: =EC5/EB5 -> 1.29521 | EF5: 4500 | EG5: =INDEX('Summary sales'!$A$6:$CA$50,MATCH($B5,'Summary sales'!$A$6:$A$50,0),MATCH($EF$3,'Summary sales'!$A$7:$CA$7,0)) -> 4932.19 | EH5: =EG5-EF5 -> 432.19 | EI5: =EG5/EF5 -> 1.0960422 | EJ5: 7000 | EK5: =INDEX('Summary sales'!$A$6:$CA$50,MATCH(B5,'Summary sales'!$A$6:$A$50,0),MATCH($EJ$3,'Summary sales'!$A$7:$CA$7,0)) -> 10371.53 | EL5: =EK5-EJ5 -> 3371.53 | EM5: =EK5/EJ5 -> 1.4816471 | EN5: =INDEX('SO Oktober 2026 Rev3'!$B$6:$BI$50,MATCH(B5,'SO Oktober 2026 Rev3'!$B$6:$B$50,0),MATCH($EN$3,'SO Oktober 2026 Rev3'!$B$5:$XI$5,0)) -> 3000 | EO5: =INDEX('Summary sales'!$A$6:$CA$50,MATCH($B5,'Summary sales'!$A$6:$A$50,0),MATCH($EN$3,'Summary sales'!$A$7:$CA$7,0)) -> 4386.42 | EP5: =EO5-EN5 -> 1386.42 | EQ5: =EO5/EN5 -> 1.46214 | ER5: 12000 | ES5: =INDEX('Summary sales'!$A$6:$CA$50,MATCH($B5,'Summary sales'!$A$6:$A$50,0),MATCH($ER$3,'Summary sales'!$A$7:$CA$7,0)) -> 8499.85 | ET5: =ES5-ER5 -> -3500.15 | EU5: =ES5/ER5 -> 0.70832083 | EV5: 4000 | EW5: =INDEX('Summary sales'!$A$6:$CA$50,MATCH(B5,'Summary sales'!$A$6:$A$50,0),MATCH($EV$3,'Summary sales'!$A$7:$CA$7,0)) -> 4128.38 | EX5: =EW5-EV5 -> 128.38 | EY5: =EW5/EV5 -> 1.032095 | EZ5: =INDEX('SO Oktober 2026 Rev3'!$B$6:$BI$50,MATCH($B5,'SO Oktober 2026 Rev3'!$B$6:$B$50,0),MATCH($EZ$3,'SO Oktober 2026 Rev3'!$B$5:$XI$5,0)) -> 3500 | FA5: =INDEX('Summary sales'!$A$6:$CA$50,MATCH(B5,'Summary sales'!$A$6:$A$50,0),MATCH($EZ$3,'Summary sales'!$A$7:$CA$7,0)) -> 3713 | FB5: =FA5-EZ5 -> 213 | FC5: =FA5/EZ5 -> 1.0608571 | FD5: 0 | FE5: =INDEX('Summary sales'!$A$6:$CA$50,MATCH(B5,'Summary sales'!$A$6:$A$50,0),MATCH($FD$3,'Summary sales'!$A$7:$CA$7,0)) -> 0 | FF5: =FE5-FD5 -> 0 | FG5: =FE5/FD5 -> #DIV/0! | FH5: =INDEX('SO Oktober 2026 Rev3'!$B$6:$BI$50,MATCH(B5,'SO Oktober 2026 Rev3'!$B$6:$B$50,0),MATCH($FH$3,'SO Oktober 2026 Rev3'!$B$5:$XI$5,0)) -> 10000 | FI5: =INDEX('Summary sales'!$A$6:$CA$50,MATCH(B5,'Summary sales'!$A$6:$A$50,0),MATCH($FH$3,'Summary sales'!$A$7:$CA$7,0)) -> 10151.1 | FJ5: =FI5-FH5 -> 151.1 | FK5: =FI5/FH5 -> 1.01511 | FL5: =INDEX('SO Oktober 2026 Rev3'!$B$6:$BI$50,MATCH(B5,'SO Oktober 2026 Rev3'!$B$6:$B$50,0),MATCH($FL$3,'SO Oktober 2026 Rev3'!$B$5:$XI$5,0)) -> 500 | FM5: =INDEX('Summary sales'!$A$6:$CA$50,MATCH(B5,'Summary sales'!$A$6:$A$50,0),MATCH($FL$3,'Summary sales'!$A$7:$CA$7,0)) -> 321.23 | FN5: =FM5-FL5 -> -178.77 | FO5: =FM5/FL5 -> 0.64246 | FP5: 6500 | FQ5: =INDEX('Summary sales'!$A$6:$CA$50,MATCH(B5,'Summary sales'!$A$6:$A$50,0),MATCH($FP$3,'Summary sales'!$A$7:$CA$7,0)) -> 4433.2 | FR5: =FQ5-FP5 -> -2066.8 | FS5: =FQ5/FP5 -> 0.68203077 | FT5: =INDEX('SO Oktober 2026 Rev3'!$B$6:$BI$50,MATCH(B5,'SO Oktober 2026 Rev3'!$B$6:$B$50,0),MATCH($FT$3,'SO Oktober 2026 Rev3'!$B$5:$XI$5,0)) -> 3500 | FU5: =INDEX('Summary sales'!$A$6:$CA$50,MATCH(B5,'Summary sales'!$A$6:$A$50,0),MATCH($FT$3,'Summary sales'!$A$7:$CA$7,0)) -> 0 | FV5: =FU5-FT5 -> -3500 | FW5: =FU5/FT5 -> 0 | FX5: =INDEX('SO Oktober 2026 Rev3'!$B$6:$BI$50,MATCH(B5,'SO Oktober 2026 Rev3'!$B$6:$B$50,0),MATCH($FX$3,'SO Oktober 2026 Rev3'!$B$5:$XI$5,0)) -> 2000 | FY5: =INDEX('Summary sales'!$A$6:$CA$50,MATCH(B5,'Summary sales'!$A$6:$A$50,0),MATCH($FX$3,'Summary sales'!$A$7:$CA$7,0)) -> 2435.41 | FZ5: =FY5-FX5 -> 435.41 | GA5: =FY5/FX5 -> 1.217705 | GB5: 369.61071 | GC5: =INDEX('Summary sales'!$A$6:$CA$50,MATCH(B5,'Summary sales'!$A$6:$A$50,0),MATCH($GB$3,'Summary sales'!$A$7:$CA$7,0)) -> 0 | GD5: =GC5-GB5 -> -369.61071 | GE5: =GC5/GB5 -> 0 | GF5: 9000 | GG5: =INDEX('Summary sales'!$A$6:$CA$50,MATCH(B5,'Summary sales'!$A$6:$A$50,0),MATCH($GF$3,'Summary sales'!$A$7:$CA$7,0)) -> 4262.178 | GH5: =GG5-GF5 -> -4737.822 | GI5: =GG5/GF5 -> 0.47357533 | GJ5: =INDEX('SO Oktober 2026 Rev3'!$B$6:$BI$50,MATCH(B5,'SO Oktober 2026 Rev3'!$B$6:$B$50,0),MATCH($GJ$3,'SO Oktober 2026 Rev3'!$B$5:$XI$5,0)) -> 1121.9003 | GK5: =INDEX('Summary sales'!$A$6:$CA$50,MATCH($B5,'Summary sales'!$A$6:$A$50,0),MATCH($GJ$3,'Summary sales'!$A$7:$CA$7,0)) -> 1093.3 | GL5: =GK5-GJ5 -> -28.600323 | GM5: =GK5/GJ5 -> 0.97450725 | GN5: =INDEX('SO Oktober 2026 Rev3'!$B$6:$BI$50,MATCH(B5,'SO Oktober 2026 Rev3'!$B$6:$B$50,0),MATCH($GN$3,'SO Oktober 2026 Rev3'!$B$5:$XI$5,0)) -> 2499.7026 | GO5: =INDEX('Summary sales'!$A$6:$CA$50,MATCH(B5,'Summary sales'!$A$6:$A$50,0),MATCH($GN$3,'Summary sales'!$A$7:$CA$7,0)) -> 2908.47 | GP5: =GO5-GN5 -> 408.76742 | GQ5: =GO5/GN5 -> 1.1635264 | GR5: 5000 | GS5: =INDEX('Summary sales'!$A$6:$CA$50,MATCH(B5,'Summary sales'!$A$6:$A$50,0),MATCH($GR$3,'Summary sales'!$A$7:$CA$7,0)) -> 5125.5 | GT5: =GS5-GR5 -> 125.5 | GU5: =GS5/GR5 -> 1.0251 | GV5: =INDEX('SO Oktober 2026 Rev3'!$B$6:$BI$50,MATCH(B5,'SO Oktober 2026 Rev3'!$B$6:$B$50,0),MATCH($GV$3,'SO Oktober 2026 Rev3'!$B$5:$XI$5,0)) -> 2499.7026 | GW5: =INDEX('Summary sales'!$A$6:$CA$50,MATCH(B5,'Summary sales'!$A$6:$A$50,0),MATCH($GV$3,'Summary sales'!$A$7:$CA$7,0)) -> 4231.54 | GX5: =GW5-GV5 -> 1731.8374 | GY5: =GW5/GV5 -> 1.6928174 | GZ5: =INDEX('SO Oktober 2026 Rev3'!$B$6:$BI$50,MATCH(B5,'SO Oktober 2026 Rev3'!$B$6:$B$50,0),MATCH($GZ$3,'SO Oktober 2026 Rev3'!$B$5:$XI$5,0)) -> 31500 | HA5: =INDEX('Summary sales'!$A$6:$CA$50,MATCH(B5,'Summary sales'!$A$6:$A$50,0),MATCH($GZ$3,'Summary sales'!$A$7:$CA$7,0)) -> 27069.021 | HB5: =HA5-GZ5 -> -4430.979 | HC5: =HA5/GZ5 -> 0.859334
B6: =B5+1 -> 46297 | C6: =TEXT(B6,"ddd") -> Fri | D6: =SUMIF($H$4:$HB$4,$D$4,H6:HB6) -> 203306.98 | E6: =SUMIF($H$4:$HB$4,$E$4,H6:HB6) -> 184508.84 | F6: =E6-D6 -> -18798.136 | G6: =E6/D6 -> 0.90753817 | H6: =INDEX('SO Oktober 2026 Rev3'!$B$6:$BI$50,MATCH($B6,'SO Oktober 2026 Rev3'!$B$6:$B$50,0),MATCH($H$3,'SO Oktober 2026 Rev3'!$B$5:$XI$5,0)) -> 1199.5729 | I6: =INDEX('Summary sales'!$A$6:$CA$50,MATCH($B6,'Summary sales'!$A$6:$A$50,0),MATCH($H$3,'Summary sales'!$A$7:$CA$7,0)) -> 466.02 | J6: =I6-H6 -> -733.5529 | K6: =I6/H6 -> 0.38848827 | L6: =INDEX('SO Oktober 2026 Rev3'!$B$6:$BI$50,MATCH($B6,'SO Oktober 2026 Rev3'!$B$6:$B$50,0),MATCH($L$3,'SO Oktober 2026 Rev3'!$B$5:$XI$5,0)) -> 1200 | M6: =INDEX('Summary sales'!$A$6:$CA$50,MATCH($B6,'Summary sales'!$A$6:$A$50,0),MATCH($L$3,'Summary sales'!$A$7:$CA$7,0)) -> 1041.95 | N6: =M6-L6 -> -158.05 | O6: =M6/L6 -> 0.86829167 | P6: =INDEX('SO Oktober 2026 Rev3'!$B$6:$BI$50,MATCH($B6,'SO Oktober 2026 Rev3'!$B$6:$B$50,0),MATCH($P$3,'SO Oktober 2026 Rev3'!$B$5:$XI$5,0)) -> 3300 | Q6: =INDEX('Summary sales'!$A$6:$CA$50,MATCH($B6,'Summary sales'!$A$6:$A$50,0),MATCH($P$3,'Summary sales'!$A$7:$CA$7,0)) -> 3599.17 | R6: =Q6-P6 -> 299.17 | S6: =Q6/P6 -> 1.0906576 | T6: =INDEX('SO Oktober 2026 Rev3'!$B$6:$BI$50,MATCH(B6,'SO Oktober 2026 Rev3'!$B$6:$B$50,0),MATCH($T$3,'SO Oktober 2026 Rev3'!$B$5:$XI$5,0)) -> 800 | U6: =INDEX('Summary sales'!$A$6:$CA$50,MATCH($B6,'Summary sales'!$A$6:$A$50,0),MATCH($T$3,'Summary sales'!$A$7:$CA$7,0)) -> 1042.3 | V6: =U6-T6 -> 242.3 | W6: =U6/T6 -> 1.302875 | X6: =INDEX('SO Oktober 2026 Rev3'!$B$6:$BI$50,MATCH(B6,'SO Oktober 2026 Rev3'!$B$6:$B$50,0),MATCH($X$3,'SO Oktober 2026 Rev3'!$B$5:$XI$5,0)) -> 150 | Y6: =INDEX('Summary sales'!$A$6:$CA$50,MATCH($B6,'Summary sales'!$A$6:$A$50,0),MATCH($X$3,'Summary sales'!$A$7:$CA$7,0)) -> 577.15 | Z6: =Y6-X6 -> 427.15 | AA6: =Y6/X6 -> 3.8476667 | AB6: =INDEX('SO Oktober 2026 Rev3'!$B$6:$BI$50,MATCH(B6,'SO Oktober 2026 Rev3'!$B$6:$B$50,0),MATCH($AB$3,'SO Oktober 2026 Rev3'!$B$5:$XI$5,0)) -> 603.76323 | AC6: =INDEX('Summary sales'!$A$6:$CA$50,MATCH($B6,'Summary sales'!$A$6:$A$50,0),MATCH($AB$3,'Summary sales'!$A$7:$CA$7,0)) -> 1030.62 | AD6: =AC6-AB6 -> 426.85677 | AE6: =AC6/AB6 -> 1.7069937 | AF6: =INDEX('SO Oktober 2026 Rev3'!$B$6:$BI$50,MATCH(B6,'SO Oktober 2026 Rev3'!$B$6:$B$50,0),MATCH($AF$3,'SO Oktober 2026 Rev3'!$B$5:$XI$5,0)) -> 673.27548 | AG6: =INDEX('Summary sales'!$A$6:$CA$50,MATCH($B6,'Summary sales'!$A$6:$A$50,0),MATCH($AF$3,'Summary sales'!$A$7:$CA$7,0)) -> 441.67 | AH6: =AG6-AF6 -> -231.60548 | AI6: =AG6/AF6 -> 0.6560019 | AJ6: =INDEX('SO Oktober 2026 Rev3'!$B$6:$BI$50,MATCH(B6,'SO Oktober 2026 Rev3'!$B$6:$B$50,0),MATCH($AJ$3,'SO Oktober 2026 Rev3'!$B$5:$XI$5,0)) -> 5500 | AK6: =INDEX('Summary sales'!$A$6:$CA$50,MATCH($B6,'Summary sales'!$A$6:$A$50,0),MATCH($AJ$3,'Summary sales'!$A$7:$CA$7,0)) -> 5116.2 | AL6: =AK6-AJ6 -> -383.8 | AM6: =AK6/AJ6 -> 0.93021818 | AN6: 5000 | AO6: =INDEX('Summary sales'!$A$6:$CA$50,MATCH($B6,'Summary sales'!$A$6:$A$50,0),MATCH($AN$3,'Summary sales'!$A$7:$CA$7,0)) -> 3873.25 | AP6: =AO6-AN6 -> -1126.75 | AQ6: =AO6/AN6 -> 0.77465 | AR6: 1500 | AS6: =INDEX('Summary sales'!$A$6:$CA$50,MATCH($B6,'Summary sales'!$A$6:$A$50,0),MATCH($AR$3,'Summary sales'!$A$7:$CA$7,0)) -> 516.46 | AT6: =AS6-AR6 -> -983.54 | AU6: =AS6/AR6 -> 0.34430667 | AV6: =INDEX('SO Oktober 2026 Rev3'!$B$6:$BI$50,MATCH(B6,'SO Oktober 2026 Rev3'!$B$6:$B$50,0),MATCH($AV$3,'SO Oktober 2026 Rev3'!$B$5:$XI$5,0)) -> 500 | AW6: =INDEX('Summary sales'!$A$6:$CA$50,MATCH($B6,'Summary sales'!$A$6:$A$50,0),MATCH($AV$3,'Summary sales'!$A$7:$CA$7,0)) -> 1942.37 | AX6: =AW6-AV6 -> 1442.37 | AY6: =AW6/AV6 -> 3.88474 | AZ6: 10800 | BA6: =INDEX('Summary sales'!$A$6:$CA$50,MATCH($B6,'Summary sales'!$A$6:$A$50,0),MATCH($AZ$3,'Summary sales'!$A$7:$CA$7,0)) -> 11217.43 | BB6: =BA6-AZ6 -> 417.43 | BC6: =BA6/AZ6 -> 1.0386509 | BD6: 8000 | BE6: =INDEX('Summary sales'!$A$6:$CA$50,MATCH($B6,'Summary sales'!$A$6:$A$50,0),MATCH($BD$3,'Summary sales'!$A$7:$CA$7,0)) -> 9426.56 | BF6: =BE6-BD6 -> 1426.56 | BG6: =BE6/BD6 -> 1.17832 | BH6: =INDEX('SO Oktober 2026 Rev3'!$B$6:$BI$50,MATCH(B6,'SO Oktober 2026 Rev3'!$B$6:$B$50,0),MATCH($BH$3,'SO Oktober 2026 Rev3'!$B$5:$XI$5,0)) -> 1000 | BI6: =INDEX('Summary sales'!$A$6:$CA$50,MATCH($B6,'Summary sales'!$A$6:$A$50,0),MATCH($BH$3,'Summary sales'!$A$7:$CA$7,0)) -> 1448.41 | BJ6: =BI6-BH6 -> 448.41 | BK6: =BI6/BH6 -> 1.44841 | BL6: =INDEX('SO Oktober 2026 Rev3'!$B$6:$BI$50,MATCH(B6,'SO Oktober 2026 Rev3'!$B$6:$B$50,0),MATCH($BL$3,'SO Oktober 2026 Rev3'!$B$5:$XI$5,0)) -> 3000 | BM6: =INDEX('Summary sales'!$A$6:$CA$50,MATCH($B6,'Summary sales'!$A$6:$A$50,0),MATCH($BL$3,'Summary sales'!$A$7:$CA$7,0)) -> 3977.0267 | BN6: =BM6-BL6 -> 977.02669 | BO6: =BM6/BL6 -> 1.3256756 | BP6: =INDEX('SO Oktober 2026 Rev3'!$B$6:$BI$50,MATCH(B6,'SO Oktober 2026 Rev3'!$B$6:$B$50,0),MATCH($BP$3,'SO Oktober 2026 Rev3'!$B$5:$XI$5,0)) -> 1000 | BQ6: =INDEX('Summary sales'!$A$6:$CA$50,MATCH($B6,'Summary sales'!$A$6:$A$50,0),MATCH($BP$3,'Summary sales'!$A$7:$CA$7,0)) -> 196.1 | BR6: =BQ6-BP6 -> -803.9 | BS6: =BQ6/BP6 -> 0.1961 | BT6: =INDEX('SO Oktober 2026 Rev3'!$B$6:$BI$50,MATCH(B6,'SO Oktober 2026 Rev3'!$B$6:$B$50,0),MATCH($BT$3,'SO Oktober 2026 Rev3'!$B$5:$XI$5,0)) -> 89.451613 | BU6: =INDEX('Summary sales'!$A$6:$CA$50,MATCH($B6,'Summary sales'!$A$6:$A$50,0),MATCH($BT$3,'Summary sales'!$A$7:$CA$7,0)) -> 99 | BV6: =BU6-BT6 -> 9.5483871 | BW6: =BU6/BT6 -> 1.1067436 | BX6: 3000 | BY6: =INDEX('Summary sales'!$A$6:$CA$50,MATCH($B6,'Summary sales'!$A$6:$A$50,0),MATCH($BX$3,'Summary sales'!$A$7:$CA$7,0)) -> 3310.6 | BZ6: =BY6-BX6 -> 310.6 | CA6: =BY6/BX6 -> 1.1035333 | CB6: =INDEX('SO Oktober 2026 Rev3'!$B$6:$BI$50,MATCH(B6,'SO Oktober 2026 Rev3'!$B$6:$B$50,0),MATCH($CB$3,'SO Oktober 2026 Rev3'!$B$5:$XI$5,0)) -> 1000 | CC6: =INDEX('Summary sales'!$A$6:$CA$50,MATCH($B6,'Summary sales'!$A$6:$A$50,0),MATCH($CB$3,'Summary sales'!$A$7:$CA$7,0)) -> 0 | CD6: =CC6-CB6 -> -1000 | CE6: =CC6/CB6 -> 0 | CF6: =INDEX('SO Oktober 2026 Rev3'!$B$6:$BI$50,MATCH($B6,'SO Oktober 2026 Rev3'!$B$6:$B$50,0),MATCH($CF$3,'SO Oktober 2026 Rev3'!$B$5:$XI$5,0)) -> 3000 | CG6: =INDEX('Summary sales'!$A$6:$CA$50,MATCH($B6,'Summary sales'!$A$6:$A$50,0),MATCH($CF$3,'Summary sales'!$A$7:$CA$7,0)) -> 3951.5 | CH6: =CG6-CF6 -> 951.5 | CI6: =CG6/CF6 -> 1.3171667 | CJ6: =INDEX('SO Oktober 2026 Rev3'!$B$6:$BI$50,MATCH($B6,'SO Oktober 2026 Rev3'!$B$6:$B$50,0),MATCH($CJ$3,'SO Oktober 2026 Rev3'!$B$5:$XI$5,0)) -> 0 | CK6: =INDEX('Summary sales'!$A$6:$CA$50,MATCH($B6,'Summary sales'!$A$6:$A$50,0),MATCH($CJ$3,'Summary sales'!$A$7:$CA$7,0)) -> 0 | CL6: =CK6-CJ6 -> 0 | CM6: =CK6/CJ6 -> #DIV/0! | CN6: =INDEX('SO Oktober 2026 Rev3'!$B$6:$BI$50,MATCH($B6,'SO Oktober 2026 Rev3'!$B$6:$B$50,0),MATCH(CN$3,'SO Oktober 2026 Rev3'!$B$5:$XI$5,0)) -> 0 | CO6: =INDEX('Summary sales'!$A$6:$CA$50,MATCH($B6,'Summary sales'!$A$6:$A$50,0),MATCH($CN$3,'Summary sales'!$A$7:$CA$7,0)) -> 0 | CP6: =CO6-CN6 -> 0 | CQ6: =CO6/CN6 -> #DIV/0! | CR6: =INDEX('SO Oktober 2026 Rev3'!$B$6:$BI$50,MATCH($B6,'SO Oktober 2026 Rev3'!$B$6:$B$50,0),MATCH(CR$3,'SO Oktober 2026 Rev3'!$B$5:$XI$5,0)) -> 2000 | CS6: =INDEX('Summary sales'!$A$6:$CA$50,MATCH($B6,'Summary sales'!$A$6:$A$50,0),MATCH($CR$3,'Summary sales'!$A$7:$CA$7,0)) -> 0 | CT6: =CS6-CR6 -> -2000 | CU6: =CS6/CR6 -> 0 | CV6: 12500 | CW6: =INDEX('Summary sales'!$A$6:$CA$50,MATCH($B6,'Summary sales'!$A$6:$A$50,0),MATCH($CV$3,'Summary sales'!$A$7:$CA$7,0)) -> 8281.784 | CX6: =CW6-CV6 -> -4218.216 | CY6: =CW6/CV6 -> 0.66254272 | CZ6: =INDEX('SO Oktober 2026 Rev3'!$B$6:$BI$50,MATCH(B6,'SO Oktober 2026 Rev3'!$B$6:$B$50,0),MATCH($CZ$3,'SO Oktober 2026 Rev3'!$B$5:$XI$5,0)) -> 2000 | DA6: =INDEX('Summary sales'!$A$6:$CA$50,MATCH($B6,'Summary sales'!$A$6:$A$50,0),MATCH($CZ$3,'Summary sales'!$A$7:$CA$7,0)) -> 2631 | DB6: =DA6-CZ6 -> 631 | DC6: =DA6/CZ6 -> 1.3155 | DD6: =INDEX('SO Oktober 2026 Rev3'!$B$6:$BI$50,MATCH($B6,'SO Oktober 2026 Rev3'!$B$6:$B$50,0),MATCH(DD$3,'SO Oktober 2026 Rev3'!$B$5:$XI$5,0)) -> 800 | DE6: =INDEX('Summary sales'!$A$6:$CA$50,MATCH($B6,'Summary sales'!$A$6:$A$50,0),MATCH($DD$3,'Summary sales'!$A$7:$CA$7,0)) -> 972.28 | DF6: =DE6-DD6 -> 172.28 | DG6: =DE6/DD6 -> 1.21535 | DH6: =INDEX('SO Oktober 2026 Rev3'!$B$6:$BI$50,MATCH($B6,'SO Oktober 2026 Rev3'!$B$6:$B$50,0),MATCH(DH$3,'SO Oktober 2026 Rev3'!$B$5:$XI$5,0)) -> 7200 | DI6: =INDEX('Summary sales'!$A$6:$CA$50,MATCH($B6,'Summary sales'!$A$6:$A$50,0),MATCH($DH$3,'Summary sales'!$A$7:$CA$7,0)) -> 7819.23 | DJ6: =DI6-DH6 -> 619.23 | DK6: =DI6/DH6 -> 1.0860042 | DL6: =INDEX('SO Oktober 2026 Rev3'!$B$6:$BI$50,MATCH(B6,'SO Oktober 2026 Rev3'!$B$6:$B$50,0),MATCH($DL$3,'SO Oktober 2026 Rev3'!$B$5:$XI$5,0)) -> 2500 | DM6: =INDEX('Summary sales'!$A$6:$CA$50,MATCH($B6,'Summary sales'!$A$6:$A$50,0),MATCH($DL$3,'Summary sales'!$A$7:$CA$7,0)) -> 2314.47 | DN6: =DM6-DL6 -> -185.53 | DO6: =DM6/DL6 -> 0.925788 | DP6: 2000 | DQ6: =INDEX('Summary sales'!$A$6:$CA$50,MATCH($B6,'Summary sales'!$A$6:$A$50,0),MATCH($DP$3,'Summary sales'!$A$7:$CA$7,0)) -> 1374.5 | DR6: =DQ6-DP6 -> -625.5 | DS6: =DQ6/DP6 -> 0.68725 | DT6: =INDEX('SO Oktober 2026 Rev3'!$B$6:$BI$50,MATCH(B6,'SO Oktober 2026 Rev3'!$B$6:$B$50,0),MATCH($DT$3,'SO Oktober 2026 Rev3'!$B$5:$XI$5,0)) -> 1000 | DU6: =INDEX('Summary sales'!$A$6:$CA$50,MATCH($B6,'Summary sales'!$A$6:$A$50,0),MATCH($DT$3,'Summary sales'!$A$7:$CA$7,0)) -> 290.98 | DV6: =DU6-DT6 -> -709.02 | DW6: =DU6/DT6 -> 0.29098 | DX6: =INDEX('SO Oktober 2026 Rev3'!$B$6:$BI$50,MATCH(B6,'SO Oktober 2026 Rev3'!$B$6:$B$50,0),MATCH($DX$3,'SO Oktober 2026 Rev3'!$B$5:$XI$5,0)) -> 10000 | DY6: =INDEX('Summary sales'!$A$6:$CA$50,MATCH($B6,'Summary sales'!$A$6:$A$50,0),MATCH($DX$3,'Summary sales'!$A$7:$CA$7,0)) -> 7951.15 | DZ6: =DY6-DX6 -> -2048.85 | EA6: =DY6/DX6 -> 0.795115 | EB6: =INDEX('SO Oktober 2026 Rev3'!$B$6:$BI$50,MATCH(B6,'SO Oktober 2026 Rev3'!$B$6:$B$50,0),MATCH($EB$3,'SO Oktober 2026 Rev3'!$B$5:$XI$5,0)) -> 2000 | EC6: =INDEX('Summary sales'!$A$6:$CA$50,MATCH($B6,'Summary sales'!$A$6:$A$50,0),MATCH($EB$3,'Summary sales'!$A$7:$CA$7,0)) -> 3167.46 | ED6: =EC6-EB6 -> 1167.46 | EE6: =EC6/EB6 -> 1.58373 | EF6: 6000 | EG6: =INDEX('Summary sales'!$A$6:$CA$50,MATCH($B6,'Summary sales'!$A$6:$A$50,0),MATCH($EF$3,'Summary sales'!$A$7:$CA$7,0)) -> 4743.15 | EH6: =EG6-EF6 -> -1256.85 | EI6: =EG6/EF6 -> 0.790525 | EJ6: 7000 | EK6: =INDEX('Summary sales'!$A$6:$CA$50,MATCH(B6,'Summary sales'!$A$6:$A$50,0),MATCH($EJ$3,'Summary sales'!$A$7:$CA$7,0)) -> 5377.15 | EL6: =EK6-EJ6 -> -1622.85 | EM6: =EK6/EJ6 -> 0.76816429 | EN6: =INDEX('SO Oktober 2026 Rev3'!$B$6:$BI$50,MATCH(B6,'SO Oktober 2026 Rev3'!$B$6:$B$50,0),MATCH($EN$3,'SO Oktober 2026 Rev3'!$B$5:$XI$5,0)) -> 3000 | EO6: =INDEX('Summary sales'!$A$6:$CA$50,MATCH($B6,'Summary sales'!$A$6:$A$50,0),MATCH($EN$3,'Summary sales'!$A$7:$CA$7,0)) -> 4078.07 | EP6: =EO6-EN6 -> 1078.07 | EQ6: =EO6/EN6 -> 1.3593567 | ER6: 12000 | ES6: =INDEX('Summary sales'!$A$6:$CA$50,MATCH($B6,'Summary sales'!$A$6:$A$50,0),MATCH($ER$3,'Summary sales'!$A$7:$CA$7,0)) -> 9162.72 | ET6: =ES6-ER6 -> -2837.28 | EU6: =ES6/ER6 -> 0.76356 | EV6: 4000 | EW6: =INDEX('Summary sales'!$A$6:$CA$50,MATCH(B6,'Summary sales'!$A$6:$A$50,0),MATCH($EV$3,'Summary sales'!$A$7:$CA$7,0)) -> 3369.45 | EX6: =EW6-EV6 -> -630.55 | EY6: =EW6/EV6 -> 0.8423625 | EZ6: =INDEX('SO Oktober 2026 Rev3'!$B$6:$BI$50,MATCH(B6,'SO Oktober 2026 Rev3'!$B$6:$B$50,0),MATCH($EZ$3,'SO Oktober 2026 Rev3'!$B$5:$XI$5,0)) -> 3500 | FA6: =INDEX('Summary sales'!$A$6:$CA$50,MATCH(B6,'Summary sales'!$A$6:$A$50,0),MATCH($EZ$3,'Summary sales'!$A$7:$CA$7,0)) -> 3448.1 | FB6: =FA6-EZ6 -> -51.9 | FC6: =FA6/EZ6 -> 0.98517143 | FD6: 0 | FE6: =INDEX('Summary sales'!$A$6:$CA$50,MATCH(B6,'Summary sales'!$A$6:$A$50,0),MATCH($FD$3,'Summary sales'!$A$7:$CA$7,0)) -> 0 | FF6: =FE6-FD6 -> 0 | FG6: =FE6/FD6 -> #DIV/0! | FH6: =INDEX('SO Oktober 2026 Rev3'!$B$6:$BI$50,MATCH(B6,'SO Oktober 2026 Rev3'!$B$6:$B$50,0),MATCH($FH$3,'SO Oktober 2026 Rev3'!$B$5:$XI$5,0)) -> 10000 | FI6: =INDEX('Summary sales'!$A$6:$CA$50,MATCH(B6,'Summary sales'!$A$6:$A$50,0),MATCH($FH$3,'Summary sales'!$A$7:$CA$7,0)) -> 9105.92 | FJ6: =FI6-FH6 -> -894.08 | FK6: =FI6/FH6 -> 0.910592 | FL6: =INDEX('SO Oktober 2026 Rev3'!$B$6:$BI$50,MATCH(B6,'SO Oktober 2026 Rev3'!$B$6:$B$50,0),MATCH($FL$3,'SO Oktober 2026 Rev3'!$B$5:$XI$5,0)) -> 500 | FM6: =INDEX('Summary sales'!$A$6:$CA$50,MATCH(B6,'Summary sales'!$A$6:$A$50,0),MATCH($FL$3,'Summary sales'!$A$7:$CA$7,0)) -> 325.77 | FN6: =FM6-FL6 -> -174.23 | FO6: =FM6/FL6 -> 0.65154 | FP6: 6500 | FQ6: =INDEX('Summary sales'!$A$6:$CA$50,MATCH(B6,'Summary sales'!$A$6:$A$50,0),MATCH($FP$3,'Summary sales'!$A$7:$CA$7,0)) -> 6190.01 | FR6: =FQ6-FP6 -> -309.99 | FS6: =FQ6/FP6 -> 0.95230923 | FT6: =INDEX('SO Oktober 2026 Rev3'!$B$6:$BI$50,MATCH(B6,'SO Oktober 2026 Rev3'!$B$6:$B$50,0),MATCH($FT$3,'SO Oktober 2026 Rev3'!$B$5:$XI$5,0)) -> 3500 | FU6: =INDEX('Summary sales'!$A$6:$CA$50,MATCH(B6,'Summary sales'!$A$6:$A$50,0),MATCH($FT$3,'Summary sales'!$A$7:$CA$7,0)) -> 0 | FV6: =FU6-FT6 -> -3500 | FW6: =FU6/FT6 -> 0 | FX6: =INDEX('SO Oktober 2026 Rev3'!$B$6:$BI$50,MATCH(B6,'SO Oktober 2026 Rev3'!$B$6:$B$50,0),MATCH($FX$3,'SO Oktober 2026 Rev3'!$B$5:$XI$5,0)) -> 2000 | FY6: =INDEX('Summary sales'!$A$6:$CA$50,MATCH(B6,'Summary sales'!$A$6:$A$50,0),MATCH($FX$3,'Summary sales'!$A$7:$CA$7,0)) -> 5650.52 | FZ6: =FY6-FX6 -> 3650.52 | GA6: =FY6/FX6 -> 2.82526 | GB6: 369.61071 | GC6: =INDEX('Summary sales'!$A$6:$CA$50,MATCH(B6,'Summary sales'!$A$6:$A$50,0),MATCH($GB$3,'Summary sales'!$A$7:$CA$7,0)) -> 0 | GD6: =GC6-GB6 -> -369.61071 | GE6: =GC6/GB6 -> 0 | GF6: 9000 | GG6: =INDEX('Summary sales'!$A$6:$CA$50,MATCH(B6,'Summary sales'!$A$6:$A$50,0),MATCH($GF$3,'Summary sales'!$A$7:$CA$7,0)) -> 12074.591 | GH6: =GG6-GF6 -> 3074.591 | GI6: =GG6/GF6 -> 1.3416212 | GJ6: =INDEX('SO Oktober 2026 Rev3'!$B$6:$BI$50,MATCH(B6,'SO Oktober 2026 Rev3'!$B$6:$B$50,0),MATCH($GJ$3,'SO Oktober 2026 Rev3'!$B$5:$XI$5,0)) -> 1121.9003 | GK6: =INDEX('Summary sales'!$A$6:$CA$50,MATCH($B6,'Summary sales'!$A$6:$A$50,0),MATCH($GJ$3,'Summary sales'!$A$7:$CA$7,0)) -> 806.54 | GL6: =GK6-GJ6 -> -315.36032 | GM6: =GK6/GJ6 -> 0.71890522 | GN6: =INDEX('SO Oktober 2026 Rev3'!$B$6:$BI$50,MATCH(B6,'SO Oktober 2026 Rev3'!$B$6:$B$50,0),MATCH($GN$3,'SO Oktober 2026 Rev3'!$B$5:$XI$5,0)) -> 2499.7026 | GO6: =INDEX('Summary sales'!$A$6:$CA$50,MATCH(B6,'Summary sales'!$A$6:$A$50,0),MATCH($GN$3,'Summary sales'!$A$7:$CA$7,0)) -> 2678.2 | GP6: =GO6-GN6 -> 178.49742 | GQ6: =GO6/GN6 -> 1.0714075 | GR6: 5000 | GS6: =INDEX('Summary sales'!$A$6:$CA$50,MATCH(B6,'Summary sales'!$A$6:$A$50,0),MATCH($GR$3,'Summary sales'!$A$7:$CA$7,0)) -> 8998.97 | GT6: =GS6-GR6 -> 3998.97 | GU6: =GS6/GR6 -> 1.799794 | GV6: =INDEX('SO Oktober 2026 Rev3'!$B$6:$BI$50,MATCH(B6,'SO Oktober 2026 Rev3'!$B$6:$B$50,0),MATCH($GV$3,'SO Oktober 2026 Rev3'!$B$5:$XI$5,0)) -> 2499.7026 | GW6: =INDEX('Summary sales'!$A$6:$CA$50,MATCH(B6,'Summary sales'!$A$6:$A$50,0),MATCH($GV$3,'Summary sales'!$A$7:$CA$7,0)) -> 957.84 | GX6: =GW6-GV6 -> -1541.8626 | GY6: =GW6/GV6 -> 0.38318159 | GZ6: =INDEX('SO Oktober 2026 Rev3'!$B$6:$BI$50,MATCH(B6,'SO Oktober 2026 Rev3'!$B$6:$B$50,0),MATCH($GZ$3,'SO Oktober 2026 Rev3'!$B$5:$XI$5,0)) -> 31500 | HA6: =INDEX('Summary sales'!$A$6:$CA$50,MATCH(B6,'Summary sales'!$A$6:$A$50,0),MATCH($GZ$3,'Summary sales'!$A$7:$CA$7,0)) -> 19465.202 | HB6: =HA6-GZ6 -> -12034.798 | HC6: =HA6/GZ6 -> 0.61794292
B7: =B6+1 -> 46298 | C7: =TEXT(B7,"ddd") -> Sat | D7: =SUMIF($H$4:$HB$4,$D$4,H7:HB7) -> 199685.51 | E7: =SUMIF($H$4:$HB$4,$E$4,H7:HB7) -> 167552.38 | F7: =E7-D7 -> -32133.122 | G7: =E7/D7 -> 0.83908135 | H7: =INDEX('SO Oktober 2026 Rev3'!$B$6:$BI$50,MATCH($B7,'SO Oktober 2026 Rev3'!$B$6:$B$50,0),MATCH($H$3,'SO Oktober 2026 Rev3'!$B$5:$XI$5,0)) -> 700 | I7: =INDEX('Summary sales'!$A$6:$CA$50,MATCH($B7,'Summary sales'!$A$6:$A$50,0),MATCH($H$3,'Summary sales'!$A$7:$CA$7,0)) -> 926.35 | J7: =I7-H7 -> 226.35 | K7: =I7/H7 -> 1.3233571 | L7: =INDEX('SO Oktober 2026 Rev3'!$B$6:$BI$50,MATCH($B7,'SO Oktober 2026 Rev3'!$B$6:$B$50,0),MATCH($L$3,'SO Oktober 2026 Rev3'!$B$5:$XI$5,0)) -> 1000 | M7: =INDEX('Summary sales'!$A$6:$CA$50,MATCH($B7,'Summary sales'!$A$6:$A$50,0),MATCH($L$3,'Summary sales'!$A$7:$CA$7,0)) -> 376.05 | N7: =M7-L7 -> -623.95 | O7: =M7/L7 -> 0.37605 | P7: =INDEX('SO Oktober 2026 Rev3'!$B$6:$BI$50,MATCH($B7,'SO Oktober 2026 Rev3'!$B$6:$B$50,0),MATCH($P$3,'SO Oktober 2026 Rev3'!$B$5:$XI$5,0)) -> 3300 | Q7: =INDEX('Summary sales'!$A$6:$CA$50,MATCH($B7,'Summary sales'!$A$6:$A$50,0),MATCH($P$3,'Summary sales'!$A$7:$CA$7,0)) -> 1003.39 | R7: =Q7-P7 -> -2296.61 | S7: =Q7/P7 -> 0.30405758 | T7: =INDEX('SO Oktober 2026 Rev3'!$B$6:$BI$50,MATCH(B7,'SO Oktober 2026 Rev3'!$B$6:$B$50,0),MATCH($T$3,'SO Oktober 2026 Rev3'!$B$5:$XI$5,0)) -> 500 | U7: =INDEX('Summary sales'!$A$6:$CA$50,MATCH($B7,'Summary sales'!$A$6:$A$50,0),MATCH($T$3,'Summary sales'!$A$7:$CA$7,0)) -> 1001.08 | V7: =U7-T7 -> 501.08 | W7: =U7/T7 -> 2.00216 | X7: =INDEX('SO Oktober 2026 Rev3'!$B$6:$BI$50,MATCH(B7,'SO Oktober 2026 Rev3'!$B$6:$B$50,0),MATCH($X$3,'SO Oktober 2026 Rev3'!$B$5:$XI$5,0)) -> 150 | Y7: =INDEX('Summary sales'!$A$6:$CA$50,MATCH($B7,'Summary sales'!$A$6:$A$50,0),MATCH($X$3,'Summary sales'!$A$7:$CA$7,0)) -> 17.04 | Z7: =Y7-X7 -> -132.96 | AA7: =Y7/X7 -> 0.1136 | AB7: =INDEX('SO Oktober 2026 Rev3'!$B$6:$BI$50,MATCH(B7,'SO Oktober 2026 Rev3'!$B$6:$B$50,0),MATCH($AB$3,'SO Oktober 2026 Rev3'!$B$5:$XI$5,0)) -> 603.76323 | AC7: =INDEX('Summary sales'!$A$6:$CA$50,MATCH($B7,'Summary sales'!$A$6:$A$50,0),MATCH($AB$3,'Summary sales'!$A$7:$CA$7,0)) -> 714.41 | AD7: =AC7-AB7 -> 110.64677 | AE7: =AC7/AB7 -> 1.1832619 | AF7: =INDEX('SO Oktober 2026 Rev3'!$B$6:$BI$50,MATCH(B7,'SO Oktober 2026 Rev3'!$B$6:$B$50,0),MATCH($AF$3,'SO Oktober 2026 Rev3'!$B$5:$XI$5,0)) -> 673.27548 | AG7: =INDEX('Summary sales'!$A$6:$CA$50,MATCH($B7,'Summary sales'!$A$6:$A$50,0),MATCH($AF$3,'Summary sales'!$A$7:$CA$7,0)) -> 325.47 | AH7: =AG7-AF7 -> -347.80548 | AI7: =AG7/AF7 -> 0.48341282 | AJ7: =INDEX('SO Oktober 2026 Rev3'!$B$6:$BI$50,MATCH(B7,'SO Oktober 2026 Rev3'!$B$6:$B$50,0),MATCH($AJ$3,'SO Oktober 2026 Rev3'!$B$5:$XI$5,0)) -> 4500 | AK7: =INDEX('Summary sales'!$A$6:$CA$50,MATCH($B7,'Summary sales'!$A$6:$A$50,0),MATCH($AJ$3,'Summary sales'!$A$7:$CA$7,0)) -> 0 | AL7: =AK7-AJ7 -> -4500 | AM7: =AK7/AJ7 -> 0 | AN7: 2000 | AO7: =INDEX('Summary sales'!$A$6:$CA$50,MATCH($B7,'Summary sales'!$A$6:$A$50,0),MATCH($AN$3,'Summary sales'!$A$7:$CA$7,0)) -> 2584.68 | AP7: =AO7-AN7 -> 584.68 | AQ7: =AO7/AN7 -> 1.29234 | AR7: 1000 | AS7: =INDEX('Summary sales'!$A$6:$CA$50,MATCH($B7,'Summary sales'!$A$6:$A$50,0),MATCH($AR$3,'Summary sales'!$A$7:$CA$7,0)) -> 221.05 | AT7: =AS7-AR7 -> -778.95 | AU7: =AS7/AR7 -> 0.22105 | AV7: =INDEX('SO Oktober 2026 Rev3'!$B$6:$BI$50,MATCH(B7,'SO Oktober 2026 Rev3'!$B$6:$B$50,0),MATCH($AV$3,'SO Oktober 2026 Rev3'!$B$5:$XI$5,0)) -> 500 | AW7: =INDEX('Summary sales'!$A$6:$CA$50,MATCH($B7,'Summary sales'!$A$6:$A$50,0),MATCH($AV$3,'Summary sales'!$A$7:$CA$7,0)) -> 744.79 | AX7: =AW7-AV7 -> 244.79 | AY7: =AW7/AV7 -> 1.48958 | AZ7: 12800 | BA7: =INDEX('Summary sales'!$A$6:$CA$50,MATCH($B7,'Summary sales'!$A$6:$A$50,0),MATCH($AZ$3,'Summary sales'!$A$7:$CA$7,0)) -> 11158.33 | BB7: =BA7-AZ7 -> -1641.67 | BC7: =BA7/AZ7 -> 0.87174453 | BD7: 6000 | BE7: =INDEX('Summary sales'!$A$6:$CA$50,MATCH($B7,'Summary sales'!$A$6:$A$50,0),MATCH($BD$3,'Summary sales'!$A$7:$CA$7,0)) -> 6312.07 | BF7: =BE7-BD7 -> 312.07 | BG7: =BE7/BD7 -> 1.0520117 | BH7: =INDEX('SO Oktober 2026 Rev3'!$B$6:$BI$50,MATCH(B7,'SO Oktober 2026 Rev3'!$B$6:$B$50,0),MATCH($BH$3,'SO Oktober 2026 Rev3'!$B$5:$XI$5,0)) -> 1000 | BI7: =INDEX('Summary sales'!$A$6:$CA$50,MATCH($B7,'Summary sales'!$A$6:$A$50,0),MATCH($BH$3,'Summary sales'!$A$7:$CA$7,0)) -> 845.719 | BJ7: =BI7-BH7 -> -154.281 | BK7: =BI7/BH7 -> 0.845719 | BL7: =INDEX('SO Oktober 2026 Rev3'!$B$6:$BI$50,MATCH(B7,'SO Oktober 2026 Rev3'!$B$6:$B$50,0),MATCH($BL$3,'SO Oktober 2026 Rev3'!$B$5:$XI$5,0)) -> 3000 | BM7: =INDEX('Summary sales'!$A$6:$CA$50,MATCH($B7,'Summary sales'!$A$6:$A$50,0),MATCH($BL$3,'Summary sales'!$A$7:$CA$7,0)) -> 5511.51 | BN7: =BM7-BL7 -> 2511.51 | BO7: =BM7/BL7 -> 1.83717 | BP7: =INDEX('SO Oktober 2026 Rev3'!$B$6:$BI$50,MATCH(B7,'SO Oktober 2026 Rev3'!$B$6:$B$50,0),MATCH($BP$3,'SO Oktober 2026 Rev3'!$B$5:$XI$5,0)) -> 1000 | BQ7: =INDEX('Summary sales'!$A$6:$CA$50,MATCH($B7,'Summary sales'!$A$6:$A$50,0),MATCH($BP$3,'Summary sales'!$A$7:$CA$7,0)) -> 0 | BR7: =BQ7-BP7 -> -1000 | BS7: =BQ7/BP7 -> 0 | BT7: =INDEX('SO Oktober 2026 Rev3'!$B$6:$BI$50,MATCH(B7,'SO Oktober 2026 Rev3'!$B$6:$B$50,0),MATCH($BT$3,'SO Oktober 2026 Rev3'!$B$5:$XI$5,0)) -> 89.451613 | BU7: =INDEX('Summary sales'!$A$6:$CA$50,MATCH($B7,'Summary sales'!$A$6:$A$50,0),MATCH($BT$3,'Summary sales'!$A$7:$CA$7,0)) -> 72 | BV7: =BU7-BT7 -> -17.451613 | BW7: =BU7/BT7 -> 0.80490444 | BX7: 3000 | BY7: =INDEX('Summary sales'!$A$6:$CA$50,MATCH($B7,'Summary sales'!$A$6:$A$50,0),MATCH($BX$3,'Summary sales'!$A$7:$CA$7,0)) -> 4643.2 | BZ7: =BY7-BX7 -> 1643.2 | CA7: =BY7/BX7 -> 1.5477333 | CB7: =INDEX('SO Oktober 2026 Rev3'!$B$6:$BI$50,MATCH(B7,'SO Oktober 2026 Rev3'!$B$6:$B$50,0),MATCH($CB$3,'SO Oktober 2026 Rev3'!$B$5:$XI$5,0)) -> 1000 | CC7: =INDEX('Summary sales'!$A$6:$CA$50,MATCH($B7,'Summary sales'!$A$6:$A$50,0),MATCH($CB$3,'Summary sales'!$A$7:$CA$7,0)) -> 1787.7 | CD7: =CC7-CB7 -> 787.7 | CE7: =CC7/CB7 -> 1.7877 | CF7: =INDEX('SO Oktober 2026 Rev3'!$B$6:$BI$50,MATCH(B7,'SO Oktober 2026 Rev3'!$B$6:$B$50,0),MATCH($CF$3,'SO Oktober 2026 Rev3'!$B$5:$XI$5,0)) -> 0 | CG7: =INDEX('Summary sales'!$A$6:$CA$50,MATCH($B7,'Summary sales'!$A$6:$A$50,0),MATCH($CF$3,'Summary sales'!$A$7:$CA$7,0)) -> 0 | CH7: =CG7-CF7 -> 0 | CI7: =CG7/CF7 -> #DIV/0! | CJ7: =INDEX('SO Oktober 2026 Rev3'!$B$6:$BI$50,MATCH($B7,'SO Oktober 2026 Rev3'!$B$6:$B$50,0),MATCH($CJ$3,'SO Oktober 2026 Rev3'!$B$5:$XI$5,0)) -> 0 | CK7: =INDEX('Summary sales'!$A$6:$CA$50,MATCH($B7,'Summary sales'!$A$6:$A$50,0),MATCH($CJ$3,'Summary sales'!$A$7:$CA$7,0)) -> 0 | CL7: =CK7-CJ7 -> 0 | CM7: =CK7/CJ7 -> #DIV/0! | CN7: =INDEX('SO Oktober 2026 Rev3'!$B$6:$BI$50,MATCH($B7,'SO Oktober 2026 Rev3'!$B$6:$B$50,0),MATCH(CN$3,'SO Oktober 2026 Rev3'!$B$5:$XI$5,0)) -> 0 | CO7: =INDEX('Summary sales'!$A$6:$CA$50,MATCH($B7,'Summary sales'!$A$6:$A$50,0),MATCH($CN$3,'Summary sales'!$A$7:$CA$7,0)) -> 0 | CP7: =CO7-CN7 -> 0 | CQ7: =CO7/CN7 -> #DIV/0! | CR7: =INDEX('SO Oktober 2026 Rev3'!$B$6:$BI$50,MATCH($B7,'SO Oktober 2026 Rev3'!$B$6:$B$50,0),MATCH(CR$3,'SO Oktober 2026 Rev3'!$B$5:$XI$5,0)) -> 0 | CS7: =INDEX('Summary sales'!$A$6:$CA$50,MATCH($B7,'Summary sales'!$A$6:$A$50,0),MATCH($CR$3,'Summary sales'!$A$7:$CA$7,0)) -> 0 | CT7: =CS7-CR7 -> 0 | CU7: =CS7/CR7 -> #DIV/0! | CV7: 12500 | CW7: =INDEX('Summary sales'!$A$6:$CA$50,MATCH($B7,'Summary sales'!$A$6:$A$50,0),MATCH($CV$3,'Summary sales'!$A$7:$CA$7,0)) -> 10511 | CX7: =CW7-CV7 -> -1989 | CY7: =CW7/CV7 -> 0.84088 | CZ7: =INDEX('SO Oktober 2026 Rev3'!$B$6:$BI$50,MATCH(B7,'SO Oktober 2026 Rev3'!$B$6:$B$50,0),MATCH($CZ$3,'SO Oktober 2026 Rev3'!$B$5:$XI$5,0)) -> 2000 | DA7: =INDEX('Summary sales'!$A$6:$CA$50,MATCH($B7,'Summary sales'!$A$6:$A$50,0),MATCH($CZ$3,'Summary sales'!$A$7:$CA$7,0)) -> 2375.29 | DB7: =DA7-CZ7 -> 375.29 | DC7: =DA7/CZ7 -> 1.187645 | DD7: =INDEX('SO Oktober 2026 Rev3'!$B$6:$BI$50,MATCH($B7,'SO Oktober 2026 Rev3'!$B$6:$B$50,0),MATCH(DD$3,'SO Oktober 2026 Rev3'!$B$5:$XI$5,0)) -> 800 | DE7: =INDEX('Summary sales'!$A$6:$CA$50,MATCH($B7,'Summary sales'!$A$6:$A$50,0),MATCH($DD$3,'Summary sales'!$A$7:$CA$7,0)) -> 0 | DF7: =DE7-DD7 -> -800 | DG7: =DE7/DD7 -> 0 | DH7: =INDEX('SO Oktober 2026 Rev3'!$B$6:$BI$50,MATCH($B7,'SO Oktober 2026 Rev3'!$B$6:$B$50,0),MATCH(DH$3,'SO Oktober 2026 Rev3'!$B$5:$XI$5,0)) -> 7200 | DI7: =INDEX('Summary sales'!$A$6:$CA$50,MATCH($B7,'Summary sales'!$A$6:$A$50,0),MATCH($DH$3,'Summary sales'!$A$7:$CA$7,0)) -> 5127.33 | DJ7: =DI7-DH7 -> -2072.67 | DK7: =DI7/DH7 -> 0.71212917 | DL7: =INDEX('SO Oktober 2026 Rev3'!$B$6:$BI$50,MATCH(B7,'SO Oktober 2026 Rev3'!$B$6:$B$50,0),MATCH($DL$3,'SO Oktober 2026 Rev3'!$B$5:$XI$5,0)) -> 0 | DM7: =INDEX('Summary sales'!$A$6:$CA$50,MATCH($B7,'Summary sales'!$A$6:$A$50,0),MATCH($DL$3,'Summary sales'!$A$7:$CA$7,0)) -> 0 | DN7: =DM7-DL7 -> 0 | DO7: =DM7/DL7 -> #DIV/0! | DP7: 2000 | DQ7: =INDEX('Summary sales'!$A$6:$CA$50,MATCH($B7,'Summary sales'!$A$6:$A$50,0),MATCH($DP$3,'Summary sales'!$A$7:$CA$7,0)) -> 1469.12 | DR7: =DQ7-DP7 -> -530.88 | DS7: =DQ7/DP7 -> 0.73456 | DT7: =INDEX('SO Oktober 2026 Rev3'!$B$6:$BI$50,MATCH(B7,'SO Oktober 2026 Rev3'!$B$6:$B$50,0),MATCH($DT$3,'SO Oktober 2026 Rev3'!$B$5:$XI$5,0)) -> 1000 | DU7: =INDEX('Summary sales'!$A$6:$CA$50,MATCH($B7,'Summary sales'!$A$6:$A$50,0),MATCH($DT$3,'Summary sales'!$A$7:$CA$7,0)) -> 0 | DV7: =DU7-DT7 -> -1000 | DW7: =DU7/DT7 -> 0 | DX7: =INDEX('SO Oktober 2026 Rev3'!$B$6:$BI$50,MATCH(B7,'SO Oktober 2026 Rev3'!$B$6:$B$50,0),MATCH($DX$3,'SO Oktober 2026 Rev3'!$B$5:$XI$5,0)) -> 10000 | DY7: =INDEX('Summary sales'!$A$6:$CA$50,MATCH($B7,'Summary sales'!$A$6:$A$50,0),MATCH($DX$3,'Summary sales'!$A$7:$CA$7,0)) -> 9238.64 | DZ7: =DY7-DX7 -> -761.36 | EA7: =DY7/DX7 -> 0.923864 | EB7: =INDEX('SO Oktober 2026 Rev3'!$B$6:$BI$50,MATCH(B7,'SO Oktober 2026 Rev3'!$B$6:$B$50,0),MATCH($EB$3,'SO Oktober 2026 Rev3'!$B$5:$XI$5,0)) -> 2000 | EC7: =INDEX('Summary sales'!$A$6:$CA$50,MATCH($B7,'Summary sales'!$A$6:$A$50,0),MATCH($EB$3,'Summary sales'!$A$7:$CA$7,0)) -> 3112.77 | ED7: =EC7-EB7 -> 1112.77 | EE7: =EC7/EB7 -> 1.556385 | EF7: 6000 | EG7: =INDEX('Summary sales'!$A$6:$CA$50,MATCH($B7,'Summary sales'!$A$6:$A$50,0),MATCH($EF$3,'Summary sales'!$A$7:$CA$7,0)) -> 9218.19 | EH7: =EG7-EF7 -> 3218.19 | EI7: =EG7/EF7 -> 1.536365 | EJ7: 3500 | EK7: =INDEX('Summary sales'!$A$6:$CA$50,MATCH(B7,'Summary sales'!$A$6:$A$50,0),MATCH($EJ$3,'Summary sales'!$A$7:$CA$7,0)) -> 0 | EL7: =EK7-EJ7 -> -3500 | EM7: =EK7/EJ7 -> 0 | EN7: =INDEX('SO Oktober 2026 Rev3'!$B$6:$BI$50,MATCH(B7,'SO Oktober 2026 Rev3'!$B$6:$B$50,0),MATCH($EN$3,'SO Oktober 2026 Rev3'!$B$5:$XI$5,0)) -> 3000 | EO7: =INDEX('Summary sales'!$A$6:$CA$50,MATCH($B7,'Summary sales'!$A$6:$A$50,0),MATCH($EN$3,'Summary sales'!$A$7:$CA$7,0)) -> 4314.54 | EP7: =EO7-EN7 -> 1314.54 | EQ7: =EO7/EN7 -> 1.43818 | ER7: 30000 | ES7: =INDEX('Summary sales'!$A$6:$CA$50,MATCH($B7,'Summary sales'!$A$6:$A$50,0),MATCH($ER$3,'Summary sales'!$A$7:$CA$7,0)) -> 22123.73 | ET7: =ES7-ER7 -> -7876.27 | EU7: =ES7/ER7 -> 0.73745767 | EV7: 4000 | EW7: =INDEX('Summary sales'!$A$6:$CA$50,MATCH(B7,'Summary sales'!$A$6:$A$50,0),MATCH($EV$3,'Summary sales'!$A$7:$CA$7,0)) -> 3710.43 | EX7: =EW7-EV7 -> -289.57 | EY7: =EW7/EV7 -> 0.9276075 | EZ7: =INDEX('SO Oktober 2026 Rev3'!$B$6:$BI$50,MATCH(B7,'SO Oktober 2026 Rev3'!$B$6:$B$50,0),MATCH($EZ$3,'SO Oktober 2026 Rev3'!$B$5:$XI$5,0)) -> 3500 | FA7: =INDEX('Summary sales'!$A$6:$CA$50,MATCH(B7,'Summary sales'!$A$6:$A$50,0),MATCH($EZ$3,'Summary sales'!$A$7:$CA$7,0)) -> 2461.7 | FB7: =FA7-EZ7 -> -1038.3 | FC7: =FA7/EZ7 -> 0.70334286 | FD7: 0 | FE7: =INDEX('Summary sales'!$A$6:$CA$50,MATCH(B7,'Summary sales'!$A$6:$A$50,0),MATCH($FD$3,'Summary sales'!$A$7:$CA$7,0)) -> 0 | FF7: =FE7-FD7 -> 0 | FG7: =FE7/FD7 -> #DIV/0! | FH7: =INDEX('SO Oktober 2026 Rev3'!$B$6:$BI$50,MATCH(B7,'SO Oktober 2026 Rev3'!$B$6:$B$50,0),MATCH($FH$3,'SO Oktober 2026 Rev3'!$B$5:$XI$5,0)) -> 10000 | FI7: =INDEX('Summary sales'!$A$6:$CA$50,MATCH(B7,'Summary sales'!$A$6:$A$50,0),MATCH($FH$3,'Summary sales'!$A$7:$CA$7,0)) -> 11239.31 | FJ7: =FI7-FH7 -> 1239.31 | FK7: =FI7/FH7 -> 1.123931 | FL7: =INDEX('SO Oktober 2026 Rev3'!$B$6:$BI$50,MATCH(B7,'SO Oktober 2026 Rev3'!$B$6:$B$50,0),MATCH($FL$3,'SO Oktober 2026 Rev3'!$B$5:$XI$5,0)) -> 500 | FM7: =INDEX('Summary sales'!$A$6:$CA$50,MATCH(B7,'Summary sales'!$A$6:$A$50,0),MATCH($FL$3,'Summary sales'!$A$7:$CA$7,0)) -> 337.11 | FN7: =FM7-FL7 -> -162.89 | FO7: =FM7/FL7 -> 0.67422 | FP7: 6500 | FQ7: =INDEX('Summary sales'!$A$6:$CA$50,MATCH(B7,'Summary sales'!$A$6:$A$50,0),MATCH($FP$3,'Summary sales'!$A$7:$CA$7,0)) -> 6485.56 | FR7: =FQ7-FP7 -> -14.44 | FS7: =FQ7/FP7 -> 0.99777846 | FT7: =INDEX('SO Oktober 2026 Rev3'!$B$6:$BI$50,MATCH(B7,'SO Oktober 2026 Rev3'!$B$6:$B$50,0),MATCH($FT$3,'SO Oktober 2026 Rev3'!$B$5:$XI$5,0)) -> 3500 | FU7: =INDEX('Summary sales'!$A$6:$CA$50,MATCH(B7,'Summary sales'!$A$6:$A$50,0),MATCH($FT$3,'Summary sales'!$A$7:$CA$7,0)) -> 0 | FV7: =FU7-FT7 -> -3500 | FW7: =FU7/FT7 -> 0 | FX7: =INDEX('SO Oktober 2026 Rev3'!$B$6:$BI$50,MATCH(B7,'SO Oktober 2026 Rev3'!$B$6:$B$50,0),MATCH($FX$3,'SO Oktober 2026 Rev3'!$B$5:$XI$5,0)) -> 2000 | FY7: =INDEX('Summary sales'!$A$6:$CA$50,MATCH(B7,'Summary sales'!$A$6:$A$50,0),MATCH($FX$3,'Summary sales'!$A$7:$CA$7,0)) -> 0 | FZ7: =FY7-FX7 -> -2000 | GA7: =FY7/FX7 -> 0 | GB7: 369.61071 | GC7: =INDEX('Summary sales'!$A$6:$CA$50,MATCH(B7,'Summary sales'!$A$6:$A$50,0),MATCH($GB$3,'Summary sales'!$A$7:$CA$7,0)) -> 262.01 | GD7: =GC7-GB7 -> -107.60071 | GE7: =GC7/GB7 -> 0.70888097 | GF7: 9000 | GG7: =INDEX('Summary sales'!$A$6:$CA$50,MATCH(B7,'Summary sales'!$A$6:$A$50,0),MATCH($GF$3,'Summary sales'!$A$7:$CA$7,0)) -> 4257.433 | GH7: =GG7-GF7 -> -4742.567 | GI7: =GG7/GF7 -> 0.47304811 | GJ7: =INDEX('SO Oktober 2026 Rev3'!$B$6:$BI$50,MATCH(B7,'SO Oktober 2026 Rev3'!$B$6:$B$50,0),MATCH($GJ$3,'SO Oktober 2026 Rev3'!$B$5:$XI$5,0)) -> 0 | GK7: =INDEX('Summary sales'!$A$6:$CA$50,MATCH($B7,'Summary sales'!$A$6:$A$50,0),MATCH($GJ$3,'Summary sales'!$A$7:$CA$7,0)) -> 0 | GL7: =GK7-GJ7 -> 0 | GM7: =GK7/GJ7 -> #DIV/0! | GN7: =INDEX('SO Oktober 2026 Rev3'!$B$6:$BI$50,MATCH(B7,'SO Oktober 2026 Rev3'!$B$6:$B$50,0),MATCH($GN$3,'SO Oktober 2026 Rev3'!$B$5:$XI$5,0)) -> 2499.7026 | GO7: =INDEX('Summary sales'!$A$6:$CA$50,MATCH(B7,'Summary sales'!$A$6:$A$50,0),MATCH($GN$3,'Summary sales'!$A$7:$CA$7,0)) -> 2661.59 | GP7: =GO7-GN7 -> 161.88742 | GQ7: =GO7/GN7 -> 1.0647627 | GR7: 1000 | GS7: =INDEX('Summary sales'!$A$6:$CA$50,MATCH(B7,'Summary sales'!$A$6:$A$50,0),MATCH($GR$3,'Summary sales'!$A$7:$CA$7,0)) -> 0 | GT7: =GS7-GR7 -> -1000 | GU7: =GS7/GR7 -> 0 | GV7: =INDEX('SO Oktober 2026 Rev3'!$B$6:$BI$50,MATCH(B7,'SO Oktober 2026 Rev3'!$B$6:$B$50,0),MATCH($GV$3,'SO Oktober 2026 Rev3'!$B$5:$XI$5,0)) -> 2499.7026 | GW7: =INDEX('Summary sales'!$A$6:$CA$50,MATCH(B7,'Summary sales'!$A$6:$A$50,0),MATCH($GV$3,'Summary sales'!$A$7:$CA$7,0)) -> 5423.34 | GX7: =GW7-GV7 -> 2923.6374 | GY7: =GW7/GV7 -> 2.1695941 | GZ7: =INDEX('SO Oktober 2026 Rev3'!$B$6:$BI$50,MATCH(B7,'SO Oktober 2026 Rev3'!$B$6:$B$50,0),MATCH($GZ$3,'SO Oktober 2026 Rev3'!$B$5:$XI$5,0)) -> 31500 | HA7: =INDEX('Summary sales'!$A$6:$CA$50,MATCH(B7,'Summary sales'!$A$6:$A$50,0),MATCH($GZ$3,'Summary sales'!$A$7:$CA$7,0)) -> 24978.452 | HB7: =HA7-GZ7 -> -6521.548 | HC7: =HA7/GZ7 -> 0.79296673
B8: =B7+1 -> 46299 | C8: =TEXT(B8,"ddd") -> Sun | D8: =SUMIF($H$4:$HB$4,$D$4,H8:HB8) -> 192394.43 | E8: =SUMIF($H$4:$HB$4,$E$4,H8:HB8) -> 166875.02 | F8: =E8-D8 -> -25519.413 | G8: =E8/D8 -> 0.86735888 | H8: =INDEX('SO Oktober 2026 Rev3'!$B$6:$BI$50,MATCH($B8,'SO Oktober 2026 Rev3'!$B$6:$B$50,0),MATCH($H$3,'SO Oktober 2026 Rev3'!$B$5:$XI$5,0)) -> 700 | I8: =INDEX('Summary sales'!$A$6:$CA$50,MATCH($B8,'Summary sales'!$A$6:$A$50,0),MATCH($H$3,'Summary sales'!$A$7:$CA$7,0)) -> 0 | J8: =I8-H8 -> -700 | K8: =I8/H8 -> 0 | L8: =INDEX('SO Oktober 2026 Rev3'!$B$6:$BI$50,MATCH($B8,'SO Oktober 2026 Rev3'!$B$6:$B$50,0),MATCH($L$3,'SO Oktober 2026 Rev3'!$B$5:$XI$5,0)) -> 1000 | M8: =INDEX('Summary sales'!$A$6:$CA$50,MATCH($B8,'Summary sales'!$A$6:$A$50,0),MATCH($L$3,'Summary sales'!$A$7:$CA$7,0)) -> 483.03 | N8: =M8-L8 -> -516.97 | O8: =M8/L8 -> 0.48303 | P8: =INDEX('SO Oktober 2026 Rev3'!$B$6:$BI$50,MATCH($B8,'SO Oktober 2026 Rev3'!$B$6:$B$50,0),MATCH($P$3,'SO Oktober 2026 Rev3'!$B$5:$XI$5,0)) -> 999.51613 | Q8: =INDEX('Summary sales'!$A$6:$CA$50,MATCH($B8,'Summary sales'!$A$6:$A$50,0),MATCH($P$3,'Summary sales'!$A$7:$CA$7,0)) -> 0.3 | R8: =Q8-P8 -> -999.21613 | S8: =Q8/P8 -> 0.00030014523 | T8: =INDEX('SO Oktober 2026 Rev3'!$B$6:$BI$50,MATCH(B8,'SO Oktober 2026 Rev3'!$B$6:$B$50,0),MATCH($T$3,'SO Oktober 2026 Rev3'!$B$5:$XI$5,0)) -> 500 | U8: =INDEX('Summary sales'!$A$6:$CA$50,MATCH($B8,'Summary sales'!$A$6:$A$50,0),MATCH($T$3,'Summary sales'!$A$7:$CA$7,0)) -> 426.82 | V8: =U8-T8 -> -73.18 | W8: =U8/T8 -> 0.85364 | X8: =INDEX('SO Oktober 2026 Rev3'!$B$6:$BI$50,MATCH(B8,'SO Oktober 2026 Rev3'!$B$6:$B$50,0),MATCH($X$3,'SO Oktober 2026 Rev3'!$B$5:$XI$5,0)) -> 0 | Y8: =INDEX('Summary sales'!$A$6:$CA$50,MATCH($B8,'Summary sales'!$A$6:$A$50,0),MATCH($X$3,'Summary sales'!$A$7:$CA$7,0)) -> 0 | Z8: =Y8-X8 -> 0 | AA8: =Y8/X8 -> #DIV/0! | AB8: =INDEX('SO Oktober 2026 Rev3'!$B$6:$BI$50,MATCH(B8,'SO Oktober 2026 Rev3'!$B$6:$B$50,0),MATCH($AB$3,'SO Oktober 2026 Rev3'!$B$5:$XI$5,0)) -> 603.76323 | AC8: =INDEX('Summary sales'!$A$6:$CA$50,MATCH($B8,'Summary sales'!$A$6:$A$50,0),MATCH($AB$3,'Summary sales'!$A$7:$CA$7,0)) -> 993.06 | AD8: =AC8-AB8 -> 389.29677 | AE8: =AC8/AB8 -> 1.6447838 | AF8: =INDEX('SO Oktober 2026 Rev3'!$B$6:$BI$50,MATCH(B8,'SO Oktober 2026 Rev3'!$B$6:$B$50,0),MATCH($AF$3,'SO Oktober 2026 Rev3'!$B$5:$XI$5,0)) -> 673.27548 | AG8: =INDEX('Summary sales'!$A$6:$CA$50,MATCH($B8,'Summary sales'!$A$6:$A$50,0),MATCH($AF$3,'Summary sales'!$A$7:$CA$7,0)) -> 351.7 | AH8: =AG8-AF8 -> -321.57548 | AI8: =AG8/AF8 -> 0.52237161 | AJ8: =INDEX('SO Oktober 2026 Rev3'!$B$6:$BI$50,MATCH(B8,'SO Oktober 2026 Rev3'!$B$6:$B$50,0),MATCH($AJ$3,'SO Oktober 2026 Rev3'!$B$5:$XI$5,0)) -> 0 | AK8: =INDEX('Summary sales'!$A$6:$CA$50,MATCH($B8,'Summary sales'!$A$6:$A$50,0),MATCH($AJ$3,'Summary sales'!$A$7:$CA$7,0)) -> 0 | AL8: =AK8-AJ8 -> 0 | AM8: =AK8/AJ8 -> #DIV/0! | AN8: 2000 | AO8: =INDEX('Summary sales'!$A$6:$CA$50,MATCH($B8,'Summary sales'!$A$6:$A$50,0),MATCH($AN$3,'Summary sales'!$A$7:$CA$7,0)) -> 2068.54 | AP8: =AO8-AN8 -> 68.54 | AQ8: =AO8/AN8 -> 1.03427 | AR8: 300 | AS8: =INDEX('Summary sales'!$A$6:$CA$50,MATCH($B8,'Summary sales'!$A$6:$A$50,0),MATCH($AR$3,'Summary sales'!$A$7:$CA$7,0)) -> 246.38 | AT8: =AS8-AR8 -> -53.62 | AU8: =AS8/AR8 -> 0.82126667 | AV8: =INDEX('SO Oktober 2026 Rev3'!$B$6:$BI$50,MATCH(B8,'SO Oktober 2026 Rev3'!$B$6:$B$50,0),MATCH($AV$3,'SO Oktober 2026 Rev3'!$B$5:$XI$5,0)) -> 500 | AW8: =INDEX('Summary sales'!$A$6:$CA$50,MATCH($B8,'Summary sales'!$A$6:$A$50,0),MATCH($AV$3,'Summary sales'!$A$7:$CA$7,0)) -> 0 | AX8: =AW8-AV8 -> -500 | AY8: =AW8/AV8 -> 0 | AZ8: 16000 | BA8: =INDEX('Summary sales'!$A$6:$CA$50,MATCH($B8,'Summary sales'!$A$6:$A$50,0),MATCH($AZ$3,'Summary sales'!$A$7:$CA$7,0)) -> 15140.57 | BB8: =BA8-AZ8 -> -859.43 | BC8: =BA8/AZ8 -> 0.94628563 | BD8: 5000 | BE8: =INDEX('Summary sales'!$A$6:$CA$50,MATCH($B8,'Summary sales'!$A$6:$A$50,0),MATCH($BD$3,'Summary sales'!$A$7:$CA$7,0)) -> 4670.15 | BF8: =BE8-BD8 -> -329.85 | BG8: =BE8/BD8 -> 0.93403 | BH8: =INDEX('SO Oktober 2026 Rev3'!$B$6:$BI$50,MATCH(B8,'SO Oktober 2026 Rev3'!$B$6:$B$50,0),MATCH($BH$3,'SO Oktober 2026 Rev3'!$B$5:$XI$5,0)) -> 0 | BI8: =INDEX('Summary sales'!$A$6:$CA$50,MATCH($B8,'Summary sales'!$A$6:$A$50,0),MATCH($BH$3,'Summary sales'!$A$7:$CA$7,0)) -> 825.942 | BJ8: =BI8-BH8 -> 825.942 | BK8: =BI8/BH8 -> #DIV/0! | BL8: =INDEX('SO Oktober 2026 Rev3'!$B$6:$BI$50,MATCH(B8,'SO Oktober 2026 Rev3'!$B$6:$B$50,0),MATCH($BL$3,'SO Oktober 2026 Rev3'!$B$5:$XI$5,0)) -> 2500 | BM8: =INDEX('Summary sales'!$A$6:$CA$50,MATCH($B8,'Summary sales'!$A$6:$A$50,0),MATCH($BL$3,'Summary sales'!$A$7:$CA$7,0)) -> 2560.55 | BN8: =BM8-BL8 -> 60.55 | BO8: =BM8/BL8 -> 1.02422 | BP8: =INDEX('SO Oktober 2026 Rev3'!$B$6:$BI$50,MATCH(B8,'SO Oktober 2026 Rev3'!$B$6:$B$50,0),MATCH($BP$3,'SO Oktober 2026 Rev3'!$B$5:$XI$5,0)) -> 1000 | BQ8: =INDEX('Summary sales'!$A$6:$CA$50,MATCH($B8,'Summary sales'!$A$6:$A$50,0),MATCH($BP$3,'Summary sales'!$A$7:$CA$7,0)) -> 0 | BR8: =BQ8-BP8 -> -1000 | BS8: =BQ8/BP8 -> 0 | BT8: =INDEX('SO Oktober 2026 Rev3'!$B$6:$BI$50,MATCH(B8,'SO Oktober 2026 Rev3'!$B$6:$B$50,0),MATCH($BT$3,'SO Oktober 2026 Rev3'!$B$5:$XI$5,0)) -> 89.451613 | BU8: =INDEX('Summary sales'!$A$6:$CA$50,MATCH($B8,'Summary sales'!$A$6:$A$50,0),MATCH($BT$3,'Summary sales'!$A$7:$CA$7,0)) -> 82 | BV8: =BU8-BT8 -> -7.4516129 | BW8: =BU8/BT8 -> 0.91669672 | BX8: 3000 | BY8: =INDEX('Summary sales'!$A$6:$CA$50,MATCH($B8,'Summary sales'!$A$6:$A$50,0),MATCH($BX$3,'Summary sales'!$A$7:$CA$7,0)) -> 120 | BZ8: =BY8-BX8 -> -2880 | CA8: =BY8/BX8 -> 0.04 | CB8: =INDEX('SO Oktober 2026 Rev3'!$B$6:$BI$50,MATCH(B8,'SO Oktober 2026 Rev3'!$B$6:$B$50,0),MATCH($CB$3,'SO Oktober 2026 Rev3'!$B$5:$XI$5,0)) -> 1000 | CC8: =INDEX('Summary sales'!$A$6:$CA$50,MATCH($B8,'Summary sales'!$A$6:$A$50,0),MATCH($CB$3,'Summary sales'!$A$7:$CA$7,0)) -> 866.84 | CD8: =CC8-CB8 -> -133.16 | CE8: =CC8/CB8 -> 0.86684 | CF8: =INDEX('SO Oktober 2026 Rev3'!$B$6:$BI$50,MATCH(B8,'SO Oktober 2026 Rev3'!$B$6:$B$50,0),MATCH($CF$3,'SO Oktober 2026 Rev3'!$B$5:$XI$5,0)) -> 0 | CG8: =INDEX('Summary sales'!$A$6:$CA$50,MATCH($B8,'Summary sales'!$A$6:$A$50,0),MATCH($CF$3,'Summary sales'!$A$7:$CA$7,0)) -> 0 | CH8: =CG8-CF8 -> 0 | CI8: =CG8/CF8 -> #DIV/0! | CJ8: =INDEX('SO Oktober 2026 Rev3'!$B$6:$BI$50,MATCH($B8,'SO Oktober 2026 Rev3'!$B$6:$B$50,0),MATCH($CJ$3,'SO Oktober 2026 Rev3'!$B$5:$XI$5,0)) -> 0 | CK8: =INDEX('Summary sales'!$A$6:$CA$50,MATCH($B8,'Summary sales'!$A$6:$A$50,0),MATCH($CJ$3,'Summary sales'!$A$7:$CA$7,0)) -> 224.01 | CL8: =CK8-CJ8 -> 224.01 | CM8: =CK8/CJ8 -> #DIV/0! | CN8: =INDEX('SO Oktober 2026 Rev3'!$B$6:$BI$50,MATCH($B8,'SO Oktober 2026 Rev3'!$B$6:$B$50,0),MATCH(CN$3,'SO Oktober 2026 Rev3'!$B$5:$XI$5,0)) -> 0 | CO8: =INDEX('Summary sales'!$A$6:$CA$50,MATCH($B8,'Summary sales'!$A$6:$A$50,0),MATCH($CN$3,'Summary sales'!$A$7:$CA$7,0)) -> 0 | CP8: =CO8-CN8 -> 0 | CQ8: =CO8/CN8 -> #DIV/0! | CR8: =INDEX('SO Oktober 2026 Rev3'!$B$6:$BI$50,MATCH($B8,'SO Oktober 2026 Rev3'!$B$6:$B$50,0),MATCH(CR$3,'SO Oktober 2026 Rev3'!$B$5:$XI$5,0)) -> 0 | CS8: =INDEX('Summary sales'!$A$6:$CA$50,MATCH($B8,'Summary sales'!$A$6:$A$50,0),MATCH($CR$3,'Summary sales'!$A$7:$CA$7,0)) -> 0 | CT8: =CS8-CR8 -> 0 | CU8: =CS8/CR8 -> #DIV/0! | CV8: 6659.5545 | CW8: =INDEX('Summary sales'!$A$6:$CA$50,MATCH($B8,'Summary sales'!$A$6:$A$50,0),MATCH($CV$3,'Summary sales'!$A$7:$CA$7,0)) -> 7008.499 | CX8: =CW8-CV8 -> 348.94445 | CY8: =CW8/CV8 -> 1.0523976 | CZ8: =INDEX('SO Oktober 2026 Rev3'!$B$6:$BI$50,MATCH(B8,'SO Oktober 2026 Rev3'!$B$6:$B$50,0),MATCH($CZ$3,'SO Oktober 2026 Rev3'!$B$5:$XI$5,0)) -> 2000 | DA8: =INDEX('Summary sales'!$A$6:$CA$50,MATCH($B8,'Summary sales'!$A$6:$A$50,0),MATCH($CZ$3,'Summary sales'!$A$7:$CA$7,0)) -> 266.34 | DB8: =DA8-CZ8 -> -1733.66 | DC8: =DA8/CZ8 -> 0.13317 | DD8: =INDEX('SO Oktober 2026 Rev3'!$B$6:$BI$50,MATCH($B8,'SO Oktober 2026 Rev3'!$B$6:$B$50,0),MATCH(DD$3,'SO Oktober 2026 Rev3'!$B$5:$XI$5,0)) -> 0 | DE8: =INDEX('Summary sales'!$A$6:$CA$50,MATCH($B8,'Summary sales'!$A$6:$A$50,0),MATCH($DD$3,'Summary sales'!$A$7:$CA$7,0)) -> 0 | DF8: =DE8-DD8 -> 0 | DG8: =DE8/DD8 -> #DIV/0! | DH8: =INDEX('SO Oktober 2026 Rev3'!$B$6:$BI$50,MATCH($B8,'SO Oktober 2026 Rev3'!$B$6:$B$50,0),MATCH(DH$3,'SO Oktober 2026 Rev3'!$B$5:$XI$5,0)) -> 2999.8519 | DI8: =INDEX('Summary sales'!$A$6:$CA$50,MATCH($B8,'Summary sales'!$A$6:$A$50,0),MATCH($DH$3,'Summary sales'!$A$7:$CA$7,0)) -> 1042.69 | DJ8: =DI8-DH8 -> -1957.1619 | DK8: =DI8/DH8 -> 0.34758049 | DL8: =INDEX('SO Oktober 2026 Rev3'!$B$6:$BI$50,MATCH(B8,'SO Oktober 2026 Rev3'!$B$6:$B$50,0),MATCH($DL$3,'SO Oktober 2026 Rev3'!$B$5:$XI$5,0)) -> 0 | DM8: =INDEX('Summary sales'!$A$6:$CA$50,MATCH($B8,'Summary sales'!$A$6:$A$50,0),MATCH($DL$3,'Summary sales'!$A$7:$CA$7,0)) -> 0 | DN8: =DM8-DL8 -> 0 | DO8: =DM8/DL8 -> #DIV/0! | DP8: 2000 | DQ8: =INDEX('Summary sales'!$A$6:$CA$50,MATCH($B8,'Summary sales'!$A$6:$A$50,0),MATCH($DP$3,'Summary sales'!$A$7:$CA$7,0)) -> 1605.69 | DR8: =DQ8-DP8 -> -394.31 | DS8: =DQ8/DP8 -> 0.802845 | DT8: =INDEX('SO Oktober 2026 Rev3'!$B$6:$BI$50,MATCH(B8,'SO Oktober 2026 Rev3'!$B$6:$B$50,0),MATCH($DT$3,'SO Oktober 2026 Rev3'!$B$5:$XI$5,0)) -> 0 | DU8: =INDEX('Summary sales'!$A$6:$CA$50,MATCH($B8,'Summary sales'!$A$6:$A$50,0),MATCH($DT$3,'Summary sales'!$A$7:$CA$7,0)) -> 0 | DV8: =DU8-DT8 -> 0 | DW8: =DU8/DT8 -> #DIV/0! | DX8: =INDEX('SO Oktober 2026 Rev3'!$B$6:$BI$50,MATCH(B8,'SO Oktober 2026 Rev3'!$B$6:$B$50,0),MATCH($DX$3,'SO Oktober 2026 Rev3'!$B$5:$XI$5,0)) -> 10000 | DY8: =INDEX('Summary sales'!$A$6:$CA$50,MATCH($B8,'Summary sales'!$A$6:$A$50,0),MATCH($DX$3,'Summary sales'!$A$7:$CA$7,0)) -> 9102.81 | DZ8: =DY8-DX8 -> -897.19 | EA8: =DY8/DX8 -> 0.910281 | EB8: =INDEX('SO Oktober 2026 Rev3'!$B$6:$BI$50,MATCH(B8,'SO Oktober 2026 Rev3'!$B$6:$B$50,0),MATCH($EB$3,'SO Oktober 2026 Rev3'!$B$5:$XI$5,0)) -> 2000 | EC8: =INDEX('Summary sales'!$A$6:$CA$50,MATCH($B8,'Summary sales'!$A$6:$A$50,0),MATCH($EB$3,'Summary sales'!$A$7:$CA$7,0)) -> 2471.9 | ED8: =EC8-EB8 -> 471.9 | EE8: =EC8/EB8 -> 1.23595 | EF8: 6000 | EG8: =INDEX('Summary sales'!$A$6:$CA$50,MATCH($B8,'Summary sales'!$A$6:$A$50,0),MATCH($EF$3,'Summary sales'!$A$7:$CA$7,0)) -> 12461.48 | EH8: =EG8-EF8 -> 6461.48 | EI8: =EG8/EF8 -> 2.0769133 | EJ8: 0 | EK8: =INDEX('Summary sales'!$A$6:$CA$50,MATCH(B8,'Summary sales'!$A$6:$A$50,0),MATCH($EJ$3,'Summary sales'!$A$7:$CA$7,0)) -> 0 | EL8: =EK8-EJ8 -> 0 | EM8: =EK8/EJ8 -> #DIV/0! | EN8: =INDEX('SO Oktober 2026 Rev3'!$B$6:$BI$50,MATCH(B8,'SO Oktober 2026 Rev3'!$B$6:$B$50,0),MATCH($EN$3,'SO Oktober 2026 Rev3'!$B$5:$XI$5,0)) -> 3000 | EO8: =INDEX('Summary sales'!$A$6:$CA$50,MATCH($B8,'Summary sales'!$A$6:$A$50,0),MATCH($EN$3,'Summary sales'!$A$7:$CA$7,0)) -> 7320.82 | EP8: =EO8-EN8 -> 4320.82 | EQ8: =EO8/EN8 -> 2.4402733 | ER8: 45000 | ES8: =INDEX('Summary sales'!$A$6:$CA$50,MATCH($B8,'Summary sales'!$A$6:$A$50,0),MATCH($ER$3,'Summary sales'!$A$7:$CA$7,0)) -> 42205.63 | ET8: =ES8-ER8 -> -2794.37 | EU8: =ES8/ER8 -> 0.93790289 | EV8: 4000 | EW8: =INDEX('Summary sales'!$A$6:$CA$50,MATCH(B8,'Summary sales'!$A$6:$A$50,0),MATCH($EV$3,'Summary sales'!$A$7:$CA$7,0)) -> 9860.04 | EX8: =EW8-EV8 -> 5860.04 | EY8: =EW8/EV8 -> 2.46501 | EZ8: =INDEX('SO Oktober 2026 Rev3'!$B$6:$BI$50,MATCH(B8,'SO Oktober 2026 Rev3'!$B$6:$B$50,0),MATCH($EZ$3,'SO Oktober 2026 Rev3'!$B$5:$XI$5,0)) -> 3500 | FA8: =INDEX('Summary sales'!$A$6:$CA$50,MATCH(B8,'Summary sales'!$A$6:$A$50,0),MATCH($EZ$3,'Summary sales'!$A$7:$CA$7,0)) -> 3566.3 | FB8: =FA8-EZ8 -> 66.3 | FC8: =FA8/EZ8 -> 1.0189429 | FD8: 0 | FE8: =INDEX('Summary sales'!$A$6:$CA$50,MATCH(B8,'Summary sales'!$A$6:$A$50,0),MATCH($FD$3,'Summary sales'!$A$7:$CA$7,0)) -> 0 | FF8: =FE8-FD8 -> 0 | FG8: =FE8/FD8 -> #DIV/0! | FH8: =INDEX('SO Oktober 2026 Rev3'!$B$6:$BI$50,MATCH(B8,'SO Oktober 2026 Rev3'!$B$6:$B$50,0),MATCH($FH$3,'SO Oktober 2026 Rev3'!$B$5:$XI$5,0)) -> 10000 | FI8: =INDEX('Summary sales'!$A$6:$CA$50,MATCH(B8,'Summary sales'!$A$6:$A$50,0),MATCH($FH$3,'Summary sales'!$A$7:$CA$7,0)) -> 12781.22 | FJ8: =FI8-FH8 -> 2781.22 | FK8: =FI8/FH8 -> 1.278122 | FL8: =INDEX('SO Oktober 2026 Rev3'!$B$6:$BI$50,MATCH(B8,'SO Oktober 2026 Rev3'!$B$6:$B$50,0),MATCH($FL$3,'SO Oktober 2026 Rev3'!$B$5:$XI$5,0)) -> 500 | FM8: =INDEX('Summary sales'!$A$6:$CA$50,MATCH(B8,'Summary sales'!$A$6:$A$50,0),MATCH($FL$3,'Summary sales'!$A$7:$CA$7,0)) -> 360.37 | FN8: =FM8-FL8 -> -139.63 | FO8: =FM8/FL8 -> 0.72074 | FP8: 6500 | FQ8: =INDEX('Summary sales'!$A$6:$CA$50,MATCH(B8,'Summary sales'!$A$6:$A$50,0),MATCH($FP$3,'Summary sales'!$A$7:$CA$7,0)) -> 6016.38 | FR8: =FQ8-FP8 -> -483.62 | FS8: =FQ8/FP8 -> 0.92559692 | FT8: =INDEX('SO Oktober 2026 Rev3'!$B$6:$BI$50,MATCH(B8,'SO Oktober 2026 Rev3'!$B$6:$B$50,0),MATCH($FT$3,'SO Oktober 2026 Rev3'!$B$5:$XI$5,0)) -> 3500 | FU8: =INDEX('Summary sales'!$A$6:$CA$50,MATCH(B8,'Summary sales'!$A$6:$A$50,0),MATCH($FT$3,'Summary sales'!$A$7:$CA$7,0)) -> 0 | FV8: =FU8-FT8 -> -3500 | FW8: =FU8/FT8 -> 0 | FX8: =INDEX('SO Oktober 2026 Rev3'!$B$6:$BI$50,MATCH(B8,'SO Oktober 2026 Rev3'!$B$6:$B$50,0),MATCH($FX$3,'SO Oktober 2026 Rev3'!$B$5:$XI$5,0)) -> 2000 | FY8: =INDEX('Summary sales'!$A$6:$CA$50,MATCH(B8,'Summary sales'!$A$6:$A$50,0),MATCH($FX$3,'Summary sales'!$A$7:$CA$7,0)) -> 0 | FZ8: =FY8-FX8 -> -2000 | GA8: =FY8/FX8 -> 0 | GB8: 369.61071 | GC8: =INDEX('Summary sales'!$A$6:$CA$50,MATCH(B8,'Summary sales'!$A$6:$A$50,0),MATCH($GB$3,'Summary sales'!$A$7:$CA$7,0)) -> 2451.54 | GD8: =GC8-GB8 -> 2081.9293 | GE8: =GC8/GB8 -> 6.6327624 | GF8: 9000 | GG8: =INDEX('Summary sales'!$A$6:$CA$50,MATCH(B8,'Summary sales'!$A$6:$A$50,0),MATCH($GF$3,'Summary sales'!$A$7:$CA$7,0)) -> 8517.832 | GH8: =GG8-GF8 -> -482.168 | GI8: =GG8/GF8 -> 0.94642578 | GJ8: =INDEX('SO Oktober 2026 Rev3'!$B$6:$BI$50,MATCH(B8,'SO Oktober 2026 Rev3'!$B$6:$B$50,0),MATCH($GJ$3,'SO Oktober 2026 Rev3'!$B$5:$XI$5,0)) -> 0 | GK8: =INDEX('Summary sales'!$A$6:$CA$50,MATCH($B8,'Summary sales'!$A$6:$A$50,0),MATCH($GJ$3,'Summary sales'!$A$7:$CA$7,0)) -> 0 | GL8: =GK8-GJ8 -> 0 | GM8: =GK8/GJ8 -> #DIV/0! | GN8: =INDEX('SO Oktober 2026 Rev3'!$B$6:$BI$50,MATCH(B8,'SO Oktober 2026 Rev3'!$B$6:$B$50,0),MATCH($GN$3,'SO Oktober 2026 Rev3'!$B$5:$XI$5,0)) -> 2499.7026 | GO8: =INDEX('Summary sales'!$A$6:$CA$50,MATCH(B8,'Summary sales'!$A$6:$A$50,0),MATCH($GN$3,'Summary sales'!$A$7:$CA$7,0)) -> 2441.73 | GP8: =GO8-GN8 -> -57.972581 | GQ8: =GO8/GN8 -> 0.97680821 | GR8: 1000 | GS8: =INDEX('Summary sales'!$A$6:$CA$50,MATCH(B8,'Summary sales'!$A$6:$A$50,0),MATCH($GR$3,'Summary sales'!$A$7:$CA$7,0)) -> 0 | GT8: =GS8-GR8 -> -1000 | GU8: =GS8/GR8 -> 0 | GV8: =INDEX('SO Oktober 2026 Rev3'!$B$6:$BI$50,MATCH(B8,'SO Oktober 2026 Rev3'!$B$6:$B$50,0),MATCH($GV$3,'SO Oktober 2026 Rev3'!$B$5:$XI$5,0)) -> 2499.7026 | GW8: =INDEX('Summary sales'!$A$6:$CA$50,MATCH(B8,'Summary sales'!$A$6:$A$50,0),MATCH($GV$3,'Summary sales'!$A$7:$CA$7,0)) -> 2000.39 | GX8: =GW8-GV8 -> -499.31258 | GY8: =GW8/GV8 -> 0.8002512 | GZ8: =INDEX('SO Oktober 2026 Rev3'!$B$6:$BI$50,MATCH(B8,'SO Oktober 2026 Rev3'!$B$6:$B$50,0),MATCH($GZ$3,'SO Oktober 2026 Rev3'!$B$5:$XI$5,0)) -> 31500 | HA8: =INDEX('Summary sales'!$A$6:$CA$50,MATCH(B8,'Summary sales'!$A$6:$A$50,0),MATCH($GZ$3,'Summary sales'!$A$7:$CA$7,0)) -> 6333.463 | HB8: =HA8-GZ8 -> -25166.537 | HC8: =HA8/GZ8 -> 0.20106232
B9: Sub Total | D9: =SUM(D5:D8) -> 798794.38 | E9: =SUM(E5:E8) -> 710136.91 | F9: =SUM(F5:F8) -> -88657.47 | G9: =SUM(G5:G8) -> 3.5539668 | H9: =SUM(H5:H8) -> 3399.5729 | I9: =SUM(I5:I8) -> 2219.76 | J9: =SUM(J5:J8) -> -1179.8129 | K9: =SUM(K5:K8) -> 2.7460829 | ... AM9: =SUM(AM5:AM8) -> #DIV/0! | AN9: 14000 | AO9: =SUM(AO5:AO8) -> 12924.31 | AP9: =SUM(AP5:AP8) -> -1075.69 | AQ9: =SUM(AQ5:AQ8) -> 3.980828 | AR9: 4300 | AS9: =SUM(AS5:AS8) -> 1326.07 | AT9: =SUM(AT5:AT8) -> -2973.93 | AU9: =SUM(AU5:AU8) -> 1.6147433 | AV9: =SUM(AV5:AV8) -> 2000 | AW9: =SUM(AW5:AW8) -> 4014.8 | AX9: =SUM(AX5:AX8) -> 2014.8 | AY9: =SUM(AY5:AY8) -> 8.0296 | AZ9: 50400 | BA9: =SUM(BA5:BA8) -> 48677.35 | BB9: =SUM(BB5:BB8) -> -1722.65 | BC9: =SUM(BC5:BC8) -> 3.8901089 | BD9: 28000.057 | BE9: =SUM(BE5:BE8) -> 29939.48 | BF9: =SUM(BF5:BF8) -> 1939.4229 | BG9: =SUM(BG5:BG8) -> 4.2233216 | BH9: =SUM(BH5:BH8) -> 3000 | BI9: =SUM(BI5:BI8) -> 4619.396 | BJ9: =SUM(BJ5:BJ8) -> 1619.396 | BK9: =SUM(BK5:BK8) -> #DIV/0! | BL9: =SUM(BL5:BL8) -> 11500 | ... BW9: =SUM(BW5:BW8) -> 3.577353 | BX9: 12000 | BY9: =SUM(BY5:BY8) -> 10493 | BZ9: =SUM(BZ5:BZ8) -> -1507 | CA9: =SUM(CA5:CA8) -> 3.4976667 | CB9: =SUM(CB5:CB8) -> 4000 | CC9: =SUM(CC5:CC8) -> 2654.54 | CD9: =SUM(CD5:CD8) -> -1345.46 | CE9: =SUM(CE5:CE8) -> 2.65454 | CF9: =SUM(CF5:CF8) -> 6000 | ... CU9: =SUM(CU5:CU8) -> #DIV/0! | CV9: 44159.555 | CW9: =SUM(CW5:CW8) -> 35480.343 | CX9: =SUM(CX5:CX8) -> -8679.2115 | CY9: =SUM(CY5:CY8) -> 3.3301451 | CZ9: =SUM(CZ5:CZ8) -> 8000 | DA9: =SUM(DA5:DA8) -> 7652.35 | DB9: =SUM(DB5:DB8) -> -347.65 | DC9: =SUM(DC5:DC8) -> 3.826175 | DD9: =SUM(DD5:DD8) -> 2400 | ... DO9: =SUM(DO5:DO8) -> #DIV/0! | DP9: 8000 | DQ9: =SUM(DQ5:DQ8) -> 5743.5 | DR9: =SUM(DR5:DR8) -> -2256.5 | DS9: =SUM(DS5:DS8) -> 2.87175 | DT9: =SUM(DT5:DT8) -> 3000 | DU9: =SUM(DU5:DU8) -> 577.22 | DV9: =SUM(DV5:DV8) -> -2422.78 | DW9: =SUM(DW5:DW8) -> #DIV/0! | DX9: =SUM(DX5:DX8) -> 41000 | ... EE9: =SUM(EE5:EE8) -> 5.671275 | EF9: 22500 | EG9: =SUM(EG5:EG8) -> 31355.01 | EH9: =SUM(EH5:EH8) -> 8855.01 | EI9: =SUM(EI5:EI8) -> 5.4998456 | EJ9: 17500 | EK9: =SUM(EK5:EK8) -> 15748.68 | EL9: =SUM(EL5:EL8) -> -1751.32 | EM9: =SUM(EM5:EM8) -> #DIV/0! | EN9: =SUM(EN5:EN8) -> 12000 | EO9: =SUM(EO5:EO8) -> 20099.85 | EP9: =SUM(EP5:EP8) -> 8099.85 | EQ9: =SUM(EQ5:EQ8) -> 6.69995 | ER9: 99000 | ES9: =SUM(ES5:ES8) -> 81991.93 | ET9: =SUM(ET5:ET8) -> -17008.07 | EU9: =SUM(EU5:EU8) -> 3.1472414 | EV9: 16000 | EW9: =SUM(EW5:EW8) -> 21068.3 | EX9: =SUM(EX5:EX8) -> 5068.3 | EY9: =SUM(EY5:EY8) -> 5.267075 | EZ9: =SUM(EZ5:EZ8) -> 14000 | FA9: =SUM(FA5:FA8) -> 13189.1 | FB9: =SUM(FB5:FB8) -> -810.9 | FC9: =SUM(FC5:FC8) -> 3.7683143 | FD9: 0 | FE9: =SUM(FE5:FE8) -> 0 | FF9: =SUM(FF5:FF8) -> 0 | FG9: =SUM(FG5:FG8) -> #DIV/0! | FH9: =SUM(FH5:FH8) -> 40000 | FI9: =SUM(FI5:FI8) -> 43277.55 | FJ9: =SUM(FJ5:FJ8) -> 3277.55 | FK9: =SUM(FK5:FK8) -> 4.327755 | FL9: =SUM(FL5:FL8) -> 2000 | ... FO9: =SUM(FO5:FO8) -> 2.68896 | FP9: 26000 | FQ9: =SUM(FQ5:FQ8) -> 23125.15 | FR9: =SUM(FR5:FR8) -> -2874.85 | FS9: =SUM(FS5:FS8) -> 3.5577154 | FT9: =SUM(FT5:FT8) -> 14000 | FU9: =SUM(FU5:FU8) -> 0 | FV9: =SUM(FV5:FV8) -> -14000 | FW9: =SUM(FW5:FW8) -> 0 | FX9: =SUM(FX5:FX8) -> 8000 | ... GA9: =SUM(GA5:GA8) -> 4.042965 | GB9: 1478.4428 | GC9: =SUM(GC5:GC8) -> 2713.55 | GD9: =SUM(GD5:GD8) -> 1235.1072 | GE9: =SUM(GE5:GE8) -> 7.3416433 | GF9: 36000 | GG9: =SUM(GG5:GG8) -> 29112.034 | GH9: =SUM(GH5:GH8) -> -6887.966 | GI9: =SUM(GI5:GI8) -> 3.2346704 | GJ9: =SUM(GJ5:GJ8) -> 2243.8006 | GK9: =SUM(GK5:GK8) -> 1899.84 | GL9: =SUM(GL5:GL8) -> -343.96065 | GM9: =SUM(GM5:GM8) -> #DIV/0! | GN9: =SUM(GN5:GN8) -> 9998.8103 | ... GQ9: =SUM(GQ5:GQ8) -> 4.2765048 | GR9: 12000 | GS9: =SUM(GS5:GS8) -> 14124.47 | GT9: =SUM(GT5:GT8) -> 2124.47 | GU9: =SUM(GU5:GU8) -> 2.824894 | GV9: =SUM(GV5:GV8) -> 9998.8103 | GW9: =SUM(GW5:GW8) -> 12613.11 | GX9: =SUM(GX5:GX8) -> 2614.2997 | GY9: =SUM(GY5:GY8) -> 5.0458443 | GZ9: =SUM(GZ5:GZ8) -> 126000 | ... HC9: =SUM(HC5:HC8) -> 2.471306
B11: =B8+1 -> 46300 | C11: =TEXT(B11,"ddd") -> Mon | D11: =SUMIF($H$4:$HB$4,$D$4,H11:HB11) -> 203606.98 | E11: =SUMIF($H$4:$HB$4,$E$4,H11:HB11) -> 208178.91 | F11: =E11-D11 -> 4571.9286 | G11: =E11/D11 -> 1.0224547 | H11: =INDEX('SO Oktober 2026 Rev3'!$B$6:$BI$50,MATCH($B11,'SO Oktober 2026 Rev3'!$B$6:$B$50,0),MATCH($H$3,'SO Oktober 2026 Rev3'!$B$5:$XI$5,0)) -> 1199.5729 | I11: =INDEX('Summary sales'!$A$6:$CA$50,MATCH($B11,'Summary sales'!$A$6:$A$50,0),MATCH($H$3,'Summary sales'!$A$7:$CA$7,0)) -> 771.23 | J11: =I11-H11 -> -428.3429 | K11: =I11/H11 -> 0.64292049 | L11: =INDEX('SO Oktober 2026 Rev3'!$B$6:$BI$50,MATCH($B11,'SO Oktober 2026 Rev3'!$B$6:$B$50,0),MATCH($L$3,'SO Oktober 2026 Rev3'!$B$5:$XI$5,0)) -> 1200 | M11: =INDEX('Summary sales'!$A$6:$CA$50,MATCH($B11,'Summary sales'!$A$6:$A$50,0),MATCH($L$3,'Summary sales'!$A$7:$CA$7,0)) -> 1550.29 | N11: =M11-L11 -> 350.29 | O11: =M11/L11 -> 1.2919083 | P11: =INDEX('SO Oktober 2026 Rev3'!$B$6:$BI$50,MATCH($B11,'SO Oktober 2026 Rev3'!$B$6:$B$50,0),MATCH($P$3,'SO Oktober 2026 Rev3'!$B$5:$XI$5,0)) -> 3300 | Q11: =INDEX('Summary sales'!$A$6:$CA$50,MATCH($B11,'Summary sales'!$A$6:$A$50,0),MATCH($P$3,'Summary sales'!$A$7:$CA$7,0)) -> 2610.88 | R11: =Q11-P11 -> -689.12 | S11: =Q11/P11 -> 0.79117576 | T11: =INDEX('SO Oktober 2026 Rev3'!$B$6:$BI$50,MATCH(B11,'SO Oktober 2026 Rev3'!$B$6:$B$50,0),MATCH($T$3,'SO Oktober 2026 Rev3'!$B$5:$XI$5,0)) -> 800 | U11: =INDEX('Summary sales'!$A$6:$CA$50,MATCH($B11,'Summary sales'!$A$6:$A$50,0),MATCH($T$3,'Summary sales'!$A$7:$CA$7,0)) -> 958.92 | V11: =U11-T11 -> 158.92 | W11: =U11/T11 -> 1.19865 | X11: =INDEX('SO Oktober 2026 Rev3'!$B$6:$BI$50,MATCH(B11,'SO Oktober 2026 Rev3'!$B$6:$B$50,0),MATCH($X$3,'SO Oktober 2026 Rev3'!$B$5:$XI$5,0)) -> 150 | Y11: =INDEX('Summary sales'!$A$6:$CA$50,MATCH($B11,'Summary sales'!$A$6:$A$50,0),MATCH($X$3,'Summary sales'!$A$7:$CA$7,0)) -> 0 | Z11: =Y11-X11 -> -150 | AA11: =Y11/X11 -> 0 | AB11: =INDEX('SO Oktober 2026 Rev3'!$B$6:$BI$50,MATCH(B11,'SO Oktober 2026 Rev3'!$B$6:$B$50,0),MATCH($AB$3,'SO Oktober 2026 Rev3'!$B$5:$XI$5,0)) -> 603.76323 | AC11: =INDEX('Summary sales'!$A$6:$CA$50,MATCH($B11,'Summary sales'!$A$6:$A$50,0),MATCH($AB$3,'Summary sales'!$A$7:$CA$7,0)) -> 932.45 | AD11: =AC11-AB11 -> 328.68677 | AE11: =AC11/AB11 -> 1.5443968 | AF11: =INDEX('SO Oktober 2026 Rev3'!$B$6:$BI$50,MATCH(B11,'SO Oktober 2026 Rev3'!$B$6:$B$50,0),MATCH($AF$3,'SO Oktober 2026 Rev3'!$B$5:$XI$5,0)) -> 673.27548 | AG11: =INDEX('Summary sales'!$A$6:$CA$50,MATCH($B11,'Summary sales'!$A$6:$A$50,0),MATCH($AF$3,'Summary sales'!$A$7:$CA$7,0)) -> 578.96 | AH11: =AG11-AF11 -> -94.315484 | AI11: =AG11/AF11 -> 0.85991546 | AJ11: =INDEX('SO Oktober 2026 Rev3'!$B$6:$BI$50,MATCH(B11,'SO Oktober 2026 Rev3'!$B$6:$B$50,0),MATCH($AJ$3,'SO Oktober 2026 Rev3'!$B$5:$XI$5,0)) -> 5500 | AK11: =INDEX('Summary sales'!$A$6:$CA$50,MATCH($B11,'Summary sales'!$A$6:$A$50,0),MATCH($AJ$3,'Summary sales'!$A$7:$CA$7,0)) -> 5456.94 | AL11: =AK11-AJ11 -> -43.06 | AM11: =AK11/AJ11 -> 0.99217091 | AN11: 5000 | AO11: =INDEX('Summary sales'!$A$6:$CA$50,MATCH($B11,'Summary sales'!$A$6:$A$50,0),MATCH($AN$3,'Summary sales'!$A$7:$CA$7,0)) -> 4471.52 | AP11: =AO11-AN11 -> -528.48 | AQ11: =AO11/AN11 -> 0.894304 | AR11: 1500 | AS11: =INDEX('Summary sales'!$A$6:$CA$50,MATCH($B11,'Summary sales'!$A$6:$A$50,0),MATCH($AR$3,'Summary sales'!$A$7:$CA$7,0)) -> 2124.2 | AT11: =AS11-AR11 -> 624.2 | AU11: =AS11/AR11 -> 1.4161333 | AV11: =INDEX('SO Oktober 2026 Rev3'!$B$6:$BI$50,MATCH(B11,'SO Oktober 2026 Rev3'!$B$6:$B$50,0),MATCH($AV$3,'SO Oktober 2026 Rev3'!$B$5:$XI$5,0)) -> 1300 | AW11: =INDEX('Summary sales'!$A$6:$CA$50,MATCH($B11,'Summary sales'!$A$6:$A$50,0),MATCH($AV$3,'Summary sales'!$A$7:$CA$7,0)) -> 1364.78 | AX11: =AW11-AV11 -> 64.78 | AY11: =AW11/AV11 -> 1.0498308 | AZ11: 10800 | BA11: =INDEX('Summary sales'!$A$6:$CA$50,MATCH($B11,'Summary sales'!$A$6:$A$50,0),MATCH($AZ$3,'Summary sales'!$A$7:$CA$7,0)) -> 14491.18 | BB11: =BA11-AZ11 -> 3691.18 | BC11: =BA11/AZ11 -> 1.3417759 | BD11: 8000 | BE11: =INDEX('Summary sales'!$A$6:$CA$50,MATCH($B11,'Summary sales'!$A$6:$A$50,0),MATCH($BD$3,'Summary sales'!$A$7:$CA$7,0)) -> 9485.4 | BF11: =BE11-BD11 -> 1485.4 | BG11: =BE11/BD11 -> 1.185675 | BH11: =INDEX('SO Oktober 2026 Rev3'!$B$6:$BI$50,MATCH(B11,'SO Oktober 2026 Rev3'!$B$6:$B$50,0),MATCH($BH$3,'SO Oktober 2026 Rev3'!$B$5:$XI$5,0)) -> 1000 | BI11: =INDEX('Summary sales'!$A$6:$CA$50,MATCH($B11,'Summary sales'!$A$6:$A$50,0),MATCH($BH$3,'Summary sales'!$A$7:$CA$7,0)) -> 1207.928 | BJ11: =BI11-BH11 -> 207.928 | BK11: =BI11/BH11 -> 1.207928 | BL11: =INDEX('SO Oktober 2026 Rev3'!$B$6:$BI$50,MATCH(B11,'SO Oktober 2026 Rev3'!$B$6:$B$50,0),MATCH($BL$3,'SO Oktober 2026 Rev3'!$B$5:$XI$5,0)) -> 3000 | BM11: =INDEX('Summary sales'!$A$6:$CA$50,MATCH($B11,'Summary sales'!$A$6:$A$50,0),MATCH($BL$3,'Summary sales'!$A$7:$CA$7,0)) -> 4903.25 | BN11: =BM11-BL11 -> 1903.25 | BO11: =BM11/BL11 -> 1.6344167 | BP11: =INDEX('SO Oktober 2026 Rev3'!$B$6:$BI$50,MATCH(B11,'SO Oktober 2026 Rev3'!$B$6:$B$50,0),MATCH($BP$3,'SO Oktober 2026 Rev3'!$B$5:$XI$5,0)) -> 1000 | BQ11: =INDEX('Summary sales'!$A$6:$CA$50,MATCH($B11,'Summary sales'!$A$6:$A$50,0),MATCH($BP$3,'Summary sales'!$A$7:$CA$7,0)) -> 247.21 | BR11: =BQ11-BP11 -> -752.79 | BS11: =BQ11/BP11 -> 0.24721 | BT11: =INDEX('SO Oktober 2026 Rev3'!$B$6:$BI$50,MATCH(B11,'SO Oktober 2026 Rev3'!$B$6:$B$50,0),MATCH($BT$3,'SO Oktober 2026 Rev3'!$B$5:$XI$5,0)) -> 89.451613 | BU11: =INDEX('Summary sales'!$A$6:$CA$50,MATCH($B11,'Summary sales'!$A$6:$A$50,0),MATCH($BT$3,'Summary sales'!$A$7:$CA$7,0)) -> 77.819 | BV11: =BU11-BT11 -> -11.632613 | BW11: =BU11/BT11 -> 0.86995636 | BX11: 3000 | BY11: =INDEX('Summary sales'!$A$6:$CA$50,MATCH($B11,'Summary sales'!$A$6:$A$50,0),MATCH($BX$3,'Summary sales'!$A$7:$CA$7,0)) -> 3865.7 | BZ11: =BY11-BX11 -> 865.7 | CA11: =BY11/BX11 -> 1.2885667 | CB11: =INDEX('SO Oktober 2026 Rev3'!$B$6:$BI$50,MATCH(B11,'SO Oktober 2026 Rev3'!$B$6:$B$50,0),MATCH($CB$3,'SO Oktober 2026 Rev3'!$B$5:$XI$5,0)) -> 1000 | CC11: =INDEX('Summary sales'!$A$6:$CA$50,MATCH($B11,'Summary sales'!$A$6:$A$50,0),MATCH($CB$3,'Summary sales'!$A$7:$CA$7,0)) -> 1652 | CD11: =CC11-CB11 -> 652 | CE11: =CC11/CB11 -> 1.652 | CF11: =INDEX('SO Oktober 2026 Rev3'!$B$6:$BI$50,MATCH(B11,'SO Oktober 2026 Rev3'!$B$6:$B$50,0),MATCH($CF$3,'SO Oktober 2026 Rev3'!$B$5:$XI$5,0)) -> 3000 | CG11: =INDEX('Summary sales'!$A$6:$CA$50,MATCH($B11,'Summary sales'!$A$6:$A$50,0),MATCH($CF$3,'Summary sales'!$A$7:$CA$7,0)) -> 2836.4 | CH11: =CG11-CF11 -> -163.6 | CI11: =CG11/CF11 -> 0.94546667 | CJ11: =INDEX('SO Oktober 2026 Rev3'!$B$6:$BI$50,MATCH($B11,'SO Oktober 2026 Rev3'!$B$6:$B$50,0),MATCH($CJ$3,'SO Oktober 2026 Rev3'!$B$5:$XI$5,0)) -> 0 | CK11: =INDEX('Summary sales'!$A$6:$CA$50,MATCH($B11,'Summary sales'!$A$6:$A$50,0),MATCH($CJ$3,'Summary sales'!$A$7:$CA$7,0)) -> 2420.33 | CL11: =CK11-CJ11 -> 2420.33 | CM11: =CK11/CJ11 -> #DIV/0! | CN11: =INDEX('SO Oktober 2026 Rev3'!$B$6:$BI$50,MATCH($B11,'SO Oktober 2026 Rev3'!$B$6:$B$50,0),MATCH(CN$3,'SO Oktober 2026 Rev3'!$B$5:$XI$5,0)) -> 0 | CO11: =INDEX('Summary sales'!$A$6:$CA$50,MATCH($B11,'Summary sales'!$A$6:$A$50,0),MATCH($CN$3,'Summary sales'!$A$7:$CA$7,0)) -> 0 | CP11: =CO11-CN11 -> 0 | CQ11: =CO11/CN11 -> #DIV/0! | CR11: =INDEX('SO Oktober 2026 Rev3'!$B$6:$BI$50,MATCH($B11,'SO Oktober 2026 Rev3'!$B$6:$B$50,0),MATCH(CR$3,'SO Oktober 2026 Rev3'!$B$5:$XI$5,0)) -> 2000 | CS11: =INDEX('Summary sales'!$A$6:$CA$50,MATCH($B11,'Summary sales'!$A$6:$A$50,0),MATCH($CR$3,'Summary sales'!$A$7:$CA$7,0)) -> 0 | CT11: =CS11-CR11 -> -2000 | CU11: =CS11/CR11 -> 0 | CV11: 12500 | CW11: =INDEX('Summary sales'!$A$6:$CA$50,MATCH($B11,'Summary sales'!$A$6:$A$50,0),MATCH($CV$3,'Summary sales'!$A$7:$CA$7,0)) -> 10356.463 | CX11: =CW11-CV11 -> -2143.537 | CY11: =CW11/CV11 -> 0.82851704 | CZ11: =INDEX('SO Oktober 2026 Rev3'!$B$6:$BI$50,MATCH(B11,'SO Oktober 2026 Rev3'!$B$6:$B$50,0),MATCH($CZ$3,'SO Oktober 2026 Rev3'!$B$5:$XI$5,0)) -> 2000 | DA11: =INDEX('Summary sales'!$A$6:$CA$50,MATCH($B11,'Summary sales'!$A$6:$A$50,0),MATCH($CZ$3,'Summary sales'!$A$7:$CA$7,0)) -> 1804.2 | DB11: =DA11-CZ11 -> -195.8 | DC11: =DA11/CZ11 -> 0.9021 | DD11: =INDEX('SO Oktober 2026 Rev3'!$B$6:$BI$50,MATCH($B11,'SO Oktober 2026 Rev3'!$B$6:$B$50,0),MATCH(DD$3,'SO Oktober 2026 Rev3'!$B$5:$XI$5,0)) -> 800 | DE11: =INDEX('Summary sales'!$A$6:$CA$50,MATCH($B11,'Summary sales'!$A$6:$A$50,0),MATCH($DD$3,'Summary sales'!$A$7:$CA$7,0)) -> 0 | DF11: =DE11-DD11 -> -800 | DG11: =DE11/DD11 -> 0 | DH11: =INDEX('SO Oktober 2026 Rev3'!$B$6:$BI$50,MATCH($B11,'SO Oktober 2026 Rev3'!$B$6:$B$50,0),MATCH(DH$3,'SO Oktober 2026 Rev3'!$B$5:$XI$5,0)) -> 7200 | DI11: =INDEX('Summary sales'!$A$6:$CA$50,MATCH($B11,'Summary sales'!$A$6:$A$50,0),MATCH($DH$3,'Summary sales'!$A$7:$CA$7,0)) -> 9352.09 | DJ11: =DI11-DH11 -> 2152.09 | DK11: =DI11/DH11 -> 1.2989014 | DL11: =INDEX('SO Oktober 2026 Rev3'!$B$6:$BI$50,MATCH(B11,'SO Oktober 2026 Rev3'!$B$6:$B$50,0),MATCH($DL$3,'SO Oktober 2026 Rev3'!$B$5:$XI$5,0)) -> 2000 | DM11: =INDEX('Summary sales'!$A$6:$CA$50,MATCH($B11,'Summary sales'!$A$6:$A$50,0),MATCH($DL$3,'Summary sales'!$A$7:$CA$7,0)) -> 2101.92 | DN11: =DM11-DL11 -> 101.92 | DO11: =DM11/DL11 -> 1.05096 | DP11: 2000 | DQ11: =INDEX('Summary sales'!$A$6:$CA$50,MATCH($B11,'Summary sales'!$A$6:$A$50,0),MATCH($DP$3,'Summary sales'!$A$7:$CA$7,0)) -> 1631.65 | DR11: =DQ11-DP11 -> -368.35 | DS11: =DQ11/DP11 -> 0.815825 | DT11: =INDEX('SO Oktober 2026 Rev3'!$B$6:$BI$50,MATCH(B11,'SO Oktober 2026 Rev3'!$B$6:$B$50,0),MATCH($DT$3,'SO Oktober 2026 Rev3'!$B$5:$XI$5,0)) -> 1000 | DU11: =INDEX('Summary sales'!$A$6:$CA$50,MATCH($B11,'Summary sales'!$A$6:$A$50,0),MATCH($DT$3,'Summary sales'!$A$7:$CA$7,0)) -> 1045.63 | DV11: =DU11-DT11 -> 45.63 | DW11: =DU11/DT11 -> 1.04563 | DX11: =INDEX('SO Oktober 2026 Rev3'!$B$6:$BI$50,MATCH(B11,'SO Oktober 2026 Rev3'!$B$6:$B$50,0),MATCH($DX$3,'SO Oktober 2026 Rev3'!$B$5:$XI$5,0)) -> 10000 | DY11: =INDEX('Summary sales'!$A$6:$CA$50,MATCH($B11,'Summary sales'!$A$6:$A$50,0),MATCH($DX$3,'Summary sales'!$A$7:$CA$7,0)) -> 7908.63 | DZ11: =DY11-DX11 -> -2091.37 | EA11: =DY11/DX11 -> 0.790863 | EB11: =INDEX('SO Oktober 2026 Rev3'!$B$6:$BI$50,MATCH(B11,'SO Oktober 2026 Rev3'!$B$6:$B$50,0),MATCH($EB$3,'SO Oktober 2026 Rev3'!$B$5:$XI$5,0)) -> 2000 | EC11: =INDEX('Summary sales'!$A$6:$CA$50,MATCH($B11,'Summary sales'!$A$6:$A$50,0),MATCH($EB$3,'Summary sales'!$A$7:$CA$7,0)) -> 3142.86 | ED11: =EC11-EB11 -> 1142.86 | EE11: =EC11/EB11 -> 1.57143 | EF11: 6000 | EG11: =INDEX('Summary sales'!$A$6:$CA$50,MATCH($B11,'Summary sales'!$A$6:$A$50,0),MATCH($EF$3,'Summary sales'!$A$7:$CA$7,0)) -> 4277.73 | EH11: =EG11-EF11 -> -1722.27 | EI11: =EG11/EF11 -> 0.712955 | EJ11: 7000 | EK11: =INDEX('Summary sales'!$A$6:$CA$50,MATCH(B11,'Summary sales'!$A$6:$A$50,0),MATCH($EJ$3,'Summary sales'!$A$7:$CA$7,0)) -> 9725.54 | EL11: =EK11-EJ11 -> 2725.54 | EM11: =EK11/EJ11 -> 1.3893629 | EN11: =INDEX('SO Oktober 2026 Rev3'!$B$6:$BI$50,MATCH(B11,'SO Oktober 2026 Rev3'!$B$6:$B$50,0),MATCH($EN$3,'SO Oktober 2026 Rev3'!$B$5:$XI$5,0)) -> 3000 | EO11: =INDEX('Summary sales'!$A$6:$CA$50,MATCH($B11,'Summary sales'!$A$6:$A$50,0),MATCH($EN$3,'Summary sales'!$A$7:$CA$7,0)) -> 6157.52 | EP11: =EO11-EN11 -> 3157.52 | EQ11: =EO11/EN11 -> 2.0525067 | ER11: 12000 | ES11: =INDEX('Summary sales'!$A$6:$CA$50,MATCH($B11,'Summary sales'!$A$6:$A$50,0),MATCH($ER$3,'Summary sales'!$A$7:$CA$7,0)) -> 34823.45 | ET11: =ES11-ER11 -> 22823.45 | EU11: =ES11/ER11 -> 2.9019542 | EV11: 4000 | EW11: =INDEX('Summary sales'!$A$6:$CA$50,MATCH(B11,'Summary sales'!$A$6:$A$50,0),MATCH($EV$3,'Summary sales'!$A$7:$CA$7,0)) -> 3480.79 | EX11: =EW11-EV11 -> -519.21 | EY11: =EW11/EV11 -> 0.8701975 | EZ11: =INDEX('SO Oktober 2026 Rev3'!$B$6:$BI$50,MATCH(B11,'SO Oktober 2026 Rev3'!$B$6:$B$50,0),MATCH($EZ$3,'SO Oktober 2026 Rev3'!$B$5:$XI$5,0)) -> 3500 | FA11: =INDEX('Summary sales'!$A$6:$CA$50,MATCH(B11,'Summary sales'!$A$6:$A$50,0),MATCH($EZ$3,'Summary sales'!$A$7:$CA$7,0)) -> 4664 | FB11: =FA11-EZ11 -> 1164 | FC11: =FA11/EZ11 -> 1.3325714 | FD11: 0 | FE11: =INDEX('Summary sales'!$A$6:$CA$50,MATCH(B11,'Summary sales'!$A$6:$A$50,0),MATCH($FD$3,'Summary sales'!$A$7:$CA$7,0)) -> 0 | FF11: =FE11-FD11 -> 0 | FG11: =FE11/FD11 -> #DIV/0! | FH11: =INDEX('SO Oktober 2026 Rev3'!$B$6:$BI$50,MATCH(B11,'SO Oktober 2026 Rev3'!$B$6:$B$50,0),MATCH($FH$3,'SO Oktober 2026 Rev3'!$B$5:$XI$5,0)) -> 10000 | FI11: =INDEX('Summary sales'!$A$6:$CA$50,MATCH(B11,'Summary sales'!$A$6:$A$50,0),MATCH($FH$3,'Summary sales'!$A$7:$CA$7,0)) -> 11320.19 | FJ11: =FI11-FH11 -> 1320.19 | FK11: =FI11/FH11 -> 1.132019 | FL11: =INDEX('SO Oktober 2026 Rev3'!$B$6:$BI$50,MATCH(B11,'SO Oktober 2026 Rev3'!$B$6:$B$50,0),MATCH($FL$3,'SO Oktober 2026 Rev3'!$B$5:$XI$5,0)) -> 500 | FM11: =INDEX('Summary sales'!$A$6:$CA$50,MATCH(B11,'Summary sales'!$A$6:$A$50,0),MATCH($FL$3,'Summary sales'!$A$7:$CA$7,0)) -> 468.13 | FN11: =FM11-FL11 -> -31.87 | FO11: =FM11/FL11 -> 0.93626 | FP11: 6500 | FQ11: =INDEX('Summary sales'!$A$6:$CA$50,MATCH(B11,'Summary sales'!$A$6:$A$50,0),MATCH($FP$3,'Summary sales'!$A$7:$CA$7,0)) -> 6280.09 | FR11: =FQ11-FP11 -> -219.91 | FS11: =FQ11/FP11 -> 0.96616769 | FT11: =INDEX('SO Oktober 2026 Rev3'!$B$6:$BI$50,MATCH(B11,'SO Oktober 2026 Rev3'!$B$6:$B$50,0),MATCH($FT$3,'SO Oktober 2026 Rev3'!$B$5:$XI$5,0)) -> 3500 | FU11: =INDEX('Summary sales'!$A$6:$CA$50,MATCH(B11,'Summary sales'!$A$6:$A$50,0),MATCH($FT$3,'Summary sales'!$A$7:$CA$7,0)) -> 0 | FV11: =FU11-FT11 -> -3500 | FW11: =FU11/FT11 -> 0 | FX11: =INDEX('SO Oktober 2026 Rev3'!$B$6:$BI$50,MATCH(B11,'SO Oktober 2026 Rev3'!$B$6:$B$50,0),MATCH($FX$3,'SO Oktober 2026 Rev3'!$B$5:$XI$5,0)) -> 2000 | FY11: =INDEX('Summary sales'!$A$6:$CA$50,MATCH(B11,'Summary sales'!$A$6:$A$50,0),MATCH($FX$3,'Summary sales'!$A$7:$CA$7,0)) -> 2784.97 | FZ11: =FY11-FX11 -> 784.97 | GA11: =FY11/FX11 -> 1.392485 | GB11: 369.61071 | GC11: =INDEX('Summary sales'!$A$6:$CA$50,MATCH(B11,'Summary sales'!$A$6:$A$50,0),MATCH($GB$3,'Summary sales'!$A$7:$CA$7,0)) -> 0 | GD11: =GC11-GB11 -> -369.61071 | GE11: =GC11/GB11 -> 0 | GF11: 9000 | GG11: =INDEX('Summary sales'!$A$6:$CA$50,MATCH(B11,'Summary sales'!$A$6:$A$50,0),MATCH($GF$3,'Summary sales'!$A$7:$CA$7,0)) -> 4347.891 | GH11: =GG11-GF11 -> -4652.109 | GI11: =GG11/GF11 -> 0.483099 | GJ11: =INDEX('SO Oktober 2026 Rev3'!$B$6:$BI$50,MATCH(B11,'SO Oktober 2026 Rev3'!$B$6:$B$50,0),MATCH($GJ$3,'SO Oktober 2026 Rev3'!$B$5:$XI$5,0)) -> 1121.9003 | GK11: =INDEX('Summary sales'!$A$6:$CA$50,MATCH($B11,'Summary sales'!$A$6:$A$50,0),MATCH($GJ$3,'Summary sales'!$A$7:$CA$7,0)) -> 782.3 | GL11: =GK11-GJ11 -> -339.60032 | GM11: =GK11/GJ11 -> 0.69729902 | GN11: =INDEX('SO Oktober 2026 Rev3'!$B$6:$BI$50,MATCH(B11,'SO Oktober 2026 Rev3'!$B$6:$B$50,0),MATCH($GN$3,'SO Oktober 2026 Rev3'!$B$5:$XI$5,0)) -> 2499.7026 | GO11: =INDEX('Summary sales'!$A$6:$CA$50,MATCH(B11,'Summary sales'!$A$6:$A$50,0),MATCH($GN$3,'Summary sales'!$A$7:$CA$7,0)) -> 2465.21 | GP11: =GO11-GN11 -> -34.492581 | GQ11: =GO11/GN11 -> 0.98620133 | GR11: 5000 | GS11: =INDEX('Summary sales'!$A$6:$CA$50,MATCH(B11,'Summary sales'!$A$6:$A$50,0),MATCH($GR$3,'Summary sales'!$A$7:$CA$7,0)) -> 9533.2 | GT11: =GS11-GR11 -> 4533.2 | GU11: =GS11/GR11 -> 1.90664 | GV11: =INDEX('SO Oktober 2026 Rev3'!$B$6:$BI$50,MATCH(B11,'SO Oktober 2026 Rev3'!$B$6:$B$50,0),MATCH($GV$3,'SO Oktober 2026 Rev3'!$B$5:$XI$5,0)) -> 2499.7026 | GW11: =INDEX('Summary sales'!$A$6:$CA$50,MATCH(B11,'Summary sales'!$A$6:$A$50,0),MATCH($GV$3,'Summary sales'!$A$7:$CA$7,0)) -> 3198.42 | GX11: =GW11-GV11 -> 698.71742 | GY11: =GW11/GV11 -> 1.2795202 | GZ11: =INDEX('SO Oktober 2026 Rev3'!$B$6:$BI$50,MATCH(B11,'SO Oktober 2026 Rev3'!$B$6:$B$50,0),MATCH($GZ$3,'SO Oktober 2026 Rev3'!$B$5:$XI$5,0)) -> 31500 | HA11: =INDEX('Summary sales'!$A$6:$CA$50,MATCH(B11,'Summary sales'!$A$6:$A$50,0),MATCH($GZ$3,'Summary sales'!$A$7:$CA$7,0)) -> 4518.647 | HB11: =HA11-GZ11 -> -26981.353 | HC11: =HA11/GZ11 -> 0.14344911
B12: =B11+1 -> 46301 | C12: =TEXT(B12,"ddd") -> Tue | D12: =SUMIF($H$4:$HB$4,$D$4,H12:HB12) -> 203606.98 | E12: =SUMIF($H$4:$HB$4,$E$4,H12:HB12) -> 184054.67 | F12: =E12-D12 -> -19552.307 | G12: =E12/D12 -> 0.90397035 | H12: =INDEX('SO Oktober 2026 Rev3'!$B$6:$BI$50,MATCH($B12,'SO Oktober 2026 Rev3'!$B$6:$B$50,0),MATCH($H$3,'SO Oktober 2026 Rev3'!$B$5:$XI$5,0)) -> 1199.5729 | I12: =INDEX('Summary sales'!$A$6:$CA$50,MATCH($B12,'Summary sales'!$A$6:$A$50,0),MATCH($H$3,'Summary sales'!$A$7:$CA$7,0)) -> 0 | J12: =I12-H12 -> -1199.5729 | K12: =I12/H12 -> 0 | L12: =INDEX('SO Oktober 2026 Rev3'!$B$6:$BI$50,MATCH($B12,'SO Oktober 2026 Rev3'!$B$6:$B$50,0),MATCH($L$3,'SO Oktober 2026 Rev3'!$B$5:$XI$5,0)) -> 1200 | M12: =INDEX('Summary sales'!$A$6:$CA$50,MATCH($B12,'Summary sales'!$A$6:$A$50,0),MATCH($L$3,'Summary sales'!$A$7:$CA$7,0)) -> 1175.94 | N12: =M12-L12 -> -24.06 | O12: =M12/L12 -> 0.97995 | P12: =INDEX('SO Oktober 2026 Rev3'!$B$6:$BI$50,MATCH($B12,'SO Oktober 2026 Rev3'!$B$6:$B$50,0),MATCH($P$3,'SO Oktober 2026 Rev3'!$B$5:$XI$5,0)) -> 3300 | Q12: =INDEX('Summary sales'!$A$6:$CA$50,MATCH($B12,'Summary sales'!$A$6:$A$50,0),MATCH($P$3,'Summary sales'!$A$7:$CA$7,0)) -> 2596.2 | R12: =Q12-P12 -> -703.8 | S12: =Q12/P12 -> 0.78672727 | T12: =INDEX('SO Oktober 2026 Rev3'!$B$6:$BI$50,MATCH(B12,'SO Oktober 2026 Rev3'!$B$6:$B$50,0),MATCH($T$3,'SO Oktober 2026 Rev3'!$B$5:$XI$5,0)) -> 800 | U12: =INDEX('Summary sales'!$A$6:$CA$50,MATCH($B12,'Summary sales'!$A$6:$A$50,0),MATCH($T$3,'Summary sales'!$A$7:$CA$7,0)) -> 902.76 | V12: =U12-T12 -> 102.76 | W12: =U12/T12 -> 1.12845 | X12: =INDEX('SO Oktober 2026 Rev3'!$B$6:$BI$50,MATCH(B12,'SO Oktober 2026 Rev3'!$B$6:$B$50,0),MATCH($X$3,'SO Oktober 2026 Rev3'!$B$5:$XI$5,0)) -> 150 | Y12: =INDEX('Summary sales'!$A$6:$CA$50,MATCH($B12,'Summary sales'!$A$6:$A$50,0),MATCH($X$3,'Summary sales'!$A$7:$CA$7,0)) -> 0 | Z12: =Y12-X12 -> -150 | AA12: =Y12/X12 -> 0 | AB12: =INDEX('SO Oktober 2026 Rev3'!$B$6:$BI$50,MATCH(B12,'SO Oktober 2026 Rev3'!$B$6:$B$50,0),MATCH($AB$3,'SO Oktober 2026 Rev3'!$B$5:$XI$5,0)) -> 603.76323 | AC12: =INDEX('Summary sales'!$A$6:$CA$50,MATCH($B12,'Summary sales'!$A$6:$A$50,0),MATCH($AB$3,'Summary sales'!$A$7:$CA$7,0)) -> 864.78 | AD12: =AC12-AB12 -> 261.01677 | AE12: =AC12/AB12 -> 1.4323164 | AF12: =INDEX('SO Oktober 2026 Rev3'!$B$6:$BI$50,MATCH(B12,'SO Oktober 2026 Rev3'!$B$6:$B$50,0),MATCH($AF$3,'SO Oktober 2026 Rev3'!$B$5:$XI$5,0)) -> 673.27548 | AG12: =INDEX('Summary sales'!$A$6:$CA$50,MATCH($B12,'Summary sales'!$A$6:$A$50,0),MATCH($AF$3,'Summary sales'!$A$7:$CA$7,0)) -> 480.24 | AH12: =AG12-AF12 -> -193.03548 | AI12: =AG12/AF12 -> 0.71328901 | AJ12: =INDEX('SO Oktober 2026 Rev3'!$B$6:$BI$50,MATCH(B12,'SO Oktober 2026 Rev3'!$B$6:$B$50,0),MATCH($AJ$3,'SO Oktober 2026 Rev3'!$B$5:$XI$5,0)) -> 5500 | AK12: =INDEX('Summary sales'!$A$6:$CA$50,MATCH($B12,'Summary sales'!$A$6:$A$50,0),MATCH($AJ$3,'Summary sales'!$A$7:$CA$7,0)) -> 5660.2 | AL12: =AK12-AJ12 -> 160.2 | AM12: =AK12/AJ12 -> 1.0291273 | AN12: 5000 | AO12: =INDEX('Summary sales'!$A$6:$CA$50,MATCH($B12,'Summary sales'!$A$6:$A$50,0),MATCH($AN$3,'Summary sales'!$A$7:$CA$7,0)) -> 3697.62 | AP12: =AO12-AN12 -> -1302.38 | AQ12: =AO12/AN12 -> 0.739524 | AR12: 1500 | AS12: =INDEX('Summary sales'!$A$6:$CA$50,MATCH($B12,'Summary sales'!$A$6:$A$50,0),MATCH($AR$3,'Summary sales'!$A$7:$CA$7,0)) -> 1457.89 | AT12: =AS12-AR12 -> -42.11 | AU12: =AS12/AR12 -> 0.97192667 | AV12: =INDEX('SO Oktober 2026 Rev3'!$B$6:$BI$50,MATCH(B12,'SO Oktober 2026 Rev3'!$B$6:$B$50,0),MATCH($AV$3,'SO Oktober 2026 Rev3'!$B$5:$XI$5,0)) -> 1300 | AW12: =INDEX('Summary sales'!$A$6:$CA$50,MATCH($B12,'Summary sales'!$A$6:$A$50,0),MATCH($AV$3,'Summary sales'!$A$7:$CA$7,0)) -> 566.18 | AX12: =AW12-AV12 -> -733.82 | AY12: =AW12/AV12 -> 0.43552308 | AZ12: 10800 | BA12: =INDEX('Summary sales'!$A$6:$CA$50,MATCH($B12,'Summary sales'!$A$6:$A$50,0),MATCH($AZ$3,'Summary sales'!$A$7:$CA$7,0)) -> 11187.08 | BB12: =BA12-AZ12 -> 387.08 | BC12: =BA12/AZ12 -> 1.0358407 | BD12: 8000 | BE12: =INDEX('Summary sales'!$A$6:$CA$50,MATCH($B12,'Summary sales'!$A$6:$A$50,0),MATCH($BD$3,'Summary sales'!$A$7:$CA$7,0)) -> 9572.54 | BF12: =BE12-BD12 -> 1572.54 | BG12: =BE12/BD12 -> 1.1965675 | BH12: =INDEX('SO Oktober 2026 Rev3'!$B$6:$BI$50,MATCH(B12,'SO Oktober 2026 Rev3'!$B$6:$B$50,0),MATCH($BH$3,'SO Oktober 2026 Rev3'!$B$5:$XI$5,0)) -> 1000 | BI12: =INDEX('Summary sales'!$A$6:$CA$50,MATCH($B12,'Summary sales'!$A$6:$A$50,0),MATCH($BH$3,'Summary sales'!$A$7:$CA$7,0)) -> 1526.199 | BJ12: =BI12-BH12 -> 526.199 | BK12: =BI12/BH12 -> 1.526199 | BL12: =INDEX('SO Oktober 2026 Rev3'!$B$6:$BI$50,MATCH(B12,'SO Oktober 2026 Rev3'!$B$6:$B$50,0),MATCH($BL$3,'SO Oktober 2026 Rev3'!$B$5:$XI$5,0)) -> 3000 | BM12: =INDEX('Summary sales'!$A$6:$CA$50,MATCH($B12,'Summary sales'!$A$6:$A$50,0),MATCH($BL$3,'Summary sales'!$A$7:$CA$7,0)) -> 4756.17 | BN12: =BM12-BL12 -> 1756.17 | BO12: =BM12/BL12 -> 1.58539 | BP12: =INDEX('SO Oktober 2026 Rev3'!$B$6:$BI$50,MATCH(B12,'SO Oktober 2026 Rev3'!$B$6:$B$50,0),MATCH($BP$3,'SO Oktober 2026 Rev3'!$B$5:$XI$5,0)) -> 1000 | BQ12: =INDEX('Summary sales'!$A$6:$CA$50,MATCH($B12,'Summary sales'!$A$6:$A$50,0),MATCH($BP$3,'Summary sales'!$A$7:$CA$7,0)) -> 332.57 | BR12: =BQ12-BP12 -> -667.43 | BS12: =BQ12/BP12 -> 0.33257 | BT12: =INDEX('SO Oktober 2026 Rev3'!$B$6:$BI$50,MATCH(B12,'SO Oktober 2026 Rev3'!$B$6:$B$50,0),MATCH($BT$3,'SO Oktober 2026 Rev3'!$B$5:$XI$5,0)) -> 89.451613 | BU12: =INDEX('Summary sales'!$A$6:$CA$50,MATCH($B12,'Summary sales'!$A$6:$A$50,0),MATCH($BT$3,'Summary sales'!$A$7:$CA$7,0)) -> 62.181 | BV12: =BU12-BT12 -> -27.270613 | BW12: =BU12/BT12 -> 0.69513559 | BX12: 3000 | BY12: =INDEX('Summary sales'!$A$6:$CA$50,MATCH($B12,'Summary sales'!$A$6:$A$50,0),MATCH($BX$3,'Summary sales'!$A$7:$CA$7,0)) -> 3790.8 | BZ12: =BY12-BX12 -> 790.8 | CA12: =BY12/BX12 -> 1.2636 | CB12: =INDEX('SO Oktober 2026 Rev3'!$B$6:$BI$50,MATCH(B12,'SO Oktober 2026 Rev3'!$B$6:$B$50,0),MATCH($CB$3,'SO Oktober 2026 Rev3'!$B$5:$XI$5,0)) -> 1000 | CC12: =INDEX('Summary sales'!$A$6:$CA$50,MATCH($B12,'Summary sales'!$A$6:$A$50,0),MATCH($CB$3,'Summary sales'!$A$7:$CA$7,0)) -> 864.46 | CD12: =CC12-CB12 -> -135.54 | CE12: =CC12/CB12 -> 0.86446 | CF12: =INDEX('SO Oktober 2026 Rev3'!$B$6:$BI$50,MATCH(B12,'SO Oktober 2026 Rev3'!$B$6:$B$50,0),MATCH($CF$3,'SO Oktober 2026 Rev3'!$B$5:$XI$5,0)) -> 3000 | CG12: =INDEX('Summary sales'!$A$6:$CA$50,MATCH($B12,'Summary sales'!$A$6:$A$50,0),MATCH($CF$3,'Summary sales'!$A$7:$CA$7,0)) -> 2642.5 | CH12: =CG12-CF12 -> -357.5 | CI12: =CG12/CF12 -> 0.88083333 | CJ12: =INDEX('SO Oktober 2026 Rev3'!$B$6:$BI$50,MATCH($B12,'SO Oktober 2026 Rev3'!$B$6:$B$50,0),MATCH($CJ$3,'SO Oktober 2026 Rev3'!$B$5:$XI$5,0)) -> 0 | CK12: =INDEX('Summary sales'!$A$6:$CA$50,MATCH($B12,'Summary sales'!$A$6:$A$50,0),MATCH($CJ$3,'Summary sales'!$A$7:$CA$7,0)) -> 3019.81 | CL12: =CK12-CJ12 -> 3019.81 | CM12: =CK12/CJ12 -> #DIV/0! | CN12: =INDEX('SO Oktober 2026 Rev3'!$B$6:$BI$50,MATCH($B12,'SO Oktober 2026 Rev3'!$B$6:$B$50,0),MATCH(CN$3,'SO Oktober 2026 Rev3'!$B$5:$XI$5,0)) -> 0 | CO12: =INDEX('Summary sales'!$A$6:$CA$50,MATCH($B12,'Summary sales'!$A$6:$A$50,0),MATCH($CN$3,'Summary sales'!$A$7:$CA$7,0)) -> 0 | CP12: =CO12-CN12 -> 0 | CQ12: =CO12/CN12 -> #DIV/0! | CR12: =INDEX('SO Oktober 2026 Rev3'!$B$6:$BI$50,MATCH($B12,'SO Oktober 2026 Rev3'!$B$6:$B$50,0),MATCH(CR$3,'SO Oktober 2026 Rev3'!$B$5:$XI$5,0)) -> 2000 | CS12: =INDEX('Summary sales'!$A$6:$CA$50,MATCH($B12,'Summary sales'!$A$6:$A$50,0),MATCH($CR$3,'Summary sales'!$A$7:$CA$7,0)) -> 0 | CT12: =CS12-CR12 -> -2000 | CU12: =CS12/CR12 -> 0 | CV12: 12500 | CW12: =INDEX('Summary sales'!$A$6:$CA$50,MATCH($B12,'Summary sales'!$A$6:$A$50,0),MATCH($CV$3,'Summary sales'!$A$7:$CA$7,0)) -> 8950.847 | CX12: =CW12-CV12 -> -3549.153 | CY12: =CW12/CV12 -> 0.71606776 | CZ12: =INDEX('SO Oktober 2026 Rev3'!$B$6:$BI$50,MATCH(B12,'SO Oktober 2026 Rev3'!$B$6:$B$50,0),MATCH($CZ$3,'SO Oktober 2026 Rev3'!$B$5:$XI$5,0)) -> 2000 | DA12: =INDEX('Summary sales'!$A$6:$CA$50,MATCH($B12,'Summary sales'!$A$6:$A$50,0),MATCH($CZ$3,'Summary sales'!$A$7:$CA$7,0)) -> 2149.36 | DB12: =DA12-CZ12 -> 149.36 | DC12: =DA12/CZ12 -> 1.07468 | DD12: =INDEX('SO Oktober 2026 Rev3'!$B$6:$BI$50,MATCH($B12,'SO Oktober 2026 Rev3'!$B$6:$B$50,0),MATCH(DD$3,'SO Oktober 2026 Rev3'!$B$5:$XI$5,0)) -> 800 | DE12: =INDEX('Summary sales'!$A$6:$CA$50,MATCH($B12,'Summary sales'!$A$6:$A$50,0),MATCH($DD$3,'Summary sales'!$A$7:$CA$7,0)) -> 26.87 | DF12: =DE12-DD12 -> -773.13 | DG12: =DE12/DD12 -> 0.0335875 | DH12: =INDEX('SO Oktober 2026 Rev3'!$B$6:$BI$50,MATCH($B12,'SO Oktober 2026 Rev3'!$B$6:$B$50,0),MATCH(DH$3,'SO Oktober 2026 Rev3'!$B$5:$XI$5,0)) -> 7200 | DI12: =INDEX('Summary sales'!$A$6:$CA$50,MATCH($B12,'Summary sales'!$A$6:$A$50,0),MATCH($DH$3,'Summary sales'!$A$7:$CA$7,0)) -> 7567.79 | DJ12: =DI12-DH12 -> 367.79 | DK12: =DI12/DH12 -> 1.0510819 | DL12: =INDEX('SO Oktober 2026 Rev3'!$B$6:$BI$50,MATCH(B12,'SO Oktober 2026 Rev3'!$B$6:$B$50,0),MATCH($DL$3,'SO Oktober 2026 Rev3'!$B$5:$XI$5,0)) -> 2000 | DM12: =INDEX('Summary sales'!$A$6:$CA$50,MATCH($B12,'Summary sales'!$A$6:$A$50,0),MATCH($DL$3,'Summary sales'!$A$7:$CA$7,0)) -> 1939.14 | DN12: =DM12-DL12 -> -60.86 | DO12: =DM12/DL12 -> 0.96957 | DP12: 2000 | DQ12: =INDEX('Summary sales'!$A$6:$CA$50,MATCH($B12,'Summary sales'!$A$6:$A$50,0),MATCH($DP$3,'Summary sales'!$A$7:$CA$7,0)) -> 1438.93 | DR12: =DQ12-DP12 -> -561.07 | DS12: =DQ12/DP12 -> 0.719465 | DT12: =INDEX('SO Oktober 2026 Rev3'!$B$6:$BI$50,MATCH(B12,'SO Oktober 2026 Rev3'!$B$6:$B$50,0),MATCH($DT$3,'SO Oktober 2026 Rev3'!$B$5:$XI$5,0)) -> 1000 | DU12: =INDEX('Summary sales'!$A$6:$CA$50,MATCH($B12,'Summary sales'!$A$6:$A$50,0),MATCH($DT$3,'Summary sales'!$A$7:$CA$7,0)) -> 74.87 | DV12: =DU12-DT12 -> -925.13 | DW12: =DU12/DT12 -> 0.07487 | DX12: =INDEX('SO Oktober 2026 Rev3'!$B$6:$BI$50,MATCH(B12,'SO Oktober 2026 Rev3'!$B$6:$B$50,0),MATCH($DX$3,'SO Oktober 2026 Rev3'!$B$5:$XI$5,0)) -> 10000 | DY12: =INDEX('Summary sales'!$A$6:$CA$50,MATCH($B12,'Summary sales'!$A$6:$A$50,0),MATCH($DX$3,'Summary sales'!$A$7:$CA$7,0)) -> 8993.42 | DZ12: =DY12-DX12 -> -1006.58 | EA12: =DY12/DX12 -> 0.899342 | EB12: =INDEX('SO Oktober 2026 Rev3'!$B$6:$BI$50,MATCH(B12,'SO Oktober 2026 Rev3'!$B$6:$B$50,0),MATCH($EB$3,'SO Oktober 2026 Rev3'!$B$5:$XI$5,0)) -> 2000 | EC12: =INDEX('Summary sales'!$A$6:$CA$50,MATCH($B12,'Summary sales'!$A$6:$A$50,0),MATCH($EB$3,'Summary sales'!$A$7:$CA$7,0)) -> 2303.83 | ED12: =EC12-EB12 -> 303.83 | EE12: =EC12/EB12 -> 1.151915 | EF12: 6000 | EG12: =INDEX('Summary sales'!$A$6:$CA$50,MATCH($B12,'Summary sales'!$A$6:$A$50,0),MATCH($EF$3,'Summary sales'!$A$7:$CA$7,0)) -> 4675.71 | EH12: =EG12-EF12 -> -1324.29 | EI12: =EG12/EF12 -> 0.779285 | EJ12: 7000 | EK12: =INDEX('Summary sales'!$A$6:$CA$50,MATCH(B12,'Summary sales'!$A$6:$A$50,0),MATCH($EJ$3,'Summary sales'!$A$7:$CA$7,0)) -> 11294.03 | EL12: =EK12-EJ12 -> 4294.03 | EM12: =EK12/EJ12 -> 1.6134329 | EN12: =INDEX('SO Oktober 2026 Rev3'!$B$6:$BI$50,MATCH(B12,'SO Oktober 2026 Rev3'!$B$6:$B$50,0),MATCH($EN$3,'SO Oktober 2026 Rev3'!$B$5:$XI$5,0)) -> 3000 | EO12: =INDEX('Summary sales'!$A$6:$CA$50,MATCH($B12,'Summary sales'!$A$6:$A$50,0),MATCH($EN$3,'Summary sales'!$A$7:$CA$7,0)) -> 4852.3 | EP12: =EO12-EN12 -> 1852.3 | EQ12: =EO12/EN12 -> 1.6174333 | ER12: 12000 | ES12: =INDEX('Summary sales'!$A$6:$CA$50,MATCH($B12,'Summary sales'!$A$6:$A$50,0),MATCH($ER$3,'Summary sales'!$A$7:$CA$7,0)) -> 20993.32 | ET12: =ES12-ER12 -> 8993.32 | EU12: =ES12/ER12 -> 1.7494433 | EV12: 4000 | EW12: =INDEX('Summary sales'!$A$6:$CA$50,MATCH(B12,'Summary sales'!$A$6:$A$50,0),MATCH($EV$3,'Summary sales'!$A$7:$CA$7,0)) -> 4560.66 | EX12: =EW12-EV12 -> 560.66 | EY12: =EW12/EV12 -> 1.140165 | EZ12: =INDEX('SO Oktober 2026 Rev3'!$B$6:$BI$50,MATCH(B12,'SO Oktober 2026 Rev3'!$B$6:$B$50,0),MATCH($EZ$3,'SO Oktober 2026 Rev3'!$B$5:$XI$5,0)) -> 3500 | FA12: =INDEX('Summary sales'!$A$6:$CA$50,MATCH(B12,'Summary sales'!$A$6:$A$50,0),MATCH($EZ$3,'Summary sales'!$A$7:$CA$7,0)) -> 4532 | FB12: =FA12-EZ12 -> 1032 | FC12: =FA12/EZ12 -> 1.2948571 | FD12: 0 | FE12: =INDEX('Summary sales'!$A$6:$CA$50,MATCH(B12,'Summary sales'!$A$6:$A$50,0),MATCH($FD$3,'Summary sales'!$A$7:$CA$7,0)) -> 0 | FF12: =FE12-FD12 -> 0 | FG12: =FE12/FD12 -> #DIV/0! | FH12: =INDEX('SO Oktober 2026 Rev3'!$B$6:$BI$50,MATCH(B12,'SO Oktober 2026 Rev3'!$B$6:$B$50,0),MATCH($FH$3,'SO Oktober 2026 Rev3'!$B$5:$XI$5,0)) -> 10000 | FI12: =INDEX('Summary sales'!$A$6:$CA$50,MATCH(B12,'Summary sales'!$A$6:$A$50,0),MATCH($FH$3,'Summary sales'!$A$7:$CA$7,0)) -> 18163.52 | FJ12: =FI12-FH12 -> 8163.52 | FK12: =FI12/FH12 -> 1.816352 | FL12: =INDEX('SO Oktober 2026 Rev3'!$B$6:$BI$50,MATCH(B12,'SO Oktober 2026 Rev3'!$B$6:$B$50,0),MATCH($FL$3,'SO Oktober 2026 Rev3'!$B$5:$XI$5,0)) -> 500 | FM12: =INDEX('Summary sales'!$A$6:$CA$50,MATCH(B12,'Summary sales'!$A$6:$A$50,0),MATCH($FL$3,'Summary sales'!$A$7:$CA$7,0)) -> 472.39 | FN12: =FM12-FL12 -> -27.61 | FO12: =FM12/FL12 -> 0.94478 | FP12: 6500 | FQ12: =INDEX('Summary sales'!$A$6:$CA$50,MATCH(B12,'Summary sales'!$A$6:$A$50,0),MATCH($FP$3,'Summary sales'!$A$7:$CA$7,0)) -> 6156.24 | FR12: =FQ12-FP12 -> -343.76 | FS12: =FQ12/FP12 -> 0.94711385 | FT12: =INDEX('SO Oktober 2026 Rev3'!$B$6:$BI$50,MATCH(B12,'SO Oktober 2026 Rev3'!$B$6:$B$50,0),MATCH($FT$3,'SO Oktober 2026 Rev3'!$B$5:$XI$5,0)) -> 3500 | FU12: =INDEX('Summary sales'!$A$6:$CA$50,MATCH(B12,'Summary sales'!$A$6:$A$50,0),MATCH($FT$3,'Summary sales'!$A$7:$CA$7,0)) -> 0 | FV12: =FU12-FT12 -> -3500 | FW12: =FU12/FT12 -> 0 | FX12: =INDEX('SO Oktober 2026 Rev3'!$B$6:$BI$50,MATCH(B12,'SO Oktober 2026 Rev3'!$B$6:$B$50,0),MATCH($FX$3,'SO Oktober 2026 Rev3'!$B$5:$XI$5,0)) -> 2000 | FY12: =INDEX('Summary sales'!$A$6:$CA$50,MATCH(B12,'Summary sales'!$A$6:$A$50,0),MATCH($FX$3,'Summary sales'!$A$7:$CA$7,0)) -> 2545.03 | FZ12: =FY12-FX12 -> 545.03 | GA12: =FY12/FX12 -> 1.272515 | GB12: 369.61071 | GC12: =INDEX('Summary sales'!$A$6:$CA$50,MATCH(B12,'Summary sales'!$A$6:$A$50,0),MATCH($GB$3,'Summary sales'!$A$7:$CA$7,0)) -> 0 | GD12: =GC12-GB12 -> -369.61071 | GE12: =GC12/GB12 -> 0 | GF12: 9000 | GG12: =INDEX('Summary sales'!$A$6:$CA$50,MATCH(B12,'Summary sales'!$A$6:$A$50,0),MATCH($GF$3,'Summary sales'!$A$7:$CA$7,0)) -> 4122.043 | GH12: =GG12-GF12 -> -4877.957 | GI12: =GG12/GF12 -> 0.45800478 | GJ12: =INDEX('SO Oktober 2026 Rev3'!$B$6:$BI$50,MATCH(B12,'SO Oktober 2026 Rev3'!$B$6:$B$50,0),MATCH($GJ$3,'SO Oktober 2026 Rev3'!$B$5:$XI$5,0)) -> 1121.9003 | GK12: =INDEX('Summary sales'!$A$6:$CA$50,MATCH($B12,'Summary sales'!$A$6:$A$50,0),MATCH($GJ$3,'Summary sales'!$A$7:$CA$7,0)) -> 596.9 | GL12: =GK12-GJ12 -> -525.00032 | GM12: =GK12/GJ12 -> 0.5320437 | GN12: =INDEX('SO Oktober 2026 Rev3'!$B$6:$BI$50,MATCH(B12,'SO Oktober 2026 Rev3'!$B$6:$B$50,0),MATCH($GN$3,'SO Oktober 2026 Rev3'!$B$5:$XI$5,0)) -> 2499.7026 | GO12: =INDEX('Summary sales'!$A$6:$CA$50,MATCH(B12,'Summary sales'!$A$6:$A$50,0),MATCH($GN$3,'Summary sales'!$A$7:$CA$7,0)) -> 2702.94 | GP12: =GO12-GN12 -> 203.23742 | GQ12: =GO12/GN12 -> 1.0813046 | GR12: 5000 | GS12: =INDEX('Summary sales'!$A$6:$CA$50,MATCH(B12,'Summary sales'!$A$6:$A$50,0),MATCH($GR$3,'Summary sales'!$A$7:$CA$7,0)) -> 5641.44 | GT12: =GS12-GR12 -> 641.44 | GU12: =GS12/GR12 -> 1.128288 | GV12: =INDEX('SO Oktober 2026 Rev3'!$B$6:$BI$50,MATCH(B12,'SO Oktober 2026 Rev3'!$B$6:$B$50,0),MATCH($GV$3,'SO Oktober 2026 Rev3'!$B$5:$XI$5,0)) -> 2499.7026 | GW12: =INDEX('Summary sales'!$A$6:$CA$50,MATCH(B12,'Summary sales'!$A$6:$A$50,0),MATCH($GV$3,'Summary sales'!$A$7:$CA$7,0)) -> 2386.3 | GX12: =GW12-GV12 -> -113.40258 | GY12: =GW12/GV12 -> 0.95463357 | GZ12: =INDEX('SO Oktober 2026 Rev3'!$B$6:$BI$50,MATCH(B12,'SO Oktober 2026 Rev3'!$B$6:$B$50,0),MATCH($GZ$3,'SO Oktober 2026 Rev3'!$B$5:$XI$5,0)) -> 31500 | HA12: =INDEX('Summary sales'!$A$6:$CA$50,MATCH(B12,'Summary sales'!$A$6:$A$50,0),MATCH($GZ$3,'Summary sales'!$A$7:$CA$7,0)) -> 1758.672 | HB12: =HA12-GZ12 -> -29741.328 | HC12: =HA12/GZ12 -> 0.055830857
A13: =WEEKNUM(B13) -> 41 | B13: =B12+1 -> 46302 | C13: =TEXT(B13,"ddd") -> Wed | D13: =SUMIF($H$4:$HB$4,$D$4,H13:HB13) -> 203606.98 | E13: =SUMIF($H$4:$HB$4,$E$4,H13:HB13) -> 183084.23 | F13: =E13-D13 -> -20522.749 | G13: =E13/D13 -> 0.8992041 | H13: =INDEX('SO Oktober 2026 Rev3'!$B$6:$BI$50,MATCH($B13,'SO Oktober 2026 Rev3'!$B$6:$B$50,0),MATCH($H$3,'SO Oktober 2026 Rev3'!$B$5:$XI$5,0)) -> 1199.5729 | I13: =INDEX('Summary sales'!$A$6:$CA$50,MATCH($B13,'Summary sales'!$A$6:$A$50,0),MATCH($H$3,'Summary sales'!$A$7:$CA$7,0)) -> 550.81 | J13: =I13-H13 -> -648.7629 | K13: =I13/H13 -> 0.45917176 | L13: =INDEX('SO Oktober 2026 Rev3'!$B$6:$BI$50,MATCH($B13,'SO Oktober 2026 Rev3'!$B$6:$B$50,0),MATCH($L$3,'SO Oktober 2026 Rev3'!$B$5:$XI$5,0)) -> 1200 | M13: =INDEX('Summary sales'!$A$6:$CA$50,MATCH($B13,'Summary sales'!$A$6:$A$50,0),MATCH($L$3,'Summary sales'!$A$7:$CA$7,0)) -> 1269.27 | N13: =M13-L13 -> 69.27 | O13: =M13/L13 -> 1.057725 | P13: =INDEX('SO Oktober 2026 Rev3'!$B$6:$BI$50,MATCH($B13,'SO Oktober 2026 Rev3'!$B$6:$B$50,0),MATCH($P$3,'SO Oktober 2026 Rev3'!$B$5:$XI$5,0)) -> 3300 | Q13: =INDEX('Summary sales'!$A$6:$CA$50,MATCH($B13,'Summary sales'!$A$6:$A$50,0),MATCH($P$3,'Summary sales'!$A$7:$CA$7,0)) -> 2057.57 | R13: =Q13-P13 -> -1242.43 | S13: =Q13/P13 -> 0.62350606 | T13: =INDEX('SO Oktober 2026 Rev3'!$B$6:$BI$50,MATCH(B13,'SO Oktober 2026 Rev3'!$B$6:$B$50,0),MATCH($T$3,'SO Oktober 2026 Rev3'!$B$5:$XI$5,0)) -> 800 | U13: =INDEX('Summary sales'!$A$6:$CA$50,MATCH($B13,'Summary sales'!$A$6:$A$50,0),MATCH($T$3,'Summary sales'!$A$7:$CA$7,0)) -> 940.92 | V13: =U13-T13 -> 140.92 | W13: =U13/T13 -> 1.17615 | X13: =INDEX('SO Oktober 2026 Rev3'!$B$6:$BI$50,MATCH(B13,'SO Oktober 2026 Rev3'!$B$6:$B$50,0),MATCH($X$3,'SO Oktober 2026 Rev3'!$B$5:$XI$5,0)) -> 150 | Y13: =INDEX('Summary sales'!$A$6:$CA$50,MATCH($B13,'Summary sales'!$A$6:$A$50,0),MATCH($X$3,'Summary sales'!$A$7:$CA$7,0)) -> 0 | Z13: =Y13-X13 -> -150 | AA13: =Y13/X13 -> 0 | AB13: =INDEX('SO Oktober 2026 Rev3'!$B$6:$BI$50,MATCH(B13,'SO Oktober 2026 Rev3'!$B$6:$B$50,0),MATCH($AB$3,'SO Oktober 2026 Rev3'!$B$5:$XI$5,0)) -> 603.76323 | AC13: =INDEX('Summary sales'!$A$6:$CA$50,MATCH($B13,'Summary sales'!$A$6:$A$50,0),MATCH($AB$3,'Summary sales'!$A$7:$CA$7,0)) -> 797.9 | AD13: =AC13-AB13 -> 194.13677 | AE13: =AC13/AB13 -> 1.3215445 | AF13: =INDEX('SO Oktober 2026 Rev3'!$B$6:$BI$50,MATCH(B13,'SO Oktober 2026 Rev3'!$B$6:$B$50,0),MATCH($AF$3,'SO Oktober 2026 Rev3'!$B$5:$XI$5,0)) -> 673.27548 | AG13: =INDEX('Summary sales'!$A$6:$CA$50,MATCH($B13,'Summary sales'!$A$6:$A$50,0),MATCH($AF$3,'Summary sales'!$A$7:$CA$7,0)) -> 526.74 | AH13: =AG13-AF13 -> -146.53548 | AI13: =AG13/AF13 -> 0.78235434 | AJ13: =INDEX('SO Oktober 2026 Rev3'!$B$6:$BI$50,MATCH(B13,'SO Oktober 2026 Rev3'!$B$6:$B$50,0),MATCH($AJ$3,'SO Oktober 2026 Rev3'!$B$5:$XI$5,0)) -> 5500 | AK13: =INDEX('Summary sales'!$A$6:$CA$50,MATCH($B13,'Summary sales'!$A$6:$A$50,0),MATCH($AJ$3,'Summary sales'!$A$7:$CA$7,0)) -> 5400.97 | AL13: =AK13-AJ13 -> -99.03 | AM13: =AK13/AJ13 -> 0.98199455 | AN13: 5000 | AO13: =INDEX('Summary sales'!$A$6:$CA$50,MATCH($B13,'Summary sales'!$A$6:$A$50,0),MATCH($AN$3,'Summary sales'!$A$7:$CA$7,0)) -> 3939.39 | AP13: =AO13-AN13 -> -1060.61 | AQ13: =AO13/AN13 -> 0.787878 | AR13: 1500 | AS13: =INDEX('Summary sales'!$A$6:$CA$50,MATCH($B13,'Summary sales'!$A$6:$A$50,0),MATCH($AR$3,'Summary sales'!$A$7:$CA$7,0)) -> 2950.64 | AT13: =AS13-AR13 -> 1450.64 | AU13: =AS13/AR13 -> 1.9670933 | AV13: =INDEX('SO Oktober 2026 Rev3'!$B$6:$BI$50,MATCH(B13,'SO Oktober 2026 Rev3'!$B$6:$B$50,0),MATCH($AV$3,'SO Oktober 2026 Rev3'!$B$5:$XI$5,0)) -> 1300 | AW13: =INDEX('Summary sales'!$A$6:$CA$50,MATCH($B13,'Summary sales'!$A$6:$A$50,0),MATCH($AV$3,'Summary sales'!$A$7:$CA$7,0)) -> 355.94 | AX13: =AW13-AV13 -> -944.06 | AY13: =AW13/AV13 -> 0.2738 | AZ13: 10800 | BA13: =INDEX('Summary sales'!$A$6:$CA$50,MATCH($B13,'Summary sales'!$A$6:$A$50,0),MATCH($AZ$3,'Summary sales'!$A$7:$CA$7,0)) -> 11138.28 | BB13: =BA13-AZ13 -> 338.28 | BC13: =BA13/AZ13 -> 1.0313222 | BD13: 8000 | BE13: =INDEX('Summary sales'!$A$6:$CA$50,MATCH($B13,'Summary sales'!$A$6:$A$50,0),MATCH($BD$3,'Summary sales'!$A$7:$CA$7,0)) -> 9625.37 | BF13: =BE13-BD13 -> 1625.37 | BG13: =BE13/BD13 -> 1.2031713 | BH13: =INDEX('SO Oktober 2026 Rev3'!$B$6:$BI$50,MATCH(B13,'SO Oktober 2026 Rev3'!$B$6:$B$50,0),MATCH($BH$3,'SO Oktober 2026 Rev3'!$B$5:$XI$5,0)) -> 1000 | BI13: =INDEX('Summary sales'!$A$6:$CA$50,MATCH($B13,'Summary sales'!$A$6:$A$50,0),MATCH($BH$3,'Summary sales'!$A$7:$CA$7,0)) -> 1253.496 | BJ13: =BI13-BH13 -> 253.496 | BK13: =BI13/BH13 -> 1.253496 | BL13: =INDEX('SO Oktober 2026 Rev3'!$B$6:$BI$50,MATCH(B13,'SO Oktober 2026 Rev3'!$B$6:$B$50,0),MATCH($BL$3,'SO Oktober 2026 Rev3'!$B$5:$XI$5,0)) -> 3000 | BM13: =INDEX('Summary sales'!$A$6:$CA$50,MATCH($B13,'Summary sales'!$A$6:$A$50,0),MATCH($BL$3,'Summary sales'!$A$7:$CA$7,0)) -> 7271.34 | BN13: =BM13-BL13 -> 4271.34 | BO13: =BM13/BL13 -> 2.42378 | BP13: =INDEX('SO Oktober 2026 Rev3'!$B$6:$BI$50,MATCH(B13,'SO Oktober 2026 Rev3'!$B$6:$B$50,0),MATCH($BP$3,'SO Oktober 2026 Rev3'!$B$5:$XI$5,0)) -> 1000 | BQ13: =INDEX('Summary sales'!$A$6:$CA$50,MATCH($B13,'Summary sales'!$A$6:$A$50,0),MATCH($BP$3,'Summary sales'!$A$7:$CA$7,0)) -> 361.33 | BR13: =BQ13-BP13 -> -638.67 | BS13: =BQ13/BP13 -> 0.36133 | BT13: =INDEX('SO Oktober 2026 Rev3'!$B$6:$BI$50,MATCH(B13,'SO Oktober 2026 Rev3'!$B$6:$B$50,0),MATCH($BT$3,'SO Oktober 2026 Rev3'!$B$5:$XI$5,0)) -> 89.451613 | BU13: =INDEX('Summary sales'!$A$6:$CA$50,MATCH($B13,'Summary sales'!$A$6:$A$50,0),MATCH($BT$3,'Summary sales'!$A$7:$CA$7,0)) -> 66.212 | BV13: =BU13-BT13 -> -23.239613 | BW13: =BU13/BT13 -> 0.74019906 | BX13: 3000 | BY13: =INDEX('Summary sales'!$A$6:$CA$50,MATCH($B13,'Summary sales'!$A$6:$A$50,0),MATCH($BX$3,'Summary sales'!$A$7:$CA$7,0)) -> 334.1 | BZ13: =BY13-BX13 -> -2665.9 | CA13: =BY13/BX13 -> 0.11136667 | CB13: =INDEX('SO Oktober 2026 Rev3'!$B$6:$BI$50,MATCH(B13,'SO Oktober 2026 Rev3'!$B$6:$B$50,0),MATCH($CB$3,'SO Oktober 2026 Rev3'!$B$5:$XI$5,0)) -> 1000 | CC13: =INDEX('Summary sales'!$A$6:$CA$50,MATCH($B13,'Summary sales'!$A$6:$A$50,0),MATCH($CB$3,'Summary sales'!$A$7:$CA$7,0)) -> 1507.34 | CD13: =CC13-CB13 -> 507.34 | CE13: =CC13/CB13 -> 1.50734 | CF13: =INDEX('SO Oktober 2026 Rev3'!$B$6:$BI$50,MATCH(B13,'SO Oktober 2026 Rev3'!$B$6:$B$50,0),MATCH($CF$3,'SO Oktober 2026 Rev3'!$B$5:$XI$5,0)) -> 3000 | CG13: =INDEX('Summary sales'!$A$6:$CA$50,MATCH($B13,'Summary sales'!$A$6:$A$50,0),MATCH($CF$3,'Summary sales'!$A$7:$CA$7,0)) -> 2917.1 | CH13: =CG13-CF13 -> -82.9 | CI13: =CG13/CF13 -> 0.97236667 | CJ13: =INDEX('SO Oktober 2026 Rev3'!$B$6:$BI$50,MATCH($B13,'SO Oktober 2026 Rev3'!$B$6:$B$50,0),MATCH($CJ$3,'SO Oktober 2026 Rev3'!$B$5:$XI$5,0)) -> 0 | CK13: =INDEX('Summary sales'!$A$6:$CA$50,MATCH($B13,'Summary sales'!$A$6:$A$50,0),MATCH($CJ$3,'Summary sales'!$A$7:$CA$7,0)) -> 4642.55 | CL13: =CK13-CJ13 -> 4642.55 | CM13: =CK13/CJ13 -> #DIV/0! | CN13: =INDEX('SO Oktober 2026 Rev3'!$B$6:$BI$50,MATCH($B13,'SO Oktober 2026 Rev3'!$B$6:$B$50,0),MATCH(CN$3,'SO Oktober 2026 Rev3'!$B$5:$XI$5,0)) -> 0 | CO13: =INDEX('Summary sales'!$A$6:$CA$50,MATCH($B13,'Summary sales'!$A$6:$A$50,0),MATCH($CN$3,'Summary sales'!$A$7:$CA$7,0)) -> 0 | CP13: =CO13-CN13 -> 0 | CQ13: =CO13/CN13 -> #DIV/0! | CR13: =INDEX('SO Oktober 2026 Rev3'!$B$6:$BI$50,MATCH($B13,'SO Oktober 2026 Rev3'!$B$6:$B$50,0),MATCH(CR$3,'SO Oktober 2026 Rev3'!$B$5:$XI$5,0)) -> 2000 | CS13: =INDEX('Summary sales'!$A$6:$CA$50,MATCH($B13,'Summary sales'!$A$6:$A$50,0),MATCH($CR$3,'Summary sales'!$A$7:$CA$7,0)) -> 1101.91 | CT13: =CS13-CR13 -> -898.09 | CU13: =CS13/CR13 -> 0.550955 | CV13: 12500 | CW13: =INDEX('Summary sales'!$A$6:$CA$50,MATCH($B13,'Summary sales'!$A$6:$A$50,0),MATCH($CV$3,'Summary sales'!$A$7:$CA$7,0)) -> 8963.281 | CX13: =CW13-CV13 -> -3536.719 | CY13: =CW13/CV13 -> 0.71706248 | CZ13: =INDEX('SO Oktober 2026 Rev3'!$B$6:$BI$50,MATCH(B13,'SO Oktober 2026 Rev3'!$B$6:$B$50,0),MATCH($CZ$3,'SO Oktober 2026 Rev3'!$B$5:$XI$5,0)) -> 2000 | DA13: =INDEX('Summary sales'!$A$6:$CA$50,MATCH($B13,'Summary sales'!$A$6:$A$50,0),MATCH($CZ$3,'Summary sales'!$A$7:$CA$7,0)) -> 2071.51 | DB13: =DA13-CZ13 -> 71.51 | DC13: =DA13/CZ13 -> 1.035755 | DD13: =INDEX('SO Oktober 2026 Rev3'!$B$6:$BI$50,MATCH($B13,'SO Oktober 2026 Rev3'!$B$6:$B$50,0),MATCH(DD$3,'SO Oktober 2026 Rev3'!$B$5:$XI$5,0)) -> 800 | DE13: =INDEX('Summary sales'!$A$6:$CA$50,MATCH($B13,'Summary sales'!$A$6:$A$50,0),MATCH($DD$3,'Summary sales'!$A$7:$CA$7,0)) -> 134.85 | DF13: =DE13-DD13 -> -665.15 | DG13: =DE13/DD13 -> 0.1685625 | DH13: =INDEX('SO Oktober 2026 Rev3'!$B$6:$BI$50,MATCH($B13,'SO Oktober 2026 Rev3'!$B$6:$B$50,0),MATCH(DH$3,'SO Oktober 2026 Rev3'!$B$5:$XI$5,0)) -> 7200 | DI13: =INDEX('Summary sales'!$A$6:$CA$50,MATCH($B13,'Summary sales'!$A$6:$A$50,0),MATCH($DH$3,'Summary sales'!$A$7:$CA$7,0)) -> 7891.66 | DJ13: =DI13-DH13 -> 691.66 | DK13: =DI13/DH13 -> 1.0960639 | DL13: =INDEX('SO Oktober 2026 Rev3'!$B$6:$BI$50,MATCH(B13,'SO Oktober 2026 Rev3'!$B$6:$B$50,0),MATCH($DL$3,'SO Oktober 2026 Rev3'!$B$5:$XI$5,0)) -> 2000 | DM13: =INDEX('Summary sales'!$A$6:$CA$50,MATCH($B13,'Summary sales'!$A$6:$A$50,0),MATCH($DL$3,'Summary sales'!$A$7:$CA$7,0)) -> 2072.91 | DN13: =DM13-DL13 -> 72.91 | DO13: =DM13/DL13 -> 1.036455 | DP13: 2000 | DQ13: =INDEX('Summary sales'!$A$6:$CA$50,MATCH($B13,'Summary sales'!$A$6:$A$50,0),MATCH($DP$3,'Summary sales'!$A$7:$CA$7,0)) -> 1864.75 | DR13: =DQ13-DP13 -> -135.25 | DS13: =DQ13/DP13 -> 0.932375 | DT13: =INDEX('SO Oktober 2026 Rev3'!$B$6:$BI$50,MATCH(B13,'SO Oktober 2026 Rev3'!$B$6:$B$50,0),MATCH($DT$3,'SO Oktober 2026 Rev3'!$B$5:$XI$5,0)) -> 1000 | DU13: =INDEX('Summary sales'!$A$6:$CA$50,MATCH($B13,'Summary sales'!$A$6:$A$50,0),MATCH($DT$3,'Summary sales'!$A$7:$CA$7,0)) -> 1010.91 | DV13: =DU13-DT13 -> 10.91 | DW13: =DU13/DT13 -> 1.01091 | DX13: =INDEX('SO Oktober 2026 Rev3'!$B$6:$BI$50,MATCH(B13,'SO Oktober 2026 Rev3'!$B$6:$B$50,0),MATCH($DX$3,'SO Oktober 2026 Rev3'!$B$5:$XI$5,0)) -> 10000 | DY13: =INDEX('Summary sales'!$A$6:$CA$50,MATCH($B13,'Summary sales'!$A$6:$A$50,0),MATCH($DX$3,'Summary sales'!$A$7:$CA$7,0)) -> 8781.12 | DZ13: =DY13-DX13 -> -1218.88 | EA13: =DY13/DX13 -> 0.878112 | EB13: =INDEX('SO Oktober 2026 Rev3'!$B$6:$BI$50,MATCH(B13,'SO Oktober 2026 Rev3'!$B$6:$B$50,0),MATCH($EB$3,'SO Oktober 2026 Rev3'!$B$5:$XI$5,0)) -> 2000 | EC13: =INDEX('Summary sales'!$A$6:$CA$50,MATCH($B13,'Summary sales'!$A$6:$A$50,0),MATCH($EB$3,'Summary sales'!$A$7:$CA$7,0)) -> 2760.04 | ED13: =EC13-EB13 -> 760.04 | EE13: =EC13/EB13 -> 1.38002 | EF13: 6000 | EG13: =INDEX('Summary sales'!$A$6:$CA$50,MATCH($B13,'Summary sales'!$A$6:$A$50,0),MATCH($EF$3,'Summary sales'!$A$7:$CA$7,0)) -> 6359.88 | EH13: =EG13-EF13 -> 359.88 | EI13: =EG13/EF13 -> 1.05998 | EJ13: 7000 | EK13: =INDEX('Summary sales'!$A$6:$CA$50,MATCH(B13,'Summary sales'!$A$6:$A$50,0),MATCH($EJ$3,'Summary sales'!$A$7:$CA$7,0)) -> 10882.07 | EL13: =EK13-EJ13 -> 3882.07 | EM13: =EK13/EJ13 -> 1.5545814 | EN13: =INDEX('SO Oktober 2026 Rev3'!$B$6:$BI$50,MATCH(B13,'SO Oktober 2026 Rev3'!$B$6:$B$50,0),MATCH($EN$3,'SO Oktober 2026 Rev3'!$B$5:$XI$5,0)) -> 3000 | EO13: =INDEX('Summary sales'!$A$6:$CA$50,MATCH($B13,'Summary sales'!$A$6:$A$50,0),MATCH($EN$3,'Summary sales'!$A$7:$CA$7,0)) -> 3937.3 | EP13: =EO13-EN13 -> 937.3 | EQ13: =EO13/EN13 -> 1.3124333 | ER13: 12000 | ES13: =INDEX('Summary sales'!$A$6:$CA$50,MATCH($B13,'Summary sales'!$A$6:$A$50,0),MATCH($ER$3,'Summary sales'!$A$7:$CA$7,0)) -> 11637.75 | ET13: =ES13-ER13 -> -362.25 | EU13: =ES13/ER13 -> 0.9698125 | EV13: 4000 | EW13: =INDEX('Summary sales'!$A$6:$CA$50,MATCH(B13,'Summary sales'!$A$6:$A$50,0),MATCH($EV$3,'Summary sales'!$A$7:$CA$7,0)) -> 5510.76 | EX13: =EW13-EV13 -> 1510.76 | EY13: =EW13/EV13 -> 1.37769 | EZ13: =INDEX('SO Oktober 2026 Rev3'!$B$6:$BI$50,MATCH(B13,'SO Oktober 2026 Rev3'!$B$6:$B$50,0),MATCH($EZ$3,'SO Oktober 2026 Rev3'!$B$5:$XI$5,0)) -> 3500 | FA13: =INDEX('Summary sales'!$A$6:$CA$50,MATCH(B13,'Summary sales'!$A$6:$A$50,0),MATCH($EZ$3,'Summary sales'!$A$7:$CA$7,0)) -> 4646.6 | FB13: =FA13-EZ13 -> 1146.6 | FC13: =FA13/EZ13 -> 1.3276 | FD13: 0 | FE13: =INDEX('Summary sales'!$A$6:$CA$50,MATCH(B13,'Summary sales'!$A$6:$A$50,0),MATCH($FD$3,'Summary sales'!$A$7:$CA$7,0)) -> 0 | FF13: =FE13-FD13 -> 0 | FG13: =FE13/FD13 -> #DIV/0! | FH13: =INDEX('SO Oktober 2026 Rev3'!$B$6:$BI$50,MATCH(B13,'SO Oktober 2026 Rev3'!$B$6:$B$50,0),MATCH($FH$3,'SO Oktober 2026 Rev3'!$B$5:$XI$5,0)) -> 10000 | FI13: =INDEX('Summary sales'!$A$6:$CA$50,MATCH(B13,'Summary sales'!$A$6:$A$50,0),MATCH($FH$3,'Summary sales'!$A$7:$CA$7,0)) -> 17133.1 | FJ13: =FI13-FH13 -> 7133.1 | FK13: =FI13/FH13 -> 1.71331 | FL13: =INDEX('SO Oktober 2026 Rev3'!$B$6:$BI$50,MATCH(B13,'SO Oktober 2026 Rev3'!$B$6:$B$50,0),MATCH($FL$3,'SO Oktober 2026 Rev3'!$B$5:$XI$5,0)) -> 500 | FM13: =INDEX('Summary sales'!$A$6:$CA$50,MATCH(B13,'Summary sales'!$A$6:$A$50,0),MATCH($FL$3,'Summary sales'!$A$7:$CA$7,0)) -> 483.34 | FN13: =FM13-FL13 -> -16.66 | FO13: =FM13/FL13 -> 0.96668 | FP13: 6500 | FQ13: =INDEX('Summary sales'!$A$6:$CA$50,MATCH(B13,'Summary sales'!$A$6:$A$50,0),MATCH($FP$3,'Summary sales'!$A$7:$CA$7,0)) -> 6273.83 | FR13: =FQ13-FP13 -> -226.17 | FS13: =FQ13/FP13 -> 0.96520462 | FT13: =INDEX('SO Oktober 2026 Rev3'!$B$6:$BI$50,MATCH(B13,'SO Oktober 2026 Rev3'!$B$6:$B$50,0),MATCH($FT$3,'SO Oktober 2026 Rev3'!$B$5:$XI$5,0)) -> 3500 | FU13: =INDEX('Summary sales'!$A$6:$CA$50,MATCH(B13,'Summary sales'!$A$6:$A$50,0),MATCH($FT$3,'Summary sales'!$A$7:$CA$7,0)) -> 0 | FV13: =FU13-FT13 -> -3500 | FW13: =FU13/FT13 -> 0 | FX13: =INDEX('SO Oktober 2026 Rev3'!$B$6:$BI$50,MATCH(B13,'SO Oktober 2026 Rev3'!$B$6:$B$50,0),MATCH($FX$3,'SO Oktober 2026 Rev3'!$B$5:$XI$5,0)) -> 2000 | FY13: =INDEX('Summary sales'!$A$6:$CA$50,MATCH(B13,'Summary sales'!$A$6:$A$50,0),MATCH($FX$3,'Summary sales'!$A$7:$CA$7,0)) -> 3962.77 | FZ13: =FY13-FX13 -> 1962.77 | GA13: =FY13/FX13 -> 1.981385 | GB13: 369.61071 | GC13: =INDEX('Summary sales'!$A$6:$CA$50,MATCH(B13,'Summary sales'!$A$6:$A$50,0),MATCH($GB$3,'Summary sales'!$A$7:$CA$7,0)) -> 2844.85 | GD13: =GC13-GB13 -> 2475.2393 | GE13: =GC13/GB13 -> 7.696882 | GF13: 9000 | GG13: =INDEX('Summary sales'!$A$6:$CA$50,MATCH(B13,'Summary sales'!$A$6:$A$50,0),MATCH($GF$3,'Summary sales'!$A$7:$CA$7,0)) -> 4192.935 | GH13: =GG13-GF13 -> -4807.065 | GI13: =GG13/GF13 -> 0.46588167 | GJ13: =INDEX('SO Oktober 2026 Rev3'!$B$6:$BI$50,MATCH(B13,'SO Oktober 2026 Rev3'!$B$6:$B$50,0),MATCH($GJ$3,'SO Oktober 2026 Rev3'!$B$5:$XI$5,0)) -> 1121.9003 | GK13: =INDEX('Summary sales'!$A$6:$CA$50,MATCH($B13,'Summary sales'!$A$6:$A$50,0),MATCH($GJ$3,'Summary sales'!$A$7:$CA$7,0)) -> 721.28 | GL13: =GK13-GJ13 -> -400.62032 | GM13: =GK13/GJ13 -> 0.64290917 | GN13: =INDEX('SO Oktober 2026 Rev3'!$B$6:$BI$50,MATCH(B13,'SO Oktober 2026 Rev3'!$B$6:$B$50,0),MATCH($GN$3,'SO Oktober 2026 Rev3'!$B$5:$XI$5,0)) -> 2499.7026 | GO13: =INDEX('Summary sales'!$A$6:$CA$50,MATCH(B13,'Summary sales'!$A$6:$A$50,0),MATCH($GN$3,'Summary sales'!$A$7:$CA$7,0)) -> 2829.02 | GP13: =GO13-GN13 -> 329.31742 | GQ13: =GO13/GN13 -> 1.1317426 | GR13: 5000 | GS13: =INDEX('Summary sales'!$A$6:$CA$50,MATCH(B13,'Summary sales'!$A$6:$A$50,0),MATCH($GR$3,'Summary sales'!$A$7:$CA$7,0)) -> 3570.91 | GT13: =GS13-GR13 -> -1429.09 | GU13: =GS13/GR13 -> 0.714182 | GV13: =INDEX('SO Oktober 2026 Rev3'!$B$6:$BI$50,MATCH(B13,'SO Oktober 2026 Rev3'!$B$6:$B$50,0),MATCH($GV$3,'SO Oktober 2026 Rev3'!$B$5:$XI$5,0)) -> 2499.7026 | GW13: =INDEX('Summary sales'!$A$6:$CA$50,MATCH(B13,'Summary sales'!$A$6:$A$50,0),MATCH($GV$3,'Summary sales'!$A$7:$CA$7,0)) -> 2577.96 | GX13: =GW13-GV13 -> 78.257419 | GY13: =GW13/GV13 -> 1.0313067 | GZ13: =INDEX('SO Oktober 2026 Rev3'!$B$6:$BI$50,MATCH(B13,'SO Oktober 2026 Rev3'!$B$6:$B$50,0),MATCH($GZ$3,'SO Oktober 2026 Rev3'!$B$5:$XI$5,0)) -> 31500 | HA13: =INDEX('Summary sales'!$A$6:$CA$50,MATCH(B13,'Summary sales'!$A$6:$A$50,0),MATCH($GZ$3,'Summary sales'!$A$7:$CA$7,0)) -> 959.666 | HB13: =HA13-GZ13 -> -30540.334 | HC13: =HA13/GZ13 -> 0.030465587
