Workbook
Name ___xlnm._FilterDatabase_2: #REF!
Name ___xlnm._FilterDatabase_2: #REF!
Name ___xlnm._FilterDatabase_2: #REF!
Name ___xlnm._FilterDatabase_2: #REF!
Name ___xlnm._FilterDatabase_2: #REF!
Name ___xlnm._FilterDatabase_2: #REF!
Name ___xlnm._FilterDatabase_2: #REF!
Name ___xlnm._FilterDatabase_2: #REF!
Name ___xlnm._FilterDatabase_2: #REF!
Name ___xlnm._FilterDatabase_2: #REF!
Name ___xlnm._FilterDatabase_2: #REF!
Name ___xlnm._FilterDatabase_2: #REF!
Name ___xlnm._FilterDatabase_2: #REF!
Name ___xlnm._FilterDatabase_2: #REF!
Name ___xlnm._FilterDatabase_2: #REF!
Name ___xlnm._FilterDatabase_2: #REF!
Name ___xlnm._FilterDatabase_2: #REF!
Name __xlnm._FilterDatabase_2: #REF!
Name __xlnm._FilterDatabase_2: #REF!
Name __xlnm._FilterDatabase_2: #REF!
Name __xlnm._FilterDatabase_2: #REF!
Name __xlnm._FilterDatabase_2: #REF!
Name __xlnm._FilterDatabase_2: #REF!
Name __xlnm._FilterDatabase_2: #REF!
Name __xlnm._FilterDatabase_2: #REF!
Name __xlnm._FilterDatabase_2: #REF!
Name __xlnm._FilterDatabase_2: #REF!
Name __xlnm._FilterDatabase_2: #REF!
Name __xlnm._FilterDatabase_2: #REF!
Name __xlnm._FilterDatabase_2: #REF!
Name __xlnm._FilterDatabase_2: #REF!
Name __xlnm._FilterDatabase_2: #REF!
Name __xlnm._FilterDatabase_2: #REF!
Name __xlnm._FilterDatabase_2: #REF!
Name _TES46: #N/A
Name AAAA: #N/A
Name ati: #N/A
Name BS: #N/A
Name CCC: #N/A
Name depr9200: #N/A
Name dfsfd: #N/A
Name Excel_BuiltIn__FilterDatabase_1: #REF!
Name Excel_BuiltIn__FilterDatabase_1: #REF!
Name Excel_BuiltIn__FilterDatabase_1: #REF!
Name Excel_BuiltIn__FilterDatabase_1: #REF!
Name Excel_BuiltIn__FilterDatabase_1: #REF!
Name Excel_BuiltIn__FilterDatabase_1: #REF!
Name Excel_BuiltIn__FilterDatabase_1: #REF!
Name Excel_BuiltIn__FilterDatabase_1: #REF!
Name Excel_BuiltIn__FilterDatabase_1: #REF!
Name Excel_BuiltIn__FilterDatabase_1: #REF!
Name Excel_BuiltIn__FilterDatabase_1: #REF!
Name Excel_BuiltIn__FilterDatabase_1: #REF!
Name Excel_BuiltIn__FilterDatabase_1: #REF!
Name Excel_BuiltIn__FilterDatabase_1: #REF!
Name Excel_BuiltIn__FilterDatabase_1: #REF!
Name Excel_BuiltIn__FilterDatabase_1: #REF!
Name Excel_BuiltIn__FilterDatabase_1: #REF!
Name Excel_BuiltIn_Print_Titles: NA()
Name Export_3: #REF!

Sheet SO FOB Juli 2026
A2: SALES ORDER
A4: 46204
A6: Week | B6: DATE | D6: TOTAL | E6: FOB SETU-AAE | F6: FOB SETU- SIDO | G6: FOB SETU - GIG | H6: FOB SETU - SALMAH | I6: FOB SETU - NNE | J6: FOB SETU - GAS | K6: FOB SETU -SBE | L6: FOB SETU -DAMASINDO | M6: FOB SETU-LARAS | N6: FOB SETU-KIRANA | O6: FOB KHT-APE | P6: FOB KHT - JPEN | Q6: FOB KHT - Laras | R6: FOB KHT - ANAGATA
A7: =WEEKNUM(B7) -> 27 | B7: =A4 -> 46204 | C7: Sun | D7: =SUM(E7:R7) -> 0 | E7: 0 | F7: 0 | G7: 0 | H7: 0 | I7: 0 | J7: 0 | K7: 0 | L7: 0 | M7: 0 | N7: 0 | O7: 0 | P7: 0 | Q7: 0 | R7: 0
B8: Sub Total | D8: =SUM(D4:D7) -> 0 | E8: =SUM(E4:E7) -> 0 | F8: =SUM(F4:F7) -> 0 | G8: =SUM(G4:G7) -> 0 | H8: =SUM(H4:H7) -> 0 | I8: =SUM(I4:I7) -> 0 | J8: =SUM(J4:J7) -> 0 | K8: =SUM(K4:K7) -> 0 | ... R8: =SUM(R4:R7) -> 0
A10: =WEEKNUM(B10) -> 27 | B10: =B7+1 -> 46205 | C10: Mon | D10: =SUM(E10:R10) -> 0 | E10: 0 | F10: 0 | G10: 0 | H10: 0 | I10: 0 | J10: 0 | K10: 0 | L10: 0 | M10: 0 | N10: 0 | O10: 0 | P10: 0 | Q10: 0 | R10: 0
B11: =B10+1 -> 46206 | C11: Tue | D11: =SUM(E11:R11) -> 0 | E11: 0 | F11: 0 | G11: 0 | H11: 0 | I11: 0 | J11: 0 | K11: 0 | L11: 0 | M11: 0 | N11: 0 | O11: 0 | P11: 0 | Q11: 0 | R11: 0
B12: =B11+1 -> 46207 | C12: Wed | D12: =SUM(E12:R12) -> 0 | E12: 0 | F12: 0 | G12: 0 | H12: 0 | I12: 0 | J12: 0 | K12: 0 | L12: 0 | M12: 0 | N12: 0 | O12: 0 | P12: 0 | Q12: 0 | R12: 0
B13: =B12+1 -> 46208 | C13: Thu | D13: =SUM(E13:R13) -> 0 | E13: 0 | F13: 0 | G13: 0 | H13: 0 | I13: 0 | J13: 0 | K13: 0 | L13: 0 | M13: 0 | N13: 0 | O13: 0 | P13: 0 | Q13: 0 | R13: 0
B14: =B13+1 -> 46209 | C14: Fri | D14: =SUM(E14:R14) -> 0 | E14: 0 | F14: 0 | G14: 0 | H14: 0 | I14: 0 | J14: 0 | K14: 0 | L14: 0 | M14: 0 | N14: 0 | O14: 0 | P14: 0 | Q14: 0 | R14: 0
B15: =B14+1 -> 46210 | C15: Sat | D15: =SUM(E15:R15) -> 0 | E15: 0 | F15: 0 | G15: 0 | H15: 0 | I15: 0 | J15: 0 | K15: 0 | L15: 0 | M15: 0 | N15: 0 | O15: 0 | P15: 0 | Q15: 0 | R15: 0
B16: =B15+1 -> 46211 | C16: Sun | D16: =SUM(E16:R16) -> 0 | E16: 0 | F16: 0 | G16: 0 | H16: 0 | I16: 0 | J16: 0 | K16: 0 | L16: 0 | M16: 0 | N16: 0 | O16: 0 | P16: 0 | Q16: 0 | R16: 0
B17: Sub Total | D17: =SUM(D10:D16) -> 0 | E17: =SUM(E10:E16) -> 0 | F17: =SUM(F10:F16) -> 0 | G17: =SUM(G10:G16) -> 0 | H17: =SUM(H10:H16) -> 0 | I17: =SUM(I10:I16) -> 0 | J17: =SUM(J10:J16) -> 0 | K17: =SUM(K10:K16) -> 0 | ... R17: =SUM(R10:R16) -> 0
A19: =WEEKNUM(B24) -> 29 | B19: =B16+1 -> 46212 | C19: Mon | D19: =SUM(E19:R19) -> 0 | E19: 0 | F19: 0 | G19: 0 | H19: 0 | I19: 0 | J19: 0 | K19: 0 | L19: 0 | M19: 0 | N19: 0 | O19: 0 | P19: 0 | Q19: 0 | R19: 0
B20: =B19+1 -> 46213 | C20: Tue | D20: =SUM(E20:R20) -> 0 | E20: 0 | F20: 0 | G20: 0 | H20: 0 | I20: 0 | J20: 0 | K20: 0 | L20: 0 | M20: 0 | N20: 0 | O20: 0 | P20: 0 | Q20: 0 | R20: 0
B21: =B20+1 -> 46214 | C21: Wed | D21: =SUM(E21:R21) -> 0 | E21: 0 | F21: 0 | G21: 0 | H21: 0 | I21: 0 | J21: 0 | K21: 0 | L21: 0 | M21: 0 | N21: 0 | O21: 0 | P21: 0 | Q21: 0 | R21: 0
B22: =B21+1 -> 46215 | C22: Thu | D22: =SUM(E22:R22) -> 0 | E22: 0 | F22: 0 | G22: 0 | H22: 0 | I22: 0 | J22: 0 | K22: 0 | L22: 0 | M22: 0 | N22: 0 | O22: 0 | P22: 0 | Q22: 0 | R22: 0
B23: =B22+1 -> 46216 | C23: Fri | D23: =SUM(E23:R23) -> 0 | E23: 0 | F23: 0 | G23: 0 | H23: 0 | I23: 0 | J23: 0 | K23: 0 | L23: 0 | M23: 0 | N23: 0 | O23: 0 | P23: 0 | Q23: 0 | R23: 0
B24: =B23+1 -> 46217 | C24: Sat | D24: =SUM(E24:R24) -> 0 | E24: 0 | F24: 0 | G24: 0 | H24: 0 | I24: 0 | J24: 0 | K24: 0 | L24: 0 | M24: 0 | N24: 0 | O24: 0 | P24: 0 | Q24: 0 | R24: 0
B25: =B24+1 -> 46218 | C25: Sun | D25: =SUM(E25:R25) -> 0 | E25: 0 | F25: 0 | G25: 0 | H25: 0 | I25: 0 | J25: 0 | K25: 0 | L25: 0 | M25: 0 | N25: 0 | O25: 0 | P25: 0 | Q25: 0 | R25: 0
B26: Sub Total | D26: =SUM(D19:D25) -> 0 | E26: =SUM(E19:E25) -> 0 | F26: =SUM(F19:F25) -> 0 | G26: =SUM(G19:G25) -> 0 | H26: =SUM(H19:H25) -> 0 | I26: =SUM(I19:I25) -> 0 | J26: =SUM(J19:J25) -> 0 | K26: =SUM(K19:K25) -> 0 | ... R26: =SUM(R19:R25) -> 0
A28: =WEEKNUM(B33) -> 30 | B28: =B25+1 -> 46219 | C28: Mon | D28: =SUM(E28:R28) -> 0 | E28: 0 | F28: 0 | G28: 0 | H28: 0 | I28: 0 | J28: 0 | K28: 0 | L28: 0 | M28: 0 | N28: 0 | O28: 0 | P28: 0 | Q28: 0 | R28: 0
B29: =B28+1 -> 46220 | C29: Tue | D29: =SUM(E29:R29) -> 0 | E29: 0 | F29: 0 | G29: 0 | H29: 0 | I29: 0 | J29: 0 | K29: 0 | L29: 0 | M29: 0 | N29: 0 | O29: 0 | P29: 0 | Q29: 0 | R29: 0
B30: =B29+1 -> 46221 | C30: Wed | D30: =SUM(E30:R30) -> 0 | E30: 0 | F30: 0 | G30: 0 | H30: 0 | I30: 0 | J30: 0 | K30: 0 | L30: 0 | M30: 0 | N30: 0 | O30: 0 | P30: 0 | Q30: 0 | R30: 0
B31: =B30+1 -> 46222 | C31: Thu | D31: =SUM(E31:R31) -> 0 | E31: 0 | F31: 0 | G31: 0 | H31: 0 | I31: 0 | J31: 0 | K31: 0 | L31: 0 | M31: 0 | N31: 0 | O31: 0 | P31: 0 | Q31: 0 | R31: 0
B32: =B31+1 -> 46223 | C32: Fri | D32: =SUM(E32:R32) -> 0 | E32: 0 | F32: 0 | G32: 0 | H32: 0 | I32: 0 | J32: 0 | K32: 0 | L32: 0 | M32: 0 | N32: 0 | O32: 0 | P32: 0 | Q32: 0 | R32: 0
B33: =B32+1 -> 46224 | C33: Sat | D33: =SUM(E33:R33) -> 0 | E33: 0 | F33: 0 | G33: 0 | H33: 0 | I33: 0 | J33: 0 | K33: 0 | L33: 0 | M33: 0 | N33: 0 | O33: 0 | P33: 0 | Q33: 0 | R33: 0
B34: =B33+1 -> 46225 | C34: Sun | D34: =SUM(E34:R34) -> 0 | E34: 0 | F34: 0 | G34: 0 | H34: 0 | I34: 0 | J34: 0 | K34: 0 | L34: 0 | M34: 0 | N34: 0 | O34: 0 | P34: 0 | Q34: 0 | R34: 0
B35: Sub Total | D35: =SUM(D28:D34) -> 0 | E35: =SUM(E28:E34) -> 0 | F35: =SUM(F28:F34) -> 0 | G35: =SUM(G28:G34) -> 0 | H35: =SUM(H28:H34) -> 0 | I35: =SUM(I28:I34) -> 0 | J35: =SUM(J28:J34) -> 0 | K35: =SUM(K28:K34) -> 0 | ... R35: =SUM(R28:R34) -> 0
A37: =WEEKNUM(B42) -> 31 | B37: =B34+1 -> 46226 | C37: Mon | D37: =SUM(E37:R37) -> 0 | E37: 0 | F37: 0 | G37: 0 | H37: 0 | I37: 0 | J37: 0 | K37: 0 | L37: 0 | M37: 0 | N37: 0 | O37: 0 | P37: 0 | Q37: 0 | R37: 0
B38: =B37+1 -> 46227 | C38: Tue | D38: =SUM(E38:R38) -> 0 | E38: 0 | F38: 0 | G38: 0 | H38: 0 | I38: 0 | J38: 0 | K38: 0 | L38: 0 | M38: 0 | N38: 0 | O38: 0 | P38: 0 | Q38: 0 | R38: 0
B39: =B38+1 -> 46228 | C39: Wed | D39: =SUM(E39:R39) -> 0 | E39: 0 | F39: 0 | G39: 0 | H39: 0 | I39: 0 | J39: 0 | K39: 0 | L39: 0 | M39: 0 | N39: 0 | O39: 0 | P39: 0 | Q39: 0 | R39: 0
B40: =B39+1 -> 46229 | C40: Thu | D40: =SUM(E40:R40) -> 0 | E40: 0 | F40: 0 | G40: 0 | H40: 0 | I40: 0 | J40: 0 | K40: 0 | L40: 0 | M40: 0 | N40: 0 | O40: 0 | P40: 0 | Q40: 0 | R40: 0
B41: =B40+1 -> 46230 | C41: Fri | D41: =SUM(E41:R41) -> 0 | E41: 0 | F41: 0 | G41: 0 | H41: 0 | I41: 0 | J41: 0 | K41: 0 | L41: 0 | M41: 0 | N41: 0 | O41: 0 | P41: 0 | Q41: 0 | R41: 0
B42: =B41+1 -> 46231 | C42: Sat | D42: =SUM(E42:R42) -> 0 | E42: 0 | F42: 0 | G42: 0 | H42: 0 | I42: 0 | J42: 0 | K42: 0 | L42: 0 | M42: 0 | N42: 0 | O42: 0 | P42: 0 | Q42: 0 | R42: 0
B43: =B42+1 -> 46232 | C43: Sun | D43: =SUM(E43:R43) -> 0 | E43: 0 | F43: 0 | G43: 0 | H43: 0 | I43: 0 | J43: 0 | K43: 0 | L43: 0 | M43: 0 | N43: 0 | O43: 0 | P43: 0 | Q43: 0 | R43: 0
B44: Sub Total | D44: =SUM(D37:D43) -> 0 | E44: =SUM(E37:E43) -> 0 | F44: =SUM(F37:F43) -> 0 | G44: =SUM(G37:G43) -> 0 | H44: =SUM(H37:H43) -> 0 | I44: =SUM(I37:I43) -> 0 | J44: =SUM(J37:J43) -> 0 | K44: =SUM(K37:K43) -> 0 | ... R44: =SUM(R37:R43) -> 0
A46: =WEEKNUM(B46) -> 31 | B46: =B43+1 -> 46233 | C46: Mon | D46: =SUM(E46:R46) -> 0 | E46: 0 | F46: 0 | G46: 0 | H46: 0 | I46: 0 | J46: 0 | K46: 0 | L46: 0 | M46: 0 | N46: 0 | O46: 0 | P46: 0 | Q46: 0 | R46: 0
B47: =B46+1 -> 46234 | C47: Tue | D47: =SUM(E47:R47) -> 0 | E47: 0 | F47: 0 | G47: 0 | H47: 0 | I47: 0 | J47: 0 | K47: 0 | L47: 0 | M47: 0 | N47: 0 | O47: 0 | P47: 0 | Q47: 0 | R47: 0
B48: Sub Total | D48: =SUM(D41:D47) -> 0 | E48: =SUM(E41:E47) -> 0 | F48: =SUM(F41:F47) -> 0 | G48: =SUM(G41:G47) -> 0 | H48: =SUM(H41:H47) -> 0 | I48: =SUM(I41:I47) -> 0 | J48: =SUM(J41:J47) -> 0 | K48: =SUM(K41:K47) -> 0 | ... R48: =SUM(R41:R47) -> 0
B50: Sub Total | D50: =SUM(D35,D26,D17,D8,D44,D48) -> 0 | E50: =SUM(E35,E26,E17,E8,E44,E48) -> 0 | F50: =SUM(F35,F26,F17,F8,F44,F48) -> 0 | G50: =SUM(G35,G26,G17,G8,G44,G48) -> 0 | H50: =SUM(H35,H26,H17,H8,H44,H48) -> 0 | I50: =SUM(I35,I26,I17,I8,I44,I48) -> 0 | J50: =SUM(J35,J26,J17,J8,J44,J48) -> 0 | K50: =SUM(K35,K26,K17,K8,K44,K48) -> 0 | ... R50: =SUM(R35,R26,R17,R8,R44,R48) -> 0
B51: Total | D51: =SUM(D28:D34,D19:D25,D10:D16,D7,D37:D43,D46:D47) -> 0 | E51: =SUM(E28:E34,E19:E25,E10:E16,E7,E37:E43,E46:E47) -> 0 | F51: =SUM(F28:F34,F19:F25,F10:F16,F7,F37:F43,F46:F47) -> 0 | G51: =SUM(G28:G34,G19:G25,G10:G16,G7,G37:G43,G46:G47) -> 0 | H51: =SUM(H28:H34,H19:H25,H10:H16,H7,H37:H43,H46:H47) -> 0 | I51: =SUM(I28:I34,I19:I25,I10:I16,I7,I37:I43,I46:I47) -> 0 | J51: =SUM(J28:J34,J19:J25,J10:J16,J7,J37:J43,J46:J47) -> 0 | K51: =SUM(K28:K34,K19:K25,K10:K16,K7,K37:K43,K46:K47) -> 0 | ... R51: =SUM(R28:R34,R19:R25,R10:R16,R7,R37:R43,R46:R47) -> 0
B52: Difference

Sheet SO Juli 2026 Rev 2
A2: SALES ORDER
A3: 46204 | O3: =O4/2 -> 0
A5: Week | B5: DATE | D5: TOTAL | E5: CLIN | F5: BI | G5: MKG | H5: STM | I5: OAJ | J5: NNI | K5: SHB | L5: GTL | M5: TWK | N5: BYC | O5: GF RANCA | P5: SMA | Q5: UMI | R5: HLI | S5: ASAHIMAS | T5: DIC | U5: HCI | V5: KSN | W5: ADP | X5: KSN RANCA | Y5: ALT (KSO MASAMI) | Z5: IDP (KSO AAE) | AA5: FJI (KSO SALMAH) | AB5: WINGLOK (KSO EBM) | AC5: CISF (KSO RRS) | AD5: KGM (KSO RRS) | AE5: PUJ - LUBRICANT | AF5: CALBEE (KSO BMI) | AG5: IP | AH5: BEM | AI5: AMI | AJ5: KA | AK5: KTN | AL5: NIAGA GARAM | AM5: PCI 84 | AN5: PCI MENGGER | AO5: INDOFOOD | AP5: CERES | AQ5: ABC KOGEN | AR5: TONGJI ( KSO GAS) | AS5: CITYMALL GARUT | AT5: PERHUTANI (KSO PTGN) | AU5: PA | AV5: RB | AW5: GF ATOM | AX5: GF KULIT | AY5: SDM | AZ5: JARGAS | BA5: SBI | BB5: SP GLOBAL | BC5: PENTAWIRA (KSO REN)
A6: =WEEKNUM(B6) -> 27 | B6: =A3 -> 46204 | C6: =TEXT(B6,"ddd") -> Wed | D6: =SUM(E6:BC6) -> 216250.93 | E6: 1199.5729 | F6: 2000 | G6: 1200 | H6: 3300 | I6: 644.02065 | J6: 0 | K6: 150 | L6: 603.76323 | M6: 673.27548 | N6: 5500 | O6: 5000 | P6: 2500 | Q6: 16000 | R6: 10300 | S6: 35000 | T6: 5000 | U6: 7000 | V6: 6500 | W6: 500 | X6: 5600 | Y6: 1000 | Z6: 5500 | AA6: 0 | AB6: 89.451613 | AC6: 3500 | AD6: 1300 | AE6: 3000 | AF6: 10000 | AG6: 2000 | AH6: 800 | AI6: 7200 | AJ6: 3499.8768 | AK6: 2000 | AL6: 1000 | AM6: 11000 | AN6: 2000 | AO6: 7000 | AP6: 9000.0571 | AQ6: 8000 | AR6: 3500 | AU6: 700 | AV6: 3500 | AW6: 2000 | AX6: 369.61071 | AY6: 1121.9003 | AZ6: 2499.7026 | BA6: 2499.7026 | BB6: 0 | BC6: 13500
B7: =B6+1 -> 46205 | C7: =TEXT(B7,"ddd") -> Thu | D7: =SUM(E7:BC7) -> 216250.93 | E7: 1199.5729 | F7: 2000 | G7: 1200 | H7: 3300 | I7: 644.02065 | J7: 0 | K7: 150 | L7: 603.76323 | M7: 673.27548 | N7: 5500 | O7: 5000 | P7: 2500 | Q7: 16000 | R7: 10300 | S7: 35000 | T7: 5000 | U7: 7000 | V7: 6500 | W7: 500 | X7: 5600 | Y7: 1000 | Z7: 5500 | AA7: 0 | AB7: 89.451613 | AC7: 3500 | AD7: 1300 | AE7: 3000 | AF7: 10000 | AG7: 2000 | AH7: 800 | AI7: 7200 | AJ7: 3499.8768 | AK7: 2000 | AL7: 1000 | AM7: 11000 | AN7: 2000 | AO7: 7000 | AP7: 9000.0571 | AQ7: 8000 | AR7: 3500 | AS7: 0 | AT7: 0 | AU7: 700 | AV7: 3500 | AW7: 2000 | AX7: 369.61071 | AY7: 1121.9003 | AZ7: 2499.7026 | BA7: 2499.7026 | BB7: 0 | BC7: 13500
B8: =B7+1 -> 46206 | C8: =TEXT(B8,"ddd") -> Fri | D8: =SUM(E8:BC8) -> 216250.93 | E8: 1199.5729 | F8: 2000 | G8: 1200 | H8: 3300 | I8: 644.02065 | J8: 0 | K8: 150 | L8: 603.76323 | M8: 673.27548 | N8: 5500 | O8: 5000 | P8: 2500 | Q8: 16000 | R8: 10300 | S8: 35000 | T8: 5000 | U8: 7000 | V8: 6500 | W8: 500 | X8: 5600 | Y8: 1000 | Z8: 5500 | AA8: 0 | AB8: 89.451613 | AC8: 3500 | AD8: 1300 | AE8: 3000 | AF8: 10000 | AG8: 2000 | AH8: 800 | AI8: 7200 | AJ8: 3499.8768 | AK8: 2000 | AL8: 1000 | AM8: 11000 | AN8: 2000 | AO8: 7000 | AP8: 9000.0571 | AQ8: 8000 | AR8: 3500 | AS8: 0 | AT8: 0 | AU8: 700 | AV8: 3500 | AW8: 2000 | AX8: 369.61071 | AY8: 1121.9003 | AZ8: 2499.7026 | BA8: 2499.7026 | BB8: 0 | BC8: 13500
B9: =B8+1 -> 46207 | C9: =TEXT(B9,"ddd") -> Sat | D9: =SUM(E9:BC9) -> 210629.53 | E9: 700 | F9: 1000 | G9: 1200 | H9: 3300 | I9: 644.02065 | J9: 0 | K9: 150 | L9: 603.76323 | M9: 673.27548 | N9: 4500 | O9: 5000 | P9: 1000 | Q9: 16000 | R9: 10300 | S9: 48000 | T9: 5000 | U9: 0 | V9: 6500 | W9: 500 | X9: 5600 | Y9: 1000 | Z9: 5500 | AA9: 0 | AB9: 89.451613 | AC9: 3500 | AD9: 1300 | AE9: 0 | AF9: 10000 | AG9: 2000 | AH9: 800 | AI9: 7200 | AJ9: 0 | AK9: 2000 | AL9: 1000 | AM9: 11000 | AN9: 2000 | AO9: 10000 | AP9: 6000 | AQ9: 8000 | AR9: 3500 | AS9: 0 | AT9: 0 | AU9: 700 | AV9: 3500 | AW9: 2000 | AX9: 369.61071 | AY9: 0 | AZ9: 2499.7026 | BA9: 2499.7026 | BB9: 0 | BC9: 13500
B10: =B9+1 -> 46208 | C10: =TEXT(B10,"ddd") -> Sun | D10: =SUM(E10:BC10) -> 186138.45 | E10: 700 | F10: 1000 | G10: 1200 | H10: 999.51613 | I10: 644.02065 | J10: 0 | K10: 0 | L10: 603.76323 | M10: 673.27548 | N10: 0 | O10: 5000 | P10: 300 | Q10: 6659.5545 | R10: 10300 | S10: =48000+6000 -> 54000 | T10: 5000 | U10: 0 | V10: 6500 | W10: 500 | X10: 5600 | Y10: 0 | Z10: 2500 | AA10: 0 | AB10: 89.451613 | AC10: 1000 | AD10: 1300 | AE10: 0 | AF10: 10000 | AG10: 2000 | AH10: 0 | AI10: 2999.8519 | AJ10: 0 | AK10: 2000 | AL10: 0 | AM10: 11000 | AN10: 2000 | AO10: 10000 | AP10: 5000 | AQ10: 8000 | AR10: 3500 | AS10: 0 | AT10: 0 | AU10: 700 | AV10: 3500 | AW10: 2000 | AX10: 369.61071 | AY10: 0 | AZ10: 2499.7026 | BA10: 2499.7026 | BB10: 0 | BC10: 13500
B11: Sub Total | D11: =SUM(D6:D10) -> 1045520.8 | E11: =SUM(E6:E10) -> 4998.7187 | F11: =SUM(F6:F10) -> 8000 | G11: =SUM(G6:G10) -> 6000 | H11: =SUM(H6:H10) -> 14199.516 | I11: =SUM(I6:I10) -> 3220.1032 | J11: =SUM(J6:J10) -> 0 | K11: =SUM(K6:K10) -> 600 | ... BC11: =SUM(BC6:BC10) -> 67500
A13: =WEEKNUM(B13) -> 28 | B13: =B10+1 -> 46209 | C13: =TEXT(B13,"ddd") -> Mon | D13: =SUM(E13:BC13) -> 216250.93 | E13: 1199.5729 | F13: 2000 | G13: 1200 | H13: 3300 | I13: 644.02065 | J13: 0 | K13: 150 | L13: 603.76323 | M13: 673.27548 | N13: 5500 | O13: 5000 | P13: 2500 | Q13: 16000 | R13: 10300 | S13: 35000 | T13: 5000 | U13: 7000 | V13: 6500 | W13: 500 | X13: 5600 | Y13: 1000 | Z13: 5500 | AA13: 0 | AB13: 89.451613 | AC13: 3500 | AD13: 1300 | AE13: 3000 | AF13: 10000 | AG13: 2000 | AH13: 800 | AI13: 7200 | AJ13: 3499.8768 | AK13: 2000 | AL13: 1000 | AM13: 11000 | AN13: 2000 | AO13: 7000 | AP13: 9000.0571 | AQ13: 8000 | AR13: 3500 | AS13: 0 | AT13: 0 | AU13: 700 | AV13: 3500 | AW13: 2000 | AX13: 369.61071 | AY13: 1121.9003 | AZ13: 2499.7026 | BA13: 2499.7026 | BB13: 0 | BC13: 13500
B14: =B13+1 -> 46210 | C14: =TEXT(B14,"ddd") -> Tue | D14: =SUM(E14:BC14) -> 216250.93 | E14: 1199.5729 | F14: 2000 | G14: 1200 | H14: 3300 | I14: 644.02065 | J14: 0 | K14: 150 | L14: 603.76323 | M14: 673.27548 | N14: 5500 | O14: 5000 | P14: 2500 | Q14: 16000 | R14: 10300 | S14: 35000 | T14: 5000 | U14: 7000 | V14: 6500 | W14: 500 | X14: 5600 | Y14: 1000 | Z14: 5500 | AA14: 0 | AB14: 89.451613 | AC14: 3500 | AD14: 1300 | AE14: 3000 | AF14: 10000 | AG14: 2000 | AH14: 800 | AI14: 7200 | AJ14: 3499.8768 | AK14: 2000 | AL14: 1000 | AM14: 11000 | AN14: 2000 | AO14: 7000 | AP14: 9000.0571 | AQ14: 8000 | AR14: 3500 | AS14: =SUM(AS7:AS13) -> 0 | AT14: =SUM(AT7:AT13) -> 0 | AU14: 700 | AV14: 3500 | AW14: 2000 | AX14: 369.61071 | AY14: 1121.9003 | AZ14: 2499.7026 | BA14: 2499.7026 | BB14: 0 | BC14: 13500
B15: =B14+1 -> 46211 | C15: =TEXT(B15,"ddd") -> Wed | D15: =SUM(E15:BC15) -> 216250.93 | E15: 1199.5729 | F15: 2000 | G15: 1200 | H15: 3300 | I15: 644.02065 | J15: 0 | K15: 150 | L15: 603.76323 | M15: 673.27548 | N15: 5500 | O15: 5000 | P15: 2500 | Q15: 16000 | R15: 10300 | S15: 35000 | T15: 5000 | U15: 7000 | V15: 6500 | W15: 500 | X15: 5600 | Y15: 1000 | Z15: 5500 | AA15: 0 | AB15: 89.451613 | AC15: 3500 | AD15: 1300 | AE15: 3000 | AF15: 10000 | AG15: 2000 | AH15: 800 | AI15: 7200 | AJ15: 3499.8768 | AK15: 2000 | AL15: 1000 | AM15: 11000 | AN15: 2000 | AO15: 7000 | AP15: 9000.0571 | AQ15: 8000 | AR15: 3500 | AU15: 700 | AV15: 3500 | AW15: 2000 | AX15: 369.61071 | AY15: 1121.9003 | AZ15: 2499.7026 | BA15: 2499.7026 | BB15: 0 | BC15: 13500
B16: =B15+1 -> 46212 | C16: =TEXT(B16,"ddd") -> Thu | D16: =SUM(E16:BC16) -> 216250.93 | E16: 1199.5729 | F16: 2000 | G16: 1200 | H16: 3300 | I16: 644.02065 | J16: 0 | K16: 150 | L16: 603.76323 | M16: 673.27548 | N16: 5500 | O16: 5000 | P16: 2500 | Q16: 16000 | R16: 10300 | S16: 35000 | T16: 5000 | U16: 7000 | V16: 6500 | W16: 500 | X16: 5600 | Y16: 1000 | Z16: 5500 | AA16: 0 | AB16: 89.451613 | AC16: 3500 | AD16: 1300 | AE16: 3000 | AF16: 10000 | AG16: 2000 | AH16: 800 | AI16: 7200 | AJ16: 3499.8768 | AK16: 2000 | AL16: 1000 | AM16: 11000 | AN16: 2000 | AO16: 7000 | AP16: 9000.0571 | AQ16: 8000 | AR16: 3500 | AS16: 0 | AT16: 0 | AU16: 700 | AV16: 3500 | AW16: 2000 | AX16: 369.61071 | AY16: 1121.9003 | AZ16: 2499.7026 | BA16: 2499.7026 | BB16: 0 | BC16: 13500
B17: =B16+1 -> 46213 | C17: =TEXT(B17,"ddd") -> Fri | D17: =SUM(E17:BC17) -> 216250.93 | E17: 1199.5729 | F17: 2000 | G17: 1200 | H17: 3300 | I17: 644.02065 | J17: 0 | K17: 150 | L17: 603.76323 | M17: 673.27548 | N17: 5500 | O17: 5000 | P17: 2500 | Q17: 16000 | R17: 10300 | S17: 35000 | T17: 5000 | U17: 7000 | V17: 6500 | W17: 500 | X17: 5600 | Y17: 1000 | Z17: 5500 | AA17: 0 | AB17: 89.451613 | AC17: 3500 | AD17: 1300 | AE17: 3000 | AF17: 10000 | AG17: 2000 | AH17: 800 | AI17: 7200 | AJ17: 3499.8768 | AK17: 2000 | AL17: 1000 | AM17: 11000 | AN17: 2000 | AO17: 7000 | AP17: 9000.0571 | AQ17: 8000 | AR17: 3500 | AS17: 0 | AT17: 0 | AU17: 700 | AV17: 3500 | AW17: 2000 | AX17: 369.61071 | AY17: 1121.9003 | AZ17: 2499.7026 | BA17: 2499.7026 | BB17: 0 | BC17: 13500
B18: =B17+1 -> 46214 | C18: =TEXT(B18,"ddd") -> Sat | D18: =SUM(E18:BC18) -> 210629.53 | E18: 700 | F18: 1000 | G18: 1200 | H18: 3300 | I18: 644.02065 | J18: 0 | K18: 150 | L18: 603.76323 | M18: 673.27548 | N18: 4500 | O18: 5000 | P18: 1000 | Q18: 16000 | R18: 10300 | S18: 48000 | T18: 5000 | U18: 0 | V18: 6500 | W18: 500 | X18: 5600 | Y18: 1000 | Z18: 5500 | AA18: 0 | AB18: 89.451613 | AC18: 3500 | AD18: 1300 | AE18: 0 | AF18: 10000 | AG18: 2000 | AH18: 800 | AI18: 7200 | AJ18: 0 | AK18: 2000 | AL18: 1000 | AM18: 11000 | AN18: 2000 | AO18: 10000 | AP18: 6000 | AQ18: 8000 | AR18: 3500 | AS18: 0 | AT18: 0 | AU18: 700 | AV18: 3500 | AW18: 2000 | AX18: 369.61071 | AY18: 0 | AZ18: 2499.7026 | BA18: 2499.7026 | BB18: 0 | BC18: 13500
B19: =B18+1 -> 46215 | C19: =TEXT(B19,"ddd") -> Sun | D19: =SUM(E19:BC19) -> 186138.45 | E19: 700 | F19: 1000 | G19: 1200 | H19: 999.51613 | I19: 644.02065 | J19: 0 | K19: 0 | L19: 603.76323 | M19: 673.27548 | N19: 0 | O19: 5000 | P19: 300 | Q19: 6659.5545 | R19: 10300 | S19: =48000+6000 -> 54000 | T19: 5000 | U19: 0 | V19: 6500 | W19: 500 | X19: 5600 | Y19: 0 | Z19: 2500 | AA19: 0 | AB19: 89.451613 | AC19: 1000 | AD19: 1300 | AE19: 0 | AF19: 10000 | AG19: 2000 | AH19: 0 | AI19: 2999.8519 | AJ19: 0 | AK19: 2000 | AL19: 0 | AM19: 11000 | AN19: 2000 | AO19: 10000 | AP19: 5000 | AQ19: 8000 | AR19: 3500 | AS19: 0 | AT19: 0 | AU19: 700 | AV19: 3500 | AW19: 2000 | AX19: 369.61071 | AY19: 0 | AZ19: 2499.7026 | BA19: 2499.7026 | BB19: 0 | BC19: 13500
B20: Sub Total | D20: =SUM(D13:D19) -> 1478022.6 | E20: =SUM(E13:E19) -> 7397.8645 | F20: =SUM(F13:F19) -> 12000 | G20: =SUM(G13:G19) -> 8400 | H20: =SUM(H13:H19) -> 20799.516 | I20: =SUM(I13:I19) -> 4508.1445 | J20: =SUM(J13:J19) -> 0 | K20: =SUM(K13:K19) -> 900 | ... Z20: =SUM(Z13:Z19) -> 35500 | AA20: 0 | AB20: 626.16129 | AC20: =SUM(AC13:AC19) -> 22000 | AD20: =SUM(AD13:AD19) -> 9100 | AE20: =SUM(AE13:AE19) -> 15000 | AF20: =SUM(AF13:AF19) -> 70000 | AG20: =SUM(AG13:AG19) -> 14000 | AH20: =SUM(AH13:AH19) -> 4800 | AI20: =SUM(AI13:AI19) -> 46199.852 | AJ20: =SUM(AJ13:AJ19) -> 17499.384 | ... AR20: =SUM(AR13:AR19) -> 24500 | AS20: 0 | AT20: 0 | AU20: =SUM(AU13:AU19) -> 4900 | AV20: =SUM(AV13:AV19) -> 24500 | AW20: =SUM(AW13:AW19) -> 14000 | AX20: =SUM(AX13:AX19) -> 2587.275 | AY20: =SUM(AY13:AY19) -> 5609.5016 | AZ20: =SUM(AZ13:AZ19) -> 17497.918 | BA20: =SUM(BA13:BA19) -> 17497.918 | BB20: =SUM(BB13:BB19) -> 0 | BC20: =SUM(BC13:BC19) -> 94500
A22: =WEEKNUM(B22) -> 29 | B22: =B19+1 -> 46216 | C22: =TEXT(B22,"ddd") -> Mon | D22: =SUM(E22:BC22) -> 213250.93 | E22: 1199.5729 | F22: 2000 | G22: 1200 | H22: 3300 | I22: 644.02065 | J22: 0 | K22: 150 | L22: 603.76323 | M22: 673.27548 | N22: 5500 | O22: 5000 | P22: 2500 | Q22: 16000 | R22: 10300 | S22: 35000 | T22: 5000 | U22: 7000 | V22: 6500 | W22: 500 | X22: 5600 | Y22: 1000 | Z22: 5500 | AA22: 0 | AB22: 89.451613 | AC22: 3500 | AD22: 1300 | AE22: 3000 | AF22: 10000 | AG22: 2000 | AH22: 800 | AI22: 7200 | AJ22: 3499.8768 | AK22: 2000 | AL22: 1000 | AM22: 11000 | AN22: 2000 | AO22: 4000 | AP22: 9000.0571 | AQ22: 8000 | AR22: 3500 | AS22: 0 | AT22: 0 | AU22: 700 | AV22: 3500 | AW22: 2000 | AX22: 369.61071 | AY22: 1121.9003 | AZ22: 2499.7026 | BA22: 2499.7026 | BB22: 0 | BC22: 13500
B23: =B22+1 -> 46217 | C23: =TEXT(B23,"ddd") -> Tue | D23: =SUM(E23:BC23) -> 213250.93 | E23: 1199.5729 | F23: 2000 | G23: 1200 | H23: 3300 | I23: 644.02065 | J23: 0 | K23: 150 | L23: 603.76323 | M23: 673.27548 | N23: 5500 | O23: 5000 | P23: 2500 | Q23: 16000 | R23: 10300 | S23: 35000 | T23: 5000 | U23: 7000 | V23: 6500 | W23: 500 | X23: 5600 | Y23: 1000 | Z23: 5500 | AA23: 0 | AB23: 89.451613 | AC23: 3500 | AD23: 1300 | AE23: 3000 | AF23: 10000 | AG23: 2000 | AH23: 800 | AI23: 7200 | AJ23: 3499.8768 | AK23: 2000 | AL23: 1000 | AM23: 11000 | AN23: 2000 | AO23: 4000 | AP23: 9000.0571 | AQ23: 8000 | AR23: 3500 | AS23: =SUM(AS16:AS22) -> 0 | AT23: =SUM(AT16:AT22) -> 0 | AU23: 700 | AV23: 3500 | AW23: 2000 | AX23: 369.61071 | AY23: 1121.9003 | AZ23: 2499.7026 | BA23: 2499.7026 | BB23: 0 | BC23: 13500
B24: =B23+1 -> 46218 | C24: =TEXT(B24,"ddd") -> Wed | D24: =SUM(E24:BC24) -> 213250.93 | E24: 1199.5729 | F24: 2000 | G24: 1200 | H24: 3300 | I24: 644.02065 | J24: 0 | K24: 150 | L24: 603.76323 | M24: 673.27548 | N24: 5500 | O24: 5000 | P24: 2500 | Q24: 16000 | R24: 10300 | S24: 35000 | T24: 5000 | U24: 7000 | V24: 6500 | W24: 500 | X24: 5600 | Y24: 1000 | Z24: 5500 | AA24: 0 | AB24: 89.451613 | AC24: 3500 | AD24: 1300 | AE24: 3000 | AF24: 10000 | AG24: 2000 | AH24: 800 | AI24: 7200 | AJ24: 3499.8768 | AK24: 2000 | AL24: 1000 | AM24: 11000 | AN24: 2000 | AO24: 4000 | AP24: 9000.0571 | AQ24: 8000 | AR24: 3500 | AU24: 700 | AV24: 3500 | AW24: 2000 | AX24: 369.61071 | AY24: 1121.9003 | AZ24: 2499.7026 | BA24: 2499.7026 | BB24: 0 | BC24: 13500
B25: =B24+1 -> 46219 | C25: =TEXT(B25,"ddd") -> Thu | D25: =SUM(E25:BC25) -> 213250.93 | E25: 1199.5729 | F25: 2000 | G25: 1200 | H25: 3300 | I25: 644.02065 | J25: 0 | K25: 150 | L25: 603.76323 | M25: 673.27548 | N25: 5500 | O25: 5000 | P25: 2500 | Q25: 16000 | R25: 10300 | S25: 35000 | T25: 5000 | U25: 7000 | V25: 6500 | W25: 500 | X25: 5600 | Y25: 1000 | Z25: 5500 | AA25: 0 | AB25: 89.451613 | AC25: 3500 | AD25: 1300 | AE25: 3000 | AF25: 10000 | AG25: 2000 | AH25: 800 | AI25: 7200 | AJ25: 3499.8768 | AK25: 2000 | AL25: 1000 | AM25: 11000 | AN25: 2000 | AO25: 4000 | AP25: 9000.0571 | AQ25: 8000 | AR25: 3500 | AS25: 0 | AT25: 0 | AU25: 700 | AV25: 3500 | AW25: 2000 | AX25: 369.61071 | AY25: 1121.9003 | AZ25: 2499.7026 | BA25: 2499.7026 | BB25: 0 | BC25: 13500
B26: =B25+1 -> 46220 | C26: =TEXT(B26,"ddd") -> Fri | D26: =SUM(E26:BC26) -> 213250.93 | E26: 1199.5729 | F26: 2000 | G26: 1200 | H26: 3300 | I26: 644.02065 | J26: 0 | K26: 150 | L26: 603.76323 | M26: 673.27548 | N26: 5500 | O26: 5000 | P26: 2500 | Q26: 16000 | R26: 10300 | S26: 35000 | T26: 5000 | U26: 7000 | V26: 6500 | W26: 500 | X26: 5600 | Y26: 1000 | Z26: 5500 | AA26: 0 | AB26: 89.451613 | AC26: 3500 | AD26: 1300 | AE26: 3000 | AF26: 10000 | AG26: 2000 | AH26: 800 | AI26: 7200 | AJ26: 3499.8768 | AK26: 2000 | AL26: 1000 | AM26: 11000 | AN26: 2000 | AO26: 4000 | AP26: 9000.0571 | AQ26: 8000 | AR26: 3500 | AS26: 0 | AT26: 0 | AU26: 700 | AV26: 3500 | AW26: 2000 | AX26: 369.61071 | AY26: 1121.9003 | AZ26: 2499.7026 | BA26: 2499.7026 | BB26: 0 | BC26: 13500
B27: =B26+1 -> 46221 | C27: =TEXT(B27,"ddd") -> Sat | D27: =SUM(E27:BC27) -> 204629.53 | E27: 700 | F27: 1000 | G27: 1200 | H27: 3300 | I27: 644.02065 | J27: 0 | K27: 150 | L27: 603.76323 | M27: 673.27548 | N27: 4500 | O27: 5000 | P27: 1000 | Q27: 16000 | R27: 10300 | S27: 48000 | T27: 5000 | U27: 0 | V27: 6500 | W27: 500 | X27: 5600 | Y27: 1000 | Z27: 5500 | AA27: 0 | AB27: 89.451613 | AC27: 3500 | AD27: 1300 | AE27: 0 | AF27: 10000 | AG27: 2000 | AH27: 800 | AI27: 7200 | AJ27: 0 | AK27: 2000 | AL27: 1000 | AM27: 11000 | AN27: 2000 | AO27: 4000 | AP27: 6000 | AQ27: 8000 | AR27: 3500 | AS27: 0 | AT27: 0 | AU27: 700 | AV27: 3500 | AW27: 2000 | AX27: 369.61071 | AY27: 0 | AZ27: 2499.7026 | BA27: 2499.7026 | BB27: 0 | BC27: 13500
B28: =B27+1 -> 46222 | C28: =TEXT(B28,"ddd") -> Sun | D28: =SUM(E28:BC28) -> 180138.45 | E28: 700 | F28: 1000 | G28: 1200 | H28: 999.51613 | I28: 644.02065 | J28: 0 | K28: 0 | L28: 603.76323 | M28: 673.27548 | N28: 0 | O28: 5000 | P28: 300 | Q28: 6659.5545 | R28: 10300 | S28: =48000+6000 -> 54000 | T28: 5000 | U28: 0 | V28: 6500 | W28: 500 | X28: 5600 | Y28: 0 | Z28: 2500 | AA28: 0 | AB28: 89.451613 | AC28: 1000 | AD28: 1300 | AE28: 0 | AF28: 10000 | AG28: 2000 | AH28: 0 | AI28: 2999.8519 | AJ28: 0 | AK28: 2000 | AL28: 0 | AM28: 11000 | AN28: 2000 | AO28: 4000 | AP28: 5000 | AQ28: 8000 | AR28: 3500 | AS28: 0 | AT28: 0 | AU28: 700 | AV28: 3500 | AW28: 2000 | AX28: 369.61071 | AY28: 0 | AZ28: 2499.7026 | BA28: 2499.7026 | BB28: 0 | BC28: 13500
B29: Sub Total | D29: =SUM(D22:D28) -> 1451022.6 | E29: =SUM(E22:E28) -> 7397.8645 | F29: =SUM(F22:F28) -> 12000 | G29: =SUM(G22:G28) -> 8400 | H29: =SUM(H22:H28) -> 20799.516 | I29: =SUM(I22:I28) -> 4508.1445 | J29: =SUM(J22:J28) -> 0 | K29: =SUM(K22:K28) -> 900 | ... Z29: =SUM(Z22:Z28) -> 35500 | AA29: 0 | AB29: 626.16129 | AC29: =SUM(AC22:AC28) -> 22000 | AD29: =SUM(AD22:AD28) -> 9100 | AE29: =SUM(AE22:AE28) -> 15000 | AF29: =SUM(AF22:AF28) -> 70000 | AG29: =SUM(AG22:AG28) -> 14000 | AH29: =SUM(AH22:AH28) -> 4800 | AI29: =SUM(AI22:AI28) -> 46199.852 | AJ29: =SUM(AJ22:AJ28) -> 17499.384 | ... AR29: =SUM(AR22:AR28) -> 24500 | AS29: 0 | AT29: 0 | AU29: =SUM(AU22:AU28) -> 4900 | AV29: =SUM(AV22:AV28) -> 24500 | AW29: =SUM(AW22:AW28) -> 14000 | AX29: =SUM(AX22:AX28) -> 2587.275 | AY29: =SUM(AY22:AY28) -> 5609.5016 | AZ29: =SUM(AZ22:AZ28) -> 17497.918 | BA29: =SUM(BA22:BA28) -> 17497.918 | BB29: =SUM(BB22:BB28) -> 0 | BC29: =SUM(BC22:BC28) -> 94500
A31: =WEEKNUM(B31) -> 30 | B31: =B28+1 -> 46223 | C31: =TEXT(B31,"ddd") -> Mon | D31: =SUM(E31:BC31) -> 215751.06 | E31: 1199.5729 | F31: 2000 | G31: 1200 | H31: 3300 | I31: 644.02065 | J31: 0 | K31: 150 | L31: 603.76323 | M31: 673.27548 | N31: 5500 | O31: 5000 | P31: 2500 | Q31: 16000 | R31: 11000 | S31: 35000 | T31: 7000 | U31: 7000 | V31: 6500 | W31: 500 | X31: 5600 | Y31: 1000 | Z31: 5500 | AA31: 0 | AB31: 89.451613 | AC31: 3500 | AD31: 1300 | AE31: 3000 | AF31: 10000 | AG31: 2000 | AH31: 800 | AI31: 8000 | AJ31: 2000 | AK31: 2000 | AL31: 1000 | AM31: 11000 | AN31: 2000 | AO31: 4000 | AP31: 9000.0571 | AQ31: 8000 | AR31: 3500 | AS31: 0 | AT31: 0 | AU31: 700 | AV31: 4000 | AW31: 2000 | AX31: 369.61071 | AY31: 1121.9003 | AZ31: 2499.7026 | BA31: 2499.7026 | BB31: 0 | BC31: 13500
B32: =B31+1 -> 46224 | C32: =TEXT(B32,"ddd") -> Tue | D32: =SUM(E32:BC32) -> 215751.06 | E32: 1199.5729 | F32: 2000 | G32: 1200 | H32: 3300 | I32: 644.02065 | J32: 0 | K32: 150 | L32: 603.76323 | M32: 673.27548 | N32: 5500 | O32: 5000 | P32: 2500 | Q32: 16000 | R32: 11000 | S32: 35000 | T32: 7000 | U32: 7000 | V32: 6500 | W32: 500 | X32: 5600 | Y32: 1000 | Z32: 5500 | AA32: 0 | AB32: 89.451613 | AC32: 3500 | AD32: 1300 | AE32: 3000 | AF32: 10000 | AG32: 2000 | AH32: 800 | AI32: 8000 | AJ32: 2000 | AK32: 2000 | AL32: 1000 | AM32: 11000 | AN32: 2000 | AO32: 4000 | AP32: 9000.0571 | AQ32: 8000 | AR32: 3500 | AS32: =SUM(AS25:AS31) -> 0 | AT32: =SUM(AT25:AT31) -> 0 | AU32: 700 | AV32: 4000 | AW32: 2000 | AX32: 369.61071 | AY32: 1121.9003 | AZ32: 2499.7026 | BA32: 2499.7026 | BB32: 0 | BC32: 13500
B33: =B32+1 -> 46225 | C33: =TEXT(B33,"ddd") -> Wed | D33: =SUM(E33:BC33) -> 215751.06 | E33: 1199.5729 | F33: 2000 | G33: 1200 | H33: 3300 | I33: 644.02065 | J33: 0 | K33: 150 | L33: 603.76323 | M33: 673.27548 | N33: 5500 | O33: 5000 | P33: 2500 | Q33: 16000 | R33: 11000 | S33: 35000 | T33: 7000 | U33: 7000 | V33: 6500 | W33: 500 | X33: 5600 | Y33: 1000 | Z33: 5500 | AA33: 0 | AB33: 89.451613 | AC33: 3500 | AD33: 1300 | AE33: 3000 | AF33: 10000 | AG33: 2000 | AH33: 800 | AI33: 8000 | AJ33: 2000 | AK33: 2000 | AL33: 1000 | AM33: 11000 | AN33: 2000 | AO33: 4000 | AP33: 9000.0571 | AQ33: 8000 | AR33: 3500 | AU33: 700 | AV33: 4000 | AW33: 2000 | AX33: 369.61071 | AY33: 1121.9003 | AZ33: 2499.7026 | BA33: 2499.7026 | BB33: 0 | BC33: 13500
B34: =B33+1 -> 46226 | C34: =TEXT(B34,"ddd") -> Thu | D34: =SUM(E34:BC34) -> 215751.06 | E34: 1199.5729 | F34: 2000 | G34: 1200 | H34: 3300 | I34: 644.02065 | J34: 0 | K34: 150 | L34: 603.76323 | M34: 673.27548 | N34: 5500 | O34: 5000 | P34: 2500 | Q34: 16000 | R34: 11000 | S34: 35000 | T34: 7000 | U34: 7000 | V34: 6500 | W34: 500 | X34: 5600 | Y34: 1000 | Z34: 5500 | AA34: 0 | AB34: 89.451613 | AC34: 3500 | AD34: 1300 | AE34: 3000 | AF34: 10000 | AG34: 2000 | AH34: 800 | AI34: 8000 | AJ34: 2000 | AK34: 2000 | AL34: 1000 | AM34: 11000 | AN34: 2000 | AO34: 4000 | AP34: 9000.0571 | AQ34: 8000 | AR34: 3500 | AS34: 0 | AT34: 0 | AU34: 700 | AV34: 4000 | AW34: 2000 | AX34: 369.61071 | AY34: 1121.9003 | AZ34: 2499.7026 | BA34: 2499.7026 | BB34: 0 | BC34: 13500
B35: =B34+1 -> 46227 | C35: =TEXT(B35,"ddd") -> Fri | D35: =SUM(E35:BC35) -> 215751.06 | E35: 1199.5729 | F35: 2000 | G35: 1200 | H35: 3300 | I35: 644.02065 | J35: 0 | K35: 150 | L35: 603.76323 | M35: 673.27548 | N35: 5500 | O35: 5000 | P35: 2500 | Q35: 16000 | R35: 11000 | S35: 35000 | T35: 7000 | U35: 7000 | V35: 6500 | W35: 500 | X35: 5600 | Y35: 1000 | Z35: 5500 | AA35: 0 | AB35: 89.451613 | AC35: 3500 | AD35: 1300 | AE35: 3000 | AF35: 10000 | AG35: 2000 | AH35: 800 | AI35: 8000 | AJ35: 2000 | AK35: 2000 | AL35: 1000 | AM35: 11000 | AN35: 2000 | AO35: 4000 | AP35: 9000.0571 | AQ35: 8000 | AR35: 3500 | AS35: 0 | AT35: 0 | AU35: 700 | AV35: 4000 | AW35: 2000 | AX35: 369.61071 | AY35: 1121.9003 | AZ35: 2499.7026 | BA35: 2499.7026 | BB35: 0 | BC35: 13500
B36: =B35+1 -> 46228 | C36: =TEXT(B36,"ddd") -> Sat | D36: =SUM(E36:BC36) -> 206129.53 | E36: 700 | F36: 1000 | G36: 1200 | H36: 3300 | I36: 644.02065 | J36: 0 | K36: 150 | L36: 603.76323 | M36: 673.27548 | N36: 4500 | O36: 5000 | P36: 1000 | Q36: 16000 | R36: 11000 | S36: 48000 | T36: 7000 | U36: 0 | V36: 6500 | W36: 500 | X36: 5600 | Y36: 1000 | Z36: 5500 | AA36: 0 | AB36: 89.451613 | AC36: 3500 | AD36: 1300 | AE36: 0 | AF36: 10000 | AG36: 2000 | AH36: 800 | AI36: 5500 | AJ36: 0 | AK36: 2000 | AL36: 1000 | AM36: 11000 | AN36: 2000 | AO36: 4000 | AP36: 6000 | AQ36: 8000 | AR36: 3500 | AS36: 0 | AT36: 0 | AU36: 700 | AV36: 4000 | AW36: 2000 | AX36: 369.61071 | AY36: 0 | AZ36: 2499.7026 | BA36: 2499.7026 | BB36: 0 | BC36: 13500
B37: =B36+1 -> 46229 | C37: =TEXT(B37,"ddd") -> Sun | D37: =SUM(E37:BC37) -> 183338.45 | E37: 700 | F37: 1000 | G37: 1200 | H37: 999.51613 | I37: 644.02065 | J37: 0 | K37: 0 | L37: 603.76323 | M37: 673.27548 | N37: 0 | O37: 5000 | P37: 300 | Q37: 6659.5545 | R37: 11000 | S37: =48000+6000 -> 54000 | T37: 7000 | U37: 0 | V37: 6500 | W37: 500 | X37: 5600 | Y37: 0 | Z37: 2500 | AA37: 0 | AB37: 89.451613 | AC37: 1000 | AD37: 1300 | AE37: 0 | AF37: 10000 | AG37: 2000 | AH37: 0 | AI37: 2999.8519 | AJ37: 0 | AK37: 2000 | AL37: 0 | AM37: 11000 | AN37: 2000 | AO37: 4000 | AP37: 5000 | AQ37: 8000 | AR37: 3500 | AS37: 0 | AT37: 0 | AU37: 700 | AV37: 4000 | AW37: 2000 | AX37: 369.61071 | AY37: 0 | AZ37: 2499.7026 | BA37: 2499.7026 | BB37: 0 | BC37: 13500
B38: Sub Total | D38: =SUM(D31:D37) -> 1468223.3 | E38: =SUM(E31:E37) -> 7397.8645 | F38: =SUM(F31:F37) -> 12000 | G38: =SUM(G31:G37) -> 8400 | H38: =SUM(H31:H37) -> 20799.516 | I38: =SUM(I31:I37) -> 4508.1445 | J38: =SUM(J31:J37) -> 0 | K38: =SUM(K31:K37) -> 900 | ... BC38: =SUM(BC31:BC37) -> 94500
A40: =WEEKNUM(B40) -> 31 | B40: =B37+1 -> 46230 | C40: =TEXT(B40,"ddd") -> Mon | D40: =SUM(E40:BC40) -> 215751.06 | E40: 1199.5729 | F40: 2000 | G40: 1200 | H40: 3300 | I40: 644.02065 | J40: 0 | K40: 150 | L40: 603.76323 | M40: 673.27548 | N40: 5500 | O40: 5000 | P40: 2500 | Q40: 16000 | R40: 11000 | S40: 35000 | T40: 7000 | U40: 7000 | V40: 6500 | W40: 500 | X40: 5600 | Y40: 1000 | Z40: 5500 | AA40: 0 | AB40: 89.451613 | AC40: 3500 | AD40: 1300 | AE40: 3000 | AF40: 10000 | AG40: 2000 | AH40: 800 | AI40: 8000 | AJ40: 2000 | AK40: 2000 | AL40: 1000 | AM40: 11000 | AN40: 2000 | AO40: 4000 | AP40: 9000.0571 | AQ40: 8000 | AR40: 3500 | AS40: 0 | AT40: 0 | AU40: 700 | AV40: 4000 | AW40: 2000 | AX40: 369.61071 | AY40: 1121.9003 | AZ40: 2499.7026 | BA40: 2499.7026 | BB40: 0 | BC40: 13500
B41: =B40+1 -> 46231 | C41: =TEXT(B41,"ddd") -> Tue | D41: =SUM(E41:BC41) -> 215751.06 | E41: 1199.5729 | F41: 2000 | G41: 1200 | H41: 3300 | I41: 644.02065 | J41: 0 | K41: 150 | L41: 603.76323 | M41: 673.27548 | N41: 5500 | O41: 5000 | P41: 2500 | Q41: 16000 | R41: 11000 | S41: 35000 | T41: 7000 | U41: 7000 | V41: 6500 | W41: 500 | X41: 5600 | Y41: 1000 | Z41: 5500 | AA41: 0 | AB41: 89.451613 | AC41: 3500 | AD41: 1300 | AE41: 3000 | AF41: 10000 | AG41: 2000 | AH41: 800 | AI41: 8000 | AJ41: 2000 | AK41: 2000 | AL41: 1000 | AM41: 11000 | AN41: 2000 | AO41: 4000 | AP41: 9000.0571 | AQ41: 8000 | AR41: 3500 | AS41: 0 | AT41: 0 | AU41: 700 | AV41: 4000 | AW41: 2000 | AX41: 369.61071 | AY41: 1121.9003 | AZ41: 2499.7026 | BA41: 2499.7026 | BB41: 0 | BC41: 13500
B42: =B41+1 -> 46232 | C42: =TEXT(B42,"ddd") -> Wed | D42: =SUM(E42:BC42) -> 215751.06 | E42: 1199.5729 | F42: 2000 | G42: 1200 | H42: 3300 | I42: 644.02065 | J42: 0 | K42: 150 | L42: 603.76323 | M42: 673.27548 | N42: 5500 | O42: 5000 | P42: 2500 | Q42: 16000 | R42: 11000 | S42: 35000 | T42: 7000 | U42: 7000 | V42: 6500 | W42: 500 | X42: 5600 | Y42: 1000 | Z42: 5500 | AA42: 0 | AB42: 89.451613 | AC42: 3500 | AD42: 1300 | AE42: 3000 | AF42: 10000 | AG42: 2000 | AH42: 800 | AI42: 8000 | AJ42: 2000 | AK42: 2000 | AL42: 1000 | AM42: 11000 | AN42: 2000 | AO42: 4000 | AP42: 9000.0571 | AQ42: 8000 | AR42: 3500 | AS42: 0 | AT42: 0 | AU42: 700 | AV42: 4000 | AW42: 2000 | AX42: 369.61071 | AY42: 1121.9003 | AZ42: 2499.7026 | BA42: 2499.7026 | BB42: 0 | BC42: 13500
B43: =B42+1 -> 46233 | C43: =TEXT(B43,"ddd") -> Thu | D43: =SUM(E43:BC43) -> 215751.06 | E43: 1199.5729 | F43: 2000 | G43: 1200 | H43: 3300 | I43: 644.02065 | J43: 0 | K43: 150 | L43: 603.76323 | M43: 673.27548 | N43: 5500 | O43: 5000 | P43: 2500 | Q43: 16000 | R43: 11000 | S43: 35000 | T43: 7000 | U43: 7000 | V43: 6500 | W43: 500 | X43: 5600 | Y43: 1000 | Z43: 5500 | AA43: 0 | AB43: 89.451613 | AC43: 3500 | AD43: 1300 | AE43: 3000 | AF43: 10000 | AG43: 2000 | AH43: 800 | AI43: 8000 | AJ43: 2000 | AK43: 2000 | AL43: 1000 | AM43: 11000 | AN43: 2000 | AO43: 4000 | AP43: 9000.0571 | AQ43: 8000 | AR43: 3500 | AS43: 0 | AT43: 0 | AU43: 700 | AV43: 4000 | AW43: 2000 | AX43: 369.61071 | AY43: 1121.9003 | AZ43: 2499.7026 | BA43: 2499.7026 | BB43: 0 | BC43: 13500
B44: =B43+1 -> 46234 | C44: =TEXT(B44,"ddd") -> Fri | D44: =SUM(E44:BC44) -> 215751.06 | E44: 1199.5729 | F44: 2000 | G44: 1200 | H44: 3300 | I44: 644.02065 | J44: 0 | K44: 150 | L44: 603.76323 | M44: 673.27548 | N44: 5500 | O44: 5000 | P44: 2500 | Q44: 16000 | R44: 11000 | S44: 35000 | T44: 7000 | U44: 7000 | V44: 6500 | W44: 500 | X44: 5600 | Y44: 1000 | Z44: 5500 | AA44: 0 | AB44: 89.451613 | AC44: 3500 | AD44: 1300 | AE44: 3000 | AF44: 10000 | AG44: 2000 | AH44: 800 | AI44: 8000 | AJ44: 2000 | AK44: 2000 | AL44: 1000 | AM44: 11000 | AN44: 2000 | AO44: 4000 | AP44: 9000.0571 | AQ44: 8000 | AR44: 3500 | AS44: 0 | AT44: 0 | AU44: 700 | AV44: 4000 | AW44: 2000 | AX44: 369.61071 | AY44: 1121.9003 | AZ44: 2499.7026 | BA44: 2499.7026 | BB44: 0 | BC44: 13500
B45: Sub Total | D45: =SUM(D40:D44) -> 1078755.3 | E45: =SUM(E40:E44) -> 5997.8645 | F45: =SUM(F40:F44) -> 10000 | G45: =SUM(G40:G44) -> 6000 | H45: =SUM(H40:H44) -> 16500 | I45: =SUM(I40:I44) -> 3220.1032 | J45: =SUM(J40:J44) -> 0 | K45: =SUM(K40:K44) -> 750 | ... BC45: =SUM(BC40:BC44) -> 67500
B47: Sub Total | D47: =SUM(D45,D38,D29,D20,D11) -> 6521544.6 | E47: =SUM(E45,E38,E29,E20,E11) -> 33190.177 | F47: =SUM(F45,F38,F29,F20,F11) -> 54000 | G47: =SUM(G45,G38,G29,G20,G11) -> 37200 | H47: =SUM(H45,H38,H29,H20,H11) -> 93098.065 | I47: =SUM(I45,I38,I29,I20,I11) -> 19964.64 | J47: =SUM(J45,J38,J29,J20,J11) -> 0 | K47: =SUM(K45,K38,K29,K20,K11) -> 4050 | ... BC47: =SUM(BC45,BC38,BC29,BC20,BC11) -> 418500
B48: Total | D48: =SUM(D40:D44,D31:D37,D22:D28,D13:D19,D6:D10) -> 6521544.6 | E48: =SUM(E40:E44,E31:E37,E22:E28,E13:E19,E6:E10) -> 33190.177 | F48: =SUM(F40:F44,F31:F37,F22:F28,F13:F19,F6:F10) -> 54000 | G48: =SUM(G40:G44,G31:G37,G22:G28,G13:G19,G6:G10) -> 37200 | H48: =SUM(H40:H44,H31:H37,H22:H28,H13:H19,H6:H10) -> 93098.065 | I48: =SUM(I40:I44,I31:I37,I22:I28,I13:I19,I6:I10) -> 19964.64 | J48: =SUM(J40:J44,J31:J37,J22:J28,J13:J19,J6:J10) -> 0 | K48: =SUM(K40:K44,K31:K37,K22:K28,K13:K19,K6:K10) -> 4050 | ... BC48: =SUM(BC40:BC44,BC31:BC37,BC22:BC28,BC13:BC19,BC6:BC10) -> 418500
B59: 5. Penyesuaian volume MS SETU, kuota Torabika IC di tambahkan ke Torabika Cikupa mulai April 2025
B60: 5. Penyesuaian volume MS SETU, kuota Torabika IC di tambahkan ke Torabika Cikupa mulai April 2025
B61: 5. Penyesuaian volume MS SETU, kuota Torabika IC di tambahkan ke Torabika Cikupa mulai April 2025
B62: 5. Penyesuaian volume MS SETU, kuota Torabika IC di tambahkan ke Torabika Cikupa mulai April 2025
B63: 5. Penyesuaian volume MS SETU, kuota Torabika IC di tambahkan ke Torabika Cikupa mulai April 2025
B64: 5. Penyesuaian volume MS SETU, kuota Torabika IC di tambahkan ke Torabika Cikupa mulai April 2025
B65: 5. Penyesuaian volume MS SETU, kuota Torabika IC di tambahkan ke Torabika Cikupa mulai April 2025
B66: 5. Penyesuaian volume MS SETU, kuota Torabika IC di tambahkan ke Torabika Cikupa mulai April 2025
B67: 5. Penyesuaian volume MS SETU, kuota Torabika IC di tambahkan ke Torabika Cikupa mulai April 2025
B68: 5. Penyesuaian volume MS SETU, kuota Torabika IC di tambahkan ke Torabika Cikupa mulai April 2025
B69: 5. Penyesuaian volume MS SETU, kuota Torabika IC di tambahkan ke Torabika Cikupa mulai April 2025
B70: 5. Penyesuaian volume MS SETU, kuota Torabika IC di tambahkan ke Torabika Cikupa mulai April 2025
... B77: 6. Pengurangan volume MS SETU PT Ceres, customer off mulai 22 April 2025

Sheet KEBUTUHAN GAS
A1: KEBUTUHAN GAS
A4: ='SO FOB Juli 2026'!A4 -> 46204 | E4: KEBUTUHAN GAS | I4: KUOTA GAS
A5: Week | B5: DATE | D5: SELISIH GAS | E5: JABAR | F5: JATENG | G5: JATIM | H5: TOTAL | I5: MS SETU | J5: MS KHT | K5: MS BLORA | L5: MS BITUNG | M5: MS ZEBRA | N5: MS TAMBAKLOROK | O5: MS SAG | P5: MS SADANG | Q5: TOTAL
A6: =WEEKNUM(B6) -> 27 | B6: =A4 -> 46204 | C6: =TEXT(B6,"ddd") -> Wed | D6: =Q6-H6 -> -67277.439 | E6: =SUM('SO Juli 2026 Rev 2'!E6:AR6)-'SO Juli 2026 Rev 2'!V6 -> 183560.02 | F6: =SUM('SO Juli 2026 Rev 2'!AU6:BA6)+'SO Juli 2026 Rev 2'!V6 -> 19190.916 | G6: =SUM('SO Juli 2026 Rev 2'!BB6:BC6) -> 13500 | H6: =SUM(E6:G6) -> 216250.93 | I6: ='SO MS'!E6 -> 60000 | J6: ='SO MS'!F6 -> 34560 | K6: ='SO MS'!G6 -> 10800 | L6: ='SO MS'!H6 -> 10000 | M6: ='SO MS'!I6 -> 13500 | N6: ='SO MS'!J6 -> 3500 | O6: ='SO MS'!K6 -> 16613.495 | P6: ='SO MS'!L6 -> 0 | Q6: =SUM(I6:P6) -> 148973.49
B7: =B6+1 -> 46205 | C7: =TEXT(B7,"ddd") -> Thu | D7: =Q7-H7 -> -75356.128 | E7: =SUM('SO Juli 2026 Rev 2'!E7:AR7)-'SO Juli 2026 Rev 2'!V7 -> 183560.02 | F7: =SUM('SO Juli 2026 Rev 2'!AU7:BA7)+'SO Juli 2026 Rev 2'!V7 -> 19190.916 | G7: =SUM('SO Juli 2026 Rev 2'!BB7:BC7) -> 13500 | H7: =SUM(E7:G7) -> 216250.93 | I7: ='SO MS'!E7 -> 60000 | J7: ='SO MS'!F7 -> 34560 | K7: ='SO MS'!G7 -> 10800 | L7: ='SO MS'!H7 -> 10000 | M7: ='SO MS'!I7 -> 13500 | N7: ='SO MS'!J7 -> 3500 | O7: ='SO MS'!K7 -> 8534.806 | P7: ='SO MS'!L7 -> 0 | Q7: =SUM(I7:P7) -> 140894.81
B8: =B7+1 -> 46206 | C8: =TEXT(B8,"ddd") -> Fri | D8: =Q8-H8 -> -67059.403 | E8: =SUM('SO Juli 2026 Rev 2'!E8:AR8)-'SO Juli 2026 Rev 2'!V8 -> 183560.02 | F8: =SUM('SO Juli 2026 Rev 2'!AU8:BA8)+'SO Juli 2026 Rev 2'!V8 -> 19190.916 | G8: =SUM('SO Juli 2026 Rev 2'!BB8:BC8) -> 13500 | H8: =SUM(E8:G8) -> 216250.93 | I8: ='SO MS'!E8 -> 60000 | J8: ='SO MS'!F8 -> 34560 | K8: ='SO MS'!G8 -> 10800 | L8: ='SO MS'!H8 -> 10000 | M8: ='SO MS'!I8 -> 13500 | N8: ='SO MS'!J8 -> 3500 | O8: ='SO MS'!K8 -> 16831.531 | P8: ='SO MS'!L8 -> 0 | Q8: =SUM(I8:P8) -> 149191.53
B9: =B8+1 -> 46207 | C9: =TEXT(B9,"ddd") -> Sat | D9: =Q9-H9 -> -65700.037 | E9: =SUM('SO Juli 2026 Rev 2'!E9:AR9)-'SO Juli 2026 Rev 2'!V9 -> 179060.51 | F9: =SUM('SO Juli 2026 Rev 2'!AU9:BA9)+'SO Juli 2026 Rev 2'!V9 -> 18069.016 | G9: =SUM('SO Juli 2026 Rev 2'!BB9:BC9) -> 13500 | H9: =SUM(E9:G9) -> 210629.53 | I9: ='SO MS'!E9 -> 60000 | J9: ='SO MS'!F9 -> 34560 | K9: ='SO MS'!G9 -> 10800 | L9: ='SO MS'!H9 -> 10000 | M9: ='SO MS'!I9 -> 13500 | N9: ='SO MS'!J9 -> 3500 | O9: ='SO MS'!K9 -> 12569.49 | P9: ='SO MS'!L9 -> 0 | Q9: =SUM(I9:P9) -> 144929.49
B10: =B9+1 -> 46208 | C10: =TEXT(B10,"ddd") -> Sun | D10: =Q10-H10 -> -49701.163 | E10: =SUM('SO Juli 2026 Rev 2'!E10:AR10)-'SO Juli 2026 Rev 2'!V10 -> 154569.43 | F10: =SUM('SO Juli 2026 Rev 2'!AU10:BA10)+'SO Juli 2026 Rev 2'!V10 -> 18069.016 | G10: =SUM('SO Juli 2026 Rev 2'!BB10:BC10) -> 13500 | H10: =SUM(E10:G10) -> 186138.45 | I10: ='SO MS'!E10 -> 60000 | J10: ='SO MS'!F10 -> 34560 | K10: ='SO MS'!G10 -> 10800 | L10: ='SO MS'!H10 -> 10000 | M10: ='SO MS'!I10 -> 13500 | N10: ='SO MS'!J10 -> 3500 | O10: ='SO MS'!K10 -> 4077.286 | P10: ='SO MS'!L10 -> 0 | Q10: =SUM(I10:P10) -> 136437.29
B11: Sub Total | D11: =SUM(D6:D10) -> -325094.17 | E11: =SUM(E6:E10) -> 884310 | F11: =SUM(F6:F10) -> 93710.78 | G11: =SUM(G6:G10) -> 67500 | H11: =SUM(H6:H10) -> 1045520.8 | I11: =SUM(I6:I10) -> 300000 | J11: =SUM(J6:J10) -> 172800 | K11: =SUM(K6:K10) -> 54000 | ... Q11: =SUM(Q6:Q10) -> 720426.61
A13: =WEEKNUM(B13) -> 28 | B13: =B10+1 -> 46209 | C13: =TEXT(B13,"ddd") -> Mon | D13: =Q13-H13 -> -71394.409 | E13: =SUM('SO Juli 2026 Rev 2'!E13:AR13) -> 190060.02 | F13: =SUM('SO Juli 2026 Rev 2'!AU13:BA13) -> 12690.916 | G13: =SUM('SO Juli 2026 Rev 2'!BB13:BC13) -> 13500 | H13: =SUM(E13:G13) -> 216250.93 | I13: ='SO MS'!E13 -> 60000 | J13: ='SO MS'!F13 -> 34560 | K13: ='SO MS'!G13 -> 10800 | L13: ='SO MS'!H13 -> 10000 | M13: ='SO MS'!I13 -> 13500 | N13: ='SO MS'!J13 -> 3500 | O13: ='SO MS'!K13 -> 12496.525 | P13: ='SO MS'!L13 -> 0 | Q13: =SUM(I13:P13) -> 144856.52
B14: =B13+1 -> 46210 | C14: =TEXT(B14,"ddd") -> Tue | D14: =Q14-H14 -> -67655.663 | E14: =SUM('SO Juli 2026 Rev 2'!E14:AR14)-'SO Juli 2026 Rev 2'!V14 -> 183560.02 | F14: =SUM('SO Juli 2026 Rev 2'!AU14:BA14)+'SO Juli 2026 Rev 2'!V14 -> 19190.916 | G14: =SUM('SO Juli 2026 Rev 2'!BB14:BC14) -> 13500 | H14: =SUM(E14:G14) -> 216250.93 | I14: ='SO MS'!E14 -> 60000 | J14: ='SO MS'!F14 -> 34560 | K14: ='SO MS'!G14 -> 10800 | L14: ='SO MS'!H14 -> 10000 | M14: ='SO MS'!I14 -> 13500 | N14: ='SO MS'!J14 -> 3500 | O14: ='SO MS'!K14 -> 16235.271 | P14: ='SO MS'!L14 -> 0 | Q14: =SUM(I14:P14) -> 148595.27
B15: =B14+1 -> 46211 | C15: =TEXT(B15,"ddd") -> Wed | D15: =Q15-H15 -> -71180.196 | E15: =SUM('SO Juli 2026 Rev 2'!E15:AR15)-'SO Juli 2026 Rev 2'!V15 -> 183560.02 | F15: =SUM('SO Juli 2026 Rev 2'!AU15:BA15)+'SO Juli 2026 Rev 2'!V15 -> 19190.916 | G15: =SUM('SO Juli 2026 Rev 2'!BB15:BC15) -> 13500 | H15: =SUM(E15:G15) -> 216250.93 | I15: ='SO MS'!E15 -> 60000 | J15: ='SO MS'!F15 -> 34560 | K15: ='SO MS'!G15 -> 10800 | L15: ='SO MS'!H15 -> 10000 | M15: ='SO MS'!I15 -> 13500 | N15: ='SO MS'!J15 -> 3500 | O15: ='SO MS'!K15 -> 12710.738 | P15: ='SO MS'!L15 -> 0 | Q15: =SUM(I15:P15) -> 145070.74
B16: =B15+1 -> 46212 | C16: =TEXT(B16,"ddd") -> Thu | D16: =Q16-H16 -> -63180.318 | E16: =SUM('SO Juli 2026 Rev 2'!E16:AR16)-'SO Juli 2026 Rev 2'!V16 -> 183560.02 | F16: =SUM('SO Juli 2026 Rev 2'!AU16:BA16)+'SO Juli 2026 Rev 2'!V16 -> 19190.916 | G16: =SUM('SO Juli 2026 Rev 2'!BB16:BC16) -> 13500 | H16: =SUM(E16:G16) -> 216250.93 | I16: ='SO MS'!E16 -> 60000 | J16: ='SO MS'!F16 -> 34560 | K16: ='SO MS'!G16 -> 10800 | L16: ='SO MS'!H16 -> 10000 | M16: ='SO MS'!I16 -> 13500 | N16: ='SO MS'!J16 -> 3500 | O16: ='SO MS'!K16 -> 20710.616 | P16: ='SO MS'!L16 -> 0 | Q16: =SUM(I16:P16) -> 153070.62
B17: =B16+1 -> 46213 | C17: =TEXT(B17,"ddd") -> Fri | D17: =Q17-H17 -> -71116.597 | E17: =SUM('SO Juli 2026 Rev 2'!E17:AR17)-'SO Juli 2026 Rev 2'!V17 -> 183560.02 | F17: =SUM('SO Juli 2026 Rev 2'!AU17:BA17)+'SO Juli 2026 Rev 2'!V17 -> 19190.916 | G17: =SUM('SO Juli 2026 Rev 2'!BB17:BC17) -> 13500 | H17: =SUM(E17:G17) -> 216250.93 | I17: ='SO MS'!E17 -> 60000 | J17: ='SO MS'!F17 -> 34560 | K17: ='SO MS'!G17 -> 10800 | L17: ='SO MS'!H17 -> 10000 | M17: ='SO MS'!I17 -> 13500 | N17: ='SO MS'!J17 -> 3500 | O17: ='SO MS'!K17 -> 12774.337 | P17: ='SO MS'!L17 -> 0 | Q17: =SUM(I17:P17) -> 145134.34
B18: =B17+1 -> 46214 | C18: =TEXT(B18,"ddd") -> Sat | D18: =Q18-H18 -> -60882.072 | E18: =SUM('SO Juli 2026 Rev 2'!E18:AR18)-'SO Juli 2026 Rev 2'!V18 -> 179060.51 | F18: =SUM('SO Juli 2026 Rev 2'!AU18:BA18)+'SO Juli 2026 Rev 2'!V18 -> 18069.016 | G18: =SUM('SO Juli 2026 Rev 2'!BB18:BC18) -> 13500 | H18: =SUM(E18:G18) -> 210629.53 | I18: ='SO MS'!E18 -> 60000 | J18: ='SO MS'!F18 -> 34560 | K18: ='SO MS'!G18 -> 10800 | L18: ='SO MS'!H18 -> 10000 | M18: ='SO MS'!I18 -> 13500 | N18: ='SO MS'!J18 -> 3500 | O18: ='SO MS'!K18 -> 17387.455 | P18: ='SO MS'!L18 -> 0 | Q18: =SUM(I18:P18) -> 149747.46
B19: =B18+1 -> 46215 | C19: =TEXT(B19,"ddd") -> Sun | D19: =Q19-H19 -> -37053.591 | E19: =SUM('SO Juli 2026 Rev 2'!E19:AR19)-'SO Juli 2026 Rev 2'!V19 -> 154569.43 | F19: =SUM('SO Juli 2026 Rev 2'!AU19:BA19)+'SO Juli 2026 Rev 2'!V19 -> 18069.016 | G19: =SUM('SO Juli 2026 Rev 2'!BB19:BC19) -> 13500 | H19: =SUM(E19:G19) -> 186138.45 | I19: ='SO MS'!E19 -> 60000 | J19: ='SO MS'!F19 -> 34560 | K19: ='SO MS'!G19 -> 10800 | L19: ='SO MS'!H19 -> 10000 | M19: ='SO MS'!I19 -> 13500 | N19: ='SO MS'!J19 -> 3500 | O19: ='SO MS'!K19 -> 16724.858 | P19: ='SO MS'!L19 -> 0 | Q19: =SUM(I19:P19) -> 149084.86
B20: Sub Total | D20: =SUM(D13:D19) -> -442462.85 | E20: =SUM(E13:E19) -> 1257930 | F20: =SUM(F13:F19) -> 125592.61 | G20: =SUM(G13:G19) -> 94500 | H20: =SUM(H13:H19) -> 1478022.6 | I20: =SUM(I13:I19) -> 420000 | J20: =SUM(J13:J19) -> 241920 | K20: =SUM(K13:K19) -> 75600 | ... Q20: =SUM(Q13:Q19) -> 1035559.8
A22: =WEEKNUM(B22) -> 29 | B22: =B19+1 -> 46216 | C22: =TEXT(B22,"ddd") -> Mon | D22: =Q22-H22 -> -68194.396 | E22: =SUM('SO Juli 2026 Rev 2'!E22:AR22) -> 187060.02 | F22: =SUM('SO Juli 2026 Rev 2'!AU22:BA22) -> 12690.916 | G22: =SUM('SO Juli 2026 Rev 2'!BB22:BC22) -> 13500 | H22: =SUM(E22:G22) -> 213250.93 | I22: ='SO MS'!E22 -> 60000 | J22: ='SO MS'!F22 -> 34560 | K22: ='SO MS'!G22 -> 10800 | L22: ='SO MS'!H22 -> 10000 | M22: ='SO MS'!I22 -> 13500 | N22: ='SO MS'!J22 -> 3500 | O22: ='SO MS'!K22 -> 12696.538 | P22: ='SO MS'!L22 -> 0 | Q22: =SUM(I22:P22) -> 145056.54
B23: =B22+1 -> 46217 | C23: =TEXT(B23,"ddd") -> Tue | D23: =Q23-H23 -> -68465.863 | E23: =SUM('SO Juli 2026 Rev 2'!E23:AR23)-'SO Juli 2026 Rev 2'!V23 -> 180560.02 | F23: =SUM('SO Juli 2026 Rev 2'!AU23:BA23)+'SO Juli 2026 Rev 2'!V23 -> 19190.916 | G23: =SUM('SO Juli 2026 Rev 2'!BB23:BC23) -> 13500 | H23: =SUM(E23:G23) -> 213250.93 | I23: ='SO MS'!E23 -> 60000 | J23: ='SO MS'!F23 -> 34560 | K23: ='SO MS'!G23 -> 10800 | L23: ='SO MS'!H23 -> 10000 | M23: ='SO MS'!I23 -> 13500 | N23: ='SO MS'!J23 -> 3500 | O23: ='SO MS'!K23 -> 12425.071 | P23: ='SO MS'!L23 -> 0 | Q23: =SUM(I23:P23) -> 144785.07
B24: =B23+1 -> 46218 | C24: =TEXT(B24,"ddd") -> Wed | D24: =Q24-H24 -> -68302.24 | E24: =SUM('SO Juli 2026 Rev 2'!E24:AR24)-'SO Juli 2026 Rev 2'!V24 -> 180560.02 | F24: =SUM('SO Juli 2026 Rev 2'!AU24:BA24)+'SO Juli 2026 Rev 2'!V24 -> 19190.916 | G24: =SUM('SO Juli 2026 Rev 2'!BB24:BC24) -> 13500 | H24: =SUM(E24:G24) -> 213250.93 | I24: ='SO MS'!E24 -> 60000 | J24: ='SO MS'!F24 -> 34560 | K24: ='SO MS'!G24 -> 10800 | L24: ='SO MS'!H24 -> 10000 | M24: ='SO MS'!I24 -> 13500 | N24: ='SO MS'!J24 -> 3500 | O24: ='SO MS'!K24 -> 12588.694 | P24: ='SO MS'!L24 -> 0 | Q24: =SUM(I24:P24) -> 144948.69
B25: =B24+1 -> 46219 | C25: =TEXT(B25,"ddd") -> Thu | D25: =Q25-H25 -> -68283.525 | E25: =SUM('SO Juli 2026 Rev 2'!E25:AR25)-'SO Juli 2026 Rev 2'!V25 -> 180560.02 | F25: =SUM('SO Juli 2026 Rev 2'!AU25:BA25)+'SO Juli 2026 Rev 2'!V25 -> 19190.916 | G25: =SUM('SO Juli 2026 Rev 2'!BB25:BC25) -> 13500 | H25: =SUM(E25:G25) -> 213250.93 | I25: ='SO MS'!E25 -> 60000 | J25: ='SO MS'!F25 -> 34560 | K25: ='SO MS'!G25 -> 10800 | L25: ='SO MS'!H25 -> 10000 | M25: ='SO MS'!I25 -> 13500 | N25: ='SO MS'!J25 -> 3500 | O25: ='SO MS'!K25 -> 12607.409 | P25: ='SO MS'!L25 -> 0 | Q25: =SUM(I25:P25) -> 144967.41
B26: =B25+1 -> 46220 | C26: =TEXT(B26,"ddd") -> Fri | D26: =Q26-H26 -> -68256.485 | E26: =SUM('SO Juli 2026 Rev 2'!E26:AR26)-'SO Juli 2026 Rev 2'!V26 -> 180560.02 | F26: =SUM('SO Juli 2026 Rev 2'!AU26:BA26)+'SO Juli 2026 Rev 2'!V26 -> 19190.916 | G26: =SUM('SO Juli 2026 Rev 2'!BB26:BC26) -> 13500 | H26: =SUM(E26:G26) -> 213250.93 | I26: ='SO MS'!E26 -> 60000 | J26: ='SO MS'!F26 -> 34560 | K26: ='SO MS'!G26 -> 10800 | L26: ='SO MS'!H26 -> 10000 | M26: ='SO MS'!I26 -> 13500 | N26: ='SO MS'!J26 -> 3500 | O26: ='SO MS'!K26 -> 12634.449 | P26: ='SO MS'!L26 -> 0 | Q26: =SUM(I26:P26) -> 144994.45
B27: =B26+1 -> 46221 | C27: =TEXT(B27,"ddd") -> Sat | D27: =Q27-H27 -> -64131.725 | E27: =SUM('SO Juli 2026 Rev 2'!E27:AR27)-'SO Juli 2026 Rev 2'!V27 -> 173060.51 | F27: =SUM('SO Juli 2026 Rev 2'!AU27:BA27)+'SO Juli 2026 Rev 2'!V27 -> 18069.016 | G27: =SUM('SO Juli 2026 Rev 2'!BB27:BC27) -> 13500 | H27: =SUM(E27:G27) -> 204629.53 | I27: ='SO MS'!E27 -> 60000 | J27: ='SO MS'!F27 -> 34560 | K27: ='SO MS'!G27 -> 10800 | L27: ='SO MS'!H27 -> 10000 | M27: ='SO MS'!I27 -> 13500 | N27: ='SO MS'!J27 -> 3500 | O27: ='SO MS'!K27 -> 8137.802 | P27: ='SO MS'!L27 -> 0 | Q27: =SUM(I27:P27) -> 140497.8
B28: =B27+1 -> 46222 | C28: =TEXT(B28,"ddd") -> Sun | D28: =Q28-H28 -> -26491.212 | E28: =SUM('SO Juli 2026 Rev 2'!E28:AR28)-'SO Juli 2026 Rev 2'!V28 -> 148569.43 | F28: =SUM('SO Juli 2026 Rev 2'!AU28:BA28)+'SO Juli 2026 Rev 2'!V28 -> 18069.016 | G28: =SUM('SO Juli 2026 Rev 2'!BB28:BC28) -> 13500 | H28: =SUM(E28:G28) -> 180138.45 | I28: ='SO MS'!E28 -> 60000 | J28: ='SO MS'!F28 -> 34560 | K28: ='SO MS'!G28 -> 10800 | L28: ='SO MS'!H28 -> 10000 | M28: ='SO MS'!I28 -> 13500 | N28: ='SO MS'!J28 -> 3500 | O28: ='SO MS'!K28 -> 21287.237 | P28: ='SO MS'!L28 -> 0 | Q28: =SUM(I28:P28) -> 153647.24
B29: Sub Total | D29: =SUM(D22:D28) -> -432125.45 | E29: =SUM(E22:E28) -> 1230930 | F29: =SUM(F22:F28) -> 125592.61 | G29: =SUM(G22:G28) -> 94500 | H29: =SUM(H22:H28) -> 1451022.6 | I29: =SUM(I22:I28) -> 420000 | J29: =SUM(J22:J28) -> 241920 | K29: =SUM(K22:K28) -> 75600 | ... Q29: =SUM(Q22:Q28) -> 1018897.2
A31: =WEEKNUM(B31) -> 30 | B31: =B28+1 -> 46223 | C31: =TEXT(B31,"ddd") -> Mon | D31: =Q31-H31 -> -79094.725 | E31: =SUM('SO Juli 2026 Rev 2'!E31:AR31) -> 189060.14 | F31: =SUM('SO Juli 2026 Rev 2'!AU31:BA31) -> 13190.916 | G31: =SUM('SO Juli 2026 Rev 2'!BB31:BC31) -> 13500 | H31: =SUM(E31:G31) -> 215751.06 | I31: ='SO MS'!E31 -> 60000 | J31: ='SO MS'!F31 -> 34560 | K31: ='SO MS'!G31 -> 10800 | L31: ='SO MS'!H31 -> 10000 | M31: ='SO MS'!I31 -> 13500 | N31: ='SO MS'!J31 -> 3500 | O31: ='SO MS'!K31 -> 4296.332 | P31: ='SO MS'!L31 -> 0 | Q31: =SUM(I31:P31) -> 136656.33
B32: =B31+1 -> 46224 | C32: =TEXT(B32,"ddd") -> Tue | D32: =Q32-H32 -> -74680.165 | E32: =SUM('SO Juli 2026 Rev 2'!E32:AR32)-'SO Juli 2026 Rev 2'!V32 -> 182560.14 | F32: =SUM('SO Juli 2026 Rev 2'!AU32:BA32)+'SO Juli 2026 Rev 2'!V32 -> 19690.916 | G32: =SUM('SO Juli 2026 Rev 2'!BB32:BC32) -> 13500 | H32: =SUM(E32:G32) -> 215751.06 | I32: ='SO MS'!E32 -> 60000 | J32: ='SO MS'!F32 -> 34560 | K32: ='SO MS'!G32 -> 10800 | L32: ='SO MS'!H32 -> 10000 | M32: ='SO MS'!I32 -> 13500 | N32: ='SO MS'!J32 -> 3500 | O32: ='SO MS'!K32 -> 8710.892 | P32: ='SO MS'!L32 -> 0 | Q32: =SUM(I32:P32) -> 141070.89
B33: =B32+1 -> 46225 | C33: =TEXT(B33,"ddd") -> Wed | D33: =Q33-H33 -> -78998.798 | E33: =SUM('SO Juli 2026 Rev 2'!E33:AR33)-'SO Juli 2026 Rev 2'!V33 -> 182560.14 | F33: =SUM('SO Juli 2026 Rev 2'!AU33:BA33)+'SO Juli 2026 Rev 2'!V33 -> 19690.916 | G33: =SUM('SO Juli 2026 Rev 2'!BB33:BC33) -> 13500 | H33: =SUM(E33:G33) -> 215751.06 | I33: ='SO MS'!E33 -> 60000 | J33: ='SO MS'!F33 -> 34560 | K33: ='SO MS'!G33 -> 10800 | L33: ='SO MS'!H33 -> 10000 | M33: ='SO MS'!I33 -> 13500 | N33: ='SO MS'!J33 -> 3500 | O33: ='SO MS'!K33 -> 4392.259 | P33: ='SO MS'!L33 -> 0 | Q33: =SUM(I33:P33) -> 136752.26
B34: =B33+1 -> 46226 | C34: =TEXT(B34,"ddd") -> Thu | D34: =Q34-H34 -> -74881.979 | E34: =SUM('SO Juli 2026 Rev 2'!E34:AR34)-'SO Juli 2026 Rev 2'!V34 -> 182560.14 | F34: =SUM('SO Juli 2026 Rev 2'!AU34:BA34)+'SO Juli 2026 Rev 2'!V34 -> 19690.916 | G34: =SUM('SO Juli 2026 Rev 2'!BB34:BC34) -> 13500 | H34: =SUM(E34:G34) -> 215751.06 | I34: ='SO MS'!E34 -> 60000 | J34: ='SO MS'!F34 -> 34560 | K34: ='SO MS'!G34 -> 10800 | L34: ='SO MS'!H34 -> 10000 | M34: ='SO MS'!I34 -> 13500 | N34: ='SO MS'!J34 -> 3500 | O34: ='SO MS'!K34 -> 8509.078 | P34: ='SO MS'!L34 -> 0 | Q34: =SUM(I34:P34) -> 140869.08
B35: =B34+1 -> 46227 | C35: =TEXT(B35,"ddd") -> Fri | D35: =Q35-H35 -> -83391.057 | E35: =SUM('SO Juli 2026 Rev 2'!E35:AR35)-'SO Juli 2026 Rev 2'!V35 -> 182560.14 | F35: =SUM('SO Juli 2026 Rev 2'!AU35:BA35)+'SO Juli 2026 Rev 2'!V35 -> 19690.916 | G35: =SUM('SO Juli 2026 Rev 2'!BB35:BC35) -> 13500 | H35: =SUM(E35:G35) -> 215751.06 | I35: ='SO MS'!E35 -> 60000 | J35: ='SO MS'!F35 -> 34560 | K35: ='SO MS'!G35 -> 10800 | L35: ='SO MS'!H35 -> 10000 | M35: ='SO MS'!I35 -> 13500 | N35: ='SO MS'!J35 -> 3500 | O35: ='SO MS'!K35 -> 0 | P35: ='SO MS'!L35 -> 0 | Q35: =SUM(I35:P35) -> 132360
B36: =B35+1 -> 46228 | C36: =TEXT(B36,"ddd") -> Sat | D36: =Q36-H36 -> 300809.9 | E36: =SUM('SO Juli 2026 Rev 2'!E36:AR36)-'SO Juli 2026 Rev 2'!V36 -> 174060.51 | F36: =SUM('SO Juli 2026 Rev 2'!AU36:BA36)+'SO Juli 2026 Rev 2'!V36 -> 18569.016 | G36: =SUM('SO Juli 2026 Rev 2'!BB36:BC36) -> 13500 | H36: =SUM(E36:G36) -> 206129.53 | I36: ='SO MS'!E36 -> 60000 | J36: ='SO MS'!F36 -> 34560 | K36: ='SO MS'!G36 -> 10800 | L36: ='SO MS'!H36 -> 10000 | M36: ='SO MS'!I36 -> 13500 | N36: ='SO MS'!J36 -> 3500 | O36: ='SO MS'!K36 -> 374579.43 | P36: ='SO MS'!L36 -> 0 | Q36: =SUM(I36:P36) -> 506939.43
B37: =B36+1 -> 46229 | C37: =TEXT(B37,"ddd") -> Sun | D37: =Q37-H37 -> -50978.449 | E37: =SUM('SO Juli 2026 Rev 2'!E37:AR37)-'SO Juli 2026 Rev 2'!V37 -> 151269.43 | F37: =SUM('SO Juli 2026 Rev 2'!AU37:BA37)+'SO Juli 2026 Rev 2'!V37 -> 18569.016 | G37: =SUM('SO Juli 2026 Rev 2'!BB37:BC37) -> 13500 | H37: =SUM(E37:G37) -> 183338.45 | I37: ='SO MS'!E37 -> 60000 | J37: ='SO MS'!F37 -> 34560 | K37: ='SO MS'!G37 -> 10800 | L37: ='SO MS'!H37 -> 10000 | M37: ='SO MS'!I37 -> 13500 | N37: ='SO MS'!J37 -> 3500 | O37: ='SO MS'!K37 -> 0 | P37: ='SO MS'!L37 -> 0 | Q37: =SUM(I37:P37) -> 132360
B38: Sub Total | D38: =SUM(D31:D37) -> -141215.27 | E38: =SUM(E31:E37) -> 1244630.6 | F38: =SUM(F31:F37) -> 129092.61 | G38: =SUM(G31:G37) -> 94500 | H38: =SUM(H31:H37) -> 1468223.3 | I38: =SUM(I31:I37) -> 420000 | J38: =SUM(J31:J37) -> 241920 | K38: =SUM(K31:K37) -> 75600 | ... Q38: =SUM(Q31:Q37) -> 1327008
A40: =WEEKNUM(B40) -> 31 | B40: =B37+1 -> 46230 | C40: =TEXT(B40,"ddd") -> Mon | D40: =Q40-H40 -> -83391.057 | E40: =SUM('SO Juli 2026 Rev 2'!E40:AR40)-'SO Juli 2026 Rev 2'!V40 -> 182560.14 | F40: =SUM('SO Juli 2026 Rev 2'!AU40:BA40)+'SO Juli 2026 Rev 2'!V40 -> 19690.916 | G40: =SUM('SO Juli 2026 Rev 2'!BB40:BC40) -> 13500 | H40: =SUM(E40:G40) -> 215751.06 | I40: ='SO MS'!E40 -> 60000 | J40: ='SO MS'!F40 -> 34560 | K40: ='SO MS'!G40 -> 10800 | L40: ='SO MS'!H40 -> 10000 | M40: ='SO MS'!I40 -> 13500 | N40: ='SO MS'!J40 -> 3500 | O40: ='SO MS'!K40 -> 0 | P40: ='SO MS'!L40 -> 0 | Q40: =SUM(I40:P40) -> 132360
B41: =B40+1 -> 46231 | C41: =TEXT(B41,"ddd") -> Tue | D41: =Q41-H41 -> -83391.057 | E41: =SUM('SO Juli 2026 Rev 2'!E41:AR41)-'SO Juli 2026 Rev 2'!V41 -> 182560.14 | F41: =SUM('SO Juli 2026 Rev 2'!AU41:BA41)+'SO Juli 2026 Rev 2'!V41 -> 19690.916 | G41: =SUM('SO Juli 2026 Rev 2'!BB41:BC41) -> 13500 | H41: =SUM(E41:G41) -> 215751.06 | I41: ='SO MS'!E41 -> 60000 | J41: ='SO MS'!F41 -> 34560 | K41: ='SO MS'!G41 -> 10800 | L41: ='SO MS'!H41 -> 10000 | M41: ='SO MS'!I41 -> 13500 | N41: ='SO MS'!J41 -> 3500 | O41: ='SO MS'!K41 -> 0 | P41: ='SO MS'!L41 -> 0 | Q41: =SUM(I41:P41) -> 132360
B42: =B41+1 -> 46232 | C42: =TEXT(B42,"ddd") -> Wed | D42: =Q42-H42 -> -83391.057 | E42: =SUM('SO Juli 2026 Rev 2'!E42:AR42)-'SO Juli 2026 Rev 2'!V42 -> 182560.14 | F42: =SUM('SO Juli 2026 Rev 2'!AU42:BA42)+'SO Juli 2026 Rev 2'!V42 -> 19690.916 | G42: =SUM('SO Juli 2026 Rev 2'!BB42:BC42) -> 13500 | H42: =SUM(E42:G42) -> 215751.06 | I42: ='SO MS'!E42 -> 60000 | J42: ='SO MS'!F42 -> 34560 | K42: ='SO MS'!G42 -> 10800 | L42: ='SO MS'!H42 -> 10000 | M42: ='SO MS'!I42 -> 13500 | N42: ='SO MS'!J42 -> 3500 | O42: ='SO MS'!K42 -> 0 | P42: ='SO MS'!L42 -> 0 | Q42: =SUM(I42:P42) -> 132360
B43: =B42+1 -> 46233 | C43: =TEXT(B43,"ddd") -> Thu | D43: =Q43-H43 -> -83391.057 | E43: =SUM('SO Juli 2026 Rev 2'!E43:AR43)-'SO Juli 2026 Rev 2'!V43 -> 182560.14 | F43: =SUM('SO Juli 2026 Rev 2'!AU43:BA43)+'SO Juli 2026 Rev 2'!V43 -> 19690.916 | G43: =SUM('SO Juli 2026 Rev 2'!BB43:BC43) -> 13500 | H43: =SUM(E43:G43) -> 215751.06 | I43: ='SO MS'!E43 -> 60000 | J43: ='SO MS'!F43 -> 34560 | K43: ='SO MS'!G43 -> 10800 | L43: ='SO MS'!H43 -> 10000 | M43: ='SO MS'!I43 -> 13500 | N43: ='SO MS'!J43 -> 3500 | O43: ='SO MS'!K43 -> 0 | P43: ='SO MS'!L43 -> 0 | Q43: =SUM(I43:P43) -> 132360
B44: =B43+1 -> 46234 | C44: =TEXT(B44,"ddd") -> Fri | D44: =Q44-H44 -> -83391.057 | E44: =SUM('SO Juli 2026 Rev 2'!E44:AR44)-'SO Juli 2026 Rev 2'!V44 -> 182560.14 | F44: =SUM('SO Juli 2026 Rev 2'!AU44:BA44)+'SO Juli 2026 Rev 2'!V44 -> 19690.916 | G44: =SUM('SO Juli 2026 Rev 2'!BB44:BC44) -> 13500 | H44: =SUM(E44:G44) -> 215751.06 | I44: ='SO MS'!E44 -> 60000 | J44: ='SO MS'!F44 -> 34560 | K44: ='SO MS'!G44 -> 10800 | L44: ='SO MS'!H44 -> 10000 | M44: ='SO MS'!I44 -> 13500 | N44: ='SO MS'!J44 -> 3500 | O44: ='SO MS'!K44 -> 0 | P44: ='SO MS'!L44 -> 0 | Q44: =SUM(I44:P44) -> 132360
B45: Sub Total | D45: =SUM(D40:D44) -> -416955.29 | E45: =SUM(E40:E44) -> 912800.7 | F45: =SUM(F40:F44) -> 98454.581 | G45: =SUM(G40:G44) -> 67500 | H45: =SUM(H40:H44) -> 1078755.3 | I45: =SUM(I40:I44) -> 300000 | J45: =SUM(J40:J44) -> 172800 | K45: =SUM(K40:K44) -> 54000 | ... Q45: =SUM(Q40:Q44) -> 661800
B47: Sub Total | D47: =SUM(D45,D38,D29,D20,D11) -> -1757853 | E47: =SUM(E42,E34,E25,E16,E7) -> 912800.34 | F47: =SUM(F42,F34,F25,F16,F7) -> 96954.581 | G47: =SUM(G42,G34,G25,G16,G7) -> 67500 | H47: =SUM(H42,H34,H25,H16,H7) -> 1077254.9 | I47: =SUM(I42,I34,I25,I16,I7) -> 300000 | J47: =SUM(J42,J34,J25,J16,J7) -> 172800 | K47: =SUM(K42,K34,K25,K16,K7) -> 54000 | L47: =SUM(L42,L34,L25,L16,L7) -> 50000 | ... Q47: =SUM(Q42,Q34,Q25,Q16,Q7) -> 712161.91
B48: Total | D48: =SUM(D40:D44,D31:D37,D22:D28,D13:D19,D6:D10) -> -1757853 | E48: =SUM(E36:E41,E27:E33,E18:E24,E9:E15,E6) -> 8140241.3 | F48: =SUM(F36:F41,F27:F33,F18:F24,F9:F15,F6) -> 832831.74 | G48: =SUM(G36:G41,G27:G33,G18:G24,G9:G15,G6) -> 621000 | H48: =SUM(H36:H41,H27:H33,H18:H24,H9:H15,H6) -> 9594073.1 | I48: =SUM(I36:I41,I27:I33,I18:I24,I9:I15,I6) -> 2760000 | J48: =SUM(J36:J41,J27:J33,J18:J24,J9:J15,J6) -> 1589760 | K48: =SUM(K36:K41,K27:K33,K18:K24,K9:K15,K6) -> 496800 | L48: =SUM(L36:L41,L27:L33,L18:L24,L9:L15,L6) -> 460000 | ... Q48: =SUM(Q36:Q41,Q27:Q33,Q18:Q24,Q9:Q15,Q6) -> 7317021

Sheet SO MS
A1: SALES ORDER GAS
A4: ='SO FOB Juli 2026'!A4 -> 46204
A5: Week | B5: DATE | D5: TOTAL | E5: MS SETU | F5: MS KHT | G5: MS BLORA | H5: MS BITUNG | I5: MS ZEBRA | J5: MS TAMBAKLOROK | K5: MS SAG | L5: MS SADANG
A6: =WEEKNUM(B6) -> 27 | B6: =A4 -> 46204 | C6: =TEXT(B6,"ddd") -> Wed | D6: =SUM(E6:O6) -> 148973.49 | E6: =2.5*24000 -> 60000 | F6: =1.44*24000 -> 34560 | G6: =0.45*24000 -> 10800 | H6: 10000 | I6: =SUM('SO Juli 2026 Rev 2'!BB6:BC6) -> 13500 | J6: ='SO Juli 2026 Rev 2'!AR6 -> 3500 | K6: ='Summary sales'!K8 -> 16613.495 | L6: ='Summary sales'!L8 -> 0
B7: =B6+1 -> 46205 | C7: =TEXT(B7,"ddd") -> Thu | D7: =SUM(E7:O7) -> 140894.81 | E7: =2.5*24000 -> 60000 | F7: =1.44*24000 -> 34560 | G7: =0.45*24000 -> 10800 | H7: 10000 | I7: =SUM('SO Juli 2026 Rev 2'!BB7:BC7) -> 13500 | J7: ='SO Juli 2026 Rev 2'!AR7 -> 3500 | K7: ='Summary sales'!K9 -> 8534.806 | L7: ='Summary sales'!L9 -> 0
B8: =B7+1 -> 46206 | C8: =TEXT(B8,"ddd") -> Fri | D8: =SUM(E8:O8) -> 149191.53 | E8: =2.5*24000 -> 60000 | F8: =1.44*24000 -> 34560 | G8: =0.45*24000 -> 10800 | H8: 10000 | I8: =SUM('SO Juli 2026 Rev 2'!BB8:BC8) -> 13500 | J8: ='SO Juli 2026 Rev 2'!AR8 -> 3500 | K8: ='Summary sales'!K10 -> 16831.531 | L8: ='Summary sales'!L10 -> 0
B9: =B8+1 -> 46207 | C9: =TEXT(B9,"ddd") -> Sat | D9: =SUM(E9:O9) -> 144929.49 | E9: =2.5*24000 -> 60000 | F9: =1.44*24000 -> 34560 | G9: =0.45*24000 -> 10800 | H9: 10000 | I9: =SUM('SO Juli 2026 Rev 2'!BB9:BC9) -> 13500 | J9: ='SO Juli 2026 Rev 2'!AR9 -> 3500 | K9: ='Summary sales'!K11 -> 12569.49 | L9: ='Summary sales'!L11 -> 0
B10: =B9+1 -> 46208 | C10: =TEXT(B10,"ddd") -> Sun | D10: =SUM(E10:O10) -> 136437.29 | E10: =2.5*24000 -> 60000 | F10: =1.44*24000 -> 34560 | G10: =0.45*24000 -> 10800 | H10: 10000 | I10: =SUM('SO Juli 2026 Rev 2'!BB10:BC10) -> 13500 | J10: ='SO Juli 2026 Rev 2'!AR10 -> 3500 | K10: ='Summary sales'!K12 -> 4077.286 | L10: ='Summary sales'!L12 -> 0
B11: Sub Total | D11: =SUM(D6:D10) -> 720426.61 | E11: =SUM(E6:E10) -> 300000 | F11: =SUM(F6:F10) -> 172800 | G11: =SUM(G6:G10) -> 54000 | H11: =SUM(H6:H10) -> 50000 | I11: =SUM(I6:I10) -> 67500 | J11: =SUM(J6:J10) -> 17500 | K11: =SUM(K6:K10) -> 58626.608 | L11: =SUM(L6:L10) -> 0
A13: =WEEKNUM(B13) -> 28 | B13: =B10+1 -> 46209 | C13: =TEXT(B13,"ddd") -> Mon | D13: =SUM(E13:O13) -> 144856.52 | E13: =2.5*24000 -> 60000 | F13: =1.44*24000 -> 34560 | G13: =0.45*24000 -> 10800 | H13: 10000 | I13: =SUM('SO Juli 2026 Rev 2'!BB13:BC13) -> 13500 | J13: ='SO Juli 2026 Rev 2'!AR13 -> 3500 | K13: ='Summary sales'!K15 -> 12496.525 | L13: ='Summary sales'!L15 -> 0
B14: =B13+1 -> 46210 | C14: =TEXT(B14,"ddd") -> Tue | D14: =SUM(E14:O14) -> 148595.27 | E14: =2.5*24000 -> 60000 | F14: =1.44*24000 -> 34560 | G14: =0.45*24000 -> 10800 | H14: 10000 | I14: =SUM('SO Juli 2026 Rev 2'!BB14:BC14) -> 13500 | J14: ='SO Juli 2026 Rev 2'!AR14 -> 3500 | K14: ='Summary sales'!K16 -> 16235.271 | L14: ='Summary sales'!L16 -> 0
B15: =B14+1 -> 46211 | C15: =TEXT(B15,"ddd") -> Wed | D15: =SUM(E15:O15) -> 145070.74 | E15: =2.5*24000 -> 60000 | F15: =1.44*24000 -> 34560 | G15: =0.45*24000 -> 10800 | H15: 10000 | I15: =SUM('SO Juli 2026 Rev 2'!BB15:BC15) -> 13500 | J15: ='SO Juli 2026 Rev 2'!AR15 -> 3500 | K15: ='Summary sales'!K17 -> 12710.738 | L15: ='Summary sales'!L17 -> 0
B16: =B15+1 -> 46212 | C16: =TEXT(B16,"ddd") -> Thu | D16: =SUM(E16:O16) -> 153070.62 | E16: =2.5*24000 -> 60000 | F16: =1.44*24000 -> 34560 | G16: =0.45*24000 -> 10800 | H16: 10000 | I16: =SUM('SO Juli 2026 Rev 2'!BB16:BC16) -> 13500 | J16: ='SO Juli 2026 Rev 2'!AR16 -> 3500 | K16: ='Summary sales'!K18 -> 20710.616 | L16: ='Summary sales'!L18 -> 0
B17: =B16+1 -> 46213 | C17: =TEXT(B17,"ddd") -> Fri | D17: =SUM(E17:O17) -> 145134.34 | E17: =2.5*24000 -> 60000 | F17: =1.44*24000 -> 34560 | G17: =0.45*24000 -> 10800 | H17: 10000 | I17: =SUM('SO Juli 2026 Rev 2'!BB17:BC17) -> 13500 | J17: ='SO Juli 2026 Rev 2'!AR17 -> 3500 | K17: ='Summary sales'!K19 -> 12774.337 | L17: ='Summary sales'!L19 -> 0
B18: =B17+1 -> 46214 | C18: =TEXT(B18,"ddd") -> Sat | D18: =SUM(E18:O18) -> 149747.46 | E18: =2.5*24000 -> 60000 | F18: =1.44*24000 -> 34560 | G18: =0.45*24000 -> 10800 | H18: 10000 | I18: =SUM('SO Juli 2026 Rev 2'!BB18:BC18) -> 13500 | J18: ='SO Juli 2026 Rev 2'!AR18 -> 3500 | K18: ='Summary sales'!K20 -> 17387.455 | L18: ='Summary sales'!L20 -> 0
B19: =B18+1 -> 46215 | C19: =TEXT(B19,"ddd") -> Sun | D19: =SUM(E19:O19) -> 149084.86 | E19: =2.5*24000 -> 60000 | F19: =1.44*24000 -> 34560 | G19: =0.45*24000 -> 10800 | H19: 10000 | I19: =SUM('SO Juli 2026 Rev 2'!BB19:BC19) -> 13500 | J19: ='SO Juli 2026 Rev 2'!AR19 -> 3500 | K19: ='Summary sales'!K21 -> 16724.858 | L19: ='Summary sales'!L21 -> 0
B20: Sub Total | D20: =SUM(D13:D19) -> 1035559.8 | E20: =SUM(E13:E19) -> 420000 | F20: =SUM(F13:F19) -> 241920 | G20: =SUM(G13:G19) -> 75600 | H20: =SUM(H13:H19) -> 70000 | I20: =SUM(I13:I19) -> 94500 | J20: =SUM(J13:J19) -> 24500 | K20: =SUM(K13:K19) -> 109039.8 | L20: =SUM(L13:L19) -> 0
A22: =WEEKNUM(B22) -> 29 | B22: =B19+1 -> 46216 | C22: =TEXT(B22,"ddd") -> Mon | D22: =SUM(E22:O22) -> 145056.54 | E22: =2.5*24000 -> 60000 | F22: =1.44*24000 -> 34560 | G22: =0.45*24000 -> 10800 | H22: 10000 | I22: =SUM('SO Juli 2026 Rev 2'!BB22:BC22) -> 13500 | J22: ='SO Juli 2026 Rev 2'!AR22 -> 3500 | K22: ='Summary sales'!K24 -> 12696.538 | L22: ='Summary sales'!L24 -> 0
B23: =B22+1 -> 46217 | C23: =TEXT(B23,"ddd") -> Tue | D23: =SUM(E23:O23) -> 144785.07 | E23: =2.5*24000 -> 60000 | F23: =1.44*24000 -> 34560 | G23: =0.45*24000 -> 10800 | H23: 10000 | I23: =SUM('SO Juli 2026 Rev 2'!BB23:BC23) -> 13500 | J23: ='SO Juli 2026 Rev 2'!AR23 -> 3500 | K23: ='Summary sales'!K25 -> 12425.071 | L23: ='Summary sales'!L25 -> 0
B24: =B23+1 -> 46218 | C24: =TEXT(B24,"ddd") -> Wed | D24: =SUM(E24:O24) -> 144948.69 | E24: =2.5*24000 -> 60000 | F24: =1.44*24000 -> 34560 | G24: =0.45*24000 -> 10800 | H24: 10000 | I24: =SUM('SO Juli 2026 Rev 2'!BB24:BC24) -> 13500 | J24: ='SO Juli 2026 Rev 2'!AR24 -> 3500 | K24: ='Summary sales'!K26 -> 12588.694 | L24: ='Summary sales'!L26 -> 0
B25: =B24+1 -> 46219 | C25: =TEXT(B25,"ddd") -> Thu | D25: =SUM(E25:O25) -> 144967.41 | E25: =2.5*24000 -> 60000 | F25: =1.44*24000 -> 34560 | G25: =0.45*24000 -> 10800 | H25: 10000 | I25: =SUM('SO Juli 2026 Rev 2'!BB25:BC25) -> 13500 | J25: ='SO Juli 2026 Rev 2'!AR25 -> 3500 | K25: ='Summary sales'!K27 -> 12607.409 | L25: ='Summary sales'!L27 -> 0
B26: =B25+1 -> 46220 | C26: =TEXT(B26,"ddd") -> Fri | D26: =SUM(E26:O26) -> 144994.45 | E26: =2.5*24000 -> 60000 | F26: =1.44*24000 -> 34560 | G26: =0.45*24000 -> 10800 | H26: 10000 | I26: =SUM('SO Juli 2026 Rev 2'!BB26:BC26) -> 13500 | J26: ='SO Juli 2026 Rev 2'!AR26 -> 3500 | K26: ='Summary sales'!K28 -> 12634.449 | L26: ='Summary sales'!L28 -> 0
B27: =B26+1 -> 46221 | C27: =TEXT(B27,"ddd") -> Sat | D27: =SUM(E27:O27) -> 140497.8 | E27: =2.5*24000 -> 60000 | F27: =1.44*24000 -> 34560 | G27: =0.45*24000 -> 10800 | H27: 10000 | I27: =SUM('SO Juli 2026 Rev 2'!BB27:BC27) -> 13500 | J27: ='SO Juli 2026 Rev 2'!AR27 -> 3500 | K27: ='Summary sales'!K29 -> 8137.802 | L27: ='Summary sales'!L29 -> 0
B28: =B27+1 -> 46222 | C28: =TEXT(B28,"ddd") -> Sun | D28: =SUM(E28:O28) -> 153647.24 | E28: =2.5*24000 -> 60000 | F28: =1.44*24000 -> 34560 | G28: =0.45*24000 -> 10800 | H28: 10000 | I28: =SUM('SO Juli 2026 Rev 2'!BB28:BC28) -> 13500 | J28: ='SO Juli 2026 Rev 2'!AR28 -> 3500 | K28: ='Summary sales'!K30 -> 21287.237 | L28: ='Summary sales'!L30 -> 0
B29: Sub Total | D29: =SUM(D22:D28) -> 1018897.2 | E29: =SUM(E22:E28) -> 420000 | F29: =SUM(F22:F28) -> 241920 | G29: =SUM(G22:G28) -> 75600 | H29: =SUM(H22:H28) -> 70000 | I29: =SUM(I22:I28) -> 94500 | J29: =SUM(J22:J28) -> 24500 | K29: =SUM(K22:K28) -> 92377.2 | L29: =SUM(L22:L28) -> 0
A31: =WEEKNUM(B31) -> 30 | B31: =B28+1 -> 46223 | C31: =TEXT(B31,"ddd") -> Mon | D31: =SUM(E31:O31) -> 136656.33 | E31: =2.5*24000 -> 60000 | F31: =1.44*24000 -> 34560 | G31: =0.45*24000 -> 10800 | H31: 10000 | I31: =SUM('SO Juli 2026 Rev 2'!BB31:BC31) -> 13500 | J31: ='SO Juli 2026 Rev 2'!AR31 -> 3500 | K31: ='Summary sales'!K35 -> 4296.332 | L31: ='Summary sales'!L35 -> 0
B32: =B31+1 -> 46224 | C32: =TEXT(B32,"ddd") -> Tue | D32: =SUM(E32:O32) -> 141070.89 | E32: =2.5*24000 -> 60000 | F32: =1.44*24000 -> 34560 | G32: =0.45*24000 -> 10800 | H32: 10000 | I32: =SUM('SO Juli 2026 Rev 2'!BB32:BC32) -> 13500 | J32: ='SO Juli 2026 Rev 2'!AR32 -> 3500 | K32: ='Summary sales'!K36 -> 8710.892 | L32: ='Summary sales'!L36 -> 0
B33: =B32+1 -> 46225 | C33: =TEXT(B33,"ddd") -> Wed | D33: =SUM(E33:O33) -> 136752.26 | E33: =2.5*24000 -> 60000 | F33: =1.44*24000 -> 34560 | G33: =0.45*24000 -> 10800 | H33: 10000 | I33: =SUM('SO Juli 2026 Rev 2'!BB33:BC33) -> 13500 | J33: ='SO Juli 2026 Rev 2'!AR33 -> 3500 | K33: ='Summary sales'!K37 -> 4392.259 | L33: ='Summary sales'!L37 -> 0
B34: =B33+1 -> 46226 | C34: =TEXT(B34,"ddd") -> Thu | D34: =SUM(E34:O34) -> 140869.08 | E34: =2.5*24000 -> 60000 | F34: =1.44*24000 -> 34560 | G34: =0.45*24000 -> 10800 | H34: 10000 | I34: =SUM('SO Juli 2026 Rev 2'!BB34:BC34) -> 13500 | J34: ='SO Juli 2026 Rev 2'!AR34 -> 3500 | K34: ='Summary sales'!K38 -> 8509.078 | L34: ='Summary sales'!L38 -> 0
B35: =B34+1 -> 46227 | C35: =TEXT(B35,"ddd") -> Fri | D35: =SUM(E35:O35) -> 132360 | E35: =2.5*24000 -> 60000 | F35: =1.44*24000 -> 34560 | G35: =0.45*24000 -> 10800 | H35: 10000 | I35: =SUM('SO Juli 2026 Rev 2'!BB35:BC35) -> 13500 | J35: ='SO Juli 2026 Rev 2'!AR35 -> 3500 | K35: ='Summary sales'!K39 -> 0 | L35: ='Summary sales'!L39 -> 0
B36: =B35+1 -> 46228 | C36: =TEXT(B36,"ddd") -> Sat | D36: =SUM(E36:O36) -> 506939.43 | E36: =2.5*24000 -> 60000 | F36: =1.44*24000 -> 34560 | G36: =0.45*24000 -> 10800 | H36: 10000 | I36: =SUM('SO Juli 2026 Rev 2'!BB36:BC36) -> 13500 | J36: ='SO Juli 2026 Rev 2'!AR36 -> 3500 | K36: ='Summary sales'!K40 -> 374579.43 | L36: ='Summary sales'!L40 -> 0
B37: =B36+1 -> 46229 | C37: =TEXT(B37,"ddd") -> Sun | D37: =SUM(E37:O37) -> 132360 | E37: =2.5*24000 -> 60000 | F37: =1.44*24000 -> 34560 | G37: =0.45*24000 -> 10800 | H37: 10000 | I37: =SUM('SO Juli 2026 Rev 2'!BB37:BC37) -> 13500 | J37: ='SO Juli 2026 Rev 2'!AR37 -> 3500 | K37: ='Summary sales'!K41 -> 0 | L37: ='Summary sales'!L41 -> 0
B38: Sub Total | D38: =SUM(D31:D37) -> 1327008 | E38: =SUM(E31:E37) -> 420000 | F38: =SUM(F31:F37) -> 241920 | G38: =SUM(G31:G37) -> 75600 | H38: =SUM(H31:H37) -> 70000 | I38: =SUM(I31:I37) -> 94500 | J38: =SUM(J31:J37) -> 24500 | K38: =SUM(K31:K37) -> 400487.99 | L38: =SUM(L31:L37) -> 0
A40: =WEEKNUM(B40) -> 31 | B40: =B37+1 -> 46230 | C40: =TEXT(B40,"ddd") -> Mon | D40: =SUM(E40:O40) -> 132360 | E40: =2.5*24000 -> 60000 | F40: =1.44*24000 -> 34560 | G40: =0.45*24000 -> 10800 | H40: 10000 | I40: =SUM('SO Juli 2026 Rev 2'!BB40:BC40) -> 13500 | J40: ='SO Juli 2026 Rev 2'!AR40 -> 3500 | K40: ='Summary sales'!K44 -> 0 | L40: ='Summary sales'!L44 -> 0
B41: =B40+1 -> 46231 | C41: =TEXT(B41,"ddd") -> Tue | D41: =SUM(E41:O41) -> 132360 | E41: =2.5*24000 -> 60000 | F41: =1.44*24000 -> 34560 | G41: =0.45*24000 -> 10800 | H41: 10000 | I41: =SUM('SO Juli 2026 Rev 2'!BB41:BC41) -> 13500 | J41: ='SO Juli 2026 Rev 2'!AR41 -> 3500 | K41: ='Summary sales'!K45 -> 0 | L41: ='Summary sales'!L45 -> 0
B42: =B41+1 -> 46232 | C42: =TEXT(B42,"ddd") -> Wed | D42: =SUM(E42:O42) -> 132360 | E42: =2.5*24000 -> 60000 | F42: =1.44*24000 -> 34560 | G42: =0.45*24000 -> 10800 | H42: 10000 | I42: =SUM('SO Juli 2026 Rev 2'!BB42:BC42) -> 13500 | J42: ='SO Juli 2026 Rev 2'!AR42 -> 3500 | K42: ='Summary sales'!K46 -> 0 | L42: ='Summary sales'!L46 -> 0
B43: =B42+1 -> 46233 | C43: =TEXT(B43,"ddd") -> Thu | D43: =SUM(E43:O43) -> 132360 | E43: =2.5*24000 -> 60000 | F43: =1.44*24000 -> 34560 | G43: =0.45*24000 -> 10800 | H43: 10000 | I43: =SUM('SO Juli 2026 Rev 2'!BB43:BC43) -> 13500 | J43: ='SO Juli 2026 Rev 2'!AR43 -> 3500 | K43: ='Summary sales'!K47 -> 0 | L43: ='Summary sales'!L47 -> 0
B44: =B43+1 -> 46234 | C44: =TEXT(B44,"ddd") -> Fri | D44: =SUM(E44:O44) -> 132360 | E44: =2.5*24000 -> 60000 | F44: =1.44*24000 -> 34560 | G44: =0.45*24000 -> 10800 | H44: 10000 | I44: =SUM('SO Juli 2026 Rev 2'!BB44:BC44) -> 13500 | J44: ='SO Juli 2026 Rev 2'!AR44 -> 3500 | K44: ='Summary sales'!K48 -> 0 | L44: ='Summary sales'!L48 -> 0
B45: Sub Total | D45: =SUM(D40:D44) -> 661800 | E45: =SUM(E40:E44) -> 300000 | F45: =SUM(F40:F44) -> 172800 | G45: =SUM(G40:G44) -> 54000 | H45: =SUM(H40:H44) -> 50000 | I45: =SUM(I40:I44) -> 67500 | J45: =SUM(J40:J44) -> 17500 | K45: =SUM(K40:K44) -> 0 | L45: =SUM(L40:L44) -> 0
B49: Sub Total | D49: =SUM(D45,D38,D29,D20,D11) -> 4763691.6 | E49: =SUM(E45,E38,E29,E20,E11) -> 1860000 | F49: =SUM(F45,F38,F29,F20,F11) -> 1071360 | G49: =SUM(G45,G38,G29,G20,G11) -> 334800 | H49: =SUM(H45,H38,H29,H20,H11) -> 310000 | I49: =SUM(I45,I38,I29,I20,I11) -> 418500 | J49: =SUM(J45,J38,J29,J20,J11) -> 108500 | K49: =SUM(K45,K38,K29,K20,K11) -> 660531.6 | L49: =SUM(L45,L38,L29,L20,L11) -> 0
B50: Total | D50: =SUM(D40:D44,D31:D37,D22:D28,D13:D19,D6:D10) -> 4763691.6 | E50: =SUM(E40:E44,E31:E37,E22:E28,E13:E19,E6:E10) -> 1860000 | F50: =SUM(F40:F44,F31:F37,F22:F28,F13:F19,F6:F10) -> 1071360 | G50: =SUM(G40:G44,G31:G37,G22:G28,G13:G19,G6:G10) -> 334800 | H50: =SUM(H40:H44,H31:H37,H22:H28,H13:H19,H6:H10) -> 310000 | I50: =SUM(I40:I44,I31:I37,I22:I28,I13:I19,I6:I10) -> 418500 | J50: =SUM(J40:J44,J31:J37,J22:J28,J13:J19,J6:J10) -> 108500 | K50: =SUM(K40:K44,K31:K37,K22:K28,K13:K19,K6:K10) -> 660531.6 | L50: =SUM(L40:L44,L31:L37,L22:L28,L13:L19,L6:L10) -> 0

Sheet Daily Sales
A1: Daily Sales
A2: 46204 | H2: =H17/24 -> 29.166667 | L2: =L17/24 -> 41.666667 | P2: =P17/24 -> 50 | T2: =T17/24 -> 137.5 | X2: =X17/24 -> 26.834194 | AB2: =AB17/24 -> 6.25 | AF2: =AF17/24 -> 25.156801 | AJ2: =AJ17/24 -> 28.053145 | AN2: =AN17/24 -> 187.5 | AR2: =AR17/24 -> 208.33333 | AV2: =AV17/24 -> 41.666667 | AZ2: =AZ17/24 -> 20.833333 | BD2: =BD17/24 -> 429.16667 | BH2: =BH17/24 -> 250 | BL2: =BL17/24 -> 41.666667 | BP2: =BP17/24 -> 229.16667 | BT2: =BT17/24 -> 0 | CB2: =CB17/24 -> 145.83333 | CF2: =CF17/24 -> 54.166667 | CJ2: =CJ17/12 -> 0 | CN2: =CN17/24 -> 270.83333 | CR2: =CR17/24 -> 416.66667 | CV2: =CV17/24 -> 666.66667 | CZ2: =CZ17/24 -> 83.333333 | DD2: =DD17/24 -> 33.333333 | DH2: =DH17/24 -> 300 | DL2: =DL17/17 -> 0 | DP2: =DP17/24 -> 83.333333 | DT2: =DT17/24 -> 41.666667 | DX2: =DX17/24 -> 458.33333 | EB2: =EB17/24 -> 83.333333 | EF2: =EF17/24 -> 416.66667 | EJ2: =EJ17/24 -> 0 | EN2: =EN17/24 -> 208.33333 | ER2: =ER31/24 -> 1458.3333 | EV2: =EV17/16 -> 500 | EZ2: =EZ17/24 -> 145.83333 | FP2: =FP17/24 -> 233.33333 | FT2: =FT17/24 -> 145.83333 | FX2: =FX17/24 -> 83.333333 | GB2: =GB17/24 -> 15.400446 | GF2: =GF17/24 -> 562.5 | GJ2: =GJ17/24 -> 0 | GR2: =GR17/24 -> 104.15427 | GV2: =GV17/24 -> 0
A3: Week | B3: DATE | C3: DAY | D3: Total | H3: CLIN | L3: BI | P3: MKG | T3: STM | X3: OAJ | AB3: SHB | AF3: GTL | AJ3: TWK | AN3: BYC | AR3: GF RANCA | AV3: SMA | AZ3: ADP | BD3: HLI | BH3: CERES | BL3: ALT (KSO MASAMI) | BP3: IDP (KSO AAE) | BT3: FJI (KSO SALMAH) | BX3: WINGLOK (KSO EBM) | CB3: CISF (KSO RRS) | CF3: KGM (KSO RRS) | CJ3: PUJ - LUBRICANT | CN3: KSN | CR3: CALBEE (KSO BMI) | CV3: UMI | CZ3: IP | DD3: BEM | DH3: AMI | DL3: KA | DP3: KTN | DT3: NIAGA GARAM | DX3: PCI 84 | EB3: PCI MENGGER | EF3: INDOFOOD | EJ3: HCI | EN3: DIC | ER3: ASAHIMAS | EV3: ABC KOGEN | EZ3: TONGJI ( KSO GAS) | FD3: CITYMALL GARUT | FH3: PERHUTANI (KSO PTGN) | FL3: PA | FP3: KSN RANCA | FT3: RB | FX3: GF ATOM | GB3: GF KULIT | GF3: PENTAWIRA (KSO REN) | GG3: PENTAWIRA (KSO REN) | GH3: PENTAWIRA (KSO REN) | GJ3: SDM | GN3: JARGAS | GR3: SBI | GV3: SP GLOBAL
D4: TARGET | E4: ACTUAL | F4: SELISIH | G4: PERSENTASE | H4: TARGET | I4: ACTUAL | J4: SELISIH | K4: PERSENTASE | L4: TARGET | M4: ACTUAL | N4: SELISIH | O4: PERSENTASE | P4: TARGET | Q4: ACTUAL | R4: SELISIH | S4: PERSENTASE | T4: TARGET | U4: ACTUAL | V4: SELISIH | W4: PERSENTASE | X4: TARGET | Y4: ACTUAL | Z4: SELISIH | AA4: PERSENTASE | AB4: TARGET | AC4: ACTUAL | AD4: SELISIH | AE4: PERSENTASE | AF4: TARGET | AG4: ACTUAL | AH4: SELISIH | AI4: PERSENTASE | AJ4: TARGET | AK4: ACTUAL | AL4: SELISIH | AM4: PERSENTASE | AN4: TARGET | AO4: ACTUAL | AP4: SELISIH | AQ4: PERSENTASE | AR4: TARGET | AS4: ACTUAL | AT4: SELISIH | AU4: PERSENTASE | AV4: TARGET | AW4: ACTUAL | AX4: SELISIH | AY4: PERSENTASE | AZ4: TARGET | BA4: ACTUAL | BB4: SELISIH | BC4: PERSENTASE | BD4: TARGET | BE4: ACTUAL | BF4: SELISIH | BG4: PERSENTASE | BH4: TARGET | BI4: ACTUAL | BJ4: SELISIH | BK4: PERSENTASE | BL4: TARGET | BM4: ACTUAL | BN4: SELISIH | BO4: PERSENTASE | BP4: TARGET | BQ4: ACTUAL | BR4: SELISIH | BS4: PERSENTASE | BT4: TARGET | BU4: ACTUAL | BV4: SELISIH | BW4: PERSENTASE | BX4: TARGET | BY4: ACTUAL | BZ4: SELISIH | CA4: PERSENTASE | CB4: TARGET | CC4: ACTUAL | CD4: SELISIH | CE4: PERSENTASE | CF4: TARGET | CG4: ACTUAL | CH4: SELISIH | CI4: PERSENTASE | CJ4: TARGET | CK4: ACTUAL | CL4: SELISIH | CM4: PERSENTASE | CN4: TARGET | CO4: ACTUAL | CP4: SELISIH | CQ4: PERSENTASE | CR4: TARGET | CS4: ACTUAL | CT4: SELISIH | CU4: PERSENTASE | CV4: TARGET | CW4: ACTUAL | CX4: SELISIH | CY4: PERSENTASE | CZ4: TARGET | DA4: ACTUAL | DB4: SELISIH | DC4: PERSENTASE | DD4: TARGET | DE4: ACTUAL | DF4: SELISIH | DG4: PERSENTASE | DH4: TARGET | DI4: ACTUAL | DJ4: SELISIH | DK4: PERSENTASE | DL4: TARGET | DM4: ACTUAL | DN4: SELISIH | DO4: PERSENTASE | DP4: TARGET | DQ4: ACTUAL | DR4: SELISIH | DS4: PERSENTASE | DT4: TARGET | DU4: ACTUAL | DV4: SELISIH | DW4: PERSENTASE | DX4: TARGET | DY4: ACTUAL | DZ4: SELISIH | EA4: PERSENTASE | EB4: TARGET | EC4: ACTUAL | ED4: SELISIH | EE4: PERSENTASE | EF4: TARGET | EG4: ACTUAL | EH4: SELISIH | EI4: PERSENTASE | EJ4: TARGET | EK4: ACTUAL | EL4: SELISIH | EM4: PERSENTASE | EN4: TARGET | EO4: ACTUAL | EP4: SELISIH | EQ4: PERSENTASE | ER4: TARGET | ES4: ACTUAL | ET4: SELISIH | EU4: PERSENTASE | EV4: TARGET | EW4: ACTUAL | EX4: SELISIH | EY4: PERSENTASE | EZ4: TARGET | FA4: ACTUAL | FB4: SELISIH | FC4: PERSENTASE | FD4: TARGET | FE4: ACTUAL | FF4: SELISIH | FG4: PERSENTASE | FH4: TARGET | FI4: ACTUAL | FJ4: SELISIH | FK4: PERSENTASE | FL4: TARGET | FM4: ACTUAL | FN4: SELISIH | FO4: PERSENTASE | FP4: TARGET | FQ4: ACTUAL | FR4: SELISIH | FS4: PERSENTASE | FT4: TARGET | FU4: ACTUAL | FV4: SELISIH | FW4: PERSENTASE | FX4: TARGET | FY4: ACTUAL | FZ4: SELISIH | GA4: PERSENTASE | GB4: TARGET | GC4: ACTUAL | GD4: SELISIH | GE4: PERSENTASE | GF4: TARGET | GG4: ACTUAL | GH4: SELISIH | GI4: PERSENTASE | GJ4: TARGET | GK4: ACTUAL | GL4: SELISIH | GM4: PERSENTASE | GN4: TARGET | GO4: ACTUAL | GP4: SELISIH | GQ4: PERSENTASE | GR4: TARGET | GS4: ACTUAL | GT4: SELISIH | GU4: PERSENTASE | GV4: TARGET | GW4: ACTUAL | GX4: SELISIH | GY4: PERSENTASE
A5: =WEEKNUM(B5) -> 27 | B5: =A2 -> 46204 | C5: =TEXT(B5,"ddd") -> Wed | D5: =SUMIF($H$4:$GX$4,$D$4,H5:GX5) -> 216250.93 | E5: =SUMIF($H$4:$GX$4,$E$4,H5:GX5) -> 214991.52 | F5: =E5-D5 -> -1259.4099 | G5: =E5/D5 -> 0.99417616 | H5: 1199.5729 | I5: =INDEX('Summary sales'!$A$6:$CA$50,MATCH(B5,'Summary sales'!$A$6:$A$50,0),MATCH($H$3,'Summary sales'!$A$7:$CA$7,0)) -> 700.14 | J5: =I5-H5 -> -499.4329 | K5: =I5/H5 -> 0.58365773 | L5: =INDEX('SO Juli 2026 Rev 2'!$B$6:$BI$50,MATCH(B5,'SO Juli 2026 Rev 2'!$B$6:$B$50,0),MATCH($L$3,'SO Juli 2026 Rev 2'!$B$5:$XI$5,0)) -> 2000 | M5: =INDEX('Summary sales'!$A$6:$CA$50,MATCH($B5,'Summary sales'!$A$6:$A$50,0),MATCH($L$3,'Summary sales'!$A$7:$CA$7,0)) -> 1543.86 | N5: =M5-L5 -> -456.14 | O5: =M5/L5 -> 0.77193 | P5: =INDEX('SO Juli 2026 Rev 2'!$B$6:$BI$50,MATCH(B5,'SO Juli 2026 Rev 2'!$B$6:$B$50,0),MATCH($P$3,'SO Juli 2026 Rev 2'!$B$5:$XI$5,0)) -> 1200 | Q5: =INDEX('Summary sales'!$A$6:$CA$50,MATCH($B5,'Summary sales'!$A$6:$A$50,0),MATCH($P$3,'Summary sales'!$A$7:$CA$7,0)) -> 1363.07 | R5: =Q5-P5 -> 163.07 | S5: =Q5/P5 -> 1.1358917 | T5: =INDEX('SO Juli 2026 Rev 2'!$B$6:$BI$50,MATCH(B5,'SO Juli 2026 Rev 2'!$B$6:$B$50,0),MATCH($T$3,'SO Juli 2026 Rev 2'!$B$5:$XI$5,0)) -> 3300 | U5: =INDEX('Summary sales'!$A$6:$CA$50,MATCH($B5,'Summary sales'!$A$6:$A$50,0),MATCH($T$3,'Summary sales'!$A$7:$CA$7,0)) -> 3472 | V5: =U5-T5 -> 172 | W5: =U5/T5 -> 1.0521212 | X5: =INDEX('SO Juli 2026 Rev 2'!$B$6:$BI$50,MATCH(B5,'SO Juli 2026 Rev 2'!$B$6:$B$50,0),MATCH($X$3,'SO Juli 2026 Rev 2'!$B$5:$XI$5,0)) -> 644.02065 | Y5: =INDEX('Summary sales'!$A$6:$CA$50,MATCH($B5,'Summary sales'!$A$6:$A$50,0),MATCH($X$3,'Summary sales'!$A$7:$CA$7,0)) -> 821.72 | Z5: =Y5-X5 -> 177.69935 | AA5: =Y5/X5 -> 1.2759218 | AB5: =INDEX('SO Juli 2026 Rev 2'!$B$6:$BI$50,MATCH(B5,'SO Juli 2026 Rev 2'!$B$6:$B$50,0),MATCH($AB$3,'SO Juli 2026 Rev 2'!$B$5:$XI$5,0)) -> 150 | AC5: =INDEX('Summary sales'!$A$6:$CA$50,MATCH($B5,'Summary sales'!$A$6:$A$50,0),MATCH($AB$3,'Summary sales'!$A$7:$CA$7,0)) -> 385.05 | AD5: =AC5-AB5 -> 235.05 | AE5: =AC5/AB5 -> 2.567 | AF5: =INDEX('SO Juli 2026 Rev 2'!$B$6:$BI$50,MATCH(B5,'SO Juli 2026 Rev 2'!$B$6:$B$50,0),MATCH($AF$3,'SO Juli 2026 Rev 2'!$B$5:$XI$5,0)) -> 603.76323 | AG5: =INDEX('Summary sales'!$A$6:$CA$50,MATCH($B5,'Summary sales'!$A$6:$A$50,0),MATCH($AF$3,'Summary sales'!$A$7:$CA$7,0)) -> 916.94 | AH5: =AG5-AF5 -> 313.17677 | AI5: =AG5/AF5 -> 1.5187079 | AJ5: =INDEX('SO Juli 2026 Rev 2'!$B$6:$BI$50,MATCH(B5,'SO Juli 2026 Rev 2'!$B$6:$B$50,0),MATCH($AJ$3,'SO Juli 2026 Rev 2'!$B$5:$XI$5,0)) -> 673.27548 | AK5: =INDEX('Summary sales'!$A$6:$CA$50,MATCH($B5,'Summary sales'!$A$6:$A$50,0),MATCH($AJ$3,'Summary sales'!$A$7:$CA$7,0)) -> 846.36 | AL5: =AK5-AJ5 -> 173.08452 | AM5: =AK5/AJ5 -> 1.2570783 | AN5: =INDEX('SO Juli 2026 Rev 2'!$B$6:$BI$50,MATCH(B5,'SO Juli 2026 Rev 2'!$B$6:$B$50,0),MATCH($AN$3,'SO Juli 2026 Rev 2'!$B$5:$XI$5,0)) -> 5500 | AO5: =INDEX('Summary sales'!$A$6:$CA$50,MATCH($B5,'Summary sales'!$A$6:$A$50,0),MATCH($AN$3,'Summary sales'!$A$7:$CA$7,0)) -> 6041.42 | AP5: =AO5-AN5 -> 541.42 | AQ5: =AO5/AN5 -> 1.09844 | AR5: =INDEX('SO Juli 2026 Rev 2'!$B$6:$BI$50,MATCH(B5,'SO Juli 2026 Rev 2'!$B$6:$B$50,0),MATCH($AR$3,'SO Juli 2026 Rev 2'!$B$5:$XI$5,0)) -> 5000 | AS5: =INDEX('Summary sales'!$A$6:$CA$50,MATCH($B5,'Summary sales'!$A$6:$A$50,0),MATCH($AR$3,'Summary sales'!$A$7:$CA$7,0)) -> 4548.4 | AT5: =AS5-AR5 -> -451.6 | AU5: =AS5/AR5 -> 0.90968 | AV5: =INDEX('SO Juli 2026 Rev 2'!$B$6:$BI$50,MATCH(B5,'SO Juli 2026 Rev 2'!$B$6:$B$50,0),MATCH($AV$3,'SO Juli 2026 Rev 2'!$B$5:$XI$5,0)) -> 2500 | AW5: =INDEX('Summary sales'!$A$6:$CA$50,MATCH($B5,'Summary sales'!$A$6:$A$50,0),MATCH($AV$3,'Summary sales'!$A$7:$CA$7,0)) -> 402.66 | AX5: =AW5-AV5 -> -2097.34 | AY5: =AW5/AV5 -> 0.161064 | AZ5: =INDEX('SO Juli 2026 Rev 2'!$B$6:$BI$50,MATCH(B5,'SO Juli 2026 Rev 2'!$B$6:$B$50,0),MATCH($AZ$3,'SO Juli 2026 Rev 2'!$B$5:$XI$5,0)) -> 500 | BA5: =INDEX('Summary sales'!$A$6:$CA$50,MATCH($B5,'Summary sales'!$A$6:$A$50,0),MATCH($AZ$3,'Summary sales'!$A$7:$CA$7,0)) -> 1333.6 | BB5: =BA5-AZ5 -> 833.6 | BC5: =BA5/AZ5 -> 2.6672 | BD5: =INDEX('SO Juli 2026 Rev 2'!$B$6:$BI$50,MATCH(B5,'SO Juli 2026 Rev 2'!$B$6:$B$50,0),MATCH($BD$3,'SO Juli 2026 Rev 2'!$B$5:$XI$5,0)) -> 10300 | BE5: =INDEX('Summary sales'!$A$6:$CA$50,MATCH($B5,'Summary sales'!$A$6:$A$50,0),MATCH($BD$3,'Summary sales'!$A$7:$CA$7,0)) -> 11013.58 | BF5: =BE5-BD5 -> 713.58 | BG5: =BE5/BD5 -> 1.0692796 | BH5: =INDEX('SO Juli 2026 Rev 2'!$B$6:$BI$50,MATCH(B5,'SO Juli 2026 Rev 2'!$B$6:$B$50,0),MATCH($BH$3,'SO Juli 2026 Rev 2'!$B$5:$XI$5,0)) -> 9000.0571 | BI5: =INDEX('Summary sales'!$A$6:$CA$50,MATCH($B5,'Summary sales'!$A$6:$A$50,0),MATCH($BH$3,'Summary sales'!$A$7:$CA$7,0)) -> 9544.78 | BJ5: =BI5-BH5 -> 544.7229 | BK5: =BI5/BH5 -> 1.0605244 | BL5: =INDEX('SO Juli 2026 Rev 2'!$B$6:$BI$50,MATCH(B5,'SO Juli 2026 Rev 2'!$B$6:$B$50,0),MATCH($BL$3,'SO Juli 2026 Rev 2'!$B$5:$XI$5,0)) -> 1000 | BM5: =INDEX('Summary sales'!$A$6:$CA$50,MATCH($B5,'Summary sales'!$A$6:$A$50,0),MATCH($BL$3,'Summary sales'!$A$7:$CA$7,0)) -> 1382.893 | BN5: =BM5-BL5 -> 382.893 | BO5: =BM5/BL5 -> 1.382893 | BP5: =INDEX('SO Juli 2026 Rev 2'!$B$6:$BI$50,MATCH(B5,'SO Juli 2026 Rev 2'!$B$6:$B$50,0),MATCH($BP$3,'SO Juli 2026 Rev 2'!$B$5:$XI$5,0)) -> 5500 | BQ5: =INDEX('Summary sales'!$A$6:$CA$50,MATCH($B5,'Summary sales'!$A$6:$A$50,0),MATCH($BP$3,'Summary sales'!$A$7:$CA$7,0)) -> 0 | BR5: =BQ5-BP5 -> -5500 | BS5: =BQ5/BP5 -> 0 | BT5: =INDEX('SO Juli 2026 Rev 2'!$B$6:$BI$50,MATCH(B5,'SO Juli 2026 Rev 2'!$B$6:$B$50,0),MATCH($BT$3,'SO Juli 2026 Rev 2'!$B$5:$XI$5,0)) -> 0 | BU5: =INDEX('Summary sales'!$A$6:$CA$50,MATCH($B5,'Summary sales'!$A$6:$A$50,0),MATCH($BT$3,'Summary sales'!$A$7:$CA$7,0)) -> 0 | BV5: =BU5-BT5 -> 0 | BW5: =BU5/BT5 -> #DIV/0! | BX5: =INDEX('SO Juli 2026 Rev 2'!$B$6:$BI$50,MATCH(B5,'SO Juli 2026 Rev 2'!$B$6:$B$50,0),MATCH($BX$3,'SO Juli 2026 Rev 2'!$B$5:$XI$5,0)) -> 89.451613 | BY5: =INDEX('Summary sales'!$A$6:$CA$50,MATCH($B5,'Summary sales'!$A$6:$A$50,0),MATCH($BX$3,'Summary sales'!$A$7:$CA$7,0)) -> 53.362 | BZ5: =BY5-BX5 -> -36.089613 | CA5: =BY5/BX5 -> 0.59654598 | CB5: =INDEX('SO Juli 2026 Rev 2'!$B$6:$BI$50,MATCH(B5,'SO Juli 2026 Rev 2'!$B$6:$B$50,0),MATCH($CB$3,'SO Juli 2026 Rev 2'!$B$5:$XI$5,0)) -> 3500 | CC5: =INDEX('Summary sales'!$A$6:$CA$50,MATCH($B5,'Summary sales'!$A$6:$A$50,0),MATCH($CB$3,'Summary sales'!$A$7:$CA$7,0)) -> 3654.4 | CD5: =CC5-CB5 -> 154.4 | CE5: =CC5/CB5 -> 1.0441143 | CF5: =INDEX('SO Juli 2026 Rev 2'!$B$6:$BI$50,MATCH(B5,'SO Juli 2026 Rev 2'!$B$6:$B$50,0),MATCH($CF$3,'SO Juli 2026 Rev 2'!$B$5:$XI$5,0)) -> 1300 | CG5: =INDEX('Summary sales'!$A$6:$CA$50,MATCH($B5,'Summary sales'!$A$6:$A$50,0),MATCH($CF$3,'Summary sales'!$A$7:$CA$7,0)) -> 1249.72 | CH5: =CG5-CF5 -> -50.28 | CI5: =CG5/CF5 -> 0.96132308 | CJ5: =INDEX('SO Juli 2026 Rev 2'!$B$6:$BI$50,MATCH(B5,'SO Juli 2026 Rev 2'!$B$6:$B$50,0),MATCH($CJ$3,'SO Juli 2026 Rev 2'!$B$5:$XI$5,0)) -> 3000 | CK5: =INDEX('Summary sales'!$A$6:$CA$50,MATCH($B5,'Summary sales'!$A$6:$A$50,0),MATCH($CJ$3,'Summary sales'!$A$7:$CA$7,0)) -> 3540.1 | CL5: =CK5-CJ5 -> 540.1 | CM5: =CK5/CJ5 -> 1.1800333 | CN5: =INDEX('SO Juli 2026 Rev 2'!$B$6:$BI$50,MATCH(B5,'SO Juli 2026 Rev 2'!$B$6:$B$50,0),MATCH($CN$3,'SO Juli 2026 Rev 2'!$B$5:$XI$5,0)) -> 6500 | CO5: =INDEX('Summary sales'!$A$6:$CA$50,MATCH($B5,'Summary sales'!$A$6:$A$50,0),MATCH($CN$3,'Summary sales'!$A$7:$CA$7,0)) -> 5224.04 | CP5: =CO5-CN5 -> -1275.96 | CQ5: =CO5/CN5 -> 0.80369846 | CR5: =INDEX('SO Juli 2026 Rev 2'!$B$6:$BI$50,MATCH(B5,'SO Juli 2026 Rev 2'!$B$6:$B$50,0),MATCH($CR$3,'SO Juli 2026 Rev 2'!$B$5:$XI$5,0)) -> 10000 | CS5: =INDEX('Summary sales'!$A$6:$CA$50,MATCH($B5,'Summary sales'!$A$6:$A$50,0),MATCH($CR$3,'Summary sales'!$A$7:$CA$7,0)) -> 7991.7 | CT5: =CS5-CR5 -> -2008.3 | CU5: =CS5/CR5 -> 0.79917 | CV5: =INDEX('SO Juli 2026 Rev 2'!$B$6:$BI$50,MATCH(B5,'SO Juli 2026 Rev 2'!$B$6:$B$50,0),MATCH($CV$3,'SO Juli 2026 Rev 2'!$B$5:$XI$5,0)) -> 16000 | CW5: =INDEX('Summary sales'!$A$6:$CA$50,MATCH($B5,'Summary sales'!$A$6:$A$50,0),MATCH($CV$3,'Summary sales'!$A$7:$CA$7,0)) -> 10881.149 | CX5: =CW5-CV5 -> -5118.851 | CY5: =CW5/CV5 -> 0.68007181 | CZ5: =INDEX('SO Juli 2026 Rev 2'!$B$6:$BI$50,MATCH(B5,'SO Juli 2026 Rev 2'!$B$6:$B$50,0),MATCH($CZ$3,'SO Juli 2026 Rev 2'!$B$5:$XI$5,0)) -> 2000 | DA5: =INDEX('Summary sales'!$A$6:$CA$50,MATCH($B5,'Summary sales'!$A$6:$A$50,0),MATCH($CZ$3,'Summary sales'!$A$7:$CA$7,0)) -> 1734.01 | DB5: =DA5-CZ5 -> -265.99 | DC5: =DA5/CZ5 -> 0.867005 | DD5: =INDEX('SO Juli 2026 Rev 2'!$B$6:$BI$50,MATCH(B5,'SO Juli 2026 Rev 2'!$B$6:$B$50,0),MATCH($DD$3,'SO Juli 2026 Rev 2'!$B$5:$XI$5,0)) -> 800 | DE5: =INDEX('Summary sales'!$A$6:$CA$50,MATCH($B5,'Summary sales'!$A$6:$A$50,0),MATCH($DD$3,'Summary sales'!$A$7:$CA$7,0)) -> 715.55 | DF5: =DE5-DD5 -> -84.45 | DG5: =DE5/DD5 -> 0.8944375 | DH5: =INDEX('SO Juli 2026 Rev 2'!$B$6:$BI$50,MATCH(B5,'SO Juli 2026 Rev 2'!$B$6:$B$50,0),MATCH($DH$3,'SO Juli 2026 Rev 2'!$B$5:$XI$5,0)) -> 7200 | DI5: =INDEX('Summary sales'!$A$6:$CA$50,MATCH($B5,'Summary sales'!$A$6:$A$50,0),MATCH($DH$3,'Summary sales'!$A$7:$CA$7,0)) -> 9557.94 | DJ5: =DI5-DH5 -> 2357.94 | DK5: =DI5/DH5 -> 1.3274917 | DL5: =INDEX('SO Juli 2026 Rev 2'!$B$6:$BI$50,MATCH(B5,'SO Juli 2026 Rev 2'!$B$6:$B$50,0),MATCH($DL$3,'SO Juli 2026 Rev 2'!$B$5:$XI$5,0)) -> 3499.8768 | DM5: =INDEX('Summary sales'!$A$6:$CA$50,MATCH($B5,'Summary sales'!$A$6:$A$50,0),MATCH($DL$3,'Summary sales'!$A$7:$CA$7,0)) -> 1854.15 | DN5: =DM5-DL5 -> -1645.7268 | DO5: =DM5/DL5 -> 0.52977579 | DP5: =INDEX('SO Juli 2026 Rev 2'!$B$6:$BI$50,MATCH(B5,'SO Juli 2026 Rev 2'!$B$6:$B$50,0),MATCH($DP$3,'SO Juli 2026 Rev 2'!$B$5:$XI$5,0)) -> 2000 | DQ5: =INDEX('Summary sales'!$A$6:$CA$50,MATCH($B5,'Summary sales'!$A$6:$A$50,0),MATCH($DP$3,'Summary sales'!$A$7:$CA$7,0)) -> 1613.75 | DR5: =DQ5-DP5 -> -386.25 | DS5: =DQ5/DP5 -> 0.806875 | DT5: =INDEX('SO Juli 2026 Rev 2'!$B$6:$BI$50,MATCH(B5,'SO Juli 2026 Rev 2'!$B$6:$B$50,0),MATCH($DT$3,'SO Juli 2026 Rev 2'!$B$5:$XI$5,0)) -> 1000 | DU5: =INDEX('Summary sales'!$A$6:$CA$50,MATCH($B5,'Summary sales'!$A$6:$A$50,0),MATCH($DT$3,'Summary sales'!$A$7:$CA$7,0)) -> 1595.55 | DV5: =DU5-DT5 -> 595.55 | DW5: =DU5/DT5 -> 1.59555 | DX5: =INDEX('SO Juli 2026 Rev 2'!$B$6:$BI$50,MATCH(B5,'SO Juli 2026 Rev 2'!$B$6:$B$50,0),MATCH($DX$3,'SO Juli 2026 Rev 2'!$B$5:$XI$5,0)) -> 11000 | DY5: =INDEX('Summary sales'!$A$6:$CA$50,MATCH($B5,'Summary sales'!$A$6:$A$50,0),MATCH($DX$3,'Summary sales'!$A$7:$CA$7,0)) -> 10872.45 | DZ5: =DY5-DX5 -> -127.55 | EA5: =DY5/DX5 -> 0.98840455 | EB5: =INDEX('SO Juli 2026 Rev 2'!$B$6:$BI$50,MATCH(B5,'SO Juli 2026 Rev 2'!$B$6:$B$50,0),MATCH($EB$3,'SO Juli 2026 Rev 2'!$B$5:$XI$5,0)) -> 2000 | EC5: =INDEX('Summary sales'!$A$6:$CA$50,MATCH($B5,'Summary sales'!$A$6:$A$50,0),MATCH($EB$3,'Summary sales'!$A$7:$CA$7,0)) -> 1560.66 | ED5: =EC5-EB5 -> -439.34 | EE5: =EC5/EB5 -> 0.78033 | EF5: =INDEX('SO Juli 2026 Rev 2'!$B$6:$BI$50,MATCH(B5,'SO Juli 2026 Rev 2'!$B$6:$B$50,0),MATCH($EF$3,'SO Juli 2026 Rev 2'!$B$5:$XI$5,0)) -> 7000 | EG5: =INDEX('Summary sales'!$A$6:$CA$50,MATCH($B5,'Summary sales'!$A$6:$A$50,0),MATCH($EF$3,'Summary sales'!$A$7:$CA$7,0)) -> 545.28 | EH5: =EG5-EF5 -> -6454.72 | EI5: =EG5/EF5 -> 0.077897143 | EJ5: =INDEX('SO Juli 2026 Rev 2'!$B$6:$BI$50,MATCH(B5,'SO Juli 2026 Rev 2'!$B$6:$B$50,0),MATCH($EJ$3,'SO Juli 2026 Rev 2'!$B$5:$XI$5,0)) -> 7000 | EK5: =INDEX('Summary sales'!$A$6:$CA$50,MATCH(B5,'Summary sales'!$A$6:$A$50,0),MATCH($EJ$3,'Summary sales'!$A$7:$CA$7,0)) -> 7858 | EL5: =EK5-EJ5 -> 858 | EM5: =EK5/EJ5 -> 1.1225714 | EN5: =INDEX('SO Juli 2026 Rev 2'!$B$6:$BI$50,MATCH(B5,'SO Juli 2026 Rev 2'!$B$6:$B$50,0),MATCH($EN$3,'SO Juli 2026 Rev 2'!$B$5:$XI$5,0)) -> 5000 | EO5: =INDEX('Summary sales'!$A$6:$CA$50,MATCH($B5,'Summary sales'!$A$6:$A$50,0),MATCH($EN$3,'Summary sales'!$A$7:$CA$7,0)) -> 8545.76 | EP5: =EO5-EN5 -> 3545.76 | EQ5: =EO5/EN5 -> 1.709152 | ER5: =INDEX('SO Juli 2026 Rev 2'!$B$6:$BI$50,MATCH(B5,'SO Juli 2026 Rev 2'!$B$6:$B$50,0),MATCH($ER$3,'SO Juli 2026 Rev 2'!$B$5:$XI$5,0)) -> 35000 | ES5: =INDEX('Summary sales'!$A$6:$CA$50,MATCH($B5,'Summary sales'!$A$6:$A$50,0),MATCH($ER$3,'Summary sales'!$A$7:$CA$7,0)) -> 41150.27 | ET5: =ES5-ER5 -> 6150.27 | EU5: =ES5/ER5 -> 1.175722 | EV5: =INDEX('SO Juli 2026 Rev 2'!$B$6:$BI$50,MATCH(B5,'SO Juli 2026 Rev 2'!$B$6:$B$50,0),MATCH($EV$3,'SO Juli 2026 Rev 2'!$B$5:$XI$5,0)) -> 8000 | EW5: =INDEX('Summary sales'!$A$6:$CA$50,MATCH(B5,'Summary sales'!$A$6:$A$50,0),MATCH($EV$3,'Summary sales'!$A$7:$CA$7,0)) -> 8857.7 | EX5: =EW5-EV5 -> 857.7 | EY5: =EW5/EV5 -> 1.1072125 | EZ5: =INDEX('SO Juli 2026 Rev 2'!$B$6:$BI$50,MATCH(B5,'SO Juli 2026 Rev 2'!$B$6:$B$50,0),MATCH($EZ$3,'SO Juli 2026 Rev 2'!$B$5:$XI$5,0)) -> 3500 | FA5: =INDEX('Summary sales'!$A$6:$CA$50,MATCH(B5,'Summary sales'!$A$6:$A$50,0),MATCH($EZ$3,'Summary sales'!$A$7:$CA$7,0)) -> 3742 | FB5: =FA5-EZ5 -> 242 | FC5: =FA5/EZ5 -> 1.0691429 | FD5: =INDEX('SO Juli 2026 Rev 2'!$B$6:$BI$50,MATCH(B5,'SO Juli 2026 Rev 2'!$B$6:$B$50,0),MATCH($FD$3,'SO Juli 2026 Rev 2'!$B$5:$XI$5,0)) -> 0 | FE5: =INDEX('Summary sales'!$A$6:$CA$50,MATCH(B5,'Summary sales'!$A$6:$A$50,0),MATCH($FD$3,'Summary sales'!$A$7:$CA$7,0)) -> 0 | FF5: =FE5-FD5 -> 0 | FG5: =FE5/FD5 -> #DIV/0! | FH5: =INDEX('SO Juli 2026 Rev 2'!$B$6:$BI$50,MATCH(B5,'SO Juli 2026 Rev 2'!$B$6:$B$50,0),MATCH($FH$3,'SO Juli 2026 Rev 2'!$B$5:$XI$5,0)) -> 0 | FI5: =INDEX('Summary sales'!$A$6:$CA$50,MATCH(B5,'Summary sales'!$A$6:$A$50,0),MATCH($FH$3,'Summary sales'!$A$7:$CA$7,0)) -> 0 | FJ5: =FI5-FH5 -> 0 | FK5: =FI5/FH5 -> #DIV/0! | FL5: =INDEX('SO Juli 2026 Rev 2'!$B$6:$BI$50,MATCH(B5,'SO Juli 2026 Rev 2'!$B$6:$B$50,0),MATCH($FL$3,'SO Juli 2026 Rev 2'!$B$5:$XI$5,0)) -> 700 | FM5: =INDEX('Summary sales'!$A$6:$CA$50,MATCH(B5,'Summary sales'!$A$6:$A$50,0),MATCH($FL$3,'Summary sales'!$A$7:$CA$7,0)) -> 743.36 | FN5: =FM5-FL5 -> 43.36 | FO5: =FM5/FL5 -> 1.0619429 | FP5: =INDEX('SO Juli 2026 Rev 2'!$B$6:$BI$50,MATCH(B5,'SO Juli 2026 Rev 2'!$B$6:$B$50,0),MATCH($FP$3,'SO Juli 2026 Rev 2'!$B$5:$XI$5,0)) -> 5600 | FQ5: =INDEX('Summary sales'!$A$6:$CA$50,MATCH(B5,'Summary sales'!$A$6:$A$50,0),MATCH($FP$3,'Summary sales'!$A$7:$CA$7,0)) -> 6592.89 | FR5: =FQ5-FP5 -> 992.89 | FS5: =FQ5/FP5 -> 1.1773018 | FT5: =INDEX('SO Juli 2026 Rev 2'!$B$6:$BI$50,MATCH(B5,'SO Juli 2026 Rev 2'!$B$6:$B$50,0),MATCH($FT$3,'SO Juli 2026 Rev 2'!$B$5:$XI$5,0)) -> 3500 | FU5: =INDEX('Summary sales'!$A$6:$CA$50,MATCH(B5,'Summary sales'!$A$6:$A$50,0),MATCH($FT$3,'Summary sales'!$A$7:$CA$7,0)) -> 4095.74 | FV5: =FU5-FT5 -> 595.74 | FW5: =FU5/FT5 -> 1.1702114 | FX5: =INDEX('SO Juli 2026 Rev 2'!$B$6:$BI$50,MATCH(B5,'SO Juli 2026 Rev 2'!$B$6:$B$50,0),MATCH($FX$3,'SO Juli 2026 Rev 2'!$B$5:$XI$5,0)) -> 2000 | FY5: =INDEX('Summary sales'!$A$6:$CA$50,MATCH(B5,'Summary sales'!$A$6:$A$50,0),MATCH($FX$3,'Summary sales'!$A$7:$CA$7,0)) -> 6264.74 | FZ5: =FY5-FX5 -> 4264.74 | GA5: =FY5/FX5 -> 3.13237 | GB5: =INDEX('SO Juli 2026 Rev 2'!$B$6:$BI$50,MATCH(B5,'SO Juli 2026 Rev 2'!$B$6:$B$50,0),MATCH($GB$3,'SO Juli 2026 Rev 2'!$B$5:$XI$5,0)) -> 369.61071 | GC5: =INDEX('Summary sales'!$A$6:$CA$50,MATCH(B5,'Summary sales'!$A$6:$A$50,0),MATCH($GB$3,'Summary sales'!$A$7:$CA$7,0)) -> 574.981 | GD5: =GC5-GB5 -> 205.37029 | GE5: =GC5/GB5 -> 1.5556394 | GF5: =INDEX('SO Juli 2026 Rev 2'!$B$6:$BI$50,MATCH(B5,'SO Juli 2026 Rev 2'!$B$6:$B$50,0),MATCH($GF$3,'SO Juli 2026 Rev 2'!$B$5:$XI$5,0)) -> 13500 | GG5: =INDEX('Summary sales'!$A$6:$CA$50,MATCH(B5,'Summary sales'!$A$6:$A$50,0),MATCH($GF$3,'Summary sales'!$A$7:$CA$7,0)) -> 12722.689 | GH5: =GG5-GF5 -> -777.311 | GI5: =GG5/GF5 -> 0.94242141 | GJ5: =INDEX('SO Juli 2026 Rev 2'!$B$6:$BI$50,MATCH(B5,'SO Juli 2026 Rev 2'!$B$6:$B$50,0),MATCH($GJ$3,'SO Juli 2026 Rev 2'!$B$5:$XI$5,0)) -> 1121.9003 | GK5: =INDEX('Summary sales'!$A$6:$CA$50,MATCH($B5,'Summary sales'!$A$6:$A$50,0),MATCH($GJ$3,'Summary sales'!$A$7:$CA$7,0)) -> 1319.32 | GL5: =GK5-GJ5 -> 197.41968 | GM5: =GK5/GJ5 -> 1.175969 | GN5: =INDEX('SO Juli 2026 Rev 2'!$B$6:$BI$50,MATCH(B5,'SO Juli 2026 Rev 2'!$B$6:$B$50,0),MATCH($GN$3,'SO Juli 2026 Rev 2'!$B$5:$XI$5,0)) -> 2499.7026 | GO5: =INDEX('Summary sales'!$A$6:$CA$50,MATCH(B5,'Summary sales'!$A$6:$A$50,0),MATCH($GN$3,'Summary sales'!$A$7:$CA$7,0)) -> 2645.93 | GP5: =GO5-GN5 -> 146.22742 | GQ5: =GO5/GN5 -> 1.0584979 | GR5: =INDEX('SO Juli 2026 Rev 2'!$B$6:$BI$50,MATCH(B5,'SO Juli 2026 Rev 2'!$B$6:$B$50,0),MATCH($GR$3,'SO Juli 2026 Rev 2'!$B$5:$XI$5,0)) -> 2499.7026 | GS5: =INDEX('Summary sales'!$A$6:$CA$50,MATCH(B5,'Summary sales'!$A$6:$A$50,0),MATCH($GR$3,'Summary sales'!$A$7:$CA$7,0)) -> 2917.86 | GT5: =GS5-GR5 -> 418.15742 | GU5: =GS5/GR5 -> 1.1672829 | GV5: =INDEX('SO Juli 2026 Rev 2'!$B$6:$BI$50,MATCH(B5,'SO Juli 2026 Rev 2'!$B$6:$B$50,0),MATCH($GV$3,'SO Juli 2026 Rev 2'!$B$5:$XI$5,0)) -> 0 | GW5: =INDEX('Summary sales'!$A$6:$CA$50,MATCH(B5,'Summary sales'!$A$6:$A$50,0),MATCH($GV$3,'Summary sales'!$A$7:$CA$7,0)) -> 0 | GX5: =GW5-GV5 -> 0 | GY5: =GW5/GV5 -> #DIV/0!
B6: =B5+1 -> 46205 | C6: =TEXT(B6,"ddd") -> Thu | D6: =SUMIF($H$4:$GX$4,$D$4,H6:GX6) -> 216250.93 | E6: =SUMIF($H$4:$GX$4,$E$4,H6:GX6) -> 220848.96 | F6: =E6-D6 -> 4598.0234 | G6: =E6/D6 -> 1.0212624 | H6: 1199.5729 | I6: =INDEX('Summary sales'!$A$6:$CA$50,MATCH(B6,'Summary sales'!$A$6:$A$50,0),MATCH($H$3,'Summary sales'!$A$7:$CA$7,0)) -> 1054.19 | J6: =I6-H6 -> -145.3829 | K6: =I6/H6 -> 0.87880445 | L6: =INDEX('SO Juli 2026 Rev 2'!$B$6:$BI$50,MATCH(B6,'SO Juli 2026 Rev 2'!$B$6:$B$50,0),MATCH($L$3,'SO Juli 2026 Rev 2'!$B$5:$XI$5,0)) -> 2000 | M6: =INDEX('Summary sales'!$A$6:$CA$50,MATCH($B6,'Summary sales'!$A$6:$A$50,0),MATCH($L$3,'Summary sales'!$A$7:$CA$7,0)) -> 1607.43 | N6: =M6-L6 -> -392.57 | O6: =M6/L6 -> 0.803715 | P6: =INDEX('SO Juli 2026 Rev 2'!$B$6:$BI$50,MATCH(B6,'SO Juli 2026 Rev 2'!$B$6:$B$50,0),MATCH($P$3,'SO Juli 2026 Rev 2'!$B$5:$XI$5,0)) -> 1200 | Q6: =INDEX('Summary sales'!$A$6:$CA$50,MATCH($B6,'Summary sales'!$A$6:$A$50,0),MATCH($P$3,'Summary sales'!$A$7:$CA$7,0)) -> 1333.28 | R6: =Q6-P6 -> 133.28 | S6: =Q6/P6 -> 1.1110667 | T6: =INDEX('SO Juli 2026 Rev 2'!$B$6:$BI$50,MATCH(B6,'SO Juli 2026 Rev 2'!$B$6:$B$50,0),MATCH($T$3,'SO Juli 2026 Rev 2'!$B$5:$XI$5,0)) -> 3300 | U6: =INDEX('Summary sales'!$A$6:$CA$50,MATCH($B6,'Summary sales'!$A$6:$A$50,0),MATCH($T$3,'Summary sales'!$A$7:$CA$7,0)) -> 3735.7 | V6: =U6-T6 -> 435.7 | W6: =U6/T6 -> 1.1320303 | X6: =INDEX('SO Juli 2026 Rev 2'!$B$6:$BI$50,MATCH(B6,'SO Juli 2026 Rev 2'!$B$6:$B$50,0),MATCH($X$3,'SO Juli 2026 Rev 2'!$B$5:$XI$5,0)) -> 644.02065 | Y6: =INDEX('Summary sales'!$A$6:$CA$50,MATCH($B6,'Summary sales'!$A$6:$A$50,0),MATCH($X$3,'Summary sales'!$A$7:$CA$7,0)) -> 1101.07 | Z6: =Y6-X6 -> 457.04935 | AA6: =Y6/X6 -> 1.7096812 | AB6: =INDEX('SO Juli 2026 Rev 2'!$B$6:$BI$50,MATCH(B6,'SO Juli 2026 Rev 2'!$B$6:$B$50,0),MATCH($AB$3,'SO Juli 2026 Rev 2'!$B$5:$XI$5,0)) -> 150 | AC6: =INDEX('Summary sales'!$A$6:$CA$50,MATCH($B6,'Summary sales'!$A$6:$A$50,0),MATCH($AB$3,'Summary sales'!$A$7:$CA$7,0)) -> 29.75 | AD6: =AC6-AB6 -> -120.25 | AE6: =AC6/AB6 -> 0.19833333 | AF6: =INDEX('SO Juli 2026 Rev 2'!$B$6:$BI$50,MATCH(B6,'SO Juli 2026 Rev 2'!$B$6:$B$50,0),MATCH($AF$3,'SO Juli 2026 Rev 2'!$B$5:$XI$5,0)) -> 603.76323 | AG6: =INDEX('Summary sales'!$A$6:$CA$50,MATCH($B6,'Summary sales'!$A$6:$A$50,0),MATCH($AF$3,'Summary sales'!$A$7:$CA$7,0)) -> 937.51 | AH6: =AG6-AF6 -> 333.74677 | AI6: =AG6/AF6 -> 1.5527776 | AJ6: =INDEX('SO Juli 2026 Rev 2'!$B$6:$BI$50,MATCH(B6,'SO Juli 2026 Rev 2'!$B$6:$B$50,0),MATCH($AJ$3,'SO Juli 2026 Rev 2'!$B$5:$XI$5,0)) -> 673.27548 | AK6: =INDEX('Summary sales'!$A$6:$CA$50,MATCH($B6,'Summary sales'!$A$6:$A$50,0),MATCH($AJ$3,'Summary sales'!$A$7:$CA$7,0)) -> 798.63 | AL6: =AK6-AJ6 -> 125.35452 | AM6: =AK6/AJ6 -> 1.1861861 | AN6: =INDEX('SO Juli 2026 Rev 2'!$B$6:$BI$50,MATCH(B6,'SO Juli 2026 Rev 2'!$B$6:$B$50,0),MATCH($AN$3,'SO Juli 2026 Rev 2'!$B$5:$XI$5,0)) -> 5500 | AO6: =INDEX('Summary sales'!$A$6:$CA$50,MATCH($B6,'Summary sales'!$A$6:$A$50,0),MATCH($AN$3,'Summary sales'!$A$7:$CA$7,0)) -> 5443.54 | AP6: =AO6-AN6 -> -56.46 | AQ6: =AO6/AN6 -> 0.98973455 | AR6: =INDEX('SO Juli 2026 Rev 2'!$B$6:$BI$50,MATCH(B6,'SO Juli 2026 Rev 2'!$B$6:$B$50,0),MATCH($AR$3,'SO Juli 2026 Rev 2'!$B$5:$XI$5,0)) -> 5000 | AS6: =INDEX('Summary sales'!$A$6:$CA$50,MATCH($B6,'Summary sales'!$A$6:$A$50,0),MATCH($AR$3,'Summary sales'!$A$7:$CA$7,0)) -> 4161.49 | AT6: =AS6-AR6 -> -838.51 | AU6: =AS6/AR6 -> 0.832298 | AV6: =INDEX('SO Juli 2026 Rev 2'!$B$6:$BI$50,MATCH(B6,'SO Juli 2026 Rev 2'!$B$6:$B$50,0),MATCH($AV$3,'SO Juli 2026 Rev 2'!$B$5:$XI$5,0)) -> 2500 | AW6: =INDEX('Summary sales'!$A$6:$CA$50,MATCH($B6,'Summary sales'!$A$6:$A$50,0),MATCH($AV$3,'Summary sales'!$A$7:$CA$7,0)) -> 639.87 | AX6: =AW6-AV6 -> -1860.13 | AY6: =AW6/AV6 -> 0.255948 | AZ6: =INDEX('SO Juli 2026 Rev 2'!$B$6:$BI$50,MATCH(B6,'SO Juli 2026 Rev 2'!$B$6:$B$50,0),MATCH($AZ$3,'SO Juli 2026 Rev 2'!$B$5:$XI$5,0)) -> 500 | BA6: =INDEX('Summary sales'!$A$6:$CA$50,MATCH($B6,'Summary sales'!$A$6:$A$50,0),MATCH($AZ$3,'Summary sales'!$A$7:$CA$7,0)) -> 1086.55 | BB6: =BA6-AZ6 -> 586.55 | BC6: =BA6/AZ6 -> 2.1731 | BD6: =INDEX('SO Juli 2026 Rev 2'!$B$6:$BI$50,MATCH(B6,'SO Juli 2026 Rev 2'!$B$6:$B$50,0),MATCH($BD$3,'SO Juli 2026 Rev 2'!$B$5:$XI$5,0)) -> 10300 | BE6: =INDEX('Summary sales'!$A$6:$CA$50,MATCH($B6,'Summary sales'!$A$6:$A$50,0),MATCH($BD$3,'Summary sales'!$A$7:$CA$7,0)) -> 10981.14 | BF6: =BE6-BD6 -> 681.14 | BG6: =BE6/BD6 -> 1.0661301 | BH6: =INDEX('SO Juli 2026 Rev 2'!$B$6:$BI$50,MATCH(B6,'SO Juli 2026 Rev 2'!$B$6:$B$50,0),MATCH($BH$3,'SO Juli 2026 Rev 2'!$B$5:$XI$5,0)) -> 9000.0571 | BI6: =INDEX('Summary sales'!$A$6:$CA$50,MATCH($B6,'Summary sales'!$A$6:$A$50,0),MATCH($BH$3,'Summary sales'!$A$7:$CA$7,0)) -> 8415.9 | BJ6: =BI6-BH6 -> -584.1571 | BK6: =BI6/BH6 -> 0.93509407 | BL6: =INDEX('SO Juli 2026 Rev 2'!$B$6:$BI$50,MATCH(B6,'SO Juli 2026 Rev 2'!$B$6:$B$50,0),MATCH($BL$3,'SO Juli 2026 Rev 2'!$B$5:$XI$5,0)) -> 1000 | BM6: =INDEX('Summary sales'!$A$6:$CA$50,MATCH($B6,'Summary sales'!$A$6:$A$50,0),MATCH($BL$3,'Summary sales'!$A$7:$CA$7,0)) -> 1680.248 | BN6: =BM6-BL6 -> 680.248 | BO6: =BM6/BL6 -> 1.680248 | BP6: =INDEX('SO Juli 2026 Rev 2'!$B$6:$BI$50,MATCH(B6,'SO Juli 2026 Rev 2'!$B$6:$B$50,0),MATCH($BP$3,'SO Juli 2026 Rev 2'!$B$5:$XI$5,0)) -> 5500 | BQ6: =INDEX('Summary sales'!$A$6:$CA$50,MATCH($B6,'Summary sales'!$A$6:$A$50,0),MATCH($BP$3,'Summary sales'!$A$7:$CA$7,0)) -> 5576.6963 | BR6: =BQ6-BP6 -> 76.696316 | BS6: =BQ6/BP6 -> 1.0139448 | BT6: =INDEX('SO Juli 2026 Rev 2'!$B$6:$BI$50,MATCH(B6,'SO Juli 2026 Rev 2'!$B$6:$B$50,0),MATCH($BT$3,'SO Juli 2026 Rev 2'!$B$5:$XI$5,0)) -> 0 | BU6: =INDEX('Summary sales'!$A$6:$CA$50,MATCH($B6,'Summary sales'!$A$6:$A$50,0),MATCH($BT$3,'Summary sales'!$A$7:$CA$7,0)) -> 0 | BV6: =BU6-BT6 -> 0 | BW6: =BU6/BT6 -> #DIV/0! | BX6: =INDEX('SO Juli 2026 Rev 2'!$B$6:$BI$50,MATCH(B6,'SO Juli 2026 Rev 2'!$B$6:$B$50,0),MATCH($BX$3,'SO Juli 2026 Rev 2'!$B$5:$XI$5,0)) -> 89.451613 | BY6: =INDEX('Summary sales'!$A$6:$CA$50,MATCH($B6,'Summary sales'!$A$6:$A$50,0),MATCH($BX$3,'Summary sales'!$A$7:$CA$7,0)) -> 63.509 | BZ6: =BY6-BX6 -> -25.942613 | CA6: =BY6/BX6 -> 0.70998161 | CB6: =INDEX('SO Juli 2026 Rev 2'!$B$6:$BI$50,MATCH(B6,'SO Juli 2026 Rev 2'!$B$6:$B$50,0),MATCH($CB$3,'SO Juli 2026 Rev 2'!$B$5:$XI$5,0)) -> 3500 | CC6: =INDEX('Summary sales'!$A$6:$CA$50,MATCH($B6,'Summary sales'!$A$6:$A$50,0),MATCH($CB$3,'Summary sales'!$A$7:$CA$7,0)) -> 3326 | CD6: =CC6-CB6 -> -174 | CE6: =CC6/CB6 -> 0.95028571 | CF6: =INDEX('SO Juli 2026 Rev 2'!$B$6:$BI$50,MATCH(B6,'SO Juli 2026 Rev 2'!$B$6:$B$50,0),MATCH($CF$3,'SO Juli 2026 Rev 2'!$B$5:$XI$5,0)) -> 1300 | CG6: =INDEX('Summary sales'!$A$6:$CA$50,MATCH($B6,'Summary sales'!$A$6:$A$50,0),MATCH($CF$3,'Summary sales'!$A$7:$CA$7,0)) -> 1494.33 | CH6: =CG6-CF6 -> 194.33 | CI6: =CG6/CF6 -> 1.1494846 | CJ6: =INDEX('SO Juli 2026 Rev 2'!$B$6:$BI$50,MATCH(B6,'SO Juli 2026 Rev 2'!$B$6:$B$50,0),MATCH($CJ$3,'SO Juli 2026 Rev 2'!$B$5:$XI$5,0)) -> 3000 | CK6: =INDEX('Summary sales'!$A$6:$CA$50,MATCH($B6,'Summary sales'!$A$6:$A$50,0),MATCH($CJ$3,'Summary sales'!$A$7:$CA$7,0)) -> 4814 | CL6: =CK6-CJ6 -> 1814 | CM6: =CK6/CJ6 -> 1.6046667 | CN6: =INDEX('SO Juli 2026 Rev 2'!$B$6:$BI$50,MATCH(B6,'SO Juli 2026 Rev 2'!$B$6:$B$50,0),MATCH($CN$3,'SO Juli 2026 Rev 2'!$B$5:$XI$5,0)) -> 6500 | CO6: =INDEX('Summary sales'!$A$6:$CA$50,MATCH($B6,'Summary sales'!$A$6:$A$50,0),MATCH($CN$3,'Summary sales'!$A$7:$CA$7,0)) -> 7461.69 | CP6: =CO6-CN6 -> 961.69 | CQ6: =CO6/CN6 -> 1.1479523 | CR6: =INDEX('SO Juli 2026 Rev 2'!$B$6:$BI$50,MATCH(B6,'SO Juli 2026 Rev 2'!$B$6:$B$50,0),MATCH($CR$3,'SO Juli 2026 Rev 2'!$B$5:$XI$5,0)) -> 10000 | CS6: =INDEX('Summary sales'!$A$6:$CA$50,MATCH($B6,'Summary sales'!$A$6:$A$50,0),MATCH($CR$3,'Summary sales'!$A$7:$CA$7,0)) -> 9029.9 | CT6: =CS6-CR6 -> -970.1 | CU6: =CS6/CR6 -> 0.90299 | CV6: =INDEX('SO Juli 2026 Rev 2'!$B$6:$BI$50,MATCH(B6,'SO Juli 2026 Rev 2'!$B$6:$B$50,0),MATCH($CV$3,'SO Juli 2026 Rev 2'!$B$5:$XI$5,0)) -> 16000 | CW6: =INDEX('Summary sales'!$A$6:$CA$50,MATCH($B6,'Summary sales'!$A$6:$A$50,0),MATCH($CV$3,'Summary sales'!$A$7:$CA$7,0)) -> 14128.384 | CX6: =CW6-CV6 -> -1871.616 | CY6: =CW6/CV6 -> 0.883024 | CZ6: =INDEX('SO Juli 2026 Rev 2'!$B$6:$BI$50,MATCH(B6,'SO Juli 2026 Rev 2'!$B$6:$B$50,0),MATCH($CZ$3,'SO Juli 2026 Rev 2'!$B$5:$XI$5,0)) -> 2000 | DA6: =INDEX('Summary sales'!$A$6:$CA$50,MATCH($B6,'Summary sales'!$A$6:$A$50,0),MATCH($CZ$3,'Summary sales'!$A$7:$CA$7,0)) -> 2213.63 | DB6: =DA6-CZ6 -> 213.63 | DC6: =DA6/CZ6 -> 1.106815 | DD6: =INDEX('SO Juli 2026 Rev 2'!$B$6:$BI$50,MATCH(B6,'SO Juli 2026 Rev 2'!$B$6:$B$50,0),MATCH($DD$3,'SO Juli 2026 Rev 2'!$B$5:$XI$5,0)) -> 800 | DE6: =INDEX('Summary sales'!$A$6:$CA$50,MATCH($B6,'Summary sales'!$A$6:$A$50,0),MATCH($DD$3,'Summary sales'!$A$7:$CA$7,0)) -> 699.73 | DF6: =DE6-DD6 -> -100.27 | DG6: =DE6/DD6 -> 0.8746625 | DH6: =INDEX('SO Juli 2026 Rev 2'!$B$6:$BI$50,MATCH(B6,'SO Juli 2026 Rev 2'!$B$6:$B$50,0),MATCH($DH$3,'SO Juli 2026 Rev 2'!$B$5:$XI$5,0)) -> 7200 | DI6: =INDEX('Summary sales'!$A$6:$CA$50,MATCH($B6,'Summary sales'!$A$6:$A$50,0),MATCH($DH$3,'Summary sales'!$A$7:$CA$7,0)) -> 10632.41 | DJ6: =DI6-DH6 -> 3432.41 | DK6: =DI6/DH6 -> 1.4767236 | DL6: =INDEX('SO Juli 2026 Rev 2'!$B$6:$BI$50,MATCH(B6,'SO Juli 2026 Rev 2'!$B$6:$B$50,0),MATCH($DL$3,'SO Juli 2026 Rev 2'!$B$5:$XI$5,0)) -> 3499.8768 | DM6: =INDEX('Summary sales'!$A$6:$CA$50,MATCH($B6,'Summary sales'!$A$6:$A$50,0),MATCH($DL$3,'Summary sales'!$A$7:$CA$7,0)) -> 1720.55 | DN6: =DM6-DL6 -> -1779.3268 | DO6: =DM6/DL6 -> 0.49160302 | DP6: =INDEX('SO Juli 2026 Rev 2'!$B$6:$BI$50,MATCH(B6,'SO Juli 2026 Rev 2'!$B$6:$B$50,0),MATCH($DP$3,'SO Juli 2026 Rev 2'!$B$5:$XI$5,0)) -> 2000 | DQ6: =INDEX('Summary sales'!$A$6:$CA$50,MATCH($B6,'Summary sales'!$A$6:$A$50,0),MATCH($DP$3,'Summary sales'!$A$7:$CA$7,0)) -> 1674.07 | DR6: =DQ6-DP6 -> -325.93 | DS6: =DQ6/DP6 -> 0.837035 | DT6: =INDEX('SO Juli 2026 Rev 2'!$B$6:$BI$50,MATCH(B6,'SO Juli 2026 Rev 2'!$B$6:$B$50,0),MATCH($DT$3,'SO Juli 2026 Rev 2'!$B$5:$XI$5,0)) -> 1000 | DU6: =INDEX('Summary sales'!$A$6:$CA$50,MATCH($B6,'Summary sales'!$A$6:$A$50,0),MATCH($DT$3,'Summary sales'!$A$7:$CA$7,0)) -> 1482.45 | DV6: =DU6-DT6 -> 482.45 | DW6: =DU6/DT6 -> 1.48245 | DX6: =INDEX('SO Juli 2026 Rev 2'!$B$6:$BI$50,MATCH(B6,'SO Juli 2026 Rev 2'!$B$6:$B$50,0),MATCH($DX$3,'SO Juli 2026 Rev 2'!$B$5:$XI$5,0)) -> 11000 | DY6: =INDEX('Summary sales'!$A$6:$CA$50,MATCH($B6,'Summary sales'!$A$6:$A$50,0),MATCH($DX$3,'Summary sales'!$A$7:$CA$7,0)) -> 9796.94 | DZ6: =DY6-DX6 -> -1203.06 | EA6: =DY6/DX6 -> 0.89063091 | EB6: =INDEX('SO Juli 2026 Rev 2'!$B$6:$BI$50,MATCH(B6,'SO Juli 2026 Rev 2'!$B$6:$B$50,0),MATCH($EB$3,'SO Juli 2026 Rev 2'!$B$5:$XI$5,0)) -> 2000 | EC6: =INDEX('Summary sales'!$A$6:$CA$50,MATCH($B6,'Summary sales'!$A$6:$A$50,0),MATCH($EB$3,'Summary sales'!$A$7:$CA$7,0)) -> 2207.47 | ED6: =EC6-EB6 -> 207.47 | EE6: =EC6/EB6 -> 1.103735 | EF6: =INDEX('SO Juli 2026 Rev 2'!$B$6:$BI$50,MATCH(B6,'SO Juli 2026 Rev 2'!$B$6:$B$50,0),MATCH($EF$3,'SO Juli 2026 Rev 2'!$B$5:$XI$5,0)) -> 7000 | EG6: =INDEX('Summary sales'!$A$6:$CA$50,MATCH($B6,'Summary sales'!$A$6:$A$50,0),MATCH($EF$3,'Summary sales'!$A$7:$CA$7,0)) -> 0 | EH6: =EG6-EF6 -> -7000 | EI6: =EG6/EF6 -> 0 | EJ6: =INDEX('SO Juli 2026 Rev 2'!$B$6:$BI$50,MATCH(B6,'SO Juli 2026 Rev 2'!$B$6:$B$50,0),MATCH($EJ$3,'SO Juli 2026 Rev 2'!$B$5:$XI$5,0)) -> 7000 | EK6: =INDEX('Summary sales'!$A$6:$CA$50,MATCH(B6,'Summary sales'!$A$6:$A$50,0),MATCH($EJ$3,'Summary sales'!$A$7:$CA$7,0)) -> 7434.09 | EL6: =EK6-EJ6 -> 434.09 | EM6: =EK6/EJ6 -> 1.0620129 | EN6: =INDEX('SO Juli 2026 Rev 2'!$B$6:$BI$50,MATCH(B6,'SO Juli 2026 Rev 2'!$B$6:$B$50,0),MATCH($EN$3,'SO Juli 2026 Rev 2'!$B$5:$XI$5,0)) -> 5000 | EO6: =INDEX('Summary sales'!$A$6:$CA$50,MATCH($B6,'Summary sales'!$A$6:$A$50,0),MATCH($EN$3,'Summary sales'!$A$7:$CA$7,0)) -> 7727.86 | EP6: =EO6-EN6 -> 2727.86 | EQ6: =EO6/EN6 -> 1.545572 | ER6: =INDEX('SO Juli 2026 Rev 2'!$B$6:$BI$50,MATCH(B6,'SO Juli 2026 Rev 2'!$B$6:$B$50,0),MATCH($ER$3,'SO Juli 2026 Rev 2'!$B$5:$XI$5,0)) -> 35000 | ES6: =INDEX('Summary sales'!$A$6:$CA$50,MATCH($B6,'Summary sales'!$A$6:$A$50,0),MATCH($ER$3,'Summary sales'!$A$7:$CA$7,0)) -> 39021.39 | ET6: =ES6-ER6 -> 4021.39 | EU6: =ES6/ER6 -> 1.1148969 | EV6: =INDEX('SO Juli 2026 Rev 2'!$B$6:$BI$50,MATCH(B6,'SO Juli 2026 Rev 2'!$B$6:$B$50,0),MATCH($EV$3,'SO Juli 2026 Rev 2'!$B$5:$XI$5,0)) -> 8000 | EW6: =INDEX('Summary sales'!$A$6:$CA$50,MATCH(B6,'Summary sales'!$A$6:$A$50,0),MATCH($EV$3,'Summary sales'!$A$7:$CA$7,0)) -> 7100.73 | EX6: =EW6-EV6 -> -899.27 | EY6: =EW6/EV6 -> 0.88759125 | EZ6: =INDEX('SO Juli 2026 Rev 2'!$B$6:$BI$50,MATCH(B6,'SO Juli 2026 Rev 2'!$B$6:$B$50,0),MATCH($EZ$3,'SO Juli 2026 Rev 2'!$B$5:$XI$5,0)) -> 3500 | FA6: =INDEX('Summary sales'!$A$6:$CA$50,MATCH(B6,'Summary sales'!$A$6:$A$50,0),MATCH($EZ$3,'Summary sales'!$A$7:$CA$7,0)) -> 3639.9 | FB6: =FA6-EZ6 -> 139.9 | FC6: =FA6/EZ6 -> 1.0399714 | FD6: =INDEX('SO Juli 2026 Rev 2'!$B$6:$BI$50,MATCH(B6,'SO Juli 2026 Rev 2'!$B$6:$B$50,0),MATCH($FD$3,'SO Juli 2026 Rev 2'!$B$5:$XI$5,0)) -> 0 | FE6: =INDEX('Summary sales'!$A$6:$CA$50,MATCH(B6,'Summary sales'!$A$6:$A$50,0),MATCH($FD$3,'Summary sales'!$A$7:$CA$7,0)) -> 0 | FF6: =FE6-FD6 -> 0 | FG6: =FE6/FD6 -> #DIV/0! | FH6: =INDEX('SO Juli 2026 Rev 2'!$B$6:$BI$50,MATCH(B6,'SO Juli 2026 Rev 2'!$B$6:$B$50,0),MATCH($FH$3,'SO Juli 2026 Rev 2'!$B$5:$XI$5,0)) -> 0 | FI6: =INDEX('Summary sales'!$A$6:$CA$50,MATCH(B6,'Summary sales'!$A$6:$A$50,0),MATCH($FH$3,'Summary sales'!$A$7:$CA$7,0)) -> 0 | FJ6: =FI6-FH6 -> 0 | FK6: =FI6/FH6 -> #DIV/0! | FL6: =INDEX('SO Juli 2026 Rev 2'!$B$6:$BI$50,MATCH(B6,'SO Juli 2026 Rev 2'!$B$6:$B$50,0),MATCH($FL$3,'SO Juli 2026 Rev 2'!$B$5:$XI$5,0)) -> 700 | FM6: =INDEX('Summary sales'!$A$6:$CA$50,MATCH(B6,'Summary sales'!$A$6:$A$50,0),MATCH($FL$3,'Summary sales'!$A$7:$CA$7,0)) -> 900.62 | FN6: =FM6-FL6 -> 200.62 | FO6: =FM6/FL6 -> 1.2866 | FP6: =INDEX('SO Juli 2026 Rev 2'!$B$6:$BI$50,MATCH(B6,'SO Juli 2026 Rev 2'!$B$6:$B$50,0),MATCH($FP$3,'SO Juli 2026 Rev 2'!$B$5:$XI$5,0)) -> 5600 | FQ6: =INDEX('Summary sales'!$A$6:$CA$50,MATCH(B6,'Summary sales'!$A$6:$A$50,0),MATCH($FP$3,'Summary sales'!$A$7:$CA$7,0)) -> 6339.91 | FR6: =FQ6-FP6 -> 739.91 | FS6: =FQ6/FP6 -> 1.1321268 | FT6: =INDEX('SO Juli 2026 Rev 2'!$B$6:$BI$50,MATCH(B6,'SO Juli 2026 Rev 2'!$B$6:$B$50,0),MATCH($FT$3,'SO Juli 2026 Rev 2'!$B$5:$XI$5,0)) -> 3500 | FU6: =INDEX('Summary sales'!$A$6:$CA$50,MATCH(B6,'Summary sales'!$A$6:$A$50,0),MATCH($FT$3,'Summary sales'!$A$7:$CA$7,0)) -> 4005.34 | FV6: =FU6-FT6 -> 505.34 | FW6: =FU6/FT6 -> 1.1443829 | FX6: =INDEX('SO Juli 2026 Rev 2'!$B$6:$BI$50,MATCH(B6,'SO Juli 2026 Rev 2'!$B$6:$B$50,0),MATCH($FX$3,'SO Juli 2026 Rev 2'!$B$5:$XI$5,0)) -> 2000 | FY6: =INDEX('Summary sales'!$A$6:$CA$50,MATCH(B6,'Summary sales'!$A$6:$A$50,0),MATCH($FX$3,'Summary sales'!$A$7:$CA$7,0)) -> 2263.89 | FZ6: =FY6-FX6 -> 263.89 | GA6: =FY6/FX6 -> 1.131945 | GB6: =INDEX('SO Juli 2026 Rev 2'!$B$6:$BI$50,MATCH(B6,'SO Juli 2026 Rev 2'!$B$6:$B$50,0),MATCH($GB$3,'SO Juli 2026 Rev 2'!$B$5:$XI$5,0)) -> 369.61071 | GC6: =INDEX('Summary sales'!$A$6:$CA$50,MATCH(B6,'Summary sales'!$A$6:$A$50,0),MATCH($GB$3,'Summary sales'!$A$7:$CA$7,0)) -> 865.746 | GD6: =GC6-GB6 -> 496.13529 | GE6: =GC6/GB6 -> 2.3423185 | GF6: =INDEX('SO Juli 2026 Rev 2'!$B$6:$BI$50,MATCH(B6,'SO Juli 2026 Rev 2'!$B$6:$B$50,0),MATCH($GF$3,'SO Juli 2026 Rev 2'!$B$5:$XI$5,0)) -> 13500 | GG6: =INDEX('Summary sales'!$A$6:$CA$50,MATCH(B6,'Summary sales'!$A$6:$A$50,0),MATCH($GF$3,'Summary sales'!$A$7:$CA$7,0)) -> 12367.364 | GH6: =GG6-GF6 -> -1132.636 | GI6: =GG6/GF6 -> 0.91610104 | GJ6: =INDEX('SO Juli 2026 Rev 2'!$B$6:$BI$50,MATCH(B6,'SO Juli 2026 Rev 2'!$B$6:$B$50,0),MATCH($GJ$3,'SO Juli 2026 Rev 2'!$B$5:$XI$5,0)) -> 1121.9003 | GK6: =INDEX('Summary sales'!$A$6:$CA$50,MATCH($B6,'Summary sales'!$A$6:$A$50,0),MATCH($GJ$3,'Summary sales'!$A$7:$CA$7,0)) -> 1452.93 | GL6: =GK6-GJ6 -> 331.02968 | GM6: =GK6/GJ6 -> 1.2950616 | GN6: =INDEX('SO Juli 2026 Rev 2'!$B$6:$BI$50,MATCH(B6,'SO Juli 2026 Rev 2'!$B$6:$B$50,0),MATCH($GN$3,'SO Juli 2026 Rev 2'!$B$5:$XI$5,0)) -> 2499.7026 | GO6: =INDEX('Summary sales'!$A$6:$CA$50,MATCH(B6,'Summary sales'!$A$6:$A$50,0),MATCH($GN$3,'Summary sales'!$A$7:$CA$7,0)) -> 2887.2 | GP6: =GO6-GN6 -> 387.49742 | GQ6: =GO6/GN6 -> 1.1550174 | GR6: =INDEX('SO Juli 2026 Rev 2'!$B$6:$BI$50,MATCH(B6,'SO Juli 2026 Rev 2'!$B$6:$B$50,0),MATCH($GR$3,'SO Juli 2026 Rev 2'!$B$5:$XI$5,0)) -> 2499.7026 | GS6: =INDEX('Summary sales'!$A$6:$CA$50,MATCH(B6,'Summary sales'!$A$6:$A$50,0),MATCH($GR$3,'Summary sales'!$A$7:$CA$7,0)) -> 5513.93 | GT6: =GS6-GR6 -> 3014.2274 | GU6: =GS6/GR6 -> 2.2058344 | GV6: =INDEX('SO Juli 2026 Rev 2'!$B$6:$BI$50,MATCH(B6,'SO Juli 2026 Rev 2'!$B$6:$B$50,0),MATCH($GV$3,'SO Juli 2026 Rev 2'!$B$5:$XI$5,0)) -> 0 | GW6: =INDEX('Summary sales'!$A$6:$CA$50,MATCH(B6,'Summary sales'!$A$6:$A$50,0),MATCH($GV$3,'Summary sales'!$A$7:$CA$7,0)) -> 0 | GX6: =GW6-GV6 -> 0 | GY6: =GW6/GV6 -> #DIV/0!
B7: =B6+1 -> 46206 | C7: =TEXT(B7,"ddd") -> Fri | D7: =SUMIF($H$4:$GX$4,$D$4,H7:GX7) -> 216250.93 | E7: =SUMIF($H$4:$GX$4,$E$4,H7:GX7) -> 216779.26 | F7: =E7-D7 -> 528.32706 | G7: =E7/D7 -> 1.0024431 | H7: 1199.5729 | I7: =INDEX('Summary sales'!$A$6:$CA$50,MATCH(B7,'Summary sales'!$A$6:$A$50,0),MATCH($H$3,'Summary sales'!$A$7:$CA$7,0)) -> 1109.55 | J7: =I7-H7 -> -90.022903 | K7: =I7/H7 -> 0.9249542 | L7: =INDEX('SO Juli 2026 Rev 2'!$B$6:$BI$50,MATCH(B7,'SO Juli 2026 Rev 2'!$B$6:$B$50,0),MATCH($L$3,'SO Juli 2026 Rev 2'!$B$5:$XI$5,0)) -> 2000 | M7: =INDEX('Summary sales'!$A$6:$CA$50,MATCH($B7,'Summary sales'!$A$6:$A$50,0),MATCH($L$3,'Summary sales'!$A$7:$CA$7,0)) -> 1155.66 | N7: =M7-L7 -> -844.34 | O7: =M7/L7 -> 0.57783 | P7: =INDEX('SO Juli 2026 Rev 2'!$B$6:$BI$50,MATCH(B7,'SO Juli 2026 Rev 2'!$B$6:$B$50,0),MATCH($P$3,'SO Juli 2026 Rev 2'!$B$5:$XI$5,0)) -> 1200 | Q7: =INDEX('Summary sales'!$A$6:$CA$50,MATCH($B7,'Summary sales'!$A$6:$A$50,0),MATCH($P$3,'Summary sales'!$A$7:$CA$7,0)) -> 1249.85 | R7: =Q7-P7 -> 49.85 | S7: =Q7/P7 -> 1.0415417 | T7: =INDEX('SO Juli 2026 Rev 2'!$B$6:$BI$50,MATCH(B7,'SO Juli 2026 Rev 2'!$B$6:$B$50,0),MATCH($T$3,'SO Juli 2026 Rev 2'!$B$5:$XI$5,0)) -> 3300 | U7: =INDEX('Summary sales'!$A$6:$CA$50,MATCH($B7,'Summary sales'!$A$6:$A$50,0),MATCH($T$3,'Summary sales'!$A$7:$CA$7,0)) -> 3277.9 | V7: =U7-T7 -> -22.1 | W7: =U7/T7 -> 0.99330303 | X7: =INDEX('SO Juli 2026 Rev 2'!$B$6:$BI$50,MATCH(B7,'SO Juli 2026 Rev 2'!$B$6:$B$50,0),MATCH($X$3,'SO Juli 2026 Rev 2'!$B$5:$XI$5,0)) -> 644.02065 | Y7: =INDEX('Summary sales'!$A$6:$CA$50,MATCH($B7,'Summary sales'!$A$6:$A$50,0),MATCH($X$3,'Summary sales'!$A$7:$CA$7,0)) -> 817.24 | Z7: =Y7-X7 -> 173.21935 | AA7: =Y7/X7 -> 1.2689655 | AB7: =INDEX('SO Juli 2026 Rev 2'!$B$6:$BI$50,MATCH(B7,'SO Juli 2026 Rev 2'!$B$6:$B$50,0),MATCH($AB$3,'SO Juli 2026 Rev 2'!$B$5:$XI$5,0)) -> 150 | AC7: =INDEX('Summary sales'!$A$6:$CA$50,MATCH($B7,'Summary sales'!$A$6:$A$50,0),MATCH($AB$3,'Summary sales'!$A$7:$CA$7,0)) -> 9.73 | AD7: =AC7-AB7 -> -140.27 | AE7: =AC7/AB7 -> 0.064866667 | AF7: =INDEX('SO Juli 2026 Rev 2'!$B$6:$BI$50,MATCH(B7,'SO Juli 2026 Rev 2'!$B$6:$B$50,0),MATCH($AF$3,'SO Juli 2026 Rev 2'!$B$5:$XI$5,0)) -> 603.76323 | AG7: =INDEX('Summary sales'!$A$6:$CA$50,MATCH($B7,'Summary sales'!$A$6:$A$50,0),MATCH($AF$3,'Summary sales'!$A$7:$CA$7,0)) -> 838.67 | AH7: =AG7-AF7 -> 234.90677 | AI7: =AG7/AF7 -> 1.389071 | AJ7: =INDEX('SO Juli 2026 Rev 2'!$B$6:$BI$50,MATCH(B7,'SO Juli 2026 Rev 2'!$B$6:$B$50,0),MATCH($AJ$3,'SO Juli 2026 Rev 2'!$B$5:$XI$5,0)) -> 673.27548 | AK7: =INDEX('Summary sales'!$A$6:$CA$50,MATCH($B7,'Summary sales'!$A$6:$A$50,0),MATCH($AJ$3,'Summary sales'!$A$7:$CA$7,0)) -> 735.38 | AL7: =AK7-AJ7 -> 62.104516 | AM7: =AK7/AJ7 -> 1.0922424 | AN7: =INDEX('SO Juli 2026 Rev 2'!$B$6:$BI$50,MATCH(B7,'SO Juli 2026 Rev 2'!$B$6:$B$50,0),MATCH($AN$3,'SO Juli 2026 Rev 2'!$B$5:$XI$5,0)) -> 5500 | AO7: =INDEX('Summary sales'!$A$6:$CA$50,MATCH($B7,'Summary sales'!$A$6:$A$50,0),MATCH($AN$3,'Summary sales'!$A$7:$CA$7,0)) -> 5349.78 | AP7: =AO7-AN7 -> -150.22 | AQ7: =AO7/AN7 -> 0.97268727 | AR7: =INDEX('SO Juli 2026 Rev 2'!$B$6:$BI$50,MATCH(B7,'SO Juli 2026 Rev 2'!$B$6:$B$50,0),MATCH($AR$3,'SO Juli 2026 Rev 2'!$B$5:$XI$5,0)) -> 5000 | AS7: =INDEX('Summary sales'!$A$6:$CA$50,MATCH($B7,'Summary sales'!$A$6:$A$50,0),MATCH($AR$3,'Summary sales'!$A$7:$CA$7,0)) -> 4283.28 | AT7: =AS7-AR7 -> -716.72 | AU7: =AS7/AR7 -> 0.856656 | AV7: =INDEX('SO Juli 2026 Rev 2'!$B$6:$BI$50,MATCH(B7,'SO Juli 2026 Rev 2'!$B$6:$B$50,0),MATCH($AV$3,'SO Juli 2026 Rev 2'!$B$5:$XI$5,0)) -> 2500 | AW7: =INDEX('Summary sales'!$A$6:$CA$50,MATCH($B7,'Summary sales'!$A$6:$A$50,0),MATCH($AV$3,'Summary sales'!$A$7:$CA$7,0)) -> 1145.97 | AX7: =AW7-AV7 -> -1354.03 | AY7: =AW7/AV7 -> 0.458388 | AZ7: =INDEX('SO Juli 2026 Rev 2'!$B$6:$BI$50,MATCH(B7,'SO Juli 2026 Rev 2'!$B$6:$B$50,0),MATCH($AZ$3,'SO Juli 2026 Rev 2'!$B$5:$XI$5,0)) -> 500 | BA7: =INDEX('Summary sales'!$A$6:$CA$50,MATCH($B7,'Summary sales'!$A$6:$A$50,0),MATCH($AZ$3,'Summary sales'!$A$7:$CA$7,0)) -> 1753.77 | BB7: =BA7-AZ7 -> 1253.77 | BC7: =BA7/AZ7 -> 3.50754 | BD7: =INDEX('SO Juli 2026 Rev 2'!$B$6:$BI$50,MATCH(B7,'SO Juli 2026 Rev 2'!$B$6:$B$50,0),MATCH($BD$3,'SO Juli 2026 Rev 2'!$B$5:$XI$5,0)) -> 10300 | BE7: =INDEX('Summary sales'!$A$6:$CA$50,MATCH($B7,'Summary sales'!$A$6:$A$50,0),MATCH($BD$3,'Summary sales'!$A$7:$CA$7,0)) -> 11258.21 | BF7: =BE7-BD7 -> 958.21 | BG7: =BE7/BD7 -> 1.0930301 | BH7: =INDEX('SO Juli 2026 Rev 2'!$B$6:$BI$50,MATCH(B7,'SO Juli 2026 Rev 2'!$B$6:$B$50,0),MATCH($BH$3,'SO Juli 2026 Rev 2'!$B$5:$XI$5,0)) -> 9000.0571 | BI7: =INDEX('Summary sales'!$A$6:$CA$50,MATCH($B7,'Summary sales'!$A$6:$A$50,0),MATCH($BH$3,'Summary sales'!$A$7:$CA$7,0)) -> 7523.92 | BJ7: =BI7-BH7 -> -1476.1371 | BK7: =BI7/BH7 -> 0.83598581 | BL7: =INDEX('SO Juli 2026 Rev 2'!$B$6:$BI$50,MATCH(B7,'SO Juli 2026 Rev 2'!$B$6:$B$50,0),MATCH($BL$3,'SO Juli 2026 Rev 2'!$B$5:$XI$5,0)) -> 1000 | BM7: =INDEX('Summary sales'!$A$6:$CA$50,MATCH($B7,'Summary sales'!$A$6:$A$50,0),MATCH($BL$3,'Summary sales'!$A$7:$CA$7,0)) -> 1429.11 | BN7: =BM7-BL7 -> 429.11 | BO7: =BM7/BL7 -> 1.42911 | BP7: =INDEX('SO Juli 2026 Rev 2'!$B$6:$BI$50,MATCH(B7,'SO Juli 2026 Rev 2'!$B$6:$B$50,0),MATCH($BP$3,'SO Juli 2026 Rev 2'!$B$5:$XI$5,0)) -> 5500 | BQ7: =INDEX('Summary sales'!$A$6:$CA$50,MATCH($B7,'Summary sales'!$A$6:$A$50,0),MATCH($BP$3,'Summary sales'!$A$7:$CA$7,0)) -> 5285.59 | BR7: =BQ7-BP7 -> -214.41 | BS7: =BQ7/BP7 -> 0.96101636 | BT7: =INDEX('SO Juli 2026 Rev 2'!$B$6:$BI$50,MATCH(B7,'SO Juli 2026 Rev 2'!$B$6:$B$50,0),MATCH($BT$3,'SO Juli 2026 Rev 2'!$B$5:$XI$5,0)) -> 0 | BU7: =INDEX('Summary sales'!$A$6:$CA$50,MATCH($B7,'Summary sales'!$A$6:$A$50,0),MATCH($BT$3,'Summary sales'!$A$7:$CA$7,0)) -> 0 | BV7: =BU7-BT7 -> 0 | BW7: =BU7/BT7 -> #DIV/0! | BX7: =INDEX('SO Juli 2026 Rev 2'!$B$6:$BI$50,MATCH(B7,'SO Juli 2026 Rev 2'!$B$6:$B$50,0),MATCH($BX$3,'SO Juli 2026 Rev 2'!$B$5:$XI$5,0)) -> 89.451613 | BY7: =INDEX('Summary sales'!$A$6:$CA$50,MATCH($B7,'Summary sales'!$A$6:$A$50,0),MATCH($BX$3,'Summary sales'!$A$7:$CA$7,0)) -> 86.88 | BZ7: =BY7-BX7 -> -2.5716129 | CA7: =BY7/BX7 -> 0.97125135 | CB7: =INDEX('SO Juli 2026 Rev 2'!$B$6:$BI$50,MATCH(B7,'SO Juli 2026 Rev 2'!$B$6:$B$50,0),MATCH($CB$3,'SO Juli 2026 Rev 2'!$B$5:$XI$5,0)) -> 3500 | CC7: =INDEX('Summary sales'!$A$6:$CA$50,MATCH($B7,'Summary sales'!$A$6:$A$50,0),MATCH($CB$3,'Summary sales'!$A$7:$CA$7,0)) -> 2416.1 | CD7: =CC7-CB7 -> -1083.9 | CE7: =CC7/CB7 -> 0.69031429 | CF7: =INDEX('SO Juli 2026 Rev 2'!$B$6:$BI$50,MATCH(B7,'SO Juli 2026 Rev 2'!$B$6:$B$50,0),MATCH($CF$3,'SO Juli 2026 Rev 2'!$B$5:$XI$5,0)) -> 1300 | CG7: =INDEX('Summary sales'!$A$6:$CA$50,MATCH($B7,'Summary sales'!$A$6:$A$50,0),MATCH($CF$3,'Summary sales'!$A$7:$CA$7,0)) -> 1701.53 | CH7: =CG7-CF7 -> 401.53 | CI7: =CG7/CF7 -> 1.3088692 | CJ7: =INDEX('SO Juli 2026 Rev 2'!$B$6:$BI$50,MATCH(B7,'SO Juli 2026 Rev 2'!$B$6:$B$50,0),MATCH($CJ$3,'SO Juli 2026 Rev 2'!$B$5:$XI$5,0)) -> 3000 | CK7: =INDEX('Summary sales'!$A$6:$CA$50,MATCH($B7,'Summary sales'!$A$6:$A$50,0),MATCH($CJ$3,'Summary sales'!$A$7:$CA$7,0)) -> 4605.5 | CL7: =CK7-CJ7 -> 1605.5 | CM7: =CK7/CJ7 -> 1.5351667 | CN7: =INDEX('SO Juli 2026 Rev 2'!$B$6:$BI$50,MATCH(B7,'SO Juli 2026 Rev 2'!$B$6:$B$50,0),MATCH($CN$3,'SO Juli 2026 Rev 2'!$B$5:$XI$5,0)) -> 6500 | CO7: =INDEX('Summary sales'!$A$6:$CA$50,MATCH($B7,'Summary sales'!$A$6:$A$50,0),MATCH($CN$3,'Summary sales'!$A$7:$CA$7,0)) -> 5762.31 | CP7: =CO7-CN7 -> -737.69 | CQ7: =CO7/CN7 -> 0.88650923 | CR7: =INDEX('SO Juli 2026 Rev 2'!$B$6:$BI$50,MATCH(B7,'SO Juli 2026 Rev 2'!$B$6:$B$50,0),MATCH($CR$3,'SO Juli 2026 Rev 2'!$B$5:$XI$5,0)) -> 10000 | CS7: =INDEX('Summary sales'!$A$6:$CA$50,MATCH($B7,'Summary sales'!$A$6:$A$50,0),MATCH($CR$3,'Summary sales'!$A$7:$CA$7,0)) -> 7356.9 | CT7: =CS7-CR7 -> -2643.1 | CU7: =CS7/CR7 -> 0.73569 | CV7: =INDEX('SO Juli 2026 Rev 2'!$B$6:$BI$50,MATCH(B7,'SO Juli 2026 Rev 2'!$B$6:$B$50,0),MATCH($CV$3,'SO Juli 2026 Rev 2'!$B$5:$XI$5,0)) -> 16000 | CW7: =INDEX('Summary sales'!$A$6:$CA$50,MATCH($B7,'Summary sales'!$A$6:$A$50,0),MATCH($CV$3,'Summary sales'!$A$7:$CA$7,0)) -> 14541.762 | CX7: =CW7-CV7 -> -1458.238 | CY7: =CW7/CV7 -> 0.90886013 | CZ7: =INDEX('SO Juli 2026 Rev 2'!$B$6:$BI$50,MATCH(B7,'SO Juli 2026 Rev 2'!$B$6:$B$50,0),MATCH($CZ$3,'SO Juli 2026 Rev 2'!$B$5:$XI$5,0)) -> 2000 | DA7: =INDEX('Summary sales'!$A$6:$CA$50,MATCH($B7,'Summary sales'!$A$6:$A$50,0),MATCH($CZ$3,'Summary sales'!$A$7:$CA$7,0)) -> 2274.76 | DB7: =DA7-CZ7 -> 274.76 | DC7: =DA7/CZ7 -> 1.13738 | DD7: =INDEX('SO Juli 2026 Rev 2'!$B$6:$BI$50,MATCH(B7,'SO Juli 2026 Rev 2'!$B$6:$B$50,0),MATCH($DD$3,'SO Juli 2026 Rev 2'!$B$5:$XI$5,0)) -> 800 | DE7: =INDEX('Summary sales'!$A$6:$CA$50,MATCH($B7,'Summary sales'!$A$6:$A$50,0),MATCH($DD$3,'Summary sales'!$A$7:$CA$7,0)) -> 719.22 | DF7: =DE7-DD7 -> -80.78 | DG7: =DE7/DD7 -> 0.899025 | DH7: =INDEX('SO Juli 2026 Rev 2'!$B$6:$BI$50,MATCH(B7,'SO Juli 2026 Rev 2'!$B$6:$B$50,0),MATCH($DH$3,'SO Juli 2026 Rev 2'!$B$5:$XI$5,0)) -> 7200 | DI7: =INDEX('Summary sales'!$A$6:$CA$50,MATCH($B7,'Summary sales'!$A$6:$A$50,0),MATCH($DH$3,'Summary sales'!$A$7:$CA$7,0)) -> 10063.05 | DJ7: =DI7-DH7 -> 2863.05 | DK7: =DI7/DH7 -> 1.3976458 | DL7: =INDEX('SO Juli 2026 Rev 2'!$B$6:$BI$50,MATCH(B7,'SO Juli 2026 Rev 2'!$B$6:$B$50,0),MATCH($DL$3,'SO Juli 2026 Rev 2'!$B$5:$XI$5,0)) -> 3499.8768 | DM7: =INDEX('Summary sales'!$A$6:$CA$50,MATCH($B7,'Summary sales'!$A$6:$A$50,0),MATCH($DL$3,'Summary sales'!$A$7:$CA$7,0)) -> 1772.63 | DN7: =DM7-DL7 -> -1727.2468 | DO7: =DM7/DL7 -> 0.50648355 | DP7: =INDEX('SO Juli 2026 Rev 2'!$B$6:$BI$50,MATCH(B7,'SO Juli 2026 Rev 2'!$B$6:$B$50,0),MATCH($DP$3,'SO Juli 2026 Rev 2'!$B$5:$XI$5,0)) -> 2000 | DQ7: =INDEX('Summary sales'!$A$6:$CA$50,MATCH($B7,'Summary sales'!$A$6:$A$50,0),MATCH($DP$3,'Summary sales'!$A$7:$CA$7,0)) -> 1512.8 | DR7: =DQ7-DP7 -> -487.2 | DS7: =DQ7/DP7 -> 0.7564 | DT7: =INDEX('SO Juli 2026 Rev 2'!$B$6:$BI$50,MATCH(B7,'SO Juli 2026 Rev 2'!$B$6:$B$50,0),MATCH($DT$3,'SO Juli 2026 Rev 2'!$B$5:$XI$5,0)) -> 1000 | DU7: =INDEX('Summary sales'!$A$6:$CA$50,MATCH($B7,'Summary sales'!$A$6:$A$50,0),MATCH($DT$3,'Summary sales'!$A$7:$CA$7,0)) -> 359.4 | DV7: =DU7-DT7 -> -640.6 | DW7: =DU7/DT7 -> 0.3594 | DX7: =INDEX('SO Juli 2026 Rev 2'!$B$6:$BI$50,MATCH(B7,'SO Juli 2026 Rev 2'!$B$6:$B$50,0),MATCH($DX$3,'SO Juli 2026 Rev 2'!$B$5:$XI$5,0)) -> 11000 | DY7: =INDEX('Summary sales'!$A$6:$CA$50,MATCH($B7,'Summary sales'!$A$6:$A$50,0),MATCH($DX$3,'Summary sales'!$A$7:$CA$7,0)) -> 9229.86 | DZ7: =DY7-DX7 -> -1770.14 | EA7: =DY7/DX7 -> 0.83907818 | EB7: =INDEX('SO Juli 2026 Rev 2'!$B$6:$BI$50,MATCH(B7,'SO Juli 2026 Rev 2'!$B$6:$B$50,0),MATCH($EB$3,'SO Juli 2026 Rev 2'!$B$5:$XI$5,0)) -> 2000 | EC7: =INDEX('Summary sales'!$A$6:$CA$50,MATCH($B7,'Summary sales'!$A$6:$A$50,0),MATCH($EB$3,'Summary sales'!$A$7:$CA$7,0)) -> 2540.67 | ED7: =EC7-EB7 -> 540.67 | EE7: =EC7/EB7 -> 1.270335 | EF7: =INDEX('SO Juli 2026 Rev 2'!$B$6:$BI$50,MATCH(B7,'SO Juli 2026 Rev 2'!$B$6:$B$50,0),MATCH($EF$3,'SO Juli 2026 Rev 2'!$B$5:$XI$5,0)) -> 7000 | EG7: =INDEX('Summary sales'!$A$6:$CA$50,MATCH($B7,'Summary sales'!$A$6:$A$50,0),MATCH($EF$3,'Summary sales'!$A$7:$CA$7,0)) -> 0 | EH7: =EG7-EF7 -> -7000 | EI7: =EG7/EF7 -> 0 | EJ7: =INDEX('SO Juli 2026 Rev 2'!$B$6:$BI$50,MATCH(B7,'SO Juli 2026 Rev 2'!$B$6:$B$50,0),MATCH($EJ$3,'SO Juli 2026 Rev 2'!$B$5:$XI$5,0)) -> 7000 | EK7: =INDEX('Summary sales'!$A$6:$CA$50,MATCH(B7,'Summary sales'!$A$6:$A$50,0),MATCH($EJ$3,'Summary sales'!$A$7:$CA$7,0)) -> 2311.75 | EL7: =EK7-EJ7 -> -4688.25 | EM7: =EK7/EJ7 -> 0.33025 | EN7: =INDEX('SO Juli 2026 Rev 2'!$B$6:$BI$50,MATCH(B7,'SO Juli 2026 Rev 2'!$B$6:$B$50,0),MATCH($EN$3,'SO Juli 2026 Rev 2'!$B$5:$XI$5,0)) -> 5000 | EO7: =INDEX('Summary sales'!$A$6:$CA$50,MATCH($B7,'Summary sales'!$A$6:$A$50,0),MATCH($EN$3,'Summary sales'!$A$7:$CA$7,0)) -> 7736.7 | EP7: =EO7-EN7 -> 2736.7 | EQ7: =EO7/EN7 -> 1.54734 | ER7: =INDEX('SO Juli 2026 Rev 2'!$B$6:$BI$50,MATCH(B7,'SO Juli 2026 Rev 2'!$B$6:$B$50,0),MATCH($ER$3,'SO Juli 2026 Rev 2'!$B$5:$XI$5,0)) -> 35000 | ES7: =INDEX('Summary sales'!$A$6:$CA$50,MATCH($B7,'Summary sales'!$A$6:$A$50,0),MATCH($ER$3,'Summary sales'!$A$7:$CA$7,0)) -> 37182.32 | ET7: =ES7-ER7 -> 2182.32 | EU7: =ES7/ER7 -> 1.062352 | EV7: =INDEX('SO Juli 2026 Rev 2'!$B$6:$BI$50,MATCH(B7,'SO Juli 2026 Rev 2'!$B$6:$B$50,0),MATCH($EV$3,'SO Juli 2026 Rev 2'!$B$5:$XI$5,0)) -> 8000 | EW7: =INDEX('Summary sales'!$A$6:$CA$50,MATCH(B7,'Summary sales'!$A$6:$A$50,0),MATCH($EV$3,'Summary sales'!$A$7:$CA$7,0)) -> 8693.25 | EX7: =EW7-EV7 -> 693.25 | EY7: =EW7/EV7 -> 1.0866563 | EZ7: =INDEX('SO Juli 2026 Rev 2'!$B$6:$BI$50,MATCH(B7,'SO Juli 2026 Rev 2'!$B$6:$B$50,0),MATCH($EZ$3,'SO Juli 2026 Rev 2'!$B$5:$XI$5,0)) -> 3500 | FA7: =INDEX('Summary sales'!$A$6:$CA$50,MATCH(B7,'Summary sales'!$A$6:$A$50,0),MATCH($EZ$3,'Summary sales'!$A$7:$CA$7,0)) -> 3447.8 | FB7: =FA7-EZ7 -> -52.2 | FC7: =FA7/EZ7 -> 0.98508571 | FD7: =INDEX('SO Juli 2026 Rev 2'!$B$6:$BI$50,MATCH(B7,'SO Juli 2026 Rev 2'!$B$6:$B$50,0),MATCH($FD$3,'SO Juli 2026 Rev 2'!$B$5:$XI$5,0)) -> 0 | FE7: =INDEX('Summary sales'!$A$6:$CA$50,MATCH(B7,'Summary sales'!$A$6:$A$50,0),MATCH($FD$3,'Summary sales'!$A$7:$CA$7,0)) -> 0 | FF7: =FE7-FD7 -> 0 | FG7: =FE7/FD7 -> #DIV/0! | FH7: =INDEX('SO Juli 2026 Rev 2'!$B$6:$BI$50,MATCH(B7,'SO Juli 2026 Rev 2'!$B$6:$B$50,0),MATCH($FH$3,'SO Juli 2026 Rev 2'!$B$5:$XI$5,0)) -> 0 | FI7: =INDEX('Summary sales'!$A$6:$CA$50,MATCH(B7,'Summary sales'!$A$6:$A$50,0),MATCH($FH$3,'Summary sales'!$A$7:$CA$7,0)) -> 0 | FJ7: =FI7-FH7 -> 0 | FK7: =FI7/FH7 -> #DIV/0! | FL7: =INDEX('SO Juli 2026 Rev 2'!$B$6:$BI$50,MATCH(B7,'SO Juli 2026 Rev 2'!$B$6:$B$50,0),MATCH($FL$3,'SO Juli 2026 Rev 2'!$B$5:$XI$5,0)) -> 700 | FM7: =INDEX('Summary sales'!$A$6:$CA$50,MATCH(B7,'Summary sales'!$A$6:$A$50,0),MATCH($FL$3,'Summary sales'!$A$7:$CA$7,0)) -> 853.53 | FN7: =FM7-FL7 -> 153.53 | FO7: =FM7/FL7 -> 1.2193286 | FP7: =INDEX('SO Juli 2026 Rev 2'!$B$6:$BI$50,MATCH(B7,'SO Juli 2026 Rev 2'!$B$6:$B$50,0),MATCH($FP$3,'SO Juli 2026 Rev 2'!$B$5:$XI$5,0)) -> 5600 | FQ7: =INDEX('Summary sales'!$A$6:$CA$50,MATCH(B7,'Summary sales'!$A$6:$A$50,0),MATCH($FP$3,'Summary sales'!$A$7:$CA$7,0)) -> 7007.42 | FR7: =FQ7-FP7 -> 1407.42 | FS7: =FQ7/FP7 -> 1.251325 | FT7: =INDEX('SO Juli 2026 Rev 2'!$B$6:$BI$50,MATCH(B7,'SO Juli 2026 Rev 2'!$B$6:$B$50,0),MATCH($FT$3,'SO Juli 2026 Rev 2'!$B$5:$XI$5,0)) -> 3500 | FU7: =INDEX('Summary sales'!$A$6:$CA$50,MATCH(B7,'Summary sales'!$A$6:$A$50,0),MATCH($FT$3,'Summary sales'!$A$7:$CA$7,0)) -> 4045.05 | FV7: =FU7-FT7 -> 545.05 | FW7: =FU7/FT7 -> 1.1557286 | FX7: =INDEX('SO Juli 2026 Rev 2'!$B$6:$BI$50,MATCH(B7,'SO Juli 2026 Rev 2'!$B$6:$B$50,0),MATCH($FX$3,'SO Juli 2026 Rev 2'!$B$5:$XI$5,0)) -> 2000 | FY7: =INDEX('Summary sales'!$A$6:$CA$50,MATCH(B7,'Summary sales'!$A$6:$A$50,0),MATCH($FX$3,'Summary sales'!$A$7:$CA$7,0)) -> 4147.01 | FZ7: =FY7-FX7 -> 2147.01 | GA7: =FY7/FX7 -> 2.073505 | GB7: =INDEX('SO Juli 2026 Rev 2'!$B$6:$BI$50,MATCH(B7,'SO Juli 2026 Rev 2'!$B$6:$B$50,0),MATCH($GB$3,'SO Juli 2026 Rev 2'!$B$5:$XI$5,0)) -> 369.61071 | GC7: =INDEX('Summary sales'!$A$6:$CA$50,MATCH(B7,'Summary sales'!$A$6:$A$50,0),MATCH($GB$3,'Summary sales'!$A$7:$CA$7,0)) -> 1551.24 | GD7: =GC7-GB7 -> 1181.6293 | GE7: =GC7/GB7 -> 4.1969563 | GF7: =INDEX('SO Juli 2026 Rev 2'!$B$6:$BI$50,MATCH(B7,'SO Juli 2026 Rev 2'!$B$6:$B$50,0),MATCH($GF$3,'SO Juli 2026 Rev 2'!$B$5:$XI$5,0)) -> 13500 | GG7: =INDEX('Summary sales'!$A$6:$CA$50,MATCH(B7,'Summary sales'!$A$6:$A$50,0),MATCH($GF$3,'Summary sales'!$A$7:$CA$7,0)) -> 21118.799 | GH7: =GG7-GF7 -> 7618.799 | GI7: =GG7/GF7 -> 1.5643555 | GJ7: =INDEX('SO Juli 2026 Rev 2'!$B$6:$BI$50,MATCH(B7,'SO Juli 2026 Rev 2'!$B$6:$B$50,0),MATCH($GJ$3,'SO Juli 2026 Rev 2'!$B$5:$XI$5,0)) -> 1121.9003 | GK7: =INDEX('Summary sales'!$A$6:$CA$50,MATCH($B7,'Summary sales'!$A$6:$A$50,0),MATCH($GJ$3,'Summary sales'!$A$7:$CA$7,0)) -> 1703.98 | GL7: =GK7-GJ7 -> 582.07968 | GM7: =GK7/GJ7 -> 1.5188337 | GN7: =INDEX('SO Juli 2026 Rev 2'!$B$6:$BI$50,MATCH(B7,'SO Juli 2026 Rev 2'!$B$6:$B$50,0),MATCH($GN$3,'SO Juli 2026 Rev 2'!$B$5:$XI$5,0)) -> 2499.7026 | GO7: =INDEX('Summary sales'!$A$6:$CA$50,MATCH(B7,'Summary sales'!$A$6:$A$50,0),MATCH($GN$3,'Summary sales'!$A$7:$CA$7,0)) -> 2746.37 | GP7: =GO7-GN7 -> 246.66742 | GQ7: =GO7/GN7 -> 1.0986787 | GR7: =INDEX('SO Juli 2026 Rev 2'!$B$6:$BI$50,MATCH(B7,'SO Juli 2026 Rev 2'!$B$6:$B$50,0),MATCH($GR$3,'SO Juli 2026 Rev 2'!$B$5:$XI$5,0)) -> 2499.7026 | GS7: =INDEX('Summary sales'!$A$6:$CA$50,MATCH(B7,'Summary sales'!$A$6:$A$50,0),MATCH($GR$3,'Summary sales'!$A$7:$CA$7,0)) -> 2067.06 | GT7: =GS7-GR7 -> -432.64258 | GU7: =GS7/GR7 -> 0.82692238 | GV7: =INDEX('SO Juli 2026 Rev 2'!$B$6:$BI$50,MATCH(B7,'SO Juli 2026 Rev 2'!$B$6:$B$50,0),MATCH($GV$3,'SO Juli 2026 Rev 2'!$B$5:$XI$5,0)) -> 0 | GW7: =INDEX('Summary sales'!$A$6:$CA$50,MATCH(B7,'Summary sales'!$A$6:$A$50,0),MATCH($GV$3,'Summary sales'!$A$7:$CA$7,0)) -> 0 | GX7: =GW7-GV7 -> 0 | GY7: =GW7/GV7 -> #DIV/0!
B8: =B7+1 -> 46207 | C8: =TEXT(B8,"ddd") -> Sat | D8: =SUMIF($H$4:$GX$4,$D$4,H8:GX8) -> 210629.53 | E8: =SUMIF($H$4:$GX$4,$E$4,H8:GX8) -> 174122.95 | F8: =E8-D8 -> -36506.582 | G8: =E8/D8 -> 0.82667871 | H8: 700 | I8: =INDEX('Summary sales'!$A$6:$CA$50,MATCH(B8,'Summary sales'!$A$6:$A$50,0),MATCH($H$3,'Summary sales'!$A$7:$CA$7,0)) -> 905.26 | J8: =I8-H8 -> 205.26 | K8: =I8/H8 -> 1.2932286 | L8: =INDEX('SO Juli 2026 Rev 2'!$B$6:$BI$50,MATCH(B8,'SO Juli 2026 Rev 2'!$B$6:$B$50,0),MATCH($L$3,'SO Juli 2026 Rev 2'!$B$5:$XI$5,0)) -> 1000 | M8: =INDEX('Summary sales'!$A$6:$CA$50,MATCH($B8,'Summary sales'!$A$6:$A$50,0),MATCH($L$3,'Summary sales'!$A$7:$CA$7,0)) -> 283.38 | N8: =M8-L8 -> -716.62 | O8: =M8/L8 -> 0.28338 | P8: =INDEX('SO Juli 2026 Rev 2'!$B$6:$BI$50,MATCH(B8,'SO Juli 2026 Rev 2'!$B$6:$B$50,0),MATCH($P$3,'SO Juli 2026 Rev 2'!$B$5:$XI$5,0)) -> 1200 | Q8: =INDEX('Summary sales'!$A$6:$CA$50,MATCH($B8,'Summary sales'!$A$6:$A$50,0),MATCH($P$3,'Summary sales'!$A$7:$CA$7,0)) -> 898.33 | R8: =Q8-P8 -> -301.67 | S8: =Q8/P8 -> 0.74860833 | T8: =INDEX('SO Juli 2026 Rev 2'!$B$6:$BI$50,MATCH(B8,'SO Juli 2026 Rev 2'!$B$6:$B$50,0),MATCH($T$3,'SO Juli 2026 Rev 2'!$B$5:$XI$5,0)) -> 3300 | U8: =INDEX('Summary sales'!$A$6:$CA$50,MATCH($B8,'Summary sales'!$A$6:$A$50,0),MATCH($T$3,'Summary sales'!$A$7:$CA$7,0)) -> 3811.6 | V8: =U8-T8 -> 511.6 | W8: =U8/T8 -> 1.1550303 | X8: =INDEX('SO Juli 2026 Rev 2'!$B$6:$BI$50,MATCH(B8,'SO Juli 2026 Rev 2'!$B$6:$B$50,0),MATCH($X$3,'SO Juli 2026 Rev 2'!$B$5:$XI$5,0)) -> 644.02065 | Y8: =INDEX('Summary sales'!$A$6:$CA$50,MATCH($B8,'Summary sales'!$A$6:$A$50,0),MATCH($X$3,'Summary sales'!$A$7:$CA$7,0)) -> 868.78 | Z8: =Y8-X8 -> 224.75935 | AA8: =Y8/X8 -> 1.348994 | AB8: =INDEX('SO Juli 2026 Rev 2'!$B$6:$BI$50,MATCH(B8,'SO Juli 2026 Rev 2'!$B$6:$B$50,0),MATCH($AB$3,'SO Juli 2026 Rev 2'!$B$5:$XI$5,0)) -> 150 | AC8: =INDEX('Summary sales'!$A$6:$CA$50,MATCH($B8,'Summary sales'!$A$6:$A$50,0),MATCH($AB$3,'Summary sales'!$A$7:$CA$7,0)) -> 84.63 | AD8: =AC8-AB8 -> -65.37 | AE8: =AC8/AB8 -> 0.5642 | AF8: =INDEX('SO Juli 2026 Rev 2'!$B$6:$BI$50,MATCH(B8,'SO Juli 2026 Rev 2'!$B$6:$B$50,0),MATCH($AF$3,'SO Juli 2026 Rev 2'!$B$5:$XI$5,0)) -> 603.76323 | AG8: =INDEX('Summary sales'!$A$6:$CA$50,MATCH($B8,'Summary sales'!$A$6:$A$50,0),MATCH($AF$3,'Summary sales'!$A$7:$CA$7,0)) -> 682.24 | AH8: =AG8-AF8 -> 78.476774 | AI8: =AG8/AF8 -> 1.1299794 | AJ8: =INDEX('SO Juli 2026 Rev 2'!$B$6:$BI$50,MATCH(B8,'SO Juli 2026 Rev 2'!$B$6:$B$50,0),MATCH($AJ$3,'SO Juli 2026 Rev 2'!$B$5:$XI$5,0)) -> 673.27548 | AK8: =INDEX('Summary sales'!$A$6:$CA$50,MATCH($B8,'Summary sales'!$A$6:$A$50,0),MATCH($AJ$3,'Summary sales'!$A$7:$CA$7,0)) -> 567.93 | AL8: =AK8-AJ8 -> -105.34548 | AM8: =AK8/AJ8 -> 0.84353287 | AN8: =INDEX('SO Juli 2026 Rev 2'!$B$6:$BI$50,MATCH(B8,'SO Juli 2026 Rev 2'!$B$6:$B$50,0),MATCH($AN$3,'SO Juli 2026 Rev 2'!$B$5:$XI$5,0)) -> 4500 | AO8: =INDEX('Summary sales'!$A$6:$CA$50,MATCH($B8,'Summary sales'!$A$6:$A$50,0),MATCH($AN$3,'Summary sales'!$A$7:$CA$7,0)) -> 4453.25 | AP8: =AO8-AN8 -> -46.75 | AQ8: =AO8/AN8 -> 0.98961111 | AR8: =INDEX('SO Juli 2026 Rev 2'!$B$6:$BI$50,MATCH(B8,'SO Juli 2026 Rev 2'!$B$6:$B$50,0),MATCH($AR$3,'SO Juli 2026 Rev 2'!$B$5:$XI$5,0)) -> 5000 | AS8: =INDEX('Summary sales'!$A$6:$CA$50,MATCH($B8,'Summary sales'!$A$6:$A$50,0),MATCH($AR$3,'Summary sales'!$A$7:$CA$7,0)) -> 3299.95 | AT8: =AS8-AR8 -> -1700.05 | AU8: =AS8/AR8 -> 0.65999 | AV8: =INDEX('SO Juli 2026 Rev 2'!$B$6:$BI$50,MATCH(B8,'SO Juli 2026 Rev 2'!$B$6:$B$50,0),MATCH($AV$3,'SO Juli 2026 Rev 2'!$B$5:$XI$5,0)) -> 1000 | AW8: =INDEX('Summary sales'!$A$6:$CA$50,MATCH($B8,'Summary sales'!$A$6:$A$50,0),MATCH($AV$3,'Summary sales'!$A$7:$CA$7,0)) -> 854.01 | AX8: =AW8-AV8 -> -145.99 | AY8: =AW8/AV8 -> 0.85401 | AZ8: =INDEX('SO Juli 2026 Rev 2'!$B$6:$BI$50,MATCH(B8,'SO Juli 2026 Rev 2'!$B$6:$B$50,0),MATCH($AZ$3,'SO Juli 2026 Rev 2'!$B$5:$XI$5,0)) -> 500 | BA8: =INDEX('Summary sales'!$A$6:$CA$50,MATCH($B8,'Summary sales'!$A$6:$A$50,0),MATCH($AZ$3,'Summary sales'!$A$7:$CA$7,0)) -> 1540.45 | BB8: =BA8-AZ8 -> 1040.45 | BC8: =BA8/AZ8 -> 3.0809 | BD8: =INDEX('SO Juli 2026 Rev 2'!$B$6:$BI$50,MATCH(B8,'SO Juli 2026 Rev 2'!$B$6:$B$50,0),MATCH($BD$3,'SO Juli 2026 Rev 2'!$B$5:$XI$5,0)) -> 10300 | BE8: =INDEX('Summary sales'!$A$6:$CA$50,MATCH($B8,'Summary sales'!$A$6:$A$50,0),MATCH($BD$3,'Summary sales'!$A$7:$CA$7,0)) -> 10817.57 | BF8: =BE8-BD8 -> 517.57 | BG8: =BE8/BD8 -> 1.0502495 | BH8: =INDEX('SO Juli 2026 Rev 2'!$B$6:$BI$50,MATCH(B8,'SO Juli 2026 Rev 2'!$B$6:$B$50,0),MATCH($BH$3,'SO Juli 2026 Rev 2'!$B$5:$XI$5,0)) -> 6000 | BI8: =INDEX('Summary sales'!$A$6:$CA$50,MATCH($B8,'Summary sales'!$A$6:$A$50,0),MATCH($BH$3,'Summary sales'!$A$7:$CA$7,0)) -> 5637.55 | BJ8: =BI8-BH8 -> -362.45 | BK8: =BI8/BH8 -> 0.93959167 | BL8: =INDEX('SO Juli 2026 Rev 2'!$B$6:$BI$50,MATCH(B8,'SO Juli 2026 Rev 2'!$B$6:$B$50,0),MATCH($BL$3,'SO Juli 2026 Rev 2'!$B$5:$XI$5,0)) -> 1000 | BM8: =INDEX('Summary sales'!$A$6:$CA$50,MATCH($B8,'Summary sales'!$A$6:$A$50,0),MATCH($BL$3,'Summary sales'!$A$7:$CA$7,0)) -> 0 | BN8: =BM8-BL8 -> -1000 | BO8: =BM8/BL8 -> 0 | BP8: =INDEX('SO Juli 2026 Rev 2'!$B$6:$BI$50,MATCH(B8,'SO Juli 2026 Rev 2'!$B$6:$B$50,0),MATCH($BP$3,'SO Juli 2026 Rev 2'!$B$5:$XI$5,0)) -> 5500 | BQ8: =INDEX('Summary sales'!$A$6:$CA$50,MATCH($B8,'Summary sales'!$A$6:$A$50,0),MATCH($BP$3,'Summary sales'!$A$7:$CA$7,0)) -> 2766.43 | BR8: =BQ8-BP8 -> -2733.57 | BS8: =BQ8/BP8 -> 0.50298727 | BT8: =INDEX('SO Juli 2026 Rev 2'!$B$6:$BI$50,MATCH(B8,'SO Juli 2026 Rev 2'!$B$6:$B$50,0),MATCH($BT$3,'SO Juli 2026 Rev 2'!$B$5:$XI$5,0)) -> 0 | BU8: =INDEX('Summary sales'!$A$6:$CA$50,MATCH($B8,'Summary sales'!$A$6:$A$50,0),MATCH($BT$3,'Summary sales'!$A$7:$CA$7,0)) -> 0 | BV8: =BU8-BT8 -> 0 | BW8: =BU8/BT8 -> #DIV/0! | BX8: =INDEX('SO Juli 2026 Rev 2'!$B$6:$BI$50,MATCH(B8,'SO Juli 2026 Rev 2'!$B$6:$B$50,0),MATCH($BX$3,'SO Juli 2026 Rev 2'!$B$5:$XI$5,0)) -> 89.451613 | BY8: =INDEX('Summary sales'!$A$6:$CA$50,MATCH($B8,'Summary sales'!$A$6:$A$50,0),MATCH($BX$3,'Summary sales'!$A$7:$CA$7,0)) -> 97.473 | BZ8: =BY8-BX8 -> 8.0213871 | CA8: =BY8/BX8 -> 1.0896729 | CB8: =INDEX('SO Juli 2026 Rev 2'!$B$6:$BI$50,MATCH(B8,'SO Juli 2026 Rev 2'!$B$6:$B$50,0),MATCH($CB$3,'SO Juli 2026 Rev 2'!$B$5:$XI$5,0)) -> 3500 | CC8: =INDEX('Summary sales'!$A$6:$CA$50,MATCH($B8,'Summary sales'!$A$6:$A$50,0),MATCH($CB$3,'Summary sales'!$A$7:$CA$7,0)) -> 4105.4 | CD8: =CC8-CB8 -> 605.4 | CE8: =CC8/CB8 -> 1.1729714 | CF8: =INDEX('SO Juli 2026 Rev 2'!$B$6:$BI$50,MATCH(B8,'SO Juli 2026 Rev 2'!$B$6:$B$50,0),MATCH($CF$3,'SO Juli 2026 Rev 2'!$B$5:$XI$5,0)) -> 1300 | CG8: =INDEX('Summary sales'!$A$6:$CA$50,MATCH($B8,'Summary sales'!$A$6:$A$50,0),MATCH($CF$3,'Summary sales'!$A$7:$CA$7,0)) -> 704.38 | CH8: =CG8-CF8 -> -595.62 | CI8: =CG8/CF8 -> 0.54183077 | CJ8: =INDEX('SO Juli 2026 Rev 2'!$B$6:$BI$50,MATCH(B8,'SO Juli 2026 Rev 2'!$B$6:$B$50,0),MATCH($CJ$3,'SO Juli 2026 Rev 2'!$B$5:$XI$5,0)) -> 0 | CK8: =INDEX('Summary sales'!$A$6:$CA$50,MATCH($B8,'Summary sales'!$A$6:$A$50,0),MATCH($CJ$3,'Summary sales'!$A$7:$CA$7,0)) -> 0 | CL8: =CK8-CJ8 -> 0 | CM8: =CK8/CJ8 -> #DIV/0! | CN8: =INDEX('SO Juli 2026 Rev 2'!$B$6:$BI$50,MATCH(B8,'SO Juli 2026 Rev 2'!$B$6:$B$50,0),MATCH($CN$3,'SO Juli 2026 Rev 2'!$B$5:$XI$5,0)) -> 6500 | CO8: =INDEX('Summary sales'!$A$6:$CA$50,MATCH($B8,'Summary sales'!$A$6:$A$50,0),MATCH($CN$3,'Summary sales'!$A$7:$CA$7,0)) -> 6490.82 | CP8: =CO8-CN8 -> -9.18 | CQ8: =CO8/CN8 -> 0.99858769 | CR8: =INDEX('SO Juli 2026 Rev 2'!$B$6:$BI$50,MATCH(B8,'SO Juli 2026 Rev 2'!$B$6:$B$50,0),MATCH($CR$3,'SO Juli 2026 Rev 2'!$B$5:$XI$5,0)) -> 10000 | CS8: =INDEX('Summary sales'!$A$6:$CA$50,MATCH($B8,'Summary sales'!$A$6:$A$50,0),MATCH($CR$3,'Summary sales'!$A$7:$CA$7,0)) -> 6868.4 | CT8: =CS8-CR8 -> -3131.6 | CU8: =CS8/CR8 -> 0.68684 | CV8: =INDEX('SO Juli 2026 Rev 2'!$B$6:$BI$50,MATCH(B8,'SO Juli 2026 Rev 2'!$B$6:$B$50,0),MATCH($CV$3,'SO Juli 2026 Rev 2'!$B$5:$XI$5,0)) -> 16000 | CW8: =INDEX('Summary sales'!$A$6:$CA$50,MATCH($B8,'Summary sales'!$A$6:$A$50,0),MATCH($CV$3,'Summary sales'!$A$7:$CA$7,0)) -> 13772.476 | CX8: =CW8-CV8 -> -2227.524 | CY8: =CW8/CV8 -> 0.86077975 | CZ8: =INDEX('SO Juli 2026 Rev 2'!$B$6:$BI$50,MATCH(B8,'SO Juli 2026 Rev 2'!$B$6:$B$50,0),MATCH($CZ$3,'SO Juli 2026 Rev 2'!$B$5:$XI$5,0)) -> 2000 | DA8: =INDEX('Summary sales'!$A$6:$CA$50,MATCH($B8,'Summary sales'!$A$6:$A$50,0),MATCH($CZ$3,'Summary sales'!$A$7:$CA$7,0)) -> 1719.26 | DB8: =DA8-CZ8 -> -280.74 | DC8: =DA8/CZ8 -> 0.85963 | DD8: =INDEX('SO Juli 2026 Rev 2'!$B$6:$BI$50,MATCH(B8,'SO Juli 2026 Rev 2'!$B$6:$B$50,0),MATCH($DD$3,'SO Juli 2026 Rev 2'!$B$5:$XI$5,0)) -> 800 | DE8: =INDEX('Summary sales'!$A$6:$CA$50,MATCH($B8,'Summary sales'!$A$6:$A$50,0),MATCH($DD$3,'Summary sales'!$A$7:$CA$7,0)) -> 995.63 | DF8: =DE8-DD8 -> 195.63 | DG8: =DE8/DD8 -> 1.2445375 | DH8: =INDEX('SO Juli 2026 Rev 2'!$B$6:$BI$50,MATCH(B8,'SO Juli 2026 Rev 2'!$B$6:$B$50,0),MATCH($DH$3,'SO Juli 2026 Rev 2'!$B$5:$XI$5,0)) -> 7200 | DI8: =INDEX('Summary sales'!$A$6:$CA$50,MATCH($B8,'Summary sales'!$A$6:$A$50,0),MATCH($DH$3,'Summary sales'!$A$7:$CA$7,0)) -> 6447.12 | DJ8: =DI8-DH8 -> -752.88 | DK8: =DI8/DH8 -> 0.89543333 | DL8: =INDEX('SO Juli 2026 Rev 2'!$B$6:$BI$50,MATCH(B8,'SO Juli 2026 Rev 2'!$B$6:$B$50,0),MATCH($DL$3,'SO Juli 2026 Rev 2'!$B$5:$XI$5,0)) -> 0 | DM8: =INDEX('Summary sales'!$A$6:$CA$50,MATCH($B8,'Summary sales'!$A$6:$A$50,0),MATCH($DL$3,'Summary sales'!$A$7:$CA$7,0)) -> 0 | DN8: =DM8-DL8 -> 0 | DO8: =DM8/DL8 -> #DIV/0! | DP8: =INDEX('SO Juli 2026 Rev 2'!$B$6:$BI$50,MATCH(B8,'SO Juli 2026 Rev 2'!$B$6:$B$50,0),MATCH($DP$3,'SO Juli 2026 Rev 2'!$B$5:$XI$5,0)) -> 2000 | DQ8: =INDEX('Summary sales'!$A$6:$CA$50,MATCH($B8,'Summary sales'!$A$6:$A$50,0),MATCH($DP$3,'Summary sales'!$A$7:$CA$7,0)) -> 1775.25 | DR8: =DQ8-DP8 -> -224.75 | DS8: =DQ8/DP8 -> 0.887625 | DT8: =INDEX('SO Juli 2026 Rev 2'!$B$6:$BI$50,MATCH(B8,'SO Juli 2026 Rev 2'!$B$6:$B$50,0),MATCH($DT$3,'SO Juli 2026 Rev 2'!$B$5:$XI$5,0)) -> 1000 | DU8: =INDEX('Summary sales'!$A$6:$CA$50,MATCH($B8,'Summary sales'!$A$6:$A$50,0),MATCH($DT$3,'Summary sales'!$A$7:$CA$7,0)) -> 0 | DV8: =DU8-DT8 -> -1000 | DW8: =DU8/DT8 -> 0 | DX8: =INDEX('SO Juli 2026 Rev 2'!$B$6:$BI$50,MATCH(B8,'SO Juli 2026 Rev 2'!$B$6:$B$50,0),MATCH($DX$3,'SO Juli 2026 Rev 2'!$B$5:$XI$5,0)) -> 11000 | DY8: =INDEX('Summary sales'!$A$6:$CA$50,MATCH($B8,'Summary sales'!$A$6:$A$50,0),MATCH($DX$3,'Summary sales'!$A$7:$CA$7,0)) -> 12953.3 | DZ8: =DY8-DX8 -> 1953.3 | EA8: =DY8/DX8 -> 1.1775727 | EB8: =INDEX('SO Juli 2026 Rev 2'!$B$6:$BI$50,MATCH(B8,'SO Juli 2026 Rev 2'!$B$6:$B$50,0),MATCH($EB$3,'SO Juli 2026 Rev 2'!$B$5:$XI$5,0)) -> 2000 | EC8: =INDEX('Summary sales'!$A$6:$CA$50,MATCH($B8,'Summary sales'!$A$6:$A$50,0),MATCH($EB$3,'Summary sales'!$A$7:$CA$7,0)) -> 2845.52 | ED8: =EC8-EB8 -> 845.52 | EE8: =EC8/EB8 -> 1.42276 | EF8: =INDEX('SO Juli 2026 Rev 2'!$B$6:$BI$50,MATCH(B8,'SO Juli 2026 Rev 2'!$B$6:$B$50,0),MATCH($EF$3,'SO Juli 2026 Rev 2'!$B$5:$XI$5,0)) -> 10000 | EG8: =INDEX('Summary sales'!$A$6:$CA$50,MATCH($B8,'Summary sales'!$A$6:$A$50,0),MATCH($EF$3,'Summary sales'!$A$7:$CA$7,0)) -> 0 | EH8: =EG8-EF8 -> -10000 | EI8: =EG8/EF8 -> 0 | EJ8: =INDEX('SO Juli 2026 Rev 2'!$B$6:$BI$50,MATCH(B8,'SO Juli 2026 Rev 2'!$B$6:$B$50,0),MATCH($EJ$3,'SO Juli 2026 Rev 2'!$B$5:$XI$5,0)) -> 0 | EK8: =INDEX('Summary sales'!$A$6:$CA$50,MATCH(B8,'Summary sales'!$A$6:$A$50,0),MATCH($EJ$3,'Summary sales'!$A$7:$CA$7,0)) -> 0 | EL8: =EK8-EJ8 -> 0 | EM8: =EK8/EJ8 -> #DIV/0! | EN8: =INDEX('SO Juli 2026 Rev 2'!$B$6:$BI$50,MATCH(B8,'SO Juli 2026 Rev 2'!$B$6:$B$50,0),MATCH($EN$3,'SO Juli 2026 Rev 2'!$B$5:$XI$5,0)) -> 5000 | EO8: =INDEX('Summary sales'!$A$6:$CA$50,MATCH($B8,'Summary sales'!$A$6:$A$50,0),MATCH($EN$3,'Summary sales'!$A$7:$CA$7,0)) -> 6209.12 | EP8: =EO8-EN8 -> 1209.12 | EQ8: =EO8/EN8 -> 1.241824 | ER8: =INDEX('SO Juli 2026 Rev 2'!$B$6:$BI$50,MATCH(B8,'SO Juli 2026 Rev 2'!$B$6:$B$50,0),MATCH($ER$3,'SO Juli 2026 Rev 2'!$B$5:$XI$5,0)) -> 48000 | ES8: =INDEX('Summary sales'!$A$6:$CA$50,MATCH($B8,'Summary sales'!$A$6:$A$50,0),MATCH($ER$3,'Summary sales'!$A$7:$CA$7,0)) -> 33633.69 | ET8: =ES8-ER8 -> -14366.31 | EU8: =ES8/ER8 -> 0.70070187 | EV8: =INDEX('SO Juli 2026 Rev 2'!$B$6:$BI$50,MATCH(B8,'SO Juli 2026 Rev 2'!$B$6:$B$50,0),MATCH($EV$3,'SO Juli 2026 Rev 2'!$B$5:$XI$5,0)) -> 8000 | EW8: =INDEX('Summary sales'!$A$6:$CA$50,MATCH(B8,'Summary sales'!$A$6:$A$50,0),MATCH($EV$3,'Summary sales'!$A$7:$CA$7,0)) -> 7520.42 | EX8: =EW8-EV8 -> -479.58 | EY8: =EW8/EV8 -> 0.9400525 | EZ8: =INDEX('SO Juli 2026 Rev 2'!$B$6:$BI$50,MATCH(B8,'SO Juli 2026 Rev 2'!$B$6:$B$50,0),MATCH($EZ$3,'SO Juli 2026 Rev 2'!$B$5:$XI$5,0)) -> 3500 | FA8: =INDEX('Summary sales'!$A$6:$CA$50,MATCH(B8,'Summary sales'!$A$6:$A$50,0),MATCH($EZ$3,'Summary sales'!$A$7:$CA$7,0)) -> 2453.3 | FB8: =FA8-EZ8 -> -1046.7 | FC8: =FA8/EZ8 -> 0.70094286 | FD8: =INDEX('SO Juli 2026 Rev 2'!$B$6:$BI$50,MATCH(B8,'SO Juli 2026 Rev 2'!$B$6:$B$50,0),MATCH($FD$3,'SO Juli 2026 Rev 2'!$B$5:$XI$5,0)) -> 0 | FE8: =INDEX('Summary sales'!$A$6:$CA$50,MATCH(B8,'Summary sales'!$A$6:$A$50,0),MATCH($FD$3,'Summary sales'!$A$7:$CA$7,0)) -> 0 | FF8: =FE8-FD8 -> 0 | FG8: =FE8/FD8 -> #DIV/0! | FH8: =INDEX('SO Juli 2026 Rev 2'!$B$6:$BI$50,MATCH(B8,'SO Juli 2026 Rev 2'!$B$6:$B$50,0),MATCH($FH$3,'SO Juli 2026 Rev 2'!$B$5:$XI$5,0)) -> 0 | FI8: =INDEX('Summary sales'!$A$6:$CA$50,MATCH(B8,'Summary sales'!$A$6:$A$50,0),MATCH($FH$3,'Summary sales'!$A$7:$CA$7,0)) -> 0 | FJ8: =FI8-FH8 -> 0 | FK8: =FI8/FH8 -> #DIV/0! | FL8: =INDEX('SO Juli 2026 Rev 2'!$B$6:$BI$50,MATCH(B8,'SO Juli 2026 Rev 2'!$B$6:$B$50,0),MATCH($FL$3,'SO Juli 2026 Rev 2'!$B$5:$XI$5,0)) -> 700 | FM8: =INDEX('Summary sales'!$A$6:$CA$50,MATCH(B8,'Summary sales'!$A$6:$A$50,0),MATCH($FL$3,'Summary sales'!$A$7:$CA$7,0)) -> 880.22 | FN8: =FM8-FL8 -> 180.22 | FO8: =FM8/FL8 -> 1.2574571 | FP8: =INDEX('SO Juli 2026 Rev 2'!$B$6:$BI$50,MATCH(B8,'SO Juli 2026 Rev 2'!$B$6:$B$50,0),MATCH($FP$3,'SO Juli 2026 Rev 2'!$B$5:$XI$5,0)) -> 5600 | FQ8: =INDEX('Summary sales'!$A$6:$CA$50,MATCH(B8,'Summary sales'!$A$6:$A$50,0),MATCH($FP$3,'Summary sales'!$A$7:$CA$7,0)) -> 5942.41 | FR8: =FQ8-FP8 -> 342.41 | FS8: =FQ8/FP8 -> 1.0611446 | FT8: =INDEX('SO Juli 2026 Rev 2'!$B$6:$BI$50,MATCH(B8,'SO Juli 2026 Rev 2'!$B$6:$B$50,0),MATCH($FT$3,'SO Juli 2026 Rev 2'!$B$5:$XI$5,0)) -> 3500 | FU8: =INDEX('Summary sales'!$A$6:$CA$50,MATCH(B8,'Summary sales'!$A$6:$A$50,0),MATCH($FT$3,'Summary sales'!$A$7:$CA$7,0)) -> 3990.13 | FV8: =FU8-FT8 -> 490.13 | FW8: =FU8/FT8 -> 1.1400371 | FX8: =INDEX('SO Juli 2026 Rev 2'!$B$6:$BI$50,MATCH(B8,'SO Juli 2026 Rev 2'!$B$6:$B$50,0),MATCH($FX$3,'SO Juli 2026 Rev 2'!$B$5:$XI$5,0)) -> 2000 | FY8: =INDEX('Summary sales'!$A$6:$CA$50,MATCH(B8,'Summary sales'!$A$6:$A$50,0),MATCH($FX$3,'Summary sales'!$A$7:$CA$7,0)) -> 905.29 | FZ8: =FY8-FX8 -> -1094.71 | GA8: =FY8/FX8 -> 0.452645 | GB8: =INDEX('SO Juli 2026 Rev 2'!$B$6:$BI$50,MATCH(B8,'SO Juli 2026 Rev 2'!$B$6:$B$50,0),MATCH($GB$3,'SO Juli 2026 Rev 2'!$B$5:$XI$5,0)) -> 369.61071 | GC8: =INDEX('Summary sales'!$A$6:$CA$50,MATCH(B8,'Summary sales'!$A$6:$A$50,0),MATCH($GB$3,'Summary sales'!$A$7:$CA$7,0)) -> 518.696 | GD8: =GC8-GB8 -> 149.08529 | GE8: =GC8/GB8 -> 1.4033576 | GF8: =INDEX('SO Juli 2026 Rev 2'!$B$6:$BI$50,MATCH(B8,'SO Juli 2026 Rev 2'!$B$6:$B$50,0),MATCH($GF$3,'SO Juli 2026 Rev 2'!$B$5:$XI$5,0)) -> 13500 | GG8: =INDEX('Summary sales'!$A$6:$CA$50,MATCH(B8,'Summary sales'!$A$6:$A$50,0),MATCH($GF$3,'Summary sales'!$A$7:$CA$7,0)) -> 12569.49 | GH8: =GG8-GF8 -> -930.51 | GI8: =GG8/GF8 -> 0.93107333 | GJ8: =INDEX('SO Juli 2026 Rev 2'!$B$6:$BI$50,MATCH(B8,'SO Juli 2026 Rev 2'!$B$6:$B$50,0),MATCH($GJ$3,'SO Juli 2026 Rev 2'!$B$5:$XI$5,0)) -> 0 | GK8: =INDEX('Summary sales'!$A$6:$CA$50,MATCH($B8,'Summary sales'!$A$6:$A$50,0),MATCH($GJ$3,'Summary sales'!$A$7:$CA$7,0)) -> 0 | GL8: =GK8-GJ8 -> 0 | GM8: =GK8/GJ8 -> #DIV/0! | GN8: =INDEX('SO Juli 2026 Rev 2'!$B$6:$BI$50,MATCH(B8,'SO Juli 2026 Rev 2'!$B$6:$B$50,0),MATCH($GN$3,'SO Juli 2026 Rev 2'!$B$5:$XI$5,0)) -> 2499.7026 | GO8: =INDEX('Summary sales'!$A$6:$CA$50,MATCH(B8,'Summary sales'!$A$6:$A$50,0),MATCH($GN$3,'Summary sales'!$A$7:$CA$7,0)) -> 2737.89 | GP8: =GO8-GN8 -> 238.18742 | GQ8: =GO8/GN8 -> 1.0952863 | GR8: =INDEX('SO Juli 2026 Rev 2'!$B$6:$BI$50,MATCH(B8,'SO Juli 2026 Rev 2'!$B$6:$B$50,0),MATCH($GR$3,'SO Juli 2026 Rev 2'!$B$5:$XI$5,0)) -> 2499.7026 | GS8: =INDEX('Summary sales'!$A$6:$CA$50,MATCH(B8,'Summary sales'!$A$6:$A$50,0),MATCH($GR$3,'Summary sales'!$A$7:$CA$7,0)) -> 515.9 | GT8: =GS8-GR8 -> -1983.8026 | GU8: =GS8/GR8 -> 0.20638455 | GV8: =INDEX('SO Juli 2026 Rev 2'!$B$6:$BI$50,MATCH(B8,'SO Juli 2026 Rev 2'!$B$6:$B$50,0),MATCH($GV$3,'SO Juli 2026 Rev 2'!$B$5:$XI$5,0)) -> 0 | GW8: =INDEX('Summary sales'!$A$6:$CA$50,MATCH(B8,'Summary sales'!$A$6:$A$50,0),MATCH($GV$3,'Summary sales'!$A$7:$CA$7,0)) -> 0 | GX8: =GW8-GV8 -> 0 | GY8: =GW8/GV8 -> #DIV/0!
B9: =B8+1 -> 46208 | C9: =TEXT(B9,"ddd") -> Sun | D9: =SUMIF($H$4:$GX$4,$D$4,H9:GX9) -> 186138.45 | E9: =SUMIF($H$4:$GX$4,$E$4,H9:GX9) -> 138455.73 | F9: =E9-D9 -> -47682.719 | G9: =E9/D9 -> 0.74383197 | H9: 700 | I9: =INDEX('Summary sales'!$A$6:$CA$50,MATCH(B9,'Summary sales'!$A$6:$A$50,0),MATCH($H$3,'Summary sales'!$A$7:$CA$7,0)) -> 858.48 | J9: =I9-H9 -> 158.48 | K9: =I9/H9 -> 1.2264 | L9: =INDEX('SO Juli 2026 Rev 2'!$B$6:$BI$50,MATCH(B9,'SO Juli 2026 Rev 2'!$B$6:$B$50,0),MATCH($L$3,'SO Juli 2026 Rev 2'!$B$5:$XI$5,0)) -> 1000 | M9: =INDEX('Summary sales'!$A$6:$CA$50,MATCH($B9,'Summary sales'!$A$6:$A$50,0),MATCH($L$3,'Summary sales'!$A$7:$CA$7,0)) -> 535.61 | N9: =M9-L9 -> -464.39 | O9: =M9/L9 -> 0.53561 | P9: =INDEX('SO Juli 2026 Rev 2'!$B$6:$BI$50,MATCH(B9,'SO Juli 2026 Rev 2'!$B$6:$B$50,0),MATCH($P$3,'SO Juli 2026 Rev 2'!$B$5:$XI$5,0)) -> 1200 | Q9: =INDEX('Summary sales'!$A$6:$CA$50,MATCH($B9,'Summary sales'!$A$6:$A$50,0),MATCH($P$3,'Summary sales'!$A$7:$CA$7,0)) -> 552.95 | R9: =Q9-P9 -> -647.05 | S9: =Q9/P9 -> 0.46079167 | T9: =INDEX('SO Juli 2026 Rev 2'!$B$6:$BI$50,MATCH(B9,'SO Juli 2026 Rev 2'!$B$6:$B$50,0),MATCH($T$3,'SO Juli 2026 Rev 2'!$B$5:$XI$5,0)) -> 999.51613 | U9: =INDEX('Summary sales'!$A$6:$CA$50,MATCH($B9,'Summary sales'!$A$6:$A$50,0),MATCH($T$3,'Summary sales'!$A$7:$CA$7,0)) -> 3728.9 | V9: =U9-T9 -> 2729.3839 | W9: =U9/T9 -> 3.7307052 | X9: =INDEX('SO Juli 2026 Rev 2'!$B$6:$BI$50,MATCH(B9,'SO Juli 2026 Rev 2'!$B$6:$B$50,0),MATCH($X$3,'SO Juli 2026 Rev 2'!$B$5:$XI$5,0)) -> 644.02065 | Y9: =INDEX('Summary sales'!$A$6:$CA$50,MATCH($B9,'Summary sales'!$A$6:$A$50,0),MATCH($X$3,'Summary sales'!$A$7:$CA$7,0)) -> 403.32 | Z9: =Y9-X9 -> -240.70065 | AA9: =Y9/X9 -> 0.62625322 | AB9: =INDEX('SO Juli 2026 Rev 2'!$B$6:$BI$50,MATCH(B9,'SO Juli 2026 Rev 2'!$B$6:$B$50,0),MATCH($AB$3,'SO Juli 2026 Rev 2'!$B$5:$XI$5,0)) -> 0 | AC9: =INDEX('Summary sales'!$A$6:$CA$50,MATCH($B9,'Summary sales'!$A$6:$A$50,0),MATCH($AB$3,'Summary sales'!$A$7:$CA$7,0)) -> 0 | AD9: =AC9-AB9 -> 0 | AE9: =AC9/AB9 -> #DIV/0! | AF9: =INDEX('SO Juli 2026 Rev 2'!$B$6:$BI$50,MATCH(B9,'SO Juli 2026 Rev 2'!$B$6:$B$50,0),MATCH($AF$3,'SO Juli 2026 Rev 2'!$B$5:$XI$5,0)) -> 603.76323 | AG9: =INDEX('Summary sales'!$A$6:$CA$50,MATCH($B9,'Summary sales'!$A$6:$A$50,0),MATCH($AF$3,'Summary sales'!$A$7:$CA$7,0)) -> 623.94 | AH9: =AG9-AF9 -> 20.176774 | AI9: =AG9/AF9 -> 1.0334184 | AJ9: =INDEX('SO Juli 2026 Rev 2'!$B$6:$BI$50,MATCH(B9,'SO Juli 2026 Rev 2'!$B$6:$B$50,0),MATCH($AJ$3,'SO Juli 2026 Rev 2'!$B$5:$XI$5,0)) -> 673.27548 | AK9: =INDEX('Summary sales'!$A$6:$CA$50,MATCH($B9,'Summary sales'!$A$6:$A$50,0),MATCH($AJ$3,'Summary sales'!$A$7:$CA$7,0)) -> 446.52 | AL9: =AK9-AJ9 -> -226.75548 | AM9: =AK9/AJ9 -> 0.66320549 | AN9: =INDEX('SO Juli 2026 Rev 2'!$B$6:$BI$50,MATCH(B9,'SO Juli 2026 Rev 2'!$B$6:$B$50,0),MATCH($AN$3,'SO Juli 2026 Rev 2'!$B$5:$XI$5,0)) -> 0 | AO9: =INDEX('Summary sales'!$A$6:$CA$50,MATCH($B9,'Summary sales'!$A$6:$A$50,0),MATCH($AN$3,'Summary sales'!$A$7:$CA$7,0)) -> 185.93 | AP9: =AO9-AN9 -> 185.93 | AQ9: =AO9/AN9 -> #DIV/0! | AR9: =INDEX('SO Juli 2026 Rev 2'!$B$6:$BI$50,MATCH(B9,'SO Juli 2026 Rev 2'!$B$6:$B$50,0),MATCH($AR$3,'SO Juli 2026 Rev 2'!$B$5:$XI$5,0)) -> 5000 | AS9: =INDEX('Summary sales'!$A$6:$CA$50,MATCH($B9,'Summary sales'!$A$6:$A$50,0),MATCH($AR$3,'Summary sales'!$A$7:$CA$7,0)) -> 2699.5 | AT9: =AS9-AR9 -> -2300.5 | AU9: =AS9/AR9 -> 0.5399 | AV9: =INDEX('SO Juli 2026 Rev 2'!$B$6:$BI$50,MATCH(B9,'SO Juli 2026 Rev 2'!$B$6:$B$50,0),MATCH($AV$3,'SO Juli 2026 Rev 2'!$B$5:$XI$5,0)) -> 300 | AW9: =INDEX('Summary sales'!$A$6:$CA$50,MATCH($B9,'Summary sales'!$A$6:$A$50,0),MATCH($AV$3,'Summary sales'!$A$7:$CA$7,0)) -> 181.28 | AX9: =AW9-AV9 -> -118.72 | AY9: =AW9/AV9 -> 0.60426667 | AZ9: =INDEX('SO Juli 2026 Rev 2'!$B$6:$BI$50,MATCH(B9,'SO Juli 2026 Rev 2'!$B$6:$B$50,0),MATCH($AZ$3,'SO Juli 2026 Rev 2'!$B$5:$XI$5,0)) -> 500 | BA9: =INDEX('Summary sales'!$A$6:$CA$50,MATCH($B9,'Summary sales'!$A$6:$A$50,0),MATCH($AZ$3,'Summary sales'!$A$7:$CA$7,0)) -> 1174.83 | BB9: =BA9-AZ9 -> 674.83 | BC9: =BA9/AZ9 -> 2.34966 | BD9: =INDEX('SO Juli 2026 Rev 2'!$B$6:$BI$50,MATCH(B9,'SO Juli 2026 Rev 2'!$B$6:$B$50,0),MATCH($BD$3,'SO Juli 2026 Rev 2'!$B$5:$XI$5,0)) -> 10300 | BE9: =INDEX('Summary sales'!$A$6:$CA$50,MATCH($B9,'Summary sales'!$A$6:$A$50,0),MATCH($BD$3,'Summary sales'!$A$7:$CA$7,0)) -> 10787.64 | BF9: =BE9-BD9 -> 487.64 | BG9: =BE9/BD9 -> 1.0473437 | BH9: =INDEX('SO Juli 2026 Rev 2'!$B$6:$BI$50,MATCH(B9,'SO Juli 2026 Rev 2'!$B$6:$B$50,0),MATCH($BH$3,'SO Juli 2026 Rev 2'!$B$5:$XI$5,0)) -> 5000 | BI9: =INDEX('Summary sales'!$A$6:$CA$50,MATCH($B9,'Summary sales'!$A$6:$A$50,0),MATCH($BH$3,'Summary sales'!$A$7:$CA$7,0)) -> 4144.31 | BJ9: =BI9-BH9 -> -855.69 | BK9: =BI9/BH9 -> 0.828862 | BL9: =INDEX('SO Juli 2026 Rev 2'!$B$6:$BI$50,MATCH(B9,'SO Juli 2026 Rev 2'!$B$6:$B$50,0),MATCH($BL$3,'SO Juli 2026 Rev 2'!$B$5:$XI$5,0)) -> 0 | BM9: =INDEX('Summary sales'!$A$6:$CA$50,MATCH($B9,'Summary sales'!$A$6:$A$50,0),MATCH($BL$3,'Summary sales'!$A$7:$CA$7,0)) -> 0 | BN9: =BM9-BL9 -> 0 | BO9: =BM9/BL9 -> #DIV/0! | BP9: =INDEX('SO Juli 2026 Rev 2'!$B$6:$BI$50,MATCH(B9,'SO Juli 2026 Rev 2'!$B$6:$B$50,0),MATCH($BP$3,'SO Juli 2026 Rev 2'!$B$5:$XI$5,0)) -> 2500 | BQ9: =INDEX('Summary sales'!$A$6:$CA$50,MATCH($B9,'Summary sales'!$A$6:$A$50,0),MATCH($BP$3,'Summary sales'!$A$7:$CA$7,0)) -> 0 | BR9: =BQ9-BP9 -> -2500 | BS9: =BQ9/BP9 -> 0 | BT9: =INDEX('SO Juli 2026 Rev 2'!$B$6:$BI$50,MATCH(B9,'SO Juli 2026 Rev 2'!$B$6:$B$50,0),MATCH($BT$3,'SO Juli 2026 Rev 2'!$B$5:$XI$5,0)) -> 0 | BU9: =INDEX('Summary sales'!$A$6:$CA$50,MATCH($B9,'Summary sales'!$A$6:$A$50,0),MATCH($BT$3,'Summary sales'!$A$7:$CA$7,0)) -> 0 | BV9: =BU9-BT9 -> 0 | BW9: =BU9/BT9 -> #DIV/0! | BX9: =INDEX('SO Juli 2026 Rev 2'!$B$6:$BI$50,MATCH(B9,'SO Juli 2026 Rev 2'!$B$6:$B$50,0),MATCH($BX$3,'SO Juli 2026 Rev 2'!$B$5:$XI$5,0)) -> 89.451613 | BY9: =INDEX('Summary sales'!$A$6:$CA$50,MATCH($B9,'Summary sales'!$A$6:$A$50,0),MATCH($BX$3,'Summary sales'!$A$7:$CA$7,0)) -> 79.455 | BZ9: =BY9-BX9 -> -9.9966129 | CA9: =BY9/BX9 -> 0.88824558 | CB9: =INDEX('SO Juli 2026 Rev 2'!$B$6:$BI$50,MATCH(B9,'SO Juli 2026 Rev 2'!$B$6:$B$50,0),MATCH($CB$3,'SO Juli 2026 Rev 2'!$B$5:$XI$5,0)) -> 1000 | CC9: =INDEX('Summary sales'!$A$6:$CA$50,MATCH($B9,'Summary sales'!$A$6:$A$50,0),MATCH($CB$3,'Summary sales'!$A$7:$CA$7,0)) -> 3258.8 | CD9: =CC9-CB9 -> 2258.8 | CE9: =CC9/CB9 -> 3.2588 | CF9: =INDEX('SO Juli 2026 Rev 2'!$B$6:$BI$50,MATCH(B9,'SO Juli 2026 Rev 2'!$B$6:$B$50,0),MATCH($CF$3,'SO Juli 2026 Rev 2'!$B$5:$XI$5,0)) -> 1300 | CG9: =INDEX('Summary sales'!$A$6:$CA$50,MATCH($B9,'Summary sales'!$A$6:$A$50,0),MATCH($CF$3,'Summary sales'!$A$7:$CA$7,0)) -> 1798.52 | CH9: =CG9-CF9 -> 498.52 | CI9: =CG9/CF9 -> 1.3834769 | CJ9: =INDEX('SO Juli 2026 Rev 2'!$B$6:$BI$50,MATCH(B9,'SO Juli 2026 Rev 2'!$B$6:$B$50,0),MATCH($CJ$3,'SO Juli 2026 Rev 2'!$B$5:$XI$5,0)) -> 0 | CK9: =INDEX('Summary sales'!$A$6:$CA$50,MATCH($B9,'Summary sales'!$A$6:$A$50,0),MATCH($CJ$3,'Summary sales'!$A$7:$CA$7,0)) -> 0 | CL9: =CK9-CJ9 -> 0 | CM9: =CK9/CJ9 -> #DIV/0! | CN9: =INDEX('SO Juli 2026 Rev 2'!$B$6:$BI$50,MATCH(B9,'SO Juli 2026 Rev 2'!$B$6:$B$50,0),MATCH($CN$3,'SO Juli 2026 Rev 2'!$B$5:$XI$5,0)) -> 6500 | CO9: =INDEX('Summary sales'!$A$6:$CA$50,MATCH($B9,'Summary sales'!$A$6:$A$50,0),MATCH($CN$3,'Summary sales'!$A$7:$CA$7,0)) -> 343.6 | CP9: =CO9-CN9 -> -6156.4 | CQ9: =CO9/CN9 -> 0.052861538 | CR9: =INDEX('SO Juli 2026 Rev 2'!$B$6:$BI$50,MATCH(B9,'SO Juli 2026 Rev 2'!$B$6:$B$50,0),MATCH($CR$3,'SO Juli 2026 Rev 2'!$B$5:$XI$5,0)) -> 10000 | CS9: =INDEX('Summary sales'!$A$6:$CA$50,MATCH($B9,'Summary sales'!$A$6:$A$50,0),MATCH($CR$3,'Summary sales'!$A$7:$CA$7,0)) -> 0 | CT9: =CS9-CR9 -> -10000 | CU9: =CS9/CR9 -> 0 | CV9: =INDEX('SO Juli 2026 Rev 2'!$B$6:$BI$50,MATCH(B9,'SO Juli 2026 Rev 2'!$B$6:$B$50,0),MATCH($CV$3,'SO Juli 2026 Rev 2'!$B$5:$XI$5,0)) -> 6659.5545 | CW9: =INDEX('Summary sales'!$A$6:$CA$50,MATCH($B9,'Summary sales'!$A$6:$A$50,0),MATCH($CV$3,'Summary sales'!$A$7:$CA$7,0)) -> 9591.869 | CX9: =CW9-CV9 -> 2932.3145 | CY9: =CW9/CV9 -> 1.4403169 | CZ9: =INDEX('SO Juli 2026 Rev 2'!$B$6:$BI$50,MATCH(B9,'SO Juli 2026 Rev 2'!$B$6:$B$50,0),MATCH($CZ$3,'SO Juli 2026 Rev 2'!$B$5:$XI$5,0)) -> 2000 | DA9: =INDEX('Summary sales'!$A$6:$CA$50,MATCH($B9,'Summary sales'!$A$6:$A$50,0),MATCH($CZ$3,'Summary sales'!$A$7:$CA$7,0)) -> 25.56 | DB9: =DA9-CZ9 -> -1974.44 | DC9: =DA9/CZ9 -> 0.01278 | DD9: =INDEX('SO Juli 2026 Rev 2'!$B$6:$BI$50,MATCH(B9,'SO Juli 2026 Rev 2'!$B$6:$B$50,0),MATCH($DD$3,'SO Juli 2026 Rev 2'!$B$5:$XI$5,0)) -> 0 | DE9: =INDEX('Summary sales'!$A$6:$CA$50,MATCH($B9,'Summary sales'!$A$6:$A$50,0),MATCH($DD$3,'Summary sales'!$A$7:$CA$7,0)) -> 26.95 | DF9: =DE9-DD9 -> 26.95 | DG9: =DE9/DD9 -> #DIV/0! | DH9: =INDEX('SO Juli 2026 Rev 2'!$B$6:$BI$50,MATCH(B9,'SO Juli 2026 Rev 2'!$B$6:$B$50,0),MATCH($DH$3,'SO Juli 2026 Rev 2'!$B$5:$XI$5,0)) -> 2999.8519 | DI9: =INDEX('Summary sales'!$A$6:$CA$50,MATCH($B9,'Summary sales'!$A$6:$A$50,0),MATCH($DH$3,'Summary sales'!$A$7:$CA$7,0)) -> 1157.42 | DJ9: =DI9-DH9 -> -1842.4319 | DK9: =DI9/DH9 -> 0.38582571 | DL9: =INDEX('SO Juli 2026 Rev 2'!$B$6:$BI$50,MATCH(B9,'SO Juli 2026 Rev 2'!$B$6:$B$50,0),MATCH($DL$3,'SO Juli 2026 Rev 2'!$B$5:$XI$5,0)) -> 0 | DM9: =INDEX('Summary sales'!$A$6:$CA$50,MATCH($B9,'Summary sales'!$A$6:$A$50,0),MATCH($DL$3,'Summary sales'!$A$7:$CA$7,0)) -> 0 | DN9: =DM9-DL9 -> 0 | DO9: =DM9/DL9 -> #DIV/0! | DP9: =INDEX('SO Juli 2026 Rev 2'!$B$6:$BI$50,MATCH(B9,'SO Juli 2026 Rev 2'!$B$6:$B$50,0),MATCH($DP$3,'SO Juli 2026 Rev 2'!$B$5:$XI$5,0)) -> 2000 | DQ9: =INDEX('Summary sales'!$A$6:$CA$50,MATCH($B9,'Summary sales'!$A$6:$A$50,0),MATCH($DP$3,'Summary sales'!$A$7:$CA$7,0)) -> 1571.56 | DR9: =DQ9-DP9 -> -428.44 | DS9: =DQ9/DP9 -> 0.78578 | DT9: =INDEX('SO Juli 2026 Rev 2'!$B$6:$BI$50,MATCH(B9,'SO Juli 2026 Rev 2'!$B$6:$B$50,0),MATCH($DT$3,'SO Juli 2026 Rev 2'!$B$5:$XI$5,0)) -> 0 | DU9: =INDEX('Summary sales'!$A$6:$CA$50,MATCH($B9,'Summary sales'!$A$6:$A$50,0),MATCH($DT$3,'Summary sales'!$A$7:$CA$7,0)) -> 0 | DV9: =DU9-DT9 -> 0 | DW9: =DU9/DT9 -> #DIV/0! | DX9: =INDEX('SO Juli 2026 Rev 2'!$B$6:$BI$50,MATCH(B9,'SO Juli 2026 Rev 2'!$B$6:$B$50,0),MATCH($DX$3,'SO Juli 2026 Rev 2'!$B$5:$XI$5,0)) -> 11000 | DY9: =INDEX('Summary sales'!$A$6:$CA$50,MATCH($B9,'Summary sales'!$A$6:$A$50,0),MATCH($DX$3,'Summary sales'!$A$7:$CA$7,0)) -> 12581.28 | DZ9: =DY9-DX9 -> 1581.28 | EA9: =DY9/DX9 -> 1.1437527 | EB9: =INDEX('SO Juli 2026 Rev 2'!$B$6:$BI$50,MATCH(B9,'SO Juli 2026 Rev 2'!$B$6:$B$50,0),MATCH($EB$3,'SO Juli 2026 Rev 2'!$B$5:$XI$5,0)) -> 2000 | EC9: =INDEX('Summary sales'!$A$6:$CA$50,MATCH($B9,'Summary sales'!$A$6:$A$50,0),MATCH($EB$3,'Summary sales'!$A$7:$CA$7,0)) -> 2750.85 | ED9: =EC9-EB9 -> 750.85 | EE9: =EC9/EB9 -> 1.375425 | EF9: =INDEX('SO Juli 2026 Rev 2'!$B$6:$BI$50,MATCH(B9,'SO Juli 2026 Rev 2'!$B$6:$B$50,0),MATCH($EF$3,'SO Juli 2026 Rev 2'!$B$5:$XI$5,0)) -> 10000 | EG9: =INDEX('Summary sales'!$A$6:$CA$50,MATCH($B9,'Summary sales'!$A$6:$A$50,0),MATCH($EF$3,'Summary sales'!$A$7:$CA$7,0)) -> 0 | EH9: =EG9-EF9 -> -10000 | EI9: =EG9/EF9 -> 0 | EJ9: =INDEX('SO Juli 2026 Rev 2'!$B$6:$BI$50,MATCH(B9,'SO Juli 2026 Rev 2'!$B$6:$B$50,0),MATCH($EJ$3,'SO Juli 2026 Rev 2'!$B$5:$XI$5,0)) -> 0 | EK9: =INDEX('Summary sales'!$A$6:$CA$50,MATCH(B9,'Summary sales'!$A$6:$A$50,0),MATCH($EJ$3,'Summary sales'!$A$7:$CA$7,0)) -> 0 | EL9: =EK9-EJ9 -> 0 | EM9: =EK9/EJ9 -> #DIV/0! | EN9: =INDEX('SO Juli 2026 Rev 2'!$B$6:$BI$50,MATCH(B9,'SO Juli 2026 Rev 2'!$B$6:$B$50,0),MATCH($EN$3,'SO Juli 2026 Rev 2'!$B$5:$XI$5,0)) -> 5000 | EO9: =INDEX('Summary sales'!$A$6:$CA$50,MATCH($B9,'Summary sales'!$A$6:$A$50,0),MATCH($EN$3,'Summary sales'!$A$7:$CA$7,0)) -> 6237 | EP9: =EO9-EN9 -> 1237 | EQ9: =EO9/EN9 -> 1.2474 | ER9: =INDEX('SO Juli 2026 Rev 2'!$B$6:$BI$50,MATCH(B9,'SO Juli 2026 Rev 2'!$B$6:$B$50,0),MATCH($ER$3,'SO Juli 2026 Rev 2'!$B$5:$XI$5,0)) -> 54000 | ES9: =INDEX('Summary sales'!$A$6:$CA$50,MATCH($B9,'Summary sales'!$A$6:$A$50,0),MATCH($ER$3,'Summary sales'!$A$7:$CA$7,0)) -> 44151.06 | ET9: =ES9-ER9 -> -9848.94 | EU9: =ES9/ER9 -> 0.81761222 | EV9: =INDEX('SO Juli 2026 Rev 2'!$B$6:$BI$50,MATCH(B9,'SO Juli 2026 Rev 2'!$B$6:$B$50,0),MATCH($EV$3,'SO Juli 2026 Rev 2'!$B$5:$XI$5,0)) -> 8000 | EW9: =INDEX('Summary sales'!$A$6:$CA$50,MATCH(B9,'Summary sales'!$A$6:$A$50,0),MATCH($EV$3,'Summary sales'!$A$7:$CA$7,0)) -> 6657.42 | EX9: =EW9-EV9 -> -1342.58 | EY9: =EW9/EV9 -> 0.8321775 | EZ9: =INDEX('SO Juli 2026 Rev 2'!$B$6:$BI$50,MATCH(B9,'SO Juli 2026 Rev 2'!$B$6:$B$50,0),MATCH($EZ$3,'SO Juli 2026 Rev 2'!$B$5:$XI$5,0)) -> 3500 | FA9: =INDEX('Summary sales'!$A$6:$CA$50,MATCH(B9,'Summary sales'!$A$6:$A$50,0),MATCH($EZ$3,'Summary sales'!$A$7:$CA$7,0)) -> 4219.9 | FB9: =FA9-EZ9 -> 719.9 | FC9: =FA9/EZ9 -> 1.2056857 | FD9: =INDEX('SO Juli 2026 Rev 2'!$B$6:$BI$50,MATCH(B9,'SO Juli 2026 Rev 2'!$B$6:$B$50,0),MATCH($FD$3,'SO Juli 2026 Rev 2'!$B$5:$XI$5,0)) -> 0 | FE9: =INDEX('Summary sales'!$A$6:$CA$50,MATCH(B9,'Summary sales'!$A$6:$A$50,0),MATCH($FD$3,'Summary sales'!$A$7:$CA$7,0)) -> 0 | FF9: =FE9-FD9 -> 0 | FG9: =FE9/FD9 -> #DIV/0! | FH9: =INDEX('SO Juli 2026 Rev 2'!$B$6:$BI$50,MATCH(B9,'SO Juli 2026 Rev 2'!$B$6:$B$50,0),MATCH($FH$3,'SO Juli 2026 Rev 2'!$B$5:$XI$5,0)) -> 0 | FI9: =INDEX('Summary sales'!$A$6:$CA$50,MATCH(B9,'Summary sales'!$A$6:$A$50,0),MATCH($FH$3,'Summary sales'!$A$7:$CA$7,0)) -> 0 | FJ9: =FI9-FH9 -> 0 | FK9: =FI9/FH9 -> #DIV/0! | FL9: =INDEX('SO Juli 2026 Rev 2'!$B$6:$BI$50,MATCH(B9,'SO Juli 2026 Rev 2'!$B$6:$B$50,0),MATCH($FL$3,'SO Juli 2026 Rev 2'!$B$5:$XI$5,0)) -> 700 | FM9: =INDEX('Summary sales'!$A$6:$CA$50,MATCH(B9,'Summary sales'!$A$6:$A$50,0),MATCH($FL$3,'Summary sales'!$A$7:$CA$7,0)) -> 714.52 | FN9: =FM9-FL9 -> 14.52 | FO9: =FM9/FL9 -> 1.0207429 | FP9: =INDEX('SO Juli 2026 Rev 2'!$B$6:$BI$50,MATCH(B9,'SO Juli 2026 Rev 2'!$B$6:$B$50,0),MATCH($FP$3,'SO Juli 2026 Rev 2'!$B$5:$XI$5,0)) -> 5600 | FQ9: =INDEX('Summary sales'!$A$6:$CA$50,MATCH(B9,'Summary sales'!$A$6:$A$50,0),MATCH($FP$3,'Summary sales'!$A$7:$CA$7,0)) -> 5397.35 | FR9: =FQ9-FP9 -> -202.65 | FS9: =FQ9/FP9 -> 0.9638125 | FT9: =INDEX('SO Juli 2026 Rev 2'!$B$6:$BI$50,MATCH(B9,'SO Juli 2026 Rev 2'!$B$6:$B$50,0),MATCH($FT$3,'SO Juli 2026 Rev 2'!$B$5:$XI$5,0)) -> 3500 | FU9: =INDEX('Summary sales'!$A$6:$CA$50,MATCH(B9,'Summary sales'!$A$6:$A$50,0),MATCH($FT$3,'Summary sales'!$A$7:$CA$7,0)) -> 4080.87 | FV9: =FU9-FT9 -> 580.87 | FW9: =FU9/FT9 -> 1.1659629 | FX9: =INDEX('SO Juli 2026 Rev 2'!$B$6:$BI$50,MATCH(B9,'SO Juli 2026 Rev 2'!$B$6:$B$50,0),MATCH($FX$3,'SO Juli 2026 Rev 2'!$B$5:$XI$5,0)) -> 2000 | FY9: =INDEX('Summary sales'!$A$6:$CA$50,MATCH(B9,'Summary sales'!$A$6:$A$50,0),MATCH($FX$3,'Summary sales'!$A$7:$CA$7,0)) -> 0 | FZ9: =FY9-FX9 -> -2000 | GA9: =FY9/FX9 -> 0 | GB9: =INDEX('SO Juli 2026 Rev 2'!$B$6:$BI$50,MATCH(B9,'SO Juli 2026 Rev 2'!$B$6:$B$50,0),MATCH($GB$3,'SO Juli 2026 Rev 2'!$B$5:$XI$5,0)) -> 369.61071 | GC9: =INDEX('Summary sales'!$A$6:$CA$50,MATCH(B9,'Summary sales'!$A$6:$A$50,0),MATCH($GB$3,'Summary sales'!$A$7:$CA$7,0)) -> 0 | GD9: =GC9-GB9 -> -369.61071 | GE9: =GC9/GB9 -> 0 | GF9: =INDEX('SO Juli 2026 Rev 2'!$B$6:$BI$50,MATCH(B9,'SO Juli 2026 Rev 2'!$B$6:$B$50,0),MATCH($GF$3,'SO Juli 2026 Rev 2'!$B$5:$XI$5,0)) -> 13500 | GG9: =INDEX('Summary sales'!$A$6:$CA$50,MATCH(B9,'Summary sales'!$A$6:$A$50,0),MATCH($GF$3,'Summary sales'!$A$7:$CA$7,0)) -> 4077.286 | GH9: =GG9-GF9 -> -9422.714 | GI9: =GG9/GF9 -> 0.30202119 | GJ9: =INDEX('SO Juli 2026 Rev 2'!$B$6:$BI$50,MATCH(B9,'SO Juli 2026 Rev 2'!$B$6:$B$50,0),MATCH($GJ$3,'SO Juli 2026 Rev 2'!$B$5:$XI$5,0)) -> 0 | GK9: =INDEX('Summary sales'!$A$6:$CA$50,MATCH($B9,'Summary sales'!$A$6:$A$50,0),MATCH($GJ$3,'Summary sales'!$A$7:$CA$7,0)) -> 0 | GL9: =GK9-GJ9 -> 0 | GM9: =GK9/GJ9 -> #DIV/0! | GN9: =INDEX('SO Juli 2026 Rev 2'!$B$6:$BI$50,MATCH(B9,'SO Juli 2026 Rev 2'!$B$6:$B$50,0),MATCH($GN$3,'SO Juli 2026 Rev 2'!$B$5:$XI$5,0)) -> 2499.7026 | GO9: =INDEX('Summary sales'!$A$6:$CA$50,MATCH(B9,'Summary sales'!$A$6:$A$50,0),MATCH($GN$3,'Summary sales'!$A$7:$CA$7,0)) -> 2594.04 | GP9: =GO9-GN9 -> 94.337419 | GQ9: =GO9/GN9 -> 1.0377395 | GR9: =INDEX('SO Juli 2026 Rev 2'!$B$6:$BI$50,MATCH(B9,'SO Juli 2026 Rev 2'!$B$6:$B$50,0),MATCH($GR$3,'SO Juli 2026 Rev 2'!$B$5:$XI$5,0)) -> 2499.7026 | GS9: =INDEX('Summary sales'!$A$6:$CA$50,MATCH(B9,'Summary sales'!$A$6:$A$50,0),MATCH($GR$3,'Summary sales'!$A$7:$CA$7,0)) -> 817.21 | GT9: =GS9-GR9 -> -1682.4926 | GU9: =GS9/GR9 -> 0.32692289 | GV9: =INDEX('SO Juli 2026 Rev 2'!$B$6:$BI$50,MATCH(B9,'SO Juli 2026 Rev 2'!$B$6:$B$50,0),MATCH($GV$3,'SO Juli 2026 Rev 2'!$B$5:$XI$5,0)) -> 0 | GW9: =INDEX('Summary sales'!$A$6:$CA$50,MATCH(B9,'Summary sales'!$A$6:$A$50,0),MATCH($GV$3,'Summary sales'!$A$7:$CA$7,0)) -> 0 | GX9: =GW9-GV9 -> 0 | GY9: =GW9/GV9 -> #DIV/0!
B10: Sub Total | D10: =SUM(D5:D9) -> 1045520.8 | E10: =SUM(E5:E9) -> 965198.42 | F10: =SUM(F5:F9) -> -80322.361 | G10: =AVERAGE(G5:G9) -> 0.91767848 | H10: =SUM(H5:H9) -> 4998.7187 | I10: =SUM(I5:I9) -> 4627.62 | J10: =SUM(J5:J9) -> -371.09871 | K10: =AVERAGE(K5:K9) -> 0.98140899 | L10: =SUM(L5:L9) -> 8000 | M10: =SUM(M5:M9) -> 5125.94 | N10: =SUM(N5:N9) -> -2874.06 | O10: =AVERAGE(O5:O9) -> 0.594493 | P10: =SUM(P5:P9) -> 6000 | Q10: =SUM(Q5:Q9) -> 5397.48 | R10: =SUM(R5:R9) -> -602.52 | S10: =AVERAGE(S5:S9) -> 0.89958 | T10: =SUM(T5:T9) -> 14199.516 | U10: =SUM(U5:U9) -> 18026.1 | V10: =SUM(V5:V9) -> 3826.5839 | W10: =AVERAGE(W5:W9) -> 1.612638 | X10: =SUM(X5:X9) -> 3220.1032 | Y10: =SUM(Y5:Y9) -> 4012.13 | Z10: =SUM(Z5:Z9) -> 792.02677 | AA10: =AVERAGE(AA5:AA9) -> 1.2459632 | AB10: =SUM(AB5:AB9) -> 600 | AC10: =SUM(AC5:AC9) -> 509.16 | AD10: =SUM(AD5:AD9) -> -90.84 | AE10: =AVERAGE(AE5:AE9) -> #DIV/0! | AF10: =SUM(AF5:AF9) -> 3018.8161 | AG10: =SUM(AG5:AG9) -> 3999.3 | AH10: =SUM(AH5:AH9) -> 980.48387 | AI10: =AVERAGE(AI5:AI9) -> 1.3247909 | AJ10: =SUM(AJ5:AJ9) -> 3366.3774 | AK10: =SUM(AK5:AK9) -> 3394.82 | AL10: =SUM(AL5:AL9) -> 28.442581 | AM10: =AVERAGE(AM5:AM9) -> 1.008449 | AN10: =SUM(AN5:AN9) -> 21000 | AO10: =SUM(AO5:AO9) -> 21473.92 | AP10: =SUM(AP5:AP9) -> 473.92 | AQ10: =AVERAGE(AQ5:AQ9) -> #DIV/0! | AR10: =SUM(AR5:AR9) -> 25000 | AS10: =SUM(AS5:AS9) -> 18992.62 | AT10: =SUM(AT5:AT9) -> -6007.38 | AU10: =AVERAGE(AU5:AU9) -> 0.7597048 | AV10: =SUM(AV5:AV9) -> 8800 | AW10: =SUM(AW5:AW9) -> 3223.79 | AX10: =SUM(AX5:AX9) -> -5576.21 | AY10: =AVERAGE(AY5:AY9) -> 0.46673533 | AZ10: =SUM(AZ5:AZ9) -> 2500 | BA10: =SUM(BA5:BA9) -> 6889.2 | BB10: =SUM(BB5:BB9) -> 4389.2 | BC10: =AVERAGE(BC5:BC9) -> 2.75568 | BD10: =SUM(BD5:BD9) -> 51500 | BE10: =SUM(BE5:BE9) -> 54858.14 | BF10: =SUM(BF5:BF9) -> 3358.14 | BG10: =AVERAGE(BG5:BG9) -> 1.0652066 | BH10: =SUM(BH5:BH9) -> 38000.171 | BI10: =SUM(BI5:BI9) -> 35266.46 | BJ10: =SUM(BJ5:BJ9) -> -2733.7113 | BK10: =AVERAGE(BK5:BK9) -> 0.92001158 | BL10: =SUM(BL5:BL9) -> 4000 | BM10: =SUM(BM5:BM9) -> 4492.251 | BN10: =SUM(BN5:BN9) -> 492.251 | BO10: =AVERAGE(BO5:BO9) -> #DIV/0! | BP10: =SUM(BP5:BP9) -> 24500 | BQ10: =SUM(BQ5:BQ9) -> 13628.716 | BR10: =SUM(BR5:BR9) -> -10871.284 | BS10: =AVERAGE(BS5:BS9) -> 0.49558968 | BT10: =SUM(BT5:BT9) -> 0 | BU10: =SUM(BU5:BU9) -> 0 | BV10: =SUM(BV5:BV9) -> 0 | BW10: =AVERAGE(BW5:BW9) -> #DIV/0! | BX10: =SUM(BX5:BX9) -> 447.25806 | BY10: =SUM(BY5:BY9) -> 380.679 | BZ10: =SUM(BZ5:BZ9) -> -66.579065 | CA10: =AVERAGE(CA5:CA9) -> 0.85113949 | CB10: =SUM(CB5:CB9) -> 15000 | CC10: =SUM(CC5:CC9) -> 16760.7 | CD10: =SUM(CD5:CD9) -> 1760.7 | CE10: =AVERAGE(CE5:CE9) -> 1.4232971 | CF10: =SUM(CF5:CF9) -> 6500 | CG10: =SUM(CG5:CG9) -> 6948.48 | CH10: =SUM(CH5:CH9) -> 448.48 | CI10: =AVERAGE(CI5:CI9) -> 1.0689969 | CJ10: =SUM(CJ5:CJ9) -> 9000 | CK10: =SUM(CK5:CK9) -> 12959.6 | CL10: =SUM(CL5:CL9) -> 3959.6 | CM10: =AVERAGE(CM5:CM9) -> #DIV/0! | CN10: =SUM(CN5:CN9) -> 32500 | CO10: =SUM(CO5:CO9) -> 25282.46 | CP10: =SUM(CP5:CP9) -> -7217.54 | CQ10: =AVERAGE(CQ5:CQ9) -> 0.77792185 | CR10: =SUM(CR5:CR9) -> 50000 | CS10: =SUM(CS5:CS9) -> 31246.9 | CT10: =SUM(CT5:CT9) -> -18753.1 | CU10: =AVERAGE(CU5:CU9) -> 0.624938 | CV10: =SUM(CV5:CV9) -> 70659.555 | CW10: =SUM(CW5:CW9) -> 62915.64 | CX10: =SUM(CX5:CX9) -> -7743.9145 | CY10: =AVERAGE(CY5:CY9) -> 0.95461052 | CZ10: =SUM(CZ5:CZ9) -> 10000 | DA10: =SUM(DA5:DA9) -> 7967.22 | DB10: =SUM(DB5:DB9) -> -2032.78 | DC10: =AVERAGE(DC5:DC9) -> 0.796722 | DD10: =SUM(DD5:DD9) -> 3200 | DE10: =SUM(DE5:DE9) -> 3157.08 | DF10: =SUM(DF5:DF9) -> -42.92 | DG10: =AVERAGE(DG5:DG9) -> #DIV/0! | DH10: =SUM(DH5:DH9) -> 31799.852 | DI10: =SUM(DI5:DI9) -> 37857.94 | DJ10: =SUM(DJ5:DJ9) -> 6058.0881 | DK10: =AVERAGE(DK5:DK9) -> 1.096624 | DL10: =SUM(DL5:DL9) -> 10499.63 | DM10: =SUM(DM5:DM9) -> 5347.33 | DN10: =SUM(DN5:DN9) -> -5152.3003 | DO10: =AVERAGE(DO5:DO9) -> #DIV/0! | DP10: =SUM(DP5:DP9) -> 10000 | DQ10: =SUM(DQ5:DQ9) -> 8147.43 | DR10: =SUM(DR5:DR9) -> -1852.57 | DS10: =AVERAGE(DS5:DS9) -> 0.814743 | DT10: =SUM(DT5:DT9) -> 4000 | DU10: =SUM(DU5:DU9) -> 3437.4 | DV10: =SUM(DV5:DV9) -> -562.6 | DW10: =AVERAGE(DW5:DW9) -> #DIV/0! | DX10: =SUM(DX5:DX9) -> 55000 | DY10: =SUM(DY5:DY9) -> 55433.83 | DZ10: =SUM(DZ5:DZ9) -> 433.83 | EA10: =AVERAGE(EA5:EA9) -> 1.0078878 | EB10: =SUM(EB5:EB9) -> 10000 | EC10: =SUM(EC5:EC9) -> 11905.17 | ED10: =SUM(ED5:ED9) -> 1905.17 | EE10: =AVERAGE(EE5:EE9) -> 1.190517 | EF10: =SUM(EF5:EF9) -> 41000 | EG10: =SUM(EG5:EG9) -> 545.28 | EH10: =SUM(EH5:EH9) -> -40454.72 | EI10: =AVERAGE(EI5:EI9) -> 0.015579429 | EJ10: =SUM(EJ5:EJ9) -> 21000 | EK10: =SUM(EK5:EK9) -> 17603.84 | EL10: =SUM(EL5:EL9) -> -3396.16 | EM10: =AVERAGE(EM5:EM9) -> #DIV/0! | EN10: =SUM(EN5:EN9) -> 25000 | EO10: =SUM(EO5:EO9) -> 36456.44 | EP10: =SUM(EP5:EP9) -> 11456.44 | EQ10: =AVERAGE(EQ5:EQ9) -> 1.4582576 | ER10: =SUM(ER5:ER9) -> 207000 | ES10: =SUM(ES5:ES9) -> 195138.73 | ET10: =SUM(ET5:ET9) -> -11861.27 | EU10: =AVERAGE(EU5:EU9) -> 0.97425699 | EV10: =SUM(EV5:EV9) -> 40000 | EW10: =SUM(EW5:EW9) -> 38829.52 | EX10: =SUM(EX5:EX9) -> -1170.48 | EY10: =AVERAGE(EY5:EY9) -> 0.970738 | EZ10: =SUM(EZ5:EZ9) -> 17500 | FA10: =SUM(FA5:FA9) -> 17502.9 | FB10: =SUM(FB5:FB9) -> 2.9 | FC10: =AVERAGE(FC5:FC9) -> 1.0001657 | FD10: =SUM(FD5:FD9) -> 0 | FE10: =SUM(FE5:FE9) -> 0 | FF10: =SUM(FF5:FF9) -> 0 | FG10: =AVERAGE(FG5:FG9) -> #DIV/0! | FH10: =SUM(FH5:FH9) -> 0 | FI10: =SUM(FI5:FI9) -> 0 | FJ10: =SUM(FJ5:FJ9) -> 0 | FK10: =AVERAGE(FK5:FK9) -> #DIV/0! | FL10: =SUM(FL5:FL9) -> 3500 | FM10: =SUM(FM5:FM9) -> 4092.25 | FN10: =SUM(FN5:FN9) -> 592.25 | FO10: =AVERAGE(FO5:FO9) -> 1.1692143 | FP10: =SUM(FP5:FP9) -> 28000 | FQ10: =SUM(FQ5:FQ9) -> 31279.98 | FR10: =SUM(FR5:FR9) -> 3279.98 | FS10: =AVERAGE(FS5:FS9) -> 1.1171421 | FT10: =SUM(FT5:FT9) -> 17500 | FU10: =SUM(FU5:FU9) -> 20217.13 | FV10: =SUM(FV5:FV9) -> 2717.13 | FW10: =AVERAGE(FW5:FW9) -> 1.1552646 | FX10: =SUM(FX5:FX9) -> 10000 | FY10: =SUM(FY5:FY9) -> 13580.93 | FZ10: =SUM(FZ5:FZ9) -> 3580.93 | GA10: =AVERAGE(GA5:GA9) -> 1.358093 | GB10: =SUM(GB5:GB9) -> 1848.0535 | GC10: =SUM(GC5:GC9) -> 3510.663 | GD10: =SUM(GD5:GD9) -> 1662.6095 | GE10: =AVERAGE(GE5:GE9) -> 1.8996544 | GF10: =SUM(GF5:GF9) -> 67500 | GG10: =SUM(GG5:GG9) -> 62855.628 | GH10: =SUM(GH5:GH9) -> -4644.372 | GI10: =AVERAGE(GI5:GI9) -> 0.93119449 | GJ10: =SUM(GJ5:GJ9) -> 3365.701 | GK10: =SUM(GK5:GK9) -> 4476.23 | GL10: =SUM(GL5:GL9) -> 1110.529 | GM10: =AVERAGE(GM5:GM9) -> #DIV/0! | GN10: =SUM(GN5:GN9) -> 12498.513 | GO10: =SUM(GO5:GO9) -> 13611.43 | GP10: =SUM(GP5:GP9) -> 1112.9171 | GQ10: =AVERAGE(GQ5:GQ9) -> 1.089044 | GR10: =SUM(GR5:GR9) -> 12498.513 | GS10: =SUM(GS5:GS9) -> 11831.96 | GT10: =SUM(GT5:GT9) -> -666.5529 | GU10: =AVERAGE(GU5:GU9) -> 0.94666942 | GV10: =SUM(GV5:GV9) -> 0 | GW10: =SUM(GW5:GW9) -> 0 | GX10: =SUM(GX5:GX9) -> 0 | GY10: =AVERAGE(GY5:GY9) -> #DIV/0!
A12: =WEEKNUM(B12) -> 28 | B12: =B9+1 -> 46209 | C12: =TEXT(B12,"ddd") -> Mon | D12: =SUMIF($H$4:$GX$4,$D$4,H12:GX12) -> 216250.93 | E12: =SUMIF($H$4:$GX$4,$E$4,H12:GX12) -> 221298.34 | F12: =E12-D12 -> 5047.4021 | G12: =E12/D12 -> 1.0233405 | H12: =INDEX('SO Juli 2026 Rev 2'!$B$6:$BI$50,MATCH(B12,'SO Juli 2026 Rev 2'!$B$6:$B$50,0),MATCH($H$3,'SO Juli 2026 Rev 2'!$B$5:$XI$5,0)) -> 1199.5729 | I12: =INDEX('Summary sales'!$A$6:$CA$50,MATCH(B12,'Summary sales'!$A$6:$A$50,0),MATCH($H$3,'Summary sales'!$A$7:$CA$7,0)) -> 901.3 | J12: =I12-H12 -> -298.2729 | K12: =I12/H12 -> 0.75135075 | L12: =INDEX('SO Juli 2026 Rev 2'!$B$6:$BI$50,MATCH(B12,'SO Juli 2026 Rev 2'!$B$6:$B$50,0),MATCH($L$3,'SO Juli 2026 Rev 2'!$B$5:$XI$5,0)) -> 2000 | M12: =INDEX('Summary sales'!$A$6:$CA$50,MATCH($B12,'Summary sales'!$A$6:$A$50,0),MATCH($L$3,'Summary sales'!$A$7:$CA$7,0)) -> 1925.05 | N12: =M12-L12 -> -74.95 | O12: =M12/L12 -> 0.962525 | P12: =INDEX('SO Juli 2026 Rev 2'!$B$6:$BI$50,MATCH(B12,'SO Juli 2026 Rev 2'!$B$6:$B$50,0),MATCH($P$3,'SO Juli 2026 Rev 2'!$B$5:$XI$5,0)) -> 1200 | Q12: =INDEX('Summary sales'!$A$6:$CA$50,MATCH($B12,'Summary sales'!$A$6:$A$50,0),MATCH($P$3,'Summary sales'!$A$7:$CA$7,0)) -> 1396.52 | R12: =Q12-P12 -> 196.52 | S12: =Q12/P12 -> 1.1637667 | T12: =INDEX('SO Juli 2026 Rev 2'!$B$6:$BI$50,MATCH(B12,'SO Juli 2026 Rev 2'!$B$6:$B$50,0),MATCH($T$3,'SO Juli 2026 Rev 2'!$B$5:$XI$5,0)) -> 3300 | U12: =INDEX('Summary sales'!$A$6:$CA$50,MATCH($B12,'Summary sales'!$A$6:$A$50,0),MATCH($T$3,'Summary sales'!$A$7:$CA$7,0)) -> 790.1 | V12: =U12-T12 -> -2509.9 | W12: =U12/T12 -> 0.23942424 | X12: =INDEX('SO Juli 2026 Rev 2'!$B$6:$BI$50,MATCH(B12,'SO Juli 2026 Rev 2'!$B$6:$B$50,0),MATCH($X$3,'SO Juli 2026 Rev 2'!$B$5:$XI$5,0)) -> 644.02065 | Y12: =INDEX('Summary sales'!$A$6:$CA$50,MATCH($B12,'Summary sales'!$A$6:$A$50,0),MATCH($X$3,'Summary sales'!$A$7:$CA$7,0)) -> 849.85 | Z12: =Y12-X12 -> 205.82935 | AA12: =Y12/X12 -> 1.3196006 | AB12: =INDEX('SO Juli 2026 Rev 2'!$B$6:$BI$50,MATCH(B12,'SO Juli 2026 Rev 2'!$B$6:$B$50,0),MATCH($AB$3,'SO Juli 2026 Rev 2'!$B$5:$XI$5,0)) -> 150 | AC12: =INDEX('Summary sales'!$A$6:$CA$50,MATCH($B12,'Summary sales'!$A$6:$A$50,0),MATCH($AB$3,'Summary sales'!$A$7:$CA$7,0)) -> 566.47 | AD12: =AC12-AB12 -> 416.47 | AE12: =AC12/AB12 -> 3.7764667 | AF12: =INDEX('SO Juli 2026 Rev 2'!$B$6:$BI$50,MATCH(B12,'SO Juli 2026 Rev 2'!$B$6:$B$50,0),MATCH($AF$3,'SO Juli 2026 Rev 2'!$B$5:$XI$5,0)) -> 603.76323 | AG12: =INDEX('Summary sales'!$A$6:$CA$50,MATCH($B12,'Summary sales'!$A$6:$A$50,0),MATCH($AF$3,'Summary sales'!$A$7:$CA$7,0)) -> 975 | AH12: =AG12-AF12 -> 371.23677 | AI12: =AG12/AF12 -> 1.6148715 | AJ12: =INDEX('SO Juli 2026 Rev 2'!$B$6:$BI$50,MATCH(B12,'SO Juli 2026 Rev 2'!$B$6:$B$50,0),MATCH($AJ$3,'SO Juli 2026 Rev 2'!$B$5:$XI$5,0)) -> 673.27548 | AK12: =INDEX('Summary sales'!$A$6:$CA$50,MATCH($B12,'Summary sales'!$A$6:$A$50,0),MATCH($AJ$3,'Summary sales'!$A$7:$CA$7,0)) -> 817.45 | AL12: =AK12-AJ12 -> 144.17452 | AM12: =AK12/AJ12 -> 1.214139 | AN12: =INDEX('SO Juli 2026 Rev 2'!$B$6:$BI$50,MATCH(B12,'SO Juli 2026 Rev 2'!$B$6:$B$50,0),MATCH($AN$3,'SO Juli 2026 Rev 2'!$B$5:$XI$5,0)) -> 5500 | AO12: =INDEX('Summary sales'!$A$6:$CA$50,MATCH($B12,'Summary sales'!$A$6:$A$50,0),MATCH($AN$3,'Summary sales'!$A$7:$CA$7,0)) -> 5803 | AP12: =AO12-AN12 -> 303 | AQ12: =AO12/AN12 -> 1.0550909 | AR12: =INDEX('SO Juli 2026 Rev 2'!$B$6:$BI$50,MATCH(B12,'SO Juli 2026 Rev 2'!$B$6:$B$50,0),MATCH($AR$3,'SO Juli 2026 Rev 2'!$B$5:$XI$5,0)) -> 5000 | AS12: =INDEX('Summary sales'!$A$6:$CA$50,MATCH($B12,'Summary sales'!$A$6:$A$50,0),MATCH($AR$3,'Summary sales'!$A$7:$CA$7,0)) -> 5596.87 | AT12: =AS12-AR12 -> 596.87 | AU12: =AS12/AR12 -> 1.119374 | AV12: =INDEX('SO Juli 2026 Rev 2'!$B$6:$BI$50,MATCH(B12,'SO Juli 2026 Rev 2'!$B$6:$B$50,0),MATCH($AV$3,'SO Juli 2026 Rev 2'!$B$5:$XI$5,0)) -> 2500 | AW12: =INDEX('Summary sales'!$A$6:$CA$50,MATCH($B12,'Summary sales'!$A$6:$A$50,0),MATCH($AV$3,'Summary sales'!$A$7:$CA$7,0)) -> 2328.43 | AX12: =AW12-AV12 -> -171.57 | AY12: =AW12/AV12 -> 0.931372 | AZ12: =INDEX('SO Juli 2026 Rev 2'!$B$6:$BI$50,MATCH(B12,'SO Juli 2026 Rev 2'!$B$6:$B$50,0),MATCH($AZ$3,'SO Juli 2026 Rev 2'!$B$5:$XI$5,0)) -> 500 | BA12: =INDEX('Summary sales'!$A$6:$CA$50,MATCH($B12,'Summary sales'!$A$6:$A$50,0),MATCH($AZ$3,'Summary sales'!$A$7:$CA$7,0)) -> 1134.69 | BB12: =BA12-AZ12 -> 634.69 | BC12: =BA12/AZ12 -> 2.26938 | BD12: =INDEX('SO Juli 2026 Rev 2'!$B$6:$BI$50,MATCH(B12,'SO Juli 2026 Rev 2'!$B$6:$B$50,0),MATCH($BD$3,'SO Juli 2026 Rev 2'!$B$5:$XI$5,0)) -> 10300 | BE12: =INDEX('Summary sales'!$A$6:$CA$50,MATCH($B12,'Summary sales'!$A$6:$A$50,0),MATCH($BD$3,'Summary sales'!$A$7:$CA$7,0)) -> 10534.39 | BF12: =BE12-BD12 -> 234.39 | BG12: =BE12/BD12 -> 1.0227563 | BH12: =INDEX('SO Juli 2026 Rev 2'!$B$6:$BI$50,MATCH(B12,'SO Juli 2026 Rev 2'!$B$6:$B$50,0),MATCH($BH$3,'SO Juli 2026 Rev 2'!$B$5:$XI$5,0)) -> 9000.0571 | BI12: =INDEX('Summary sales'!$A$6:$CA$50,MATCH($B12,'Summary sales'!$A$6:$A$50,0),MATCH($BH$3,'Summary sales'!$A$7:$CA$7,0)) -> 8501.36 | BJ12: =BI12-BH12 -> -498.6971 | BK12: =BI12/BH12 -> 0.94458956 | BL12: =INDEX('SO Juli 2026 Rev 2'!$B$6:$BI$50,MATCH(B12,'SO Juli 2026 Rev 2'!$B$6:$B$50,0),MATCH($BL$3,'SO Juli 2026 Rev 2'!$B$5:$XI$5,0)) -> 1000 | BM12: =INDEX('Summary sales'!$A$6:$CA$50,MATCH($B12,'Summary sales'!$A$6:$A$50,0),MATCH($BL$3,'Summary sales'!$A$7:$CA$7,0)) -> 1508.517 | BN12: =BM12-BL12 -> 508.517 | BO12: =BM12/BL12 -> 1.508517 | BP12: =INDEX('SO Juli 2026 Rev 2'!$B$6:$BI$50,MATCH(B12,'SO Juli 2026 Rev 2'!$B$6:$B$50,0),MATCH($BP$3,'SO Juli 2026 Rev 2'!$B$5:$XI$5,0)) -> 5500 | BQ12: =INDEX('Summary sales'!$A$6:$CA$50,MATCH($B12,'Summary sales'!$A$6:$A$50,0),MATCH($BP$3,'Summary sales'!$A$7:$CA$7,0)) -> 0 | BR12: =BQ12-BP12 -> -5500 | BS12: =BQ12/BP12 -> 0 | BT12: =INDEX('SO Juli 2026 Rev 2'!$B$6:$BI$50,MATCH(B12,'SO Juli 2026 Rev 2'!$B$6:$B$50,0),MATCH($BT$3,'SO Juli 2026 Rev 2'!$B$5:$XI$5,0)) -> 0 | BU12: =INDEX('Summary sales'!$A$6:$CA$50,MATCH($B12,'Summary sales'!$A$6:$A$50,0),MATCH($BT$3,'Summary sales'!$A$7:$CA$7,0)) -> 0 | BV12: =BU12-BT12 -> 0 | BW12: =BU12/BT12 -> #DIV/0! | BX12: =INDEX('SO Juli 2026 Rev 2'!$B$6:$BI$50,MATCH(B12,'SO Juli 2026 Rev 2'!$B$6:$B$50,0),MATCH($BX$3,'SO Juli 2026 Rev 2'!$B$5:$XI$5,0)) -> 89.451613 | BY12: =INDEX('Summary sales'!$A$6:$CA$50,MATCH($B12,'Summary sales'!$A$6:$A$50,0),MATCH($BX$3,'Summary sales'!$A$7:$CA$7,0)) -> 54.139 | BZ12: =BY12-BX12 -> -35.312613 | CA12: =BY12/BX12 -> 0.60523224 | CB12: =INDEX('SO Juli 2026 Rev 2'!$B$6:$BI$50,MATCH(B12,'SO Juli 2026 Rev 2'!$B$6:$B$50,0),MATCH($CB$3,'SO Juli 2026 Rev 2'!$B$5:$XI$5,0)) -> 3500 | CC12: =INDEX('Summary sales'!$A$6:$CA$50,MATCH($B12,'Summary sales'!$A$6:$A$50,0),MATCH($CB$3,'Summary sales'!$A$7:$CA$7,0)) -> 3563.2 | CD12: =CC12-CB12 -> 63.2 | CE12: =CC12/CB12 -> 1.0180571 | CF12: =INDEX('SO Juli 2026 Rev 2'!$B$6:$BI$50,MATCH(B12,'SO Juli 2026 Rev 2'!$B$6:$B$50,0),MATCH($CF$3,'SO Juli 2026 Rev 2'!$B$5:$XI$5,0)) -> 1300 | CG12: =INDEX('Summary sales'!$A$6:$CA$50,MATCH($B12,'Summary sales'!$A$6:$A$50,0),MATCH($CF$3,'Summary sales'!$A$7:$CA$7,0)) -> 950.23 | CH12: =CG12-CF12 -> -349.77 | CI12: =CG12/CF12 -> 0.73094615 | CJ12: =INDEX('SO Juli 2026 Rev 2'!$B$6:$BI$50,MATCH(B12,'SO Juli 2026 Rev 2'!$B$6:$B$50,0),MATCH($CJ$3,'SO Juli 2026 Rev 2'!$B$5:$XI$5,0)) -> 3000 | CK12: =INDEX('Summary sales'!$A$6:$CA$50,MATCH($B12,'Summary sales'!$A$6:$A$50,0),MATCH($CJ$3,'Summary sales'!$A$7:$CA$7,0)) -> 5214.2 | CL12: =CK12-CJ12 -> 2214.2 | CM12: =CK12/CJ12 -> 1.7380667 | CN12: =INDEX('SO Juli 2026 Rev 2'!$B$6:$BI$50,MATCH(B12,'SO Juli 2026 Rev 2'!$B$6:$B$50,0),MATCH($CN$3,'SO Juli 2026 Rev 2'!$B$5:$XI$5,0)) -> 6500 | CO12: =INDEX('Summary sales'!$A$6:$CA$50,MATCH($B12,'Summary sales'!$A$6:$A$50,0),MATCH($CN$3,'Summary sales'!$A$7:$CA$7,0)) -> 6904.63 | CP12: =CO12-CN12 -> 404.63 | CQ12: =CO12/CN12 -> 1.0622508 | CR12: =INDEX('SO Juli 2026 Rev 2'!$B$6:$BI$50,MATCH(B12,'SO Juli 2026 Rev 2'!$B$6:$B$50,0),MATCH($CR$3,'SO Juli 2026 Rev 2'!$B$5:$XI$5,0)) -> 10000 | CS12: =INDEX('Summary sales'!$A$6:$CA$50,MATCH($B12,'Summary sales'!$A$6:$A$50,0),MATCH($CR$3,'Summary sales'!$A$7:$CA$7,0)) -> 9208.6 | CT12: =CS12-CR12 -> -791.4 | CU12: =CS12/CR12 -> 0.92086 | CV12: =INDEX('SO Juli 2026 Rev 2'!$B$6:$BI$50,MATCH(B12,'SO Juli 2026 Rev 2'!$B$6:$B$50,0),MATCH($CV$3,'SO Juli 2026 Rev 2'!$B$5:$XI$5,0)) -> 16000 | CW12: =INDEX('Summary sales'!$A$6:$CA$50,MATCH($B12,'Summary sales'!$A$6:$A$50,0),MATCH($CV$3,'Summary sales'!$A$7:$CA$7,0)) -> 12214.946 | CX12: =CW12-CV12 -> -3785.054 | CY12: =CW12/CV12 -> 0.76343413 | CZ12: =INDEX('SO Juli 2026 Rev 2'!$B$6:$BI$50,MATCH(B12,'SO Juli 2026 Rev 2'!$B$6:$B$50,0),MATCH($CZ$3,'SO Juli 2026 Rev 2'!$B$5:$XI$5,0)) -> 2000 | DA12: =INDEX('Summary sales'!$A$6:$CA$50,MATCH($B12,'Summary sales'!$A$6:$A$50,0),MATCH($CZ$3,'Summary sales'!$A$7:$CA$7,0)) -> 2435.22 | DB12: =DA12-CZ12 -> 435.22 | DC12: =DA12/CZ12 -> 1.21761 | DD12: =INDEX('SO Juli 2026 Rev 2'!$B$6:$BI$50,MATCH(B12,'SO Juli 2026 Rev 2'!$B$6:$B$50,0),MATCH($DD$3,'SO Juli 2026 Rev 2'!$B$5:$XI$5,0)) -> 800 | DE12: =INDEX('Summary sales'!$A$6:$CA$50,MATCH($B12,'Summary sales'!$A$6:$A$50,0),MATCH($DD$3,'Summary sales'!$A$7:$CA$7,0)) -> 764.32 | DF12: =DE12-DD12 -> -35.68 | DG12: =DE12/DD12 -> 0.9554 | DH12: =INDEX('SO Juli 2026 Rev 2'!$B$6:$BI$50,MATCH(B12,'SO Juli 2026 Rev 2'!$B$6:$B$50,0),MATCH($DH$3,'SO Juli 2026 Rev 2'!$B$5:$XI$5,0)) -> 7200 | DI12: =INDEX('Summary sales'!$A$6:$CA$50,MATCH($B12,'Summary sales'!$A$6:$A$50,0),MATCH($DH$3,'Summary sales'!$A$7:$CA$7,0)) -> 9557.79 | DJ12: =DI12-DH12 -> 2357.79 | DK12: =DI12/DH12 -> 1.3274708 | DL12: =INDEX('SO Juli 2026 Rev 2'!$B$6:$BI$50,MATCH(B12,'SO Juli 2026 Rev 2'!$B$6:$B$50,0),MATCH($DL$3,'SO Juli 2026 Rev 2'!$B$5:$XI$5,0)) -> 3499.8768 | DM12: =INDEX('Summary sales'!$A$6:$CA$50,MATCH($B12,'Summary sales'!$A$6:$A$50,0),MATCH($DL$3,'Summary sales'!$A$7:$CA$7,0)) -> 3181.1 | DN12: =DM12-DL12 -> -318.77677 | DO12: =DM12/DL12 -> 0.90891771 | DP12: =INDEX('SO Juli 2026 Rev 2'!$B$6:$BI$50,MATCH(B12,'SO Juli 2026 Rev 2'!$B$6:$B$50,0),MATCH($DP$3,'SO Juli 2026 Rev 2'!$B$5:$XI$5,0)) -> 2000 | DQ12: =INDEX('Summary sales'!$A$6:$CA$50,MATCH($B12,'Summary sales'!$A$6:$A$50,0),MATCH($DP$3,'Summary sales'!$A$7:$CA$7,0)) -> 1808.6 | DR12: =DQ12-DP12 -> -191.4 | DS12: =DQ12/DP12 -> 0.9043 | DT12: =INDEX('SO Juli 2026 Rev 2'!$B$6:$BI$50,MATCH(B12,'SO Juli 2026 Rev 2'!$B$6:$B$50,0),MATCH($DT$3,'SO Juli 2026 Rev 2'!$B$5:$XI$5,0)) -> 1000 | DU12: =INDEX('Summary sales'!$A$6:$CA$50,MATCH($B12,'Summary sales'!$A$6:$A$50,0),MATCH($DT$3,'Summary sales'!$A$7:$CA$7,0)) -> 1097.64 | DV12: =DU12-DT12 -> 97.64 | DW12: =DU12/DT12 -> 1.09764 | DX12: =INDEX('SO Juli 2026 Rev 2'!$B$6:$BI$50,MATCH(B12,'SO Juli 2026 Rev 2'!$B$6:$B$50,0),MATCH($DX$3,'SO Juli 2026 Rev 2'!$B$5:$XI$5,0)) -> 11000 | DY12: =INDEX('Summary sales'!$A$6:$CA$50,MATCH($B12,'Summary sales'!$A$6:$A$50,0),MATCH($DX$3,'Summary sales'!$A$7:$CA$7,0)) -> 13378.1 | DZ12: =DY12-DX12 -> 2378.1 | EA12: =DY12/DX12 -> 1.2161909 | EB12: =INDEX('SO Juli 2026 Rev 2'!$B$6:$BI$50,MATCH(B12,'SO Juli 2026 Rev 2'!$B$6:$B$50,0),MATCH($EB$3,'SO Juli 2026 Rev 2'!$B$5:$XI$5,0)) -> 2000 | EC12: =INDEX('Summary sales'!$A$6:$CA$50,MATCH($B12,'Summary sales'!$A$6:$A$50,0),MATCH($EB$3,'Summary sales'!$A$7:$CA$7,0)) -> 2766.98 | ED12: =EC12-EB12 -> 766.98 | EE12: =EC12/EB12 -> 1.38349 | EF12: =INDEX('SO Juli 2026 Rev 2'!$B$6:$BI$50,MATCH(B12,'SO Juli 2026 Rev 2'!$B$6:$B$50,0),MATCH($EF$3,'SO Juli 2026 Rev 2'!$B$5:$XI$5,0)) -> 7000 | EG12: =INDEX('Summary sales'!$A$6:$CA$50,MATCH($B12,'Summary sales'!$A$6:$A$50,0),MATCH($EF$3,'Summary sales'!$A$7:$CA$7,0)) -> 1048.13 | EH12: =EG12-EF12 -> -5951.87 | EI12: =EG12/EF12 -> 0.14973286 | EJ12: =INDEX('SO Juli 2026 Rev 2'!$B$6:$BI$50,MATCH(B12,'SO Juli 2026 Rev 2'!$B$6:$B$50,0),MATCH($EJ$3,'SO Juli 2026 Rev 2'!$B$5:$XI$5,0)) -> 7000 | EK12: =INDEX('Summary sales'!$A$6:$CA$50,MATCH(B12,'Summary sales'!$A$6:$A$50,0),MATCH($EJ$3,'Summary sales'!$A$7:$CA$7,0)) -> 7239.25 | EL12: =EK12-EJ12 -> 239.25 | EM12: =EK12/EJ12 -> 1.0341786 | EN12: =INDEX('SO Juli 2026 Rev 2'!$B$6:$BI$50,MATCH(B12,'SO Juli 2026 Rev 2'!$B$6:$B$50,0),MATCH($EN$3,'SO Juli 2026 Rev 2'!$B$5:$XI$5,0)) -> 5000 | EO12: =INDEX('Summary sales'!$A$6:$CA$50,MATCH($B12,'Summary sales'!$A$6:$A$50,0),MATCH($EN$3,'Summary sales'!$A$7:$CA$7,0)) -> 6338.92 | EP12: =EO12-EN12 -> 1338.92 | EQ12: =EO12/EN12 -> 1.267784 | ER12: =INDEX('SO Juli 2026 Rev 2'!$B$6:$BI$50,MATCH(B12,'SO Juli 2026 Rev 2'!$B$6:$B$50,0),MATCH($ER$3,'SO Juli 2026 Rev 2'!$B$5:$XI$5,0)) -> 35000 | ES12: =INDEX('Summary sales'!$A$6:$CA$50,MATCH($B12,'Summary sales'!$A$6:$A$50,0),MATCH($ER$3,'Summary sales'!$A$7:$CA$7,0)) -> 52798.32 | ET12: =ES12-ER12 -> 17798.32 | EU12: =ES12/ER12 -> 1.5085234 | EV12: =INDEX('SO Juli 2026 Rev 2'!$B$6:$BI$50,MATCH(B12,'SO Juli 2026 Rev 2'!$B$6:$B$50,0),MATCH($EV$3,'SO Juli 2026 Rev 2'!$B$5:$XI$5,0)) -> 8000 | EW12: =INDEX('Summary sales'!$A$6:$CA$50,MATCH(B12,'Summary sales'!$A$6:$A$50,0),MATCH($EV$3,'Summary sales'!$A$7:$CA$7,0)) -> 4927.35 | EX12: =EW12-EV12 -> -3072.65 | EY12: =EW12/EV12 -> 0.61591875 | EZ12: =INDEX('SO Juli 2026 Rev 2'!$B$6:$BI$50,MATCH(B12,'SO Juli 2026 Rev 2'!$B$6:$B$50,0),MATCH($EZ$3,'SO Juli 2026 Rev 2'!$B$5:$XI$5,0)) -> 3500 | FA12: =INDEX('Summary sales'!$A$6:$CA$50,MATCH(B12,'Summary sales'!$A$6:$A$50,0),MATCH($EZ$3,'Summary sales'!$A$7:$CA$7,0)) -> 3458.1 | FB12: =FA12-EZ12 -> -41.9 | FC12: =FA12/EZ12 -> 0.98802857 | FD12: =INDEX('SO Juli 2026 Rev 2'!$B$6:$BI$50,MATCH(B12,'SO Juli 2026 Rev 2'!$B$6:$B$50,0),MATCH($FD$3,'SO Juli 2026 Rev 2'!$B$5:$XI$5,0)) -> 0 | FE12: =INDEX('Summary sales'!$A$6:$CA$50,MATCH(B12,'Summary sales'!$A$6:$A$50,0),MATCH($FD$3,'Summary sales'!$A$7:$CA$7,0)) -> 0 | FF12: =FE12-FD12 -> 0 | FG12: =FE12/FD12 -> #DIV/0! | FH12: =INDEX('SO Juli 2026 Rev 2'!$B$6:$BI$50,MATCH(B12,'SO Juli 2026 Rev 2'!$B$6:$B$50,0),MATCH($FH$3,'SO Juli 2026 Rev 2'!$B$5:$XI$5,0)) -> 0 | FI12: =INDEX('Summary sales'!$A$6:$CA$50,MATCH(B12,'Summary sales'!$A$6:$A$50,0),MATCH($FH$3,'Summary sales'!$A$7:$CA$7,0)) -> 0 | FJ12: =FI12-FH12 -> 0 | FK12: =FI12/FH12 -> #DIV/0! | FL12: =INDEX('SO Juli 2026 Rev 2'!$B$6:$BI$50,MATCH(B12,'SO Juli 2026 Rev 2'!$B$6:$B$50,0),MATCH($FL$3,'SO Juli 2026 Rev 2'!$B$5:$XI$5,0)) -> 700 | FM12: =INDEX('Summary sales'!$A$6:$CA$50,MATCH(B12,'Summary sales'!$A$6:$A$50,0),MATCH($FL$3,'Summary sales'!$A$7:$CA$7,0)) -> 645.67 | FN12: =FM12-FL12 -> -54.33 | FO12: =FM12/FL12 -> 0.92238571 | FP12: =INDEX('SO Juli 2026 Rev 2'!$B$6:$BI$50,MATCH(B12,'SO Juli 2026 Rev 2'!$B$6:$B$50,0),MATCH($FP$3,'SO Juli 2026 Rev 2'!$B$5:$XI$5,0)) -> 5600 | FQ12: =INDEX('Summary sales'!$A$6:$CA$50,MATCH(B12,'Summary sales'!$A$6:$A$50,0),MATCH($FP$3,'Summary sales'!$A$7:$CA$7,0)) -> 4843.62 | FR12: =FQ12-FP12 -> -756.38 | FS12: =FQ12/FP12 -> 0.86493214 | FT12: =INDEX('SO Juli 2026 Rev 2'!$B$6:$BI$50,MATCH(B12,'SO Juli 2026 Rev 2'!$B$6:$B$50,0),MATCH($FT$3,'SO Juli 2026 Rev 2'!$B$5:$XI$5,0)) -> 3500 | FU12: =INDEX('Summary sales'!$A$6:$CA$50,MATCH(B12,'Summary sales'!$A$6:$A$50,0),MATCH($FT$3,'Summary sales'!$A$7:$CA$7,0)) -> 3927.73 | FV12: =FU12-FT12 -> 427.73 | FW12: =FU12/FT12 -> 1.1222086 | FX12: =INDEX('SO Juli 2026 Rev 2'!$B$6:$BI$50,MATCH(B12,'SO Juli 2026 Rev 2'!$B$6:$B$50,0),MATCH($FX$3,'SO Juli 2026 Rev 2'!$B$5:$XI$5,0)) -> 2000 | FY12: =INDEX('Summary sales'!$A$6:$CA$50,MATCH(B12,'Summary sales'!$A$6:$A$50,0),MATCH($FX$3,'Summary sales'!$A$7:$CA$7,0)) -> 176.8 | FZ12: =FY12-FX12 -> -1823.2 | GA12: =FY12/FX12 -> 0.0884 | GB12: =INDEX('SO Juli 2026 Rev 2'!$B$6:$BI$50,MATCH(B12,'SO Juli 2026 Rev 2'!$B$6:$B$50,0),MATCH($GB$3,'SO Juli 2026 Rev 2'!$B$5:$XI$5,0)) -> 369.61071 | GC12: =INDEX('Summary sales'!$A$6:$CA$50,MATCH(B12,'Summary sales'!$A$6:$A$50,0),MATCH($GB$3,'Summary sales'!$A$7:$CA$7,0)) -> 0 | GD12: =GC12-GB12 -> -369.61071 | GE12: =GC12/GB12 -> 0 | GF12: =INDEX('SO Juli 2026 Rev 2'!$B$6:$BI$50,MATCH(B12,'SO Juli 2026 Rev 2'!$B$6:$B$50,0),MATCH($GF$3,'SO Juli 2026 Rev 2'!$B$5:$XI$5,0)) -> 13500 | GG12: =INDEX('Summary sales'!$A$6:$CA$50,MATCH(B12,'Summary sales'!$A$6:$A$50,0),MATCH($GF$3,'Summary sales'!$A$7:$CA$7,0)) -> 12626.594 | GH12: =GG12-GF12 -> -873.406 | GI12: =GG12/GF12 -> 0.93530326 | GJ12: =INDEX('SO Juli 2026 Rev 2'!$B$6:$BI$50,MATCH(B12,'SO Juli 2026 Rev 2'!$B$6:$B$50,0),MATCH($GJ$3,'SO Juli 2026 Rev 2'!$B$5:$XI$5,0)) -> 1121.9003 | GK12: =INDEX('Summary sales'!$A$6:$CA$50,MATCH($B12,'Summary sales'!$A$6:$A$50,0),MATCH($GJ$3,'Summary sales'!$A$7:$CA$7,0)) -> 1130.2 | GL12: =GK12-GJ12 -> 8.2996774 | GM12: =GK12/GJ12 -> 1.0073979 | GN12: =INDEX('SO Juli 2026 Rev 2'!$B$6:$BI$50,MATCH(B12,'SO Juli 2026 Rev 2'!$B$6:$B$50,0),MATCH($GN$3,'SO Juli 2026 Rev 2'!$B$5:$XI$5,0)) -> 2499.7026 | GO12: =INDEX('Summary sales'!$A$6:$CA$50,MATCH(B12,'Summary sales'!$A$6:$A$50,0),MATCH($GN$3,'Summary sales'!$A$7:$CA$7,0)) -> 2683.65 | GP12: =GO12-GN12 -> 183.94742 | GQ12: =GO12/GN12 -> 1.0735877 | GR12: =INDEX('SO Juli 2026 Rev 2'!$B$6:$BI$50,MATCH(B12,'SO Juli 2026 Rev 2'!$B$6:$B$50,0),MATCH($GR$3,'SO Juli 2026 Rev 2'!$B$5:$XI$5,0)) -> 2499.7026 | GS12: =INDEX('Summary sales'!$A$6:$CA$50,MATCH(B12,'Summary sales'!$A$6:$A$50,0),MATCH($GR$3,'Summary sales'!$A$7:$CA$7,0)) -> 2725.31 | GT12: =GS12-GR12 -> 225.60742 | GU12: =GS12/GR12 -> 1.0902537 | GV12: =INDEX('SO Juli 2026 Rev 2'!$B$6:$BI$50,MATCH(B12,'SO Juli 2026 Rev 2'!$B$6:$B$50,0),MATCH($GV$3,'SO Juli 2026 Rev 2'!$B$5:$XI$5,0)) -> 0 | GW12: =INDEX('Summary sales'!$A$6:$CA$50,MATCH(B12,'Summary sales'!$A$6:$A$50,0),MATCH($GV$3,'Summary sales'!$A$7:$CA$7,0)) -> 0 | GX12: =GW12-GV12 -> 0 | GY12: =GW12/GV12 -> #DIV/0!
